island,sample_id,collected_hst,latitude,longitude,Salinity,NO3NO2,NO2 (umol/L),PO4,SiO2,NH3,site_id,ahupuaa,moku,mokupuni,dist_to_nearest_cesspool_m,n_cess_500m,n_cess_1km,fetch_mean_km,fetch_min_km,mean_slope_deg,mean_ksat_um_s,pct_impervious,pct_agriculture,cesspool_density_per_km2,n_cesspools,total_cfs_march,specific_discharge_cfs_km2,bdl_NO3NO2,bdl_PO4,bdl_NH3,bdl_SiO2,dist_to_stream_mouth_m,offshore_reference,far_from_stream,chirps_lon,chirps_lat,chirps_storm_cumulative_mm,chirps_peak_day_mm,chirps_3day_max_mm,chirps_7day_mm,chirps_storm_days_nonzero,chirps_ocean_pixel,chirps_peak_date,chirps_days_since_peak
Maui,M1,2026-03-29T21:43:00Z,20.78944444,-156.4741667,29.717,0.383,0,0.154,3.528,NA,SITE_0092,Waikapū,Pūʻali Komohana,Maui,1068.5,0,0,14.564857827522593,0.1256043545798752,11.473700523376465,28,0.03622316941618919,0.3485491070896387,3.877969786332231,245,NA,NA,FALSE,FALSE,FALSE,FALSE,431.8068263639711,FALSE,FALSE,-156.47,20.79,139.66704750061035,25.185184478759766,59.76542949676514,75.55555057525635,10,FALSE,2026-03-13,16
Maui,M10,2026-03-29T23:06:00Z,20.79723,-156.49644,34.29,1.151,0,0.527,2.205,0.851,SITE_0115,Waikapū,Pūʻali Komohana,Maui,790.3,0,1,15.63321173631697,0.11175686519546434,11.473700523376465,28,0.03622316941618919,0.3485491070896387,3.877969786332231,245,NA,NA,FALSE,FALSE,FALSE,FALSE,879.7812457047752,FALSE,FALSE,-156.5,20.8,126.4442048072815,28.396329879760742,57.79266119003296,70.99082612991333,8,FALSE,2026-03-13,16
Maui,M100,2026-03-31T02:58:00Z,20.90944444,-156.42611110000001,33.45,16.091,0,0.333,85.869,0.745,SITE_0160,Wailuku,Pūʻali Komohana,Maui,84.3,17,17,125.56905790743754,0.408027994095115,8.111989974975586,92,0.13595305383205414,0.4264885485172272,5.070305495307585,578,547.38,4.801702114224019,FALSE,FALSE,FALSE,FALSE,3401.4981999970355,FALSE,FALSE,-156.43,20.91,224.8839349746704,40.979190826416016,93.20318031311035,133.18237209320068,9,FALSE,2026-03-14,17
Maui,M101,2026-03-29T21:15:00Z,20.93833333,-156.6927778,29.779,2.013,0,0.1858,9.2396,0.6538,SITE_0207,Honokōwai,Kāʻanapali,Maui,943.3,0,1,49.82539079920212,0.12559478753292933,15.42068862915039,3.61666666716337,0.05048634484410286,0.06700956076383591,0.11437357897465374,2,NA,NA,FALSE,FALSE,FALSE,FALSE,2494.2034649256525,FALSE,FALSE,-156.69,20.94,151.02824687957764,33.221351623535156,60.798434257507324,73.08697605133057,10,FALSE,2026-03-14,15
Maui,M102,2026-03-29T21:05:00Z,20.94277778,-156.6922222,25.55,0.16,0,0.156,4.736,0.104,SITE_0209,Honokōwai,Kāʻanapali,Maui,447.7,1,2,49.86750007056186,0.460004276427906,15.42068862915039,3.61666666716337,0.05048634484410286,0.06700956076383591,0.11437357897465374,2,NA,NA,FALSE,FALSE,FALSE,FALSE,2036.9749861485816,FALSE,FALSE,-156.69,20.94,151.02824687957764,33.221351623535156,60.798434257507324,73.08697605133057,10,FALSE,2026-03-14,15
Maui,M103,2026-03-29T20:05:00Z,20.985,-156.6722222,35.349,1.6944,0,0.2533,11.9273,0.6761,SITE_0218,ʻAlaeloa,Kāʻanapali,Maui,101.9,12,194,91.24880809187351,4.396859809901762,6.99406623840332,7.52499997615814,0.10499675571918488,0.003804448293522,18.905028865299354,64,NA,NA,FALSE,FALSE,FALSE,FALSE,331.99038526877985,FALSE,FALSE,-156.67,20.98,148.81455969810486,29.91582679748535,54.84848976135254,71.79798698425293,10,FALSE,2026-03-14,15
Maui,M104,2026-03-29T21:25:00Z,20.93444444,-156.6927778,32.884,2.98,0,0.196,15.303,NA,SITE_0202,Honokōwai,Kāʻanapali,Maui,892.8,0,2,49.959859412513126,0.6574079497172497,15.42068862915039,3.61666666716337,0.05048634484410286,0.06700956076383591,0.11437357897465374,2,NA,NA,FALSE,FALSE,FALSE,FALSE,2373.1648072730745,FALSE,FALSE,-156.69,20.93,151.02824687957764,33.221351623535156,60.798434257507324,73.08697605133057,10,FALSE,2026-03-14,15
Maui,M105,2026-03-29T20:59:00Z,20.94507,-156.69245,34.06,0.267,0,0.173,7.358,0.04,SITE_0210,Honokōwai,Kāʻanapali,Maui,207,2,2,86.86144931438841,0.2398069554641843,15.42068862915039,3.61666666716337,0.05048634484410286,0.06700956076383591,0.11437357897465374,2,NA,NA,FALSE,FALSE,TRUE,FALSE,1840.5996519539754,FALSE,FALSE,-156.69,20.95,148.81455969810486,29.91582679748535,54.84848976135254,71.79798698425293,10,FALSE,2026-03-14,15
Maui,M106,2026-03-29T23:29:00Z,20.915928,-156.696362,35.879,0.828,0,0.1151,3.038,0.4664,SITE_0182,Hanakaʻōʻō,Lāhainā,Maui,281.9,1,3,52.26497088798801,1.387265312907286,6.2193121910095215,13.4,0.09855561703443529,0.2578757703304291,4.2131651280589315,60,NA,NA,FALSE,FALSE,FALSE,FALSE,625.2488855207972,FALSE,FALSE,-156.7,20.92,NA,NA,NA,NA,0,TRUE,NA,NA
Maui,M107,2026-03-29T23:14:00Z,21.0135,-156.6379333,31.88,4.129,0.099,0.533,17.488,0.909,SITE_0228,Honolua,Kāʻanapali,Maui,928.6,0,1,49.70865179166908,0.1377034293308638,12.490714073181152,18.7399999996026,0.02543762698769569,5.033466368331574e-5,0.5982012331869054,10,NA,NA,FALSE,FALSE,FALSE,FALSE,78.88022442237322,FALSE,FALSE,-156.64,21.01,407.0787124633789,68.20604705810547,151.62459564208984,204.61814403533936,11,FALSE,2026-03-14,15
Maui,M108,2026-03-29T23:46:59Z,21.01125,-156.64275,35.62,0.878,0,0.193,4.494,0.327,SITE_0227,Honolua,Kāʻanapali,Maui,460.4,1,1,11.929994890945276,0.14380424566799774,12.490714073181152,18.7399999996026,0.02543762698769569,5.033466368331574e-5,0.5982012331869054,10,NA,NA,FALSE,FALSE,FALSE,FALSE,453.5164828179765,FALSE,FALSE,-156.64,21.01,407.0787124633789,68.20604705810547,151.62459564208984,204.61814403533936,11,FALSE,2026-03-14,15
Maui,M109,2026-03-29T23:59:59Z,21.00553889,-156.6501889,35.54,0.551,0,0.202,4.203,0.251,SITE_0226,Honokahua,Kāʻanapali,Maui,77,1,8,11.743442059929862,0.12145140142878108,13.055168151855469,18.7399999996026,0.04664763063192367,0.00256633711978793,1.0137669930942266,14,NA,NA,FALSE,FALSE,FALSE,FALSE,59.647851844879234,FALSE,FALSE,-156.65,21.01,174.9458203315735,31.628950119018555,70.58368968963623,88.56105899810791,12,FALSE,2026-03-14,15
Maui,M11,2026-03-29T23:37:00Z,20.79611111,-156.5855556,33.521,1.753,0,0.083,5.176,NA,SITE_0109,Ukumehame,Lāhainā,Maui,3152.4,0,0,51.126511125594995,0.1041843267962074,19.59808349609375,23,0.00942244566977024,0.01493756988202221,0.15770393217527415,7,10.079473684210528,0.227081804893886,FALSE,FALSE,FALSE,FALSE,522.1981000326651,FALSE,FALSE,-156.59,20.8,129.45940780639648,25.961193084716797,59.41268444061279,71.39328098297119,9,FALSE,2026-03-13,16
Maui,M113,2026-03-29T23:16:00Z,20.920803,-156.696024,35.379,0.9309,0,0.1327,3.0741,0.1767,SITE_0186,Hanakaʻōʻō,Lāhainā,Maui,256.8,2,4,7.428704305047256,0.11687341976934112,6.2193121910095215,13.4,0.09855561703443529,0.2578757703304291,4.2131651280589315,60,NA,NA,FALSE,FALSE,FALSE,FALSE,1046.0433293601357,FALSE,FALSE,-156.7,20.92,NA,NA,NA,NA,0,TRUE,NA,NA
Maui,M114,2026-03-29T23:52:00Z,20.910666,-156.689716,35.679,1.8269,0,0.2086,5.4573,0.9507,SITE_0167,Hanakaʻōʻō,Lāhainā,Maui,907.4,0,6,7.961536606270735,0.1989448145593867,6.2193121910095215,13.4,0.09855561703443529,0.2578757703304291,4.2131651280589315,60,NA,NA,FALSE,FALSE,FALSE,FALSE,248.92674936374598,FALSE,FALSE,-156.69,20.91,151.02824687957764,33.221351623535156,60.798434257507324,73.08697605133057,10,FALSE,2026-03-14,15
Maui,M115,2026-03-29T23:20:00Z,20.89722222,-156.685,32.769,12.4571,0.0964,0.5682,63.5342,0.7124,SITE_0153,Wahikuli,Lāhainā,Maui,67.8,217,276,51.15564230963351,1.9882962528457864,9.090831756591797,13.4,0.06268250197172165,4.726367478724569e-6,26.5653021286658,259,NA,NA,FALSE,FALSE,FALSE,FALSE,848.7147078829138,FALSE,FALSE,-156.68,20.9,151.02824687957764,33.221351623535156,60.798434257507324,73.08697605133057,10,FALSE,2026-03-14,15
Maui,M120,2026-04-01T02:37:00Z,20.91305556,-156.4011111,32.22,1.293,0,0.169,7.125,0.277,SITE_0175,Wailuku,Pūʻali Komohana,Maui,352,3,4,127.55075254802722,0.3547786882102955,8.111989974975586,92,0.13595305383205414,0.4264885485172272,5.070305495307585,578,547.38,4.801702114224019,FALSE,FALSE,FALSE,FALSE,769.1025367817494,FALSE,FALSE,-156.4,20.91,224.8839349746704,40.979190826416016,93.20318031311035,133.18237209320068,9,FALSE,2026-03-14,18
Maui,M121,2026-03-29T23:46:00Z,20.88138889,-156.6869444,28.587,0.674,0,0.114,8.903,NA,SITE_0137,Paunau,Lāhainā,Maui,933.3,0,3,58.31605126323973,0.4164003230347298,17.596988677978516,6.07333333293597,0.16329514980316162,0.00155974342487752,0.6872812112020557,6,NA,NA,FALSE,FALSE,FALSE,FALSE,472.50398932520534,FALSE,FALSE,-156.69,20.88,147.62821102142334,30.88805389404297,62.77611064910889,74.13133335113525,9,FALSE,2026-03-14,15
Maui,M122,2026-03-29T23:39:00Z,20.912922,-156.693314,32.37,0.772,0,0.188,4.829,0.04,SITE_0174,Hanakaʻōʻō,Lāhainā,Maui,639.9,0,2,17.60955906965684,0.4355774713900878,6.2193121910095215,13.4,0.09855561703443529,0.2578757703304291,4.2131651280589315,60,NA,NA,FALSE,FALSE,TRUE,FALSE,172.7038890482486,FALSE,FALSE,-156.69,20.91,151.02824687957764,33.221351623535156,60.798434257507324,73.08697605133057,10,FALSE,2026-03-14,15
Maui,M123,2026-03-29T23:07:00Z,20.923831,-156.695126,34.36,0.676,0,0.135,5.272,NA,SITE_0190,Hanakaʻōʻō,Lāhainā,Maui,134.9,1,4,7.649501652833364,0.2098967450527707,6.2193121910095215,13.4,0.09855561703443529,0.2578757703304291,4.2131651280589315,60,NA,NA,FALSE,FALSE,FALSE,FALSE,1331.015971543561,FALSE,FALSE,-156.7,20.92,NA,NA,NA,NA,0,TRUE,NA,NA
Maui,M125,2026-03-29T23:24:00Z,20.89444444,-156.6847222,29.574,NA,2.8666,4.7821,NA,20.7763,SITE_0150,Wahikuli,Lāhainā,Maui,68.5,177,278,51.15992476684376,1.7228518648222089,9.090831756591797,13.4,0.06268250197172165,4.726367478724569e-6,26.5653021286658,259,NA,NA,FALSE,FALSE,FALSE,FALSE,540.7858232559012,FALSE,FALSE,-156.68,20.89,147.62821102142334,30.88805389404297,62.77611064910889,74.13133335113525,9,FALSE,2026-03-14,15
Maui,M126,2026-03-29T23:01:00Z,20.925655,-156.695154,34.051,1.769,0,0.189,14.391,NA,SITE_0191,Hanakaʻōʻō,Lāhainā,Maui,330.9,2,4,7.724766477676482,0.2067247571710031,6.2193121910095215,13.4,0.09855561703443529,0.2578757703304291,4.2131651280589315,60,NA,NA,FALSE,FALSE,FALSE,FALSE,1523.0636199543405,FALSE,FALSE,-156.7,20.93,NA,NA,NA,NA,0,TRUE,NA,NA
Maui,M127,2026-03-29T23:46:00Z,20.911661,-156.690421,33.909,0.934,0,0.2391,4.6769,2.446,SITE_0168,Hanakaʻōʻō,Lāhainā,Maui,872.6,0,7,7.924119126706324,0.20758192612430312,6.2193121910095215,13.4,0.09855561703443529,0.2578757703304291,4.2131651280589315,60,NA,NA,FALSE,FALSE,FALSE,FALSE,123.44849802112057,FALSE,FALSE,-156.69,20.91,151.02824687957764,33.221351623535156,60.798434257507324,73.08697605133057,10,FALSE,2026-03-14,15
Maui,M128,2026-03-29T22:53:00Z,20.926797,-156.695703,34,6.398,0,0.425,28.595,0.04,SITE_0194,Hanakaʻōʻō,Lāhainā,Maui,466.5,2,4,7.716918434146,0.1494328938506078,6.2193121910095215,13.4,0.09855561703443529,0.2578757703304291,4.2131651280589315,60,NA,NA,FALSE,FALSE,TRUE,FALSE,1661.7123905861392,FALSE,FALSE,-156.7,20.93,NA,NA,NA,NA,0,TRUE,NA,NA
Maui,M13,2026-03-29T21:31:00Z,20.78611111,-156.4686111,33.359,1.213,0,0.1349,3.5938,0.7111,SITE_0085,Waikapū,Pūʻali Komohana,Maui,448,1,1,14.78786999128481,0.13647772769407468,11.473700523376465,28,0.03622316941618919,0.3485491070896387,3.877969786332231,245,NA,NA,FALSE,FALSE,FALSE,FALSE,319.5937679939126,FALSE,FALSE,-156.47,20.79,139.66704750061035,25.185184478759766,59.76542949676514,75.55555057525635,10,FALSE,2026-03-13,16
Maui,M130,2026-03-30T00:24:00Z,20.90279722,-156.68527220000001,34.29,5.534,0,0.667,41.245,0.862,SITE_0156,Wahikuli,Lāhainā,Maui,331.9,29,228,13.19466951925364,0.30508076065498074,9.090831756591797,13.4,0.06268250197172165,4.726367478724569e-6,26.5653021286658,259,NA,NA,FALSE,FALSE,FALSE,FALSE,1216.73102475391,FALSE,FALSE,-156.69,20.9,151.02824687957764,33.221351623535156,60.798434257507324,73.08697605133057,10,FALSE,2026-03-14,16
Maui,M135,2026-03-29T23:53:59Z,20.78381,-156.46568,28.387,0.69,0,0.136,2.399,NA,SITE_0082,Pūlehunui,Kula,Maui,344,1,1,56.029388406614515,0.10522783719515429,3.6888697147369385,10.8333333333333,0.03128986805677414,0.5737554617226124,1.9328009637844312,135,NA,NA,FALSE,FALSE,FALSE,FALSE,193.30582386295507,FALSE,FALSE,-156.47,20.78,139.66704750061035,25.185184478759766,59.76542949676514,75.55555057525635,10,FALSE,2026-03-13,16
Maui,M136,2026-03-29T20:45:00Z,20.67527778,-156.4436111,35.329,1.5507,0,0.105,8.3849,0.1181,SITE_0019,Palauea,Honuaʻula,Maui,200.9,5,11,50.96651532763493,0.1213939532408399,8.63197135925293,32.6739999999603,0.03434471040964126,0.4180692480877042,1.5219982093347455,13,NA,NA,FALSE,FALSE,FALSE,FALSE,471.6630452210393,FALSE,FALSE,-156.44,20.68,140.40245175361633,27.23769187927246,55.475385665893555,72.63384819030762,11,FALSE,2026-03-14,15
Maui,M141,2026-03-29T20:55:00Z,20.69138889,-156.4441667,25.55,11.425,0,NA,12.248,0.04,SITE_0021,Paeahu,Kula,Maui,1076.7,0,0,56.10508966744822,1.123336768702604,7.704814434051514,151.666666666667,0.09215500950813292,0.2532013952732086,28.66183815758901,630,NA,NA,FALSE,FALSE,TRUE,FALSE,310.94533532542664,FALSE,FALSE,-156.44,20.69,140.40245175361633,27.23769187927246,55.475385665893555,72.63384819030762,11,FALSE,2026-03-14,15
Maui,M142,2026-03-29T19:49:00Z,20.59944444,-156.4205556,28.25,28.0899,<0.07,0.5293,61.7807,5.033,SITE_0004,Kalihi,Honuaʻula,Maui,2562.5,0,0,49.17843754106216,0.10416059733295883,8.218367576599121,23,0.01426939200609922,0.02351907454431057,NA,NA,NA,NA,FALSE,FALSE,FALSE,FALSE,9059.644428796983,FALSE,FALSE,-156.42,20.6,129.44316482543945,30.412242889404297,54.22142505645752,68.42754650115967,9,FALSE,2026-03-14,15
Maui,M143,2026-03-29T19:55:00Z,20.59916667,-156.4202778,33.652,16.0953,0.118,0.1686,4.9971,0.5798,SITE_0003,Kalihi,Honuaʻula,Maui,2604.8,0,0,86.5992091106556,0.1463188162791723,8.218367576599121,23,0.01426939200609922,0.02351907454431057,NA,NA,NA,NA,FALSE,FALSE,FALSE,FALSE,9096.441771277514,FALSE,FALSE,-156.42,20.6,129.44316482543945,30.412242889404297,54.22142505645752,68.42754650115967,9,FALSE,2026-03-14,15
Maui,M147,2026-03-29T21:42:00Z,20.9013572,-156.439815,32.529,12.3303,0.1259,0.2943,54.8397,0.2266,SITE_0154,Wailuku,Pūʻali Komohana,Maui,1349.2,0,0,13.763321788479486,0.12528436479908403,8.111989974975586,92,0.13595305383205414,0.4264885485172272,5.070305495307585,578,547.38,4.801702114224019,FALSE,FALSE,FALSE,FALSE,4776.061770148342,FALSE,FALSE,-156.44,20.9,224.8839349746704,40.979190826416016,93.20318031311035,133.18237209320068,9,FALSE,2026-03-14,15
Maui,M148,2026-03-29T20:04:00Z,20.59861111,-156.4194444,34.051,6.543,0.129,0.003,4.003,NA,SITE_0001,Kalihi,Honuaʻula,Maui,2708.4,0,0,86.58903879537944,0.21754924822204028,8.218367576599121,23,0.01426939200609922,0.02351907454431057,NA,NA,NA,NA,FALSE,TRUE,FALSE,FALSE,9177.302411311824,FALSE,FALSE,-156.42,20.6,129.44316482543945,30.412242889404297,54.22142505645752,68.42754650115967,9,FALSE,2026-03-14,15
Maui,M15,2026-03-30T00:35:00Z,20.92222222,-156.3738889,33.861,0.03,0,0.003,5.866,NA,SITE_0188,Hāmākuapoko,Hāmākuapoko,Maui,420.5,5,8,91.58344422143836,0.3909187130437129,3.7008700370788574,6.76666665077209,0.05650991946458816,0.678783655166626,1.5270638414062103,38,NA,NA,TRUE,TRUE,FALSE,FALSE,970.6675620338297,FALSE,FALSE,-156.37,20.92,232.54151058197021,41.80623245239258,105.51558113098145,135.87025547027588,9,FALSE,2026-03-13,17
Maui,M150,2026-03-29T19:07:00Z,20.86694444,-156.6755556,33.123,0.428,0,0.122,15.066,NA,SITE_0134,Paunau,Lāhainā,Maui,181.7,4,6,58.626483372279885,1.4048762592346946,17.596988677978516,6.07333333293597,0.16329514980316162,0.00155974342487752,0.6872812112020557,6,NA,NA,FALSE,FALSE,FALSE,FALSE,1125.4393976502404,FALSE,FALSE,-156.68,20.87,147.62821102142334,30.88805389404297,62.77611064910889,74.13133335113525,9,FALSE,2026-03-14,15
Maui,M151,2026-03-29T19:13:00Z,20.86861111,-156.6766667,35.599,0.9368,0,0.0999,3.5671,0.3767,SITE_0135,Paunau,Lāhainā,Maui,282,3,6,55.99195134392127,0.34246766429062236,17.596988677978516,6.07333333293597,0.16329514980316162,0.00155974342487752,0.6872812112020557,6,NA,NA,FALSE,FALSE,FALSE,FALSE,1330.8631146142,FALSE,FALSE,-156.68,20.87,147.62821102142334,30.88805389404297,62.77611064910889,74.13133335113525,9,FALSE,2026-03-14,15
Maui,M153,2026-03-29T23:27:00Z,20.7966982,-156.5862323,35.319,2.4011,0,0.003,3.1179,1.5198,SITE_0112,Ukumehame,Lāhainā,Maui,3058.5,0,0,51.15124671170289,0.19148667017179816,19.59808349609375,23,0.00942244566977024,0.01493756988202221,0.15770393217527415,7,10.079473684210528,0.227081804893886,FALSE,TRUE,FALSE,FALSE,589.3936949824359,FALSE,FALSE,-156.59,20.8,129.45940780639648,25.961193084716797,59.41268444061279,71.39328098297119,9,FALSE,2026-03-13,16
Maui,M154,2026-03-29T22:39:00Z,20.8971556,-156.4471962,32.64,5.445,0.092,0.376,26.832,0.04,SITE_0152,Wailuku,Pūʻali Komohana,Maui,2007.4,0,0,13.246421668106487,0.17804771444802672,8.111989974975586,92,0.13595305383205414,0.4264885485172272,5.070305495307585,578,547.38,4.801702114224019,FALSE,FALSE,TRUE,FALSE,4167.7869142430045,FALSE,FALSE,-156.45,20.9,294.3096561431885,62.572166442871094,126.14433097839355,175.20206451416016,9,FALSE,2026-03-14,15
Maui,M155,2026-03-29T21:56:00Z,20.9016136,-156.4372487,32.849,18.053,0.176,0.8838,106.5632,1.6616,SITE_0155,Wailuku,Pūʻali Komohana,Maui,1109,0,0,14.29450528832046,0.2295767362869214,8.111989974975586,92,0.13595305383205414,0.4264885485172272,5.070305495307585,578,547.38,4.801702114224019,FALSE,FALSE,FALSE,FALSE,4725.2538954424745,FALSE,FALSE,-156.44,20.9,224.8839349746704,40.979190826416016,93.20318031311035,133.18237209320068,9,FALSE,2026-03-14,15
Maui,M16,2026-03-29T21:12:59Z,20.79416667,-156.4836111,34.73,0.03,0,0.191,2.031,0.04,SITE_0101,Waikapū,Pūʻali Komohana,Maui,2141.9,0,0,90.09070630816817,2.168582885754993,11.473700523376465,28,0.03622316941618919,0.3485491070896387,3.877969786332231,245,NA,NA,TRUE,FALSE,TRUE,FALSE,278.24249753008587,FALSE,FALSE,-156.48,20.79,139.66704750061035,25.185184478759766,59.76542949676514,75.55555057525635,10,FALSE,2026-03-13,16
Maui,M162,2026-03-30T00:17:00Z,20.80944444,-156.6225,33.85,0.986,0,0.24,13.237,0.04,SITE_0122,Olowalu,Lāhainā,Maui,444.7,1,5,13.288658034048698,0.12081731691677124,24.607067108154297,0.219999998807907,0.01048337109386921,0.00499866716563701,0.7325342296888374,16,NA,NA,FALSE,FALSE,TRUE,FALSE,585.7705947815437,FALSE,FALSE,-156.62,20.81,144.74546718597412,30.122451782226563,61.244903564453125,75.3061294555664,8,FALSE,2026-03-14,16
Maui,M164,2026-03-29T21:03:00Z,20.78138889,-156.4630556,25.97,9.727,0.341,NA,13.919,0.04,SITE_0076,Pūlehunui,Kula,Maui,598.3,0,1,94.33547670471609,5.824097339996021,3.6888697147369385,10.8333333333333,0.03128986805677414,0.5737554617226124,1.9328009637844312,135,NA,NA,FALSE,FALSE,TRUE,FALSE,142.73220630598442,FALSE,FALSE,-156.46,20.78,139.66704750061035,25.185184478759766,59.76542949676514,75.55555057525635,10,FALSE,2026-03-13,16
Moloka'i,M167,2026-03-29T20:30:00Z,21.05830556,-156.8326111,21.63,4.8363,0.1628,1.1936,NA,2.1932,SITE_0236,‘Ualapu‘e,Kona,Molokaʻi,91.2,0,0,46.73214351438211,0.16096557586081325,19.439220428466797,7.52499997615814,0.02161992527544498,0.00102888012770563,4.913065643204139,14,NA,NA,FALSE,FALSE,FALSE,FALSE,298.59522733395545,FALSE,FALSE,-156.83,21.06,203.80106401443481,30.958477020263672,78.39619064331055,92.53521776199341,10,FALSE,2026-03-21,8
Moloka'i,M169,2026-03-29T21:44:59Z,21.09488889,-156.7615278,31.57,2.89,0.097,0.575,20.818,1.551,SITE_0276,Waialua,Kona,Molokaʻi,310.1,0,0,86.494134675986,0.3181737678244111,16.843708038330078,18.7399999996026,0.00625273771584034,0.0019697715761139902,1.1654957402722188,7,NA,NA,FALSE,FALSE,FALSE,FALSE,170.02779331594377,FALSE,FALSE,-156.76,21.09,200.58395671844482,35.40375518798828,76.1330795288086,92.04976177215576,10,FALSE,2026-03-14,15
Moloka'i,M171,2026-03-29T00:12:00Z,21.07055556,-156.975,32.298,0.438,0,1.723,38.139,NA,SITE_0250,Makakupa‘ia,Kona,Molokaʻi,103.4,0,0,10.607008418939817,0.11376085200347336,10.608473777770996,19.2033333331347,0.008785987272858616,0,1.3043592121617131,14,NA,NA,FALSE,FALSE,FALSE,FALSE,118.43950056704654,FALSE,FALSE,-156.98,21.07,202.02423524856567,31.794614791870117,77.92538642883301,89.0249171257019,10,FALSE,2026-03-14,15
Maui,M172,2026-03-29T23:53:59Z,20.80888889,-156.605,33.109,4.0378,0.1135,0.4338,19.2291,6.6632,SITE_0120,Ukumehame,Lāhainā,Maui,706.2,0,13,58.134676192089245,1.983246574796154,19.59808349609375,23,0.00942244566977024,0.01493756988202221,0.15770393217527415,7,10.079473684210528,0.227081804893886,FALSE,FALSE,FALSE,FALSE,0.5764530226681083,FALSE,FALSE,-156.6,20.81,144.74546718597412,30.122451782226563,61.244903564453125,75.3061294555664,8,FALSE,2026-03-14,15
Maui,M176,2026-03-29T23:34:00Z,20.80972222,-156.6016667,33.02,1.65,0,0.003,4.244,NA,SITE_0124,Ukumehame,Lāhainā,Maui,1026.9,0,0,14.804403161731615,0.28785437759481575,19.59808349609375,23,0.00942244566977024,0.01493756988202221,0.15770393217527415,7,10.079473684210528,0.227081804893886,FALSE,TRUE,FALSE,FALSE,118.46175176220702,FALSE,FALSE,-156.6,20.81,144.74546718597412,30.122451782226563,61.244903564453125,75.3061294555664,8,FALSE,2026-03-14,15
Maui,M177,2026-03-30T00:01:00Z,20.80972222,-156.6072222,28.799,1.2044,0,0.2322,11.9939,2.4761,SITE_0123,Ukumehame,Lāhainā,Maui,458,2,14,14.546182389242006,0.1049384168535471,19.59808349609375,23,0.00942244566977024,0.01493756988202221,0.15770393217527415,7,10.079473684210528,0.227081804893886,FALSE,FALSE,FALSE,FALSE,248.79587445317074,FALSE,FALSE,-156.61,20.81,144.74546718597412,30.122451782226563,61.244903564453125,75.3061294555664,8,FALSE,2026-03-14,16
Maui,M178,2026-03-30T00:06:00Z,20.81027778,-156.6108333,32.71,2.184,0,0.176,5.719,0.04,SITE_0126,Olowalu,Lāhainā,Maui,90.1,13,14,14.505471343105556,0.1775181798725389,24.607067108154297,0.219999998807907,0.01048337109386921,0.00499866716563701,0.7325342296888374,16,NA,NA,FALSE,FALSE,TRUE,FALSE,288.93845065669444,FALSE,FALSE,-156.61,20.81,144.74546718597412,30.122451782226563,61.244903564453125,75.3061294555664,8,FALSE,2026-03-14,16
Maui,M179,2026-03-30T00:03:00Z,20.81,-156.6086111,29.03,4.7013,<0.07,0.1597,17.5865,0.3574,SITE_0125,Olowalu,Lāhainā,Maui,310.5,9,14,14.52203191613754,0.13995641077449544,24.607067108154297,0.219999998807907,0.01048337109386921,0.00499866716563701,0.7325342296888374,16,NA,NA,FALSE,FALSE,FALSE,FALSE,394.0691398683798,FALSE,FALSE,-156.61,20.81,144.74546718597412,30.122451782226563,61.244903564453125,75.3061294555664,8,FALSE,2026-03-14,16
Maui,M18,2026-03-29T23:33:00Z,20.79583333,-156.5844444,35.779,0.809,0,0.003,2.5907,0.5218,SITE_0107,Ukumehame,Lāhainā,Maui,3267.5,0,0,50.83431588524249,0.13912537585466633,19.59808349609375,23,0.00942244566977024,0.01493756988202221,0.15770393217527415,7,10.079473684210528,0.227081804893886,FALSE,TRUE,FALSE,FALSE,402.4769153567172,FALSE,FALSE,-156.58,20.8,129.45940780639648,25.961193084716797,59.41268444061279,71.39328098297119,9,FALSE,2026-03-13,16
Maui,M180,2026-03-30T00:15:00Z,20.80916667,-156.6222222,34.689,30.8363,0.235,0.5886,9.1206,0.7625,SITE_0121,Olowalu,Lāhainā,Maui,466.1,1,6,16.479535641334337,0.12079833647875368,24.607067108154297,0.219999998807907,0.01048337109386921,0.00499866716563701,0.7325342296888374,16,NA,NA,FALSE,FALSE,FALSE,FALSE,627.5455029294939,FALSE,FALSE,-156.62,20.81,144.74546718597412,30.122451782226563,61.244903564453125,75.3061294555664,8,FALSE,2026-03-14,16
Maui,M181,2026-03-29T17:59:00Z,20.67138889,-156.4436111,33.582,2.719,0,0.177,21.036,NA,SITE_0017,Palauea,Honuaʻula,Maui,177.1,10,14,53.609873251724544,1.3004783370406368,8.63197135925293,32.6739999999603,0.03434471040964126,0.4180692480877042,1.5219982093347455,13,NA,NA,FALSE,FALSE,FALSE,FALSE,867.5707804212501,FALSE,FALSE,-156.44,20.67,140.40245175361633,27.23769187927246,55.475385665893555,72.63384819030762,11,FALSE,2026-03-14,15
Maui,M182,2026-03-29T19:17:59Z,21.003957,-156.660197,26.801,0.933,0,0.129,7.454,NA,SITE_0223,Honokahua,Kāʻanapali,Maui,85.7,9,14,11.414815379573213,0.11883048873068763,13.055168151855469,18.7399999996026,0.04664763063192367,0.00256633711978793,1.0137669930942266,14,NA,NA,FALSE,FALSE,FALSE,FALSE,985.3376370759006,FALSE,FALSE,-156.66,21,174.9458203315735,31.628950119018555,70.58368968963623,88.56105899810791,12,FALSE,2026-03-14,15
Maui,M183,2026-03-29T18:06:00Z,20.669722,-156.44305,33.963,2.994,0,0.096,9.914,NA,SITE_0016,Palauea,Honuaʻula,Maui,187.2,14,14,56.50498334438368,1.4026986381821334,8.63197135925293,32.6739999999603,0.03434471040964126,0.4180692480877042,1.5219982093347455,13,NA,NA,FALSE,FALSE,FALSE,FALSE,1033.3253133411965,FALSE,FALSE,-156.44,20.67,140.40245175361633,27.23769187927246,55.475385665893555,72.63384819030762,11,FALSE,2026-03-14,15
Maui,M184,2026-04-02T03:48:00Z,20.912346,-156.693116,35.51,0.99,0,0.159,5.833,0.258,SITE_0169,Hanakaʻōʻō,Lāhainā,Maui,706.9,0,1,17.611029262619446,0.24704441652212988,6.2193121910095215,13.4,0.09855561703443529,0.2578757703304291,4.2131651280589315,60,NA,NA,FALSE,FALSE,FALSE,FALSE,134.2443869427047,FALSE,FALSE,-156.69,20.91,151.02824687957764,33.221351623535156,60.798434257507324,73.08697605133057,10,FALSE,2026-03-14,19
Maui,M185,2026-03-29T01:23:59Z,20.93588889,-156.3393611,0.58,26.991,0.27,0.986,174.117,1.137,SITE_0203,Haʻikū,Hāmākualoa,Maui,673.8,0,4,51.639047427794395,0.14155754210741725,6.460170269012451,6.07333333293597,0.067351795732975,0.31441986560821533,24.27672388052302,517,NA,NA,FALSE,FALSE,FALSE,FALSE,42.711963969910315,FALSE,FALSE,-156.34,20.94,358.39110946655273,65.371337890625,143.8593978881836,204.08485412597656,9,FALSE,2026-03-19,10
Maui,M186,2026-03-30T01:00:00Z,20.70416667,-156.4463889,34.48,2.608,0,0.163,6.737,0.04,SITE_0026,Kamaʻole,Kula,Maui,256.6,41,86,47.85319792654856,0.10948861902224656,8.28579044342041,151.666666666667,0.05891412124037742,0.22755710291676223,8.453957556986367,277,NA,NA,FALSE,FALSE,TRUE,FALSE,1008.9116950419644,FALSE,FALSE,-156.45,20.7,139.47516632080078,33.76641845703125,60.09123229980469,75.97444152832031,10,FALSE,2026-03-14,16
Maui,M189,2026-03-30T00:06:59Z,20.7823,-156.46397,35.719,0.893,0,0.36870000000000003,7.5721,0.7316,SITE_0079,Pūlehunui,Kula,Maui,483.6,1,1,94.27400932282887,5.668909003298846,3.6888697147369385,10.8333333333333,0.03128986805677414,0.5737554617226124,1.9328009637844312,135,NA,NA,FALSE,FALSE,FALSE,FALSE,8.541702026182529,FALSE,FALSE,-156.46,20.78,139.66704750061035,25.185184478759766,59.76542949676514,75.55555057525635,10,FALSE,2026-03-13,17
Maui,M19,2026-03-30T00:44:00Z,20.91916667,-156.3788889,30.639,5.241,0,0.287,15.6905,1.1235,SITE_0184,Hāmākuapoko,Hāmākuapoko,Maui,166.5,5,5,91.52913892639754,1.169844320611741,3.7008700370788574,6.76666665077209,0.05650991946458816,0.678783655166626,1.5270638414062103,38,NA,NA,FALSE,FALSE,FALSE,FALSE,1590.32844881851,FALSE,FALSE,-156.38,20.92,232.54151058197021,41.80623245239258,105.51558113098145,135.87025547027588,9,FALSE,2026-03-13,17
Maui,M190,2026-03-30T00:50:00Z,20.7125,-156.4463889,34.58,2.849,0,0.221,10.292,0.04,SITE_0029,Kamaʻole,Kula,Maui,256.1,1,126,57.05525360471696,8.031348294775933,8.28579044342041,151.666666666667,0.05891412124037742,0.22755710291676223,8.453957556986367,277,NA,NA,FALSE,FALSE,TRUE,FALSE,290.52466868333954,FALSE,FALSE,-156.45,20.71,139.47516632080078,33.76641845703125,60.09123229980469,75.97444152832031,10,FALSE,2026-03-14,16
Maui,M191,2026-03-29T17:36:00Z,20.66027778,-156.4416667,33.55,21.355,0,0.232,17.034,0.04,SITE_0014,Papaʻanui,Honuaʻula,Maui,310.9,4,13,51.487977366256075,0.1055573430728866,12.739726066589355,107.25,0.009351399571945267,0.14479740841003755,0.1114838745088604,4,NA,NA,FALSE,FALSE,TRUE,FALSE,2062.0902308803793,FALSE,FALSE,-156.44,20.66,140.40245175361633,27.23769187927246,55.475385665893555,72.63384819030762,11,FALSE,2026-03-14,15
Maui,M192,2026-04-02T03:56:00Z,20.914155,-156.695346,35.58,0.778,0,0.186,4.455,0.08,SITE_0176,Hanakaʻōʻō,Lāhainā,Maui,462.8,1,3,49.975136272566566,0.2830312862282303,6.2193121910095215,13.4,0.09855561703443529,0.2578757703304291,4.2131651280589315,60,NA,NA,FALSE,FALSE,FALSE,FALSE,423.85507366989765,FALSE,FALSE,-156.7,20.91,NA,NA,NA,NA,0,TRUE,NA,NA
Maui,M193,2026-03-29T17:40:59Z,20.6625,-156.4416667,34.919,4.1359,0,0.1352,30.7833,0.2547,SITE_0015,Papaʻanui,Honuaʻula,Maui,336.4,4,13,56.55113991490813,1.1665866514109076,12.739726066589355,107.25,0.009351399571945267,0.14479740841003755,0.1114838745088604,4,NA,NA,FALSE,FALSE,FALSE,FALSE,1816.01771639727,FALSE,FALSE,-156.44,20.66,140.40245175361633,27.23769187927246,55.475385665893555,72.63384819030762,11,FALSE,2026-03-14,15
Maui,M194,2026-03-29T19:10:59Z,21.004115,-156.658969,35.449,0.1103,0,0.003,0.005,0.248,SITE_0224,Honokahua,Kāʻanapali,Maui,85,9,13,48.92673013407028,0.12720974376964927,13.055168151855469,18.7399999996026,0.04664763063192367,0.00256633711978793,1.0137669930942266,14,NA,NA,FALSE,TRUE,FALSE,TRUE,857.7178956358916,FALSE,FALSE,-156.66,21,174.9458203315735,31.628950119018555,70.58368968963623,88.56105899810791,12,FALSE,2026-03-14,15
Maui,M195,2026-03-29T18:30:00Z,20.999189,-156.666585,34.73,0.999,0,0.246,18.876,0.04,SITE_0222,Nāpili 2-3,Kāʻanapali,Maui,119.1,4,30,51.7895577055919,0.39584633825300264,6.269824028015137,3.84999999403954,0.12796686589717865,0.0017793372971937,14.74650522088122,30,NA,NA,FALSE,FALSE,TRUE,FALSE,872.2257775782605,FALSE,FALSE,-156.67,21,174.9458203315735,31.628950119018555,70.58368968963623,88.56105899810791,12,FALSE,2026-03-14,15
Maui,M196,2026-03-29T18:49:00Z,20.995896,-156.666279,34.57,1.989,0,0.272,12.762,0.04,SITE_0220,Nāpili 2-3,Kāʻanapali,Maui,243.3,11,128,53.75034308242926,1.1779104722714984,6.269824028015137,3.84999999403954,0.12796686589717865,0.0017793372971937,14.74650522088122,30,NA,NA,FALSE,FALSE,TRUE,FALSE,513.1638912128365,FALSE,FALSE,-156.67,21,174.9458203315735,31.628950119018555,70.58368968963623,88.56105899810791,12,FALSE,2026-03-14,15
Maui,M197,2026-04-08T01:02:00Z,20.923463,-156.695504,23.59,1.327,0,0.835,4.907,1.94,SITE_0189,Hanakaʻōʻō,Lāhainā,Maui,124.2,1,4,7.596451815802207,0.17061246986605694,6.2193121910095215,13.4,0.09855561703443529,0.2578757703304291,4.2131651280589315,60,NA,NA,FALSE,FALSE,FALSE,FALSE,1302.6625896781504,FALSE,FALSE,-156.7,20.92,NA,NA,NA,NA,0,TRUE,NA,NA
Maui,M198,2026-04-08T01:13:00Z,20.9195369,-156.6965329,31.17,0.536,0,0.164,2.033,0.221,SITE_0185,Hanakaʻōʻō,Lāhainā,Maui,173.2,2,4,14.97627795506775,0.3721084172045812,6.2193121910095215,13.4,0.09855561703443529,0.2578757703304291,4.2131651280589315,60,NA,NA,FALSE,FALSE,FALSE,FALSE,946.6876917174112,FALSE,FALSE,-156.7,20.92,NA,NA,NA,NA,0,TRUE,NA,NA
Maui,M199,2026-03-30T00:25:00Z,20.72055556,-156.4475,32.965,8.55,0,0.245,31.067,NA,SITE_0031,Kamaʻole,Kula,Maui,402.9,3,94,54.98445275424928,0.11062336357292318,8.28579044342041,151.666666666667,0.05891412124037742,0.22755710291676223,8.453957556986367,277,NA,NA,FALSE,FALSE,FALSE,FALSE,611.5889390802041,FALSE,FALSE,-156.45,20.72,139.47516632080078,33.76641845703125,60.09123229980469,75.97444152832031,10,FALSE,2026-03-14,16
Maui,M200,2026-04-08T00:38:59Z,20.929249,-156.694426,31.37,1.171,0,0.206,8.565,0.105,SITE_0195,Honokōwai,Kāʻanapali,Maui,475.7,1,4,10.326552499221378,0.10992207375040744,15.42068862915039,3.61666666716337,0.05048634484410286,0.06700956076383591,0.11437357897465374,2,NA,NA,FALSE,FALSE,FALSE,FALSE,1860.3012537583709,FALSE,FALSE,-156.69,20.93,151.02824687957764,33.221351623535156,60.798434257507324,73.08697605133057,10,FALSE,2026-03-14,25
Maui,M201,2026-03-29T17:20:00Z,20.65388889,-156.4411111,32.619,8.1553,0,0.3722,21.1318,1.2116,SITE_0013,Papaʻanui,Honuaʻula,Maui,324.5,4,4,14.70244963957011,0.1747928176727947,12.739726066589355,107.25,0.009351399571945267,0.14479740841003755,0.1114838745088604,4,NA,NA,FALSE,FALSE,FALSE,FALSE,2769.241807957195,FALSE,FALSE,-156.44,20.65,140.40245175361633,27.23769187927246,55.475385665893555,72.63384819030762,11,FALSE,2026-03-14,15
Maui,M202,2026-03-29T01:04:59Z,20.93411111,-156.3566111,35.08,2.044,0,0.163,10.959,0.08,SITE_0200,Hāmākuapoko,Hāmākuapoko,Maui,1529.4,0,0,15.302737801216512,0.1519062796490775,3.7008700370788574,6.76666665077209,0.05650991946458816,0.678783655166626,1.5270638414062103,38,NA,NA,FALSE,FALSE,FALSE,FALSE,487.40398680504427,FALSE,FALSE,-156.36,20.93,232.54151058197021,41.80623245239258,105.51558113098145,135.87025547027588,9,FALSE,2026-03-13,16
Maui,M203,2026-04-02T03:38:00Z,20.91014,-156.689199,34.73,7.755,0.093,0.255,23.747,0.145,SITE_0165,Hanakaʻōʻō,Lāhainā,Maui,907.4,0,5,7.9828082366308815,0.20639889936828895,6.2193121910095215,13.4,0.09855561703443529,0.2578757703304291,4.2131651280589315,60,NA,NA,FALSE,FALSE,FALSE,FALSE,327.2671917037734,FALSE,FALSE,-156.69,20.91,151.02824687957764,33.221351623535156,60.798434257507324,73.08697605133057,10,FALSE,2026-03-14,19
Maui,M204,2026-04-08T00:51:59Z,20.926337,-156.695698,25.65,1.518,0,0.247,8.014,0.3,SITE_0193,Hanakaʻōʻō,Lāhainā,Maui,417.1,2,4,7.700378852826029,0.15001820620812942,6.2193121910095215,13.4,0.09855561703443529,0.2578757703304291,4.2131651280589315,60,NA,NA,FALSE,FALSE,FALSE,FALSE,1614.584476407777,FALSE,FALSE,-156.7,20.93,NA,NA,NA,NA,0,TRUE,NA,NA
Maui,M205,2026-03-30T03:12:59Z,20.941,-156.2991111,2.87,10.422,0,0.539,118.205,2.927,SITE_0208,East Kaupakulua,Hāmākualoa,Maui,1411.1,0,0,125.99941065057588,0.9075790395955556,6.8006227016448975,11.036666666467985,0.04847756586968899,0.31593762757256627,12.1377758858036,55,NA,NA,FALSE,FALSE,FALSE,FALSE,22.49552250581834,FALSE,FALSE,-156.3,20.94,358.39110946655273,65.371337890625,143.8593978881836,204.08485412597656,9,FALSE,2026-03-19,11
Moloka'i,M207,2026-03-29T00:55:00Z,21.06333333,-156.945,23.49,4.297,0.123,0.695,41.582,4.601,SITE_0239,Kawela,Kona,Molokaʻi,438,0,0,103.8361118066006,0.15538339055364486,14.25918674468994,0.219999998807907,0.00889927707612514,1.2733216863125563e-4,3.501683220755333,115,69.3563748079877,1.121139647763604,FALSE,FALSE,FALSE,FALSE,75.66175814833663,FALSE,FALSE,-156.94,21.06,195.87793684005737,34.26795959472656,77.93181991577148,89.09669065475464,9,FALSE,2026-03-14,15
Moloka'i,M208,2026-03-29T21:06:59Z,21.09388889,-157.3,33.65,2.579,0.142,0.234,4.107,1.074,SITE_0274,Kaluako‘i,Kona,Molokaʻi,3235.6,0,0,122.7946084559956,1.4630667508139334,5.0969648361206055,13.4,0.00882116798311472,0.19001813663635403,0.37832328936549814,78,NA,NA,FALSE,FALSE,FALSE,FALSE,1417.0214116346556,FALSE,FALSE,-157.3,21.09,NA,NA,NA,NA,0,TRUE,NA,NA
Moloka'i,M211,2026-03-29T22:41:00Z,21.11455556,-156.7376389,28.02,NA,NA,NA,NA,NA,SITE_0308,Honoulimaloʻo,Kona,Molokaʻi,694.8,0,0,85.90336984815181,0.32126409926972166,12.501387596130373,NA,0.01218667346984148,0.02459408901631832,NA,NA,1.4486666666666663,0.4595009110371569,FALSE,FALSE,FALSE,FALSE,15.587924325150485,FALSE,FALSE,-156.74,21.11,419.30267906188965,59.57004165649414,149.92510414123535,208.4951457977295,10,FALSE,2026-03-11,18
Moloka'i,M212,2026-03-29T18:46:00Z,21.11277778,-157.3022222,34.335,0.804,0.086,0.204,9.95,NA,SITE_0305,Kaluako‘i,Kona,Molokaʻi,2579.3,0,0,122.37445987997756,0.14724120977713914,5.0969648361206055,13.4,0.00882116798311472,0.19001813663635403,0.37832328936549814,78,NA,NA,FALSE,FALSE,FALSE,FALSE,38.43309500769529,FALSE,FALSE,-157.3,21.11,253.2406826019287,47.87983703613281,110.33341026306152,114.91161155700684,8,FALSE,2026-03-11,18
Moloka'i,M213,2026-03-29T19:09:00Z,21.10833333,-157.3058333,32.923,1.416,0.091,0.297,3.554,NA,SITE_0300,Kaluako‘i,Kona,Molokaʻi,3017.3,0,0,159.69628947869384,1.307400668582879,5.0969648361206055,13.4,0.00882116798311472,0.19001813663635403,0.37832328936549814,78,NA,NA,FALSE,FALSE,FALSE,FALSE,520.3853574191114,FALSE,FALSE,-157.31,21.11,253.2406826019287,47.87983703613281,110.33341026306152,114.91161155700684,8,FALSE,2026-03-11,18
Moloka'i,M214,2026-03-29T19:51:00Z,21.10194444,-157.3102778,34.69,1.425,0.09,0.152,3.33,0.605,SITE_0288,Kaluako‘i,Kona,Molokaʻi,3665.4,0,0,192.2870659969203,1.1582349647205326,5.0969648361206055,13.4,0.00882116798311472,0.19001813663635403,0.37832328936549814,78,NA,NA,FALSE,FALSE,FALSE,FALSE,331.1019234860621,FALSE,FALSE,-157.31,21.1,253.2406826019287,47.87983703613281,110.33341026306152,114.91161155700684,8,FALSE,2026-03-11,18
Moloka'i,M216,2026-03-29T19:40:00Z,21.10333333,-157.3086111,34.24,0.725,0,0.091,2.014,0.082,SITE_0291,Kaluako‘i,Kona,Molokaʻi,3448.9,0,0,5.134692326472763,0.10541719706739422,5.0969648361206055,13.4,0.00882116798311472,0.19001813663635403,0.37832328936549814,78,NA,NA,FALSE,FALSE,FALSE,FALSE,103.91917467125049,FALSE,FALSE,-157.31,21.1,253.2406826019287,47.87983703613281,110.33341026306152,114.91161155700684,8,FALSE,2026-03-11,18
Moloka'i,M217,2026-03-30T10:07:00Z,21.09333333,-157.2869444,31.624,2.649,0.103,0.411,24.608,NA,SITE_0273,Kaluako‘i,Kona,Molokaʻi,2495.1,0,0,4.972031153686906,0.1684654850261286,5.0969648361206055,13.4,0.00882116798311472,0.19001813663635403,0.37832328936549814,78,NA,NA,FALSE,FALSE,FALSE,FALSE,292.0860768180086,FALSE,FALSE,-157.29,21.09,249.51936435699463,40.59379196166992,85.84415531158447,113.66261577606201,10,FALSE,2026-03-11,19
Moloka'i,M218,2026-03-29T20:07:00Z,21.1,-157.3091667,34.69,1.366,0.086,0.14,3.699,0.04,SITE_0283,Kaluako‘i,Kona,Molokaʻi,3644.6,0,0,154.69513739025322,0.4732854864704423,5.0969648361206055,13.4,0.00882116798311472,0.19001813663635403,0.37832328936549814,78,NA,NA,FALSE,FALSE,TRUE,FALSE,472.8261298089757,FALSE,FALSE,-157.31,21.1,253.2406826019287,47.87983703613281,110.33341026306152,114.91161155700684,8,FALSE,2026-03-11,18
Moloka'i,M219,2026-03-29T21:48:00Z,21.09388889,-157.2922222,34.229,2.968,0.143,0.195,6.253,NA,SITE_0275,Kaluako‘i,Kona,Molokaʻi,2707.8,0,0,4.847807085896141,0.15943635256541894,5.0969648361206055,13.4,0.00882116798311472,0.19001813663635403,0.37832328936549814,78,NA,NA,FALSE,FALSE,FALSE,FALSE,843.8241526089092,FALSE,FALSE,-157.29,21.09,249.51936435699463,40.59379196166992,85.84415531158447,113.66261577606201,10,FALSE,2026-03-11,18
Maui,M22,2026-03-29T23:49:00Z,20.80694444,-156.6013889,29.55,0.281,0,0.234,18.854,0.739,SITE_0117,Ukumehame,Lāhainā,Maui,1133.7,0,0,57.59616208865362,0.2839983186694576,19.59808349609375,23,0.00942244566977024,0.01493756988202221,0.15770393217527415,7,10.079473684210528,0.227081804893886,FALSE,FALSE,FALSE,FALSE,301.77345894073386,FALSE,FALSE,-156.6,20.81,144.74546718597412,30.122451782226563,61.244903564453125,75.3061294555664,8,FALSE,2026-03-14,15
Moloka'i,M220,2026-03-29T19:48:00Z,21.10222222,-157.31,34.54,1.579,0.096,0.096,4.127,NA,SITE_0289,Kaluako‘i,Kona,Molokaʻi,3627.3,0,0,117.33107632744247,0.10306426250142976,5.0969648361206055,13.4,0.00882116798311472,0.19001813663635403,0.37832328936549814,78,NA,NA,FALSE,FALSE,FALSE,FALSE,288.93189763349596,FALSE,FALSE,-157.31,21.1,253.2406826019287,47.87983703613281,110.33341026306152,114.91161155700684,8,FALSE,2026-03-11,18
Moloka'i,M222,2026-03-29T22:26:00Z,21.11013889,-156.7448889,13.52,2.958,0.133,0.618,72.311,1.624,SITE_0302,Kumimi,Kona,Molokaʻi,196.5,0,0,49.033973767057695,0.16956003654866408,12.955034255981444,NA,0.02142297849059105,4.202876007184386e-4,1.832413797151577,1,NA,NA,FALSE,FALSE,FALSE,FALSE,29.355127907461693,FALSE,FALSE,-156.74,21.11,419.30267906188965,59.57004165649414,149.92510414123535,208.4951457977295,10,FALSE,2026-03-11,18
Moloka'i,M223,2026-03-30T02:21:00Z,21.1978,-157.13225,32.86,0.708,0,0.21,1.092,0.455,SITE_0327,Pālāʻau,Kona,Molokaʻi,3325.4,0,0,6.134998366399609,0.15850718690501525,3.6952762504418692,14.166666666666666,0.012540134756515421,0.032110039154455684,0.16756683906537584,8,NA,NA,FALSE,FALSE,FALSE,FALSE,689.760989631412,FALSE,FALSE,-157.13,21.2,322.24911975860596,51.28426742553711,122.5773696899414,153.8096799850464,9,FALSE,2026-03-21,9
Moloka'i,M224,2026-03-29T20:44:00Z,21.06427778,-156.8220278,28.08,1.779,0,0.403,90.36,0.356,SITE_0241,Kalua‘aha,Kona,Molokaʻi,418.8,0,0,48.24228793758365,0.1900188564949367,20.438617706298828,18.7399999996026,0.00628557289019227,0.0045256009325385,0.5112980141867902,3,NA,NA,FALSE,FALSE,FALSE,FALSE,133.9501778496437,FALSE,FALSE,-156.82,21.06,203.80106401443481,30.958477020263672,78.39619064331055,92.53521776199341,10,FALSE,2026-03-21,8
Moloka'i,M225,2026-03-30T01:35:00Z,21.19781,-157.15208,26.67,0.544,0,NA,1.085,0.34,SITE_0328,Kaluako‘i,Kona,Molokaʻi,5140.8,0,0,118.203487075828,0.163020040861913,5.0969648361206055,13.4,0.00882116798311472,0.19001813663635403,0.37832328936549814,78,NA,NA,FALSE,FALSE,FALSE,FALSE,522.367224068726,FALSE,FALSE,-157.15,21.2,239.03784275054932,44.16557693481445,89.3311538696289,114.83049964904785,8,FALSE,2026-03-13,17
Moloka'i,M226,2026-03-30T08:19:00Z,21.09888889,-157.3080556,31.765,NA,1.3034,2.3534,NA,19.3045,SITE_0281,Kaluako‘i,Kona,Molokaʻi,3596.1,0,0,154.64220102212673,0.6163569168595007,5.0969648361206055,13.4,0.00882116798311472,0.19001813663635403,0.37832328936549814,78,NA,NA,FALSE,FALSE,FALSE,FALSE,583.6484022646727,FALSE,FALSE,-157.31,21.1,253.2406826019287,47.87983703613281,110.33341026306152,114.91161155700684,8,FALSE,2026-03-11,19
Moloka'i,M227,2026-03-29T19:29:59Z,21.10472222,-157.3069444,33.977,1.288,0.104,0.252,4.545,NA,SITE_0294,Kaluako‘i,Kona,Molokaʻi,3234.6,0,0,5.241743019330513,0.15545182979373007,5.0969648361206055,13.4,0.00882116798311472,0.19001813663635403,0.37832328936549814,78,NA,NA,FALSE,FALSE,FALSE,FALSE,138.6867257769652,FALSE,FALSE,-157.31,21.1,253.2406826019287,47.87983703613281,110.33341026306152,114.91161155700684,8,FALSE,2026-03-11,18
Moloka'i,M228,2026-03-29T20:12:00Z,21.09888889,-157.3080556,35.01,1.632,0.082,0.167,4.158,0.218,SITE_0281,Kaluako‘i,Kona,Molokaʻi,3596.1,0,0,154.64220102212673,0.6163569168595007,5.0969648361206055,13.4,0.00882116798311472,0.19001813663635403,0.37832328936549814,78,NA,NA,FALSE,FALSE,FALSE,FALSE,583.6484022646727,FALSE,FALSE,-157.31,21.1,253.2406826019287,47.87983703613281,110.33341026306152,114.91161155700684,8,FALSE,2026-03-11,18
Maui,M23,2026-03-29T13:08:00Z,20.91555556,-156.3866667,29.854,8.329,0,0.183,28.741,NA,SITE_0180,Hāmākuapoko,Hāmākuapoko,Maui,684.4,0,2,128.82492183553194,10.980641639669424,3.7008700370788574,6.76666665077209,0.05650991946458816,0.678783655166626,1.5270638414062103,38,NA,NA,FALSE,FALSE,FALSE,FALSE,731.8225040862745,FALSE,FALSE,-156.39,20.92,232.54151058197021,41.80623245239258,105.51558113098145,135.87025547027588,9,FALSE,2026-03-13,16
Moloka'i,M230,2026-03-29T19:19:00Z,21.10666667,-157.3063889,34.466,1.28,0.077,0.294,3.097,NA,SITE_0299,Kaluako‘i,Kona,Molokaʻi,3116.9,0,0,84.69255545096651,0.12598802589392288,5.0969648361206055,13.4,0.00882116798311472,0.19001813663635403,0.37832328936549814,78,NA,NA,FALSE,FALSE,FALSE,FALSE,331.6955703620581,FALSE,FALSE,-157.31,21.11,253.2406826019287,47.87983703613281,110.33341026306152,114.91161155700684,8,FALSE,2026-03-11,18
Moloka'i,M231,2026-03-29T10:45:00Z,21.09138889,-157.2775,34.105,3.018,0.142,0.242,9.311,NA,SITE_0269,Kaluako‘i,Kona,Molokaʻi,2506.3,0,0,42.10115540439059,0.1007074442846361,5.0969648361206055,13.4,0.00882116798311472,0.19001813663635403,0.37832328936549814,78,NA,NA,FALSE,FALSE,FALSE,FALSE,625.9082427117402,FALSE,FALSE,-157.28,21.09,249.51936435699463,40.59379196166992,85.84415531158447,113.66261577606201,10,FALSE,2026-03-11,18
Moloka'i,M232,2026-03-28T11:27:59Z,21.07055556,-156.9772222,32.56,0.318,0,1.21,30.466,0.103,SITE_0249,Makakupa‘ia,Kona,Molokaʻi,191.8,0,0,10.586946592839372,0.12669429299107274,10.608473777770996,19.2033333331347,0.008785987272858616,0,1.3043592121617131,14,NA,NA,FALSE,FALSE,FALSE,FALSE,113.82982822673209,FALSE,FALSE,-156.98,21.07,202.02423524856567,31.794614791870117,77.92538642883301,89.0249171257019,10,FALSE,2026-03-14,14
Moloka'i,M233,2026-03-30T10:23:00Z,21.09277778,-157.2819444,32.49,3.243,0.14,0.205,11.114,1.904,SITE_0271,Kaluako‘i,Kona,Molokaʻi,2398.8,0,0,4.961615826428781,0.1738042765134014,5.0969648361206055,13.4,0.00882116798311472,0.19001813663635403,0.37832328936549814,78,NA,NA,FALSE,FALSE,FALSE,FALSE,231.26038971827188,FALSE,FALSE,-157.28,21.09,249.51936435699463,40.59379196166992,85.84415531158447,113.66261577606201,10,FALSE,2026-03-11,19
Moloka'i,M234,2026-03-29T18:48:00Z,21.11166667,-157.3113889,34.8,1.363,0.08,0.142,4.365,0.411,SITE_0304,Kaluako‘i,Kona,Molokaʻi,3537.6,0,0,187.88811129690683,0.6821287903870406,5.0969648361206055,13.4,0.00882116798311472,0.19001813663635403,0.37832328936549814,78,NA,NA,FALSE,FALSE,FALSE,FALSE,897.1583344207492,FALSE,FALSE,-157.31,21.11,253.2406826019287,47.87983703613281,110.33341026306152,114.91161155700684,8,FALSE,2026-03-11,18
Moloka'i,M236,2026-03-28T23:40:59Z,21.06972222,-156.9788889,33.682,0.508,0,1.366,68.11,NA,SITE_0245,Makakupa‘ia,Kona,Molokaʻi,388,0,0,104.4747500885962,0.17195608800789342,10.608473777770996,19.2033333331347,0.008785987272858616,0,1.3043592121617131,14,NA,NA,FALSE,FALSE,FALSE,FALSE,304.8854214426571,FALSE,FALSE,-156.98,21.07,202.02423524856567,31.794614791870117,77.92538642883301,89.0249171257019,10,FALSE,2026-03-14,14
Moloka'i,M237,2026-03-29T00:35:00Z,21.07222222,-156.9797222,30.534,0.726,0,0.851,8.919,NA,SITE_0252,Makakupa‘ia,Kona,Molokaʻi,256.4,0,0,8.50216450695152,0.17750099666381391,10.608473777770996,19.2033333331347,0.008785987272858616,0,1.3043592121617131,14,NA,NA,FALSE,FALSE,FALSE,FALSE,233.53141990847843,FALSE,FALSE,-156.98,21.07,202.02423524856567,31.794614791870117,77.92538642883301,89.0249171257019,10,FALSE,2026-03-14,15
Moloka'i,M238,2026-03-30T02:26:00Z,21.19577,-157.13592,34.99,0.492,0,0.115,1.119,0.04,SITE_0322,Pālāʻau,Kona,Molokaʻi,3527.2,0,0,7.473064174324827,0.33152927419031036,3.6952762504418692,14.166666666666666,0.012540134756515421,0.032110039154455684,0.16756683906537584,8,NA,NA,FALSE,FALSE,TRUE,FALSE,862.7852498186967,FALSE,FALSE,-157.14,21.2,322.24911975860596,51.28426742553711,122.5773696899414,153.8096799850464,9,FALSE,2026-03-21,9
Moloka'i,M239,2026-03-30T01:20:00Z,21.19672,-157.14338,33.59,0.542,0,0.151,1.669,0.04,SITE_0325,Pālāʻau,Kona,Molokaʻi,4264.8,0,0,7.290351676570452,0.1201693017380312,3.6952762504418692,14.166666666666666,0.012540134756515421,0.032110039154455684,0.16756683906537584,8,NA,NA,FALSE,FALSE,TRUE,FALSE,81.08852889668715,FALSE,FALSE,-157.14,21.2,322.24911975860596,51.28426742553711,122.5773696899414,153.8096799850464,9,FALSE,2026-03-21,9
Maui,M24,2026-03-29T21:21:00Z,20.79361111,-156.4819444,34.239,0.44,0,0.2408,1.9777,0.3573,SITE_0099,Waikapū,Pūʻali Komohana,Maui,1988.4,0,0,89.37088611925972,0.11458165928150991,11.473700523376465,28,0.03622316941618919,0.3485491070896387,3.877969786332231,245,NA,NA,FALSE,FALSE,FALSE,FALSE,419.7639586935955,FALSE,FALSE,-156.48,20.79,139.66704750061035,25.185184478759766,59.76542949676514,75.55555057525635,10,FALSE,2026-03-13,16
Moloka'i,M240,2026-03-29T22:36:59Z,21.11444444,-156.7399444,32.3,NA,NA,NA,NA,NA,SITE_0307,Honoulimaloʻo,Kona,Molokaʻi,503,0,0,48.78224320829637,0.1724845480667427,12.501387596130373,NA,0.01218667346984148,0.02459408901631832,NA,NA,1.4486666666666663,0.4595009110371569,FALSE,FALSE,FALSE,FALSE,57.489970168442795,FALSE,FALSE,-156.74,21.11,419.30267906188965,59.57004165649414,149.92510414123535,208.4951457977295,10,FALSE,2026-03-11,18
Moloka'i,M241,2026-03-28T23:47:59Z,21.09555556,-157.0361111,29.71,5.499,0,NA,52.928,7.146,SITE_0279,Kalamaʻula,Kona,Molokaʻi,29.9,0,0,10.982159415488413,0.1092373659050653,6.504145622253418,5.75,0.01208011712878942,0.00536697125062346,1.131076782778497,32,NA,NA,FALSE,FALSE,FALSE,FALSE,662.1256270916803,FALSE,FALSE,-157.04,21.1,229.85589218139648,39.621097564697266,83.50958251953125,103.01485061645508,10,FALSE,2026-03-13,15
Moloka'i,M242,2026-03-29T18:28:00Z,21.11388889,-157.30111110000001,34.331,1.957,0.106,0.099,4.545,NA,SITE_0306,Kaluako‘i,Kona,Molokaʻi,2460.2,0,0,122.42311316286612,0.27305217138572735,5.0969648361206055,13.4,0.00882116798311472,0.19001813663635403,0.37832328936549814,78,NA,NA,FALSE,FALSE,FALSE,FALSE,151.93945474565965,FALSE,FALSE,-157.3,21.11,253.2406826019287,47.87983703613281,110.33341026306152,114.91161155700684,8,FALSE,2026-03-11,18
Moloka'i,M243,2026-03-29T00:38:00Z,21.06888889,-156.9638889,33.4,0.312,0,0.798,14.795,0.126,SITE_0243,Kawela,Kona,Molokaʻi,12.7,0,0,8.507325956787984,0.23582992300437763,14.25918674468994,0.219999998807907,0.00889927707612514,1.2733216863125563e-4,3.501683220755333,115,69.3563748079877,1.121139647763604,FALSE,FALSE,FALSE,FALSE,95.40994406796395,FALSE,FALSE,-156.96,21.07,202.02423524856567,31.794614791870117,77.92538642883301,89.0249171257019,10,FALSE,2026-03-14,15
Moloka'i,M247,2026-03-30T01:07:00Z,21.19663,-157.144,26.42,0.563,0,0.19,1.564,0.221,SITE_0323,Pālāʻau,Kona,Molokaʻi,4318.9,0,0,7.290905401728231,0.12134060367988422,3.6952762504418692,14.166666666666666,0.012540134756515421,0.032110039154455684,0.16756683906537584,8,NA,NA,FALSE,FALSE,FALSE,FALSE,28.656367109867027,FALSE,FALSE,-157.14,21.2,322.24911975860596,51.28426742553711,122.5773696899414,153.8096799850464,9,FALSE,2026-03-21,9
Moloka'i,M248,2026-03-29T21:51:00Z,21.09533333,-156.7604722,30.98,2.237,0.083,NA,26.18,2.058,SITE_0278,Waialua,Kona,Molokaʻi,200.5,0,0,82.6740006312091,0.11248672368342524,16.843708038330078,18.7399999996026,0.00625273771584034,0.0019697715761139902,1.1654957402722188,7,NA,NA,FALSE,FALSE,FALSE,FALSE,51.269392763134675,FALSE,FALSE,-156.76,21.1,429.2019348144531,67.75482940673828,151.0501823425293,210.07025527954102,9,FALSE,2026-03-21,8
Moloka'i,M249,2026-03-29T21:38:59Z,21.08938889,-156.7699722,30.99,NA,NA,NA,NA,NA,SITE_0267,Kainalu,Kona,Molokaʻi,93.6,0,0,84.01546356192166,1.1076957995465526,15.599863052368164,18.7399999996026,0.00751385139301419,0.11204444454051554,0.8285871312663853,4,NA,NA,FALSE,FALSE,FALSE,FALSE,468.03074203570554,FALSE,FALSE,-156.77,21.09,200.58395671844482,35.40375518798828,76.1330795288086,92.04976177215576,10,FALSE,2026-03-14,15
Maui,M25,2026-03-30T01:12:00Z,20.91555556,-156.3880556,34.22,5.443,0,0.259,17.065,0.04,SITE_0179,Hāmākuapoko,Hāmākuapoko,Maui,818.5,0,2,126.5662715929764,0.14274027880409268,3.7008700370788574,6.76666665077209,0.05650991946458816,0.678783655166626,1.5270638414062103,38,NA,NA,FALSE,FALSE,TRUE,FALSE,622.7456384791612,FALSE,FALSE,-156.39,20.92,232.54151058197021,41.80623245239258,105.51558113098145,135.87025547027588,9,FALSE,2026-03-13,17
Moloka'i,M252,2026-03-29T20:40:59Z,21.0635,-156.8225556,27.4,11.0522,0.1365,1.4775,161.429,10.6599,SITE_0240,Kalua‘aha,Kona,Molokaʻi,520.9,0,0,48.17032124525649,0.31752262354125554,20.438617706298828,18.7399999996026,0.00628557289019227,0.0045256009325385,0.5112980141867902,3,NA,NA,FALSE,FALSE,FALSE,FALSE,231.82008909129303,FALSE,FALSE,-156.82,21.06,203.80106401443481,30.958477020263672,78.39619064331055,92.53521776199341,10,FALSE,2026-03-21,8
Moloka'i,M253,2026-03-29T20:34:00Z,21.05797222,-156.8328056,20.83,3.8497,0.1392,0.7396,43.8224,4.1209,SITE_0234,‘Ualapu‘e,Kona,Molokaʻi,84.9,0,0,46.718657803835825,0.16354820908699186,19.439220428466797,7.52499997615814,0.02161992527544498,0.00102888012770563,4.913065643204139,14,NA,NA,FALSE,FALSE,FALSE,FALSE,257.8795699941425,FALSE,FALSE,-156.83,21.06,203.80106401443481,30.958477020263672,78.39619064331055,92.53521776199341,10,FALSE,2026-03-21,8
Moloka'i,M254,2026-03-29T17:46:59Z,21.12388889,-157.3,34.362,2.613,0.127,0.222,10.934,NA,SITE_0310,Kaluako‘i,Kona,Molokaʻi,2212.8,0,0,122.79651226581716,0.18391665119398384,5.0969648361206055,13.4,0.00882116798311472,0.19001813663635403,0.37832328936549814,78,NA,NA,FALSE,FALSE,FALSE,FALSE,654.6638264027563,FALSE,FALSE,-157.3,21.12,253.2406826019287,47.87983703613281,110.33341026306152,114.91161155700684,8,FALSE,2026-03-11,18
Moloka'i,M258,2026-03-29T21:24:00Z,21.073944439999998,-156.7924722,18.69,27.257,0.462,NA,234.907,3.714,SITE_0253,Pūkoʻo 1,Kona,Molokaʻi,114.9,0,0,7.44740327256856,0.20027630336866808,13.988292694091797,18.7399999996026,0.02160209603607654,0,8.398553918235423,17,NA,NA,FALSE,FALSE,FALSE,FALSE,430.9884484394492,FALSE,FALSE,-156.79,21.07,200.58395671844482,35.40375518798828,76.1330795288086,92.04976177215576,10,FALSE,2026-03-14,15
Moloka'i,M259,2026-03-29T00:40:00Z,21.06777778,-156.9669444,31.367,0.89,0,NA,79.854,NA,SITE_0242,Kawela,Kona,Molokaʻi,130,0,0,103.9618359124472,0.12498591933817378,14.25918674468994,0.219999998807907,0.00889927707612514,1.2733216863125563e-4,3.501683220755333,115,69.3563748079877,1.121139647763604,FALSE,FALSE,FALSE,FALSE,130.37847116052987,FALSE,FALSE,-156.97,21.07,202.02423524856567,31.794614791870117,77.92538642883301,89.0249171257019,10,FALSE,2026-03-14,15
Maui,M26,2026-03-29T23:52:00Z,20.8075,-156.6025,31.556,3.173,0.321,0.366,83.732,NA,SITE_0118,Ukumehame,Lāhainā,Maui,1003.4,0,0,57.55842881932575,0.1852060840946308,19.59808349609375,23,0.00942244566977024,0.01493756988202221,0.15770393217527415,7,10.079473684210528,0.227081804893886,FALSE,FALSE,FALSE,FALSE,300.2377519370184,FALSE,FALSE,-156.6,20.81,144.74546718597412,30.122451782226563,61.244903564453125,75.3061294555664,8,FALSE,2026-03-14,15
Moloka'i,M261,2026-03-29T02:00:00Z,21.07063889,-156.7962222,28.21,3.381,0.167,0.597,40.473,3.19,SITE_0251,Pūkoʻo 1,Kona,Molokaʻi,89.2,0,0,44.35615391811258,0.15573656026495156,13.988292694091797,18.7399999996026,0.02160209603607654,0,8.398553918235423,17,NA,NA,FALSE,FALSE,FALSE,FALSE,103.80720216362599,FALSE,FALSE,-156.8,21.07,203.80106401443481,30.958477020263672,78.39619064331055,92.53521776199341,10,FALSE,2026-03-21,8
Moloka'i,M262,2026-03-29T19:42:59Z,21.10277778,-157.3091667,34.357,1.316,0.079,0.071,3.449,NA,SITE_0290,Kaluako‘i,Kona,Molokaʻi,3524.5,0,0,42.42243867334047,0.11488702466257382,5.0969648361206055,13.4,0.00882116798311472,0.19001813663635403,0.37832328936549814,78,NA,NA,FALSE,FALSE,FALSE,FALSE,186.70000935580074,FALSE,FALSE,-157.31,21.1,253.2406826019287,47.87983703613281,110.33341026306152,114.91161155700684,8,FALSE,2026-03-11,18
Moloka'i,M263,2026-03-29T19:34:00Z,21.10388889,-157.3077778,35.07,1.112,0,0.13,3.773,0.238,SITE_0293,Kaluako‘i,Kona,Molokaʻi,3346.6,0,0,5.185021472319267,0.13961531348211623,5.0969648361206055,13.4,0.00882116798311472,0.19001813663635403,0.37832328936549814,78,NA,NA,FALSE,FALSE,FALSE,FALSE,47.90213449815347,FALSE,FALSE,-157.31,21.1,253.2406826019287,47.87983703613281,110.33341026306152,114.91161155700684,8,FALSE,2026-03-11,18
Moloka'i,M264,2026-03-29T20:43:00Z,21.09638889,-157.3044444,34.41,2.378,0.108,0.147,2.905,NA,SITE_0280,Kaluako‘i,Kona,Molokaʻi,3419,0,0,4.710438216549718,0.11181316763379788,5.0969648361206055,13.4,0.00882116798311472,0.19001813663635403,0.37832328936549814,78,NA,NA,FALSE,FALSE,FALSE,FALSE,942.0507298302147,FALSE,FALSE,-157.3,21.1,253.2406826019287,47.87983703613281,110.33341026306152,114.91161155700684,8,FALSE,2026-03-11,18
Moloka'i,M265,2026-03-28T23:19:00Z,21.07833333,-156.9966667,33.1,0.6181,0,1.1147,31.3387,3.3878,SITE_0255,Kamiloloa (Government),Kona,Molokaʻi,152.1,0,0,8.263048790584385,0.21001351841539145,9.932514190673828,NA,0.03112818673253059,0,5.172319686441097,31,NA,NA,FALSE,FALSE,FALSE,FALSE,225.2718699447685,FALSE,FALSE,-157,21.08,230.3526635169983,34.14250564575195,81.53980255126953,102.42751979827881,10,FALSE,2026-03-13,15
Moloka'i,M266,2026-03-29T19:57:00Z,21.10111111,-157.3105556,34.89,1.444,0.078,0.143,4.105,0.371,SITE_0286,Kaluako‘i,Kona,Molokaʻi,3726.7,0,0,154.69722839086427,0.14754362558759748,5.0969648361206055,13.4,0.00882116798311472,0.19001813663635403,0.37832328936549814,78,NA,NA,FALSE,FALSE,FALSE,FALSE,420.80225078985563,FALSE,FALSE,-157.31,21.1,253.2406826019287,47.87983703613281,110.33341026306152,114.91161155700684,8,FALSE,2026-03-11,18
Moloka'i,M268,2026-03-28T23:06:00Z,21.08611111,-157.0238889,34.128,1.133,0,0.267,3.949,NA,SITE_0262,Kaunakakai,Kona,Molokaʻi,948.1,0,0,67.86222522735397,0.12323115721379872,7.801321983337402,0.219999998807907,0.03090452216565609,0.01029385686706518,NA,NA,1.0893333333333333,0.05069012384565393,FALSE,FALSE,FALSE,FALSE,479.1394154267329,FALSE,FALSE,-157.02,21.09,230.3526635169983,34.14250564575195,81.53980255126953,102.42751979827881,10,FALSE,2026-03-13,15
Moloka'i,M269,2026-03-29T22:13:00Z,21.10536111,-156.7464444,32.47,2.528,0,0.298,11.407,1.799,SITE_0296,Kumimi,Kona,Molokaʻi,363.8,0,0,89.95420345304319,0.32435871739040495,12.955034255981444,NA,0.02142297849059105,4.202876007184386e-4,1.832413797151577,1,NA,NA,FALSE,FALSE,FALSE,FALSE,343.67693804376796,FALSE,FALSE,-156.75,21.11,429.2019348144531,67.75482940673828,151.0501823425293,210.07025527954102,9,FALSE,2026-03-21,8
Maui,M27,2026-03-29T20:19:00Z,20.76444444,-156.4594444,32.269,79.281,0.6071,0.6862,17.7659,0.04,SITE_0067,Kaʻonoʻulu,Kula,Maui,1456.5,0,0,57.842403713329645,1.6121862649787218,7.874063014984131,151.666666666667,0.02498784288764,0.04601293429732323,3.558171840832242,83,NA,NA,FALSE,FALSE,TRUE,FALSE,125.9381639872413,FALSE,FALSE,-156.46,20.76,139.66704750061035,25.185184478759766,59.76542949676514,75.55555057525635,10,FALSE,2026-03-13,16
Moloka'i,M270,2026-03-30T01:19:00Z,21.19733,-157.1461,35.11,0.573,0,0.132,1.803,0.156,SITE_0326,Kaluako‘i,Kona,Molokaʻi,4549.4,0,0,118.46749511844918,0.4320081007456174,5.0969648361206055,13.4,0.00882116798311472,0.19001813663635403,0.37832328936549814,78,NA,NA,FALSE,FALSE,FALSE,FALSE,209.51533345400927,FALSE,FALSE,-157.15,21.2,239.03784275054932,44.16557693481445,89.3311538696289,114.83049964904785,8,FALSE,2026-03-13,17
Moloka'i,M271,2026-03-29T20:53:59Z,21.0952,-157.3019,34.77,2.445,0.132,0.215,3.617,1.002,SITE_0277,Kaluako‘i,Kona,Molokaʻi,3287.5,0,0,4.727084382363323,0.10048104702169076,5.0969648361206055,13.4,0.00882116798311472,0.19001813663635403,0.37832328936549814,78,NA,NA,FALSE,FALSE,FALSE,FALSE,1184.9213160057147,FALSE,FALSE,-157.3,21.1,253.2406826019287,47.87983703613281,110.33341026306152,114.91161155700684,8,FALSE,2026-03-11,18
Moloka'i,M273,2026-03-29T16:54:00Z,21.13388889,-157.2941667,33.637,1.623,0.098,0.196,4.715,NA,SITE_0314,Kaluako‘i,Kona,Molokaʻi,971.1,0,0,9.044433833359514,0.10635103675519551,5.0969648361206055,13.4,0.00882116798311472,0.19001813663635403,0.37832328936549814,78,NA,NA,FALSE,FALSE,FALSE,FALSE,575.8040968203495,FALSE,FALSE,-157.29,21.13,265.34306716918945,53.92631912231445,124.29358291625977,116.84035682678223,7,FALSE,2026-03-11,18
Moloka'i,M274,2026-03-29T17:27:00Z,21.1275,-157.2977778,34.99,1.459,0.096,0.153,4.61,0.183,SITE_0312,Kaluako‘i,Kona,Molokaʻi,1753.8,0,0,10.456876037339416,0.14690492681693285,5.0969648361206055,13.4,0.00882116798311472,0.19001813663635403,0.37832328936549814,78,NA,NA,FALSE,FALSE,FALSE,FALSE,224.92910290645338,FALSE,FALSE,-157.3,21.13,253.2406826019287,47.87983703613281,110.33341026306152,114.91161155700684,8,FALSE,2026-03-11,18
Moloka'i,M275,2026-03-29T21:57:00Z,21.09930556,-156.7550278,28.46,4.933,0.187,NA,65.38,6.821,SITE_0282,Waialua,Kona,Molokaʻi,80.7,0,0,87.13575614936869,0.3852236021796757,16.843708038330078,18.7399999996026,0.00625273771584034,0.0019697715761139902,1.1654957402722188,7,NA,NA,FALSE,FALSE,FALSE,FALSE,180.47226785603357,FALSE,FALSE,-156.76,21.1,429.2019348144531,67.75482940673828,151.0501823425293,210.07025527954102,9,FALSE,2026-03-21,8
Moloka'i,M276,2026-03-29T20:02:59Z,21.10083333,-157.3097222,34.56,1.814,0.086,NA,3.747,0.56,SITE_0285,Kaluako‘i,Kona,Molokaʻi,3659,0,0,117.25205532763648,0.10158902025894732,5.0969648361206055,13.4,0.00882116798311472,0.19001813663635403,0.37832328936549814,78,NA,NA,FALSE,FALSE,FALSE,FALSE,403.44457332313584,FALSE,FALSE,-157.31,21.1,253.2406826019287,47.87983703613281,110.33341026306152,114.91161155700684,8,FALSE,2026-03-11,18
Moloka'i,M277,2026-03-29T20:08:59Z,21.057,-156.8502778,30.65,2.536,0,0.543,63.788,5.269,SITE_0233,Kaʻamola,Kona,Molokaʻi,94.1,0,0,8.964546228456229,0.20684271824616007,13.80566120147705,2.49999997615814,0.016569958999753,0,1.8259193771281343,5,NA,NA,FALSE,FALSE,FALSE,FALSE,975.1978687303149,FALSE,FALSE,-156.85,21.06,206.38344049453735,35.543643951416016,79.19601726531982,91.10393857955933,10,FALSE,2026-03-21,8
Moloka'i,M278,2026-03-29T22:20:00Z,21.10622222,-156.7458056,33.09,4.736,0.079,0.41,20.457,1.112,SITE_0298,Kumimi,Kona,Molokaʻi,250.8,0,0,89.94324023935985,0.2688366612809872,12.955034255981444,NA,0.02142297849059105,4.202876007184386e-4,1.832413797151577,1,NA,NA,FALSE,FALSE,FALSE,FALSE,452.95715998546564,FALSE,FALSE,-156.75,21.11,429.2019348144531,67.75482940673828,151.0501823425293,210.07025527954102,9,FALSE,2026-03-21,8
Moloka'i,M279,2026-03-28T23:18:00Z,21.0875,-157.025,34.222,0.898,0,0.125,1.641,NA,SITE_0265,Kaunakakai,Kona,Molokaʻi,756.1,0,0,6.390698746689984,0.15112765298980674,7.801321983337402,0.219999998807907,0.03090452216565609,0.01029385686706518,NA,NA,1.0893333333333333,0.05069012384565393,FALSE,FALSE,FALSE,FALSE,348.1507856910451,FALSE,FALSE,-157.02,21.09,230.3526635169983,34.14250564575195,81.53980255126953,102.42751979827881,10,FALSE,2026-03-13,15
Maui,M28,2026-03-29T23:10:00Z,20.79305556,-156.5688889,34.369,2.961,0.0809,0.22,13.0085,2.8562,SITE_0096,Ukumehame,Lāhainā,Maui,4851.1,0,0,8.41432854200182,0.14412071588309483,19.59808349609375,23,0.00942244566977024,0.01493756988202221,0.15770393217527415,7,10.079473684210528,0.227081804893886,FALSE,FALSE,FALSE,FALSE,482.1236611964951,FALSE,FALSE,-156.57,20.79,NA,NA,NA,NA,0,TRUE,NA,NA
Moloka'i,M282,2026-03-29T22:29:00Z,21.11102778,-156.7446389,16.38,2.324,0.071,0.566,57.96,3.197,SITE_0303,Honouliwai,Kona,Molokaʻi,147.7,0,0,49.441552797429296,0.4394349441621453,12.95314598083496,18.7399999996026,0.00261064642108976,8.900213870219886e-4,0.24795017216312135,1,NA,NA,FALSE,FALSE,FALSE,FALSE,81.30772032027262,FALSE,FALSE,-156.74,21.11,419.30267906188965,59.57004165649414,149.92510414123535,208.4951457977295,10,FALSE,2026-03-11,18
Moloka'i,M283,2026-03-30T01:06:00Z,21.1967,-157.14338,34.91,0.353,0,0.172,2.344,0.708,SITE_0324,Pālāʻau,Kona,Molokaʻi,4263.8,0,0,7.291371581570626,0.12238752844789996,3.6952762504418692,14.166666666666666,0.012540134756515421,0.032110039154455684,0.16756683906537584,8,NA,NA,FALSE,FALSE,FALSE,FALSE,81.5044663302215,FALSE,FALSE,-157.14,21.2,322.24911975860596,51.28426742553711,122.5773696899414,153.8096799850464,9,FALSE,2026-03-21,9
Moloka'i,M284,2026-03-29T20:21:00Z,21.0540827,-156.843865,32.25,3.562,0.175,NA,27.923,6.221,SITE_0230,West ʻŌhiʻa,Kona,Molokaʻi,289.1,0,0,11.986850393384776,0.5240240824148059,23.453832626342773,14.4880002439022,0.00563449272885918,0,0.7008620678202011,1,NA,NA,FALSE,FALSE,FALSE,FALSE,245.58081476757798,FALSE,FALSE,-156.84,21.05,203.80106401443481,30.958477020263672,78.39619064331055,92.53521776199341,10,FALSE,2026-03-21,8
Moloka'i,M286,2026-03-28T23:31:00Z,21.08555556,-157.0194444,32.24,0.431,0,0.404,21.836,0.115,SITE_0260,Kaunakakai,Kona,Molokaʻi,738.8,0,0,69.9287139777613,0.3738216438470408,7.801321983337402,0.219999998807907,0.03090452216565609,0.01029385686706518,NA,NA,1.0893333333333333,0.05069012384565393,FALSE,FALSE,FALSE,FALSE,869.6280627338224,FALSE,FALSE,-157.02,21.09,230.3526635169983,34.14250564575195,81.53980255126953,102.42751979827881,10,FALSE,2026-03-13,15
Moloka'i,M288,2026-03-29T21:09:00Z,21.07047222,-156.7963056,31.63,2.59,0.145,0.612,37.427,3.183,SITE_0248,Pūkoʻo 2,Kona,Molokaʻi,104.5,0,0,44.35131220340043,0.13419674186385236,11.83937168121338,6.43999996185303,0.01584590971469879,0,4.912090556656756,2,NA,NA,FALSE,FALSE,FALSE,FALSE,123.16245814770829,FALSE,FALSE,-156.8,21.07,203.80106401443481,30.958477020263672,78.39619064331055,92.53521776199341,10,FALSE,2026-03-21,8
Moloka'i,M289,2026-03-29T19:26:00Z,21.1056,-157.3071,34.405,0.887,0.082,0.003,4.169,NA,SITE_0297,Kaluako‘i,Kona,Molokaʻi,3220.5,0,0,42.73747172689942,0.10192686643253546,5.0969648361206055,13.4,0.00882116798311472,0.19001813663635403,0.37832328936549814,78,NA,NA,FALSE,TRUE,FALSE,FALSE,192.443024348679,FALSE,FALSE,-157.31,21.11,253.2406826019287,47.87983703613281,110.33341026306152,114.91161155700684,8,FALSE,2026-03-11,18
Maui,M29,2026-03-29T19:19:00Z,20.74833333,-156.4577778,27.929,1.275,0,0.3445,21.8845,3.5459,SITE_0052,Waiohuli,Kula,Maui,62,3,56,15.326924510276342,0.16246168882411438,8.908180236816406,151.666666666667,0.04713576287031174,0.00757841882295906,10.33108982437486,458,NA,NA,FALSE,FALSE,FALSE,FALSE,289.6329903135801,FALSE,FALSE,-156.46,20.75,139.66704750061035,25.185184478759766,59.76542949676514,75.55555057525635,10,FALSE,2026-03-13,16
Moloka'i,M290,2026-03-28T23:53:00Z,21.07,-156.9805556,33.516,0.321,0,0.916,8.041,NA,SITE_0246,Makakupa‘ia,Kona,Molokaʻi,417.2,0,0,102.14796077880034,0.8321922400452952,10.608473777770996,19.2033333331347,0.008785987272858616,0,1.3043592121617131,14,NA,NA,FALSE,FALSE,FALSE,FALSE,389.87408087599493,FALSE,FALSE,-156.98,21.07,202.02423524856567,31.794614791870117,77.92538642883301,89.0249171257019,10,FALSE,2026-03-14,14
Moloka'i,M292,2026-03-29T23:34:00Z,21.15869444,-156.7371389,10.83,1.9235,0,0.3782,28.5576,4.6707,SITE_0317,Hālawa,Koʻolau,Molokaʻi,2966.4,0,0,47.8388756188488,0.2851745060295798,18.195436477661133,18.7399999996026,7.527220295742154e-4,5.821009544888511e-4,0.02897861144418528,1,146.39032258064515,2.101087156999722,FALSE,FALSE,FALSE,FALSE,29.021960173515836,FALSE,FALSE,-156.74,21.16,468.5091037750244,64.37932586669922,168.4028778076172,225.32764053344727,10,FALSE,2026-03-11,18
Moloka'i,M293,2026-03-29T23:10:00Z,21.15819444,-156.7358611,31.8,0.85,0,0.227,4.727,0.937,SITE_0315,Hālawa,Koʻolau,Molokaʻi,2874.6,0,0,84.97090740481677,0.22763562491122472,18.195436477661133,18.7399999996026,7.527220295742154e-4,5.821009544888511e-4,0.02897861144418528,1,146.39032258064515,2.101087156999722,FALSE,FALSE,FALSE,FALSE,143.13894346437476,FALSE,FALSE,-156.74,21.16,468.5091037750244,64.37932586669922,168.4028778076172,225.32764053344727,10,FALSE,2026-03-11,18
Moloka'i,M294,2026-03-28T23:34:59Z,21.08583333,-157.0233333,33.315,0.943,0,0.377,14.029,NA,SITE_0261,Kaunakakai,Kona,Molokaʻi,1009,0,0,30.395960018234945,0.11464539595530368,7.801321983337402,0.219999998807907,0.03090452216565609,0.01029385686706518,NA,NA,1.0893333333333333,0.05069012384565393,FALSE,FALSE,FALSE,FALSE,543.1108799018735,FALSE,FALSE,-157.02,21.09,230.3526635169983,34.14250564575195,81.53980255126953,102.42751979827881,10,FALSE,2026-03-13,15
Moloka'i,M295,2026-03-29T22:09:00Z,21.10486111,-156.7479444,34.08,3.953,0.121,0.493,11.433,1.503,SITE_0295,Moanui,Kona,Molokaʻi,492.1,0,0,89.97983066857284,0.5637782122662649,13.511211395263672,18.7399999996026,0.00148427276872098,0.00425820052623748,NA,NA,NA,NA,FALSE,FALSE,FALSE,FALSE,185.8416476875476,FALSE,FALSE,-156.75,21.1,429.2019348144531,67.75482940673828,151.0501823425293,210.07025527954102,9,FALSE,2026-03-21,8
Moloka'i,M296,2026-03-29T21:30:00Z,21.07855556,-156.7878056,30.64,3.1659,0.2103,0.8524,57.5215,6.6452,SITE_0256,Kūpeke,Kona,Molokaʻi,198.4,0,0,7.428921175667711,0.16828612631518516,14.462302207946776,18.7399999996026,0.00932355225086212,0,3.1124227716045203,4,NA,NA,FALSE,FALSE,FALSE,FALSE,150.1804891299148,FALSE,FALSE,-156.79,21.08,200.58395671844482,35.40375518798828,76.1330795288086,92.04976177215576,10,FALSE,2026-03-14,15
Moloka'i,M297,2026-03-29T22:02:00Z,21.10147222,-156.7525,28.93,6.872,0.43,NA,34.212,16.712,SITE_0287,Waialua,Kona,Molokaʻi,433.9,0,0,89.9271634532872,0.11179259071390586,16.843708038330078,18.7399999996026,0.00625273771584034,0.0019697715761139902,1.1654957402722188,7,NA,NA,FALSE,FALSE,FALSE,FALSE,121.12078167129056,FALSE,FALSE,-156.75,21.1,429.2019348144531,67.75482940673828,151.0501823425293,210.07025527954102,9,FALSE,2026-03-21,8
Moloka'i,M298,2026-03-29T22:06:00Z,21.10369444,-156.7493889,29.56,27.42,0.499,NA,59.263,7.072,SITE_0292,Moanui,Kona,Molokaʻi,687.3,0,0,90.00756641030671,0.7692886256306756,13.511211395263672,18.7399999996026,0.00148427276872098,0.00425820052623748,NA,NA,NA,NA,FALSE,FALSE,FALSE,FALSE,15.315812349964196,FALSE,FALSE,-156.75,21.1,429.2019348144531,67.75482940673828,151.0501823425293,210.07025527954102,9,FALSE,2026-03-21,8
Moloka'i,M299,2026-03-28T23:46:00Z,21.06972222,-156.98,33.337,0.744,0,0.806,27.298,NA,SITE_0244,Makakupa‘ia,Kona,Molokaʻi,465.4,0,0,102.0823789667016,0.26053797047410626,10.608473777770996,19.2033333331347,0.008785987272858616,0,1.3043592121617131,14,NA,NA,FALSE,FALSE,FALSE,FALSE,415.2595982112001,FALSE,FALSE,-156.98,21.07,202.02423524856567,31.794614791870117,77.92538642883301,89.0249171257019,10,FALSE,2026-03-14,14
Maui,M30,2026-03-29T23:10:00Z,20.79388889,-156.5747222,27.227,0.258,0,0.094,2.773,NA,SITE_0100,Ukumehame,Lāhainā,Maui,4261.6,0,0,10.821208079620432,0.10059577338896036,19.59808349609375,23,0.00942244566977024,0.01493756988202221,0.15770393217527415,7,10.079473684210528,0.227081804893886,FALSE,FALSE,FALSE,FALSE,129.81945456861706,FALSE,FALSE,-156.57,20.79,NA,NA,NA,NA,0,TRUE,NA,NA
Moloka'i,M300,2026-03-29T21:19:00Z,21.0933,-157.2983,34.98,2.377,0.14,0.193,4.163,0.474,SITE_0272,Kaluako‘i,Kona,Molokaʻi,3157,0,0,122.73865649694372,1.6467365317087337,5.0969648361206055,13.4,0.00882116798311472,0.19001813663635403,0.37832328936549814,78,NA,NA,FALSE,FALSE,FALSE,FALSE,1469.527948268308,FALSE,FALSE,-157.3,21.09,NA,NA,NA,NA,0,TRUE,NA,NA
Maui,M31,2026-03-29T11:46:00Z,20.80583333,-156.5994444,26.28,0.109,0,0.296,22.761,0.392,SITE_0116,Ukumehame,Lāhainā,Maui,1368.3,0,0,54.97199568595477,0.1196757822287036,19.59808349609375,23,0.00942244566977024,0.01493756988202221,0.15770393217527415,7,10.079473684210528,0.227081804893886,FALSE,FALSE,FALSE,FALSE,427.3455379992787,FALSE,FALSE,-156.6,20.81,144.74546718597412,30.122451782226563,61.244903564453125,75.3061294555664,8,FALSE,2026-03-14,15
Maui,M32,2026-03-29T23:14:59Z,20.79333333,-156.5725,34.338,0.287,0,0.073,4.377,NA,SITE_0097,Ukumehame,Lāhainā,Maui,4496.7,0,0,48.2951537832549,0.15193461186584886,19.59808349609375,23,0.00942244566977024,0.01493756988202221,0.15770393217527415,7,10.079473684210528,0.227081804893886,FALSE,FALSE,FALSE,FALSE,105.69969630208715,FALSE,FALSE,-156.57,20.79,NA,NA,NA,NA,0,TRUE,NA,NA
Maui,M33,2026-03-29T18:50:00Z,20.73138889,-156.4538889,15.939,2.253,0,0.003,21.499,NA,SITE_0036,Kamaʻole,Kula,Maui,365.4,6,47,51.16155628004794,0.11894765293458476,8.28579044342041,151.666666666667,0.05891412124037742,0.22755710291676223,8.453957556986367,277,NA,NA,FALSE,TRUE,FALSE,FALSE,1624.4702567380525,FALSE,FALSE,-156.45,20.73,139.47516632080078,33.76641845703125,60.09123229980469,75.97444152832031,10,FALSE,2026-03-14,15
Maui,M34,2026-03-29T18:44:00Z,20.72861111,-156.4508333,32.29,44.221,0.574,0.957,59.777,0.369,SITE_0034,Kamaʻole,Kula,Maui,245.7,28,59,23.650407163310145,0.10175801219663518,8.28579044342041,151.666666666667,0.05891412124037742,0.22755710291676223,8.453957556986367,277,NA,NA,FALSE,FALSE,FALSE,FALSE,1566.418896767811,FALSE,FALSE,-156.45,20.73,139.47516632080078,33.76641845703125,60.09123229980469,75.97444152832031,10,FALSE,2026-03-14,15
Maui,M35,2026-03-29T23:17:00Z,20.79361111,-156.5738889,35.979,1.314,0,0.0837,1.7607,0.5782,SITE_0098,Ukumehame,Lāhainā,Maui,4353.1,0,0,48.28821969173417,0.14325242915803962,19.59808349609375,23,0.00942244566977024,0.01493756988202221,0.15770393217527415,7,10.079473684210528,0.227081804893886,FALSE,FALSE,FALSE,FALSE,49.95213119978447,FALSE,FALSE,-156.57,20.79,NA,NA,NA,NA,0,TRUE,NA,NA
Maui,M36,2026-03-29T19:13:00Z,20.74722222,-156.4580556,31.57,12.935,0,NA,44.3,0.995,SITE_0050,Kēōkea,Kula,Maui,100.3,2,58,15.290178433757022,0.10686147491494194,7.258582592010498,116.5,0.0419861376285553,0.04322354681789875,3.731943171691977,79,NA,NA,FALSE,FALSE,FALSE,FALSE,177.83737777034344,FALSE,FALSE,-156.46,20.75,139.66704750061035,25.185184478759766,59.76542949676514,75.55555057525635,10,FALSE,2026-03-13,16
Maui,M37,2026-03-29T19:25:00Z,20.75194444,-156.46,32.259,0.642,0,0.1417,30.475,1.4083,SITE_0053,Waiohuli,Kula,Maui,523.6,0,25,60.51808577327859,0.9103186649391428,8.908180236816406,151.666666666667,0.04713576287031174,0.00757841882295906,10.33108982437486,458,NA,NA,FALSE,FALSE,FALSE,FALSE,738.6903978587953,FALSE,FALSE,-156.46,20.75,139.66704750061035,25.185184478759766,59.76542949676514,75.55555057525635,10,FALSE,2026-03-13,16
Maui,M38,2026-03-29T19:59:00Z,20.75916667,-156.46,22.6,3.389,0.076,0.348,20.113,1.106,SITE_0061,Waiohuli,Kula,Maui,1195.1,0,0,56.36445064362101,0.28574550507077945,8.908180236816406,151.666666666667,0.04713576287031174,0.00757841882295906,10.33108982437486,458,NA,NA,FALSE,FALSE,FALSE,FALSE,49.244922490346134,FALSE,FALSE,-156.46,20.76,139.66704750061035,25.185184478759766,59.76542949676514,75.55555057525635,10,FALSE,2026-03-13,16
Maui,M39,2026-03-29T19:31:00Z,20.75333333,-156.46,23.999,2.427,0,0.3059,57.3618,2.9265,SITE_0054,Waiohuli,Kula,Maui,660.2,0,8,56.43935316021912,0.21428537663025785,8.908180236816406,151.666666666667,0.04713576287031174,0.00757841882295906,10.33108982437486,458,NA,NA,FALSE,FALSE,FALSE,FALSE,597.3323693763942,FALSE,FALSE,-156.46,20.75,139.66704750061035,25.185184478759766,59.76542949676514,75.55555057525635,10,FALSE,2026-03-13,16
Maui,M4,2026-03-29T22:57:00Z,20.79585,-156.48973,35.42,1.049,0,0.276,2.179,0.133,SITE_0108,Waikapū,Pūʻali Komohana,Maui,1489.4,0,0,51.98577932738068,0.10490265592070612,11.473700523376465,28,0.03622316941618919,0.3485491070896387,3.877969786332231,245,NA,NA,FALSE,FALSE,FALSE,FALSE,164.59942824918917,FALSE,FALSE,-156.49,20.8,138.5068702697754,23.515602111816406,55.86973857879639,78.38534164428711,10,FALSE,2026-03-13,16
Maui,M40,2026-03-29T19:02:00Z,20.74361111,-156.4575,31.85,6.091,0,NA,38.523,0.04,SITE_0047,Kēōkea,Kula,Maui,409.4,2,68,24.252118505740448,0.1447458879098692,7.258582592010498,116.5,0.0419861376285553,0.04322354681789875,3.731943171691977,79,NA,NA,FALSE,FALSE,TRUE,FALSE,219.35287057796177,FALSE,FALSE,-156.46,20.74,139.47516632080078,33.76641845703125,60.09123229980469,75.97444152832031,10,FALSE,2026-03-14,15
Maui,M41,2026-03-29T19:55:00Z,20.7575,-156.4597222,32.409,6.583,0.158,0.408,40.839,NA,SITE_0058,Waiohuli,Kula,Maui,1044.2,0,0,56.415565830841174,0.7698717453130521,8.908180236816406,151.666666666667,0.04713576287031174,0.00757841882295906,10.33108982437486,458,NA,NA,FALSE,FALSE,FALSE,FALSE,137.6421167674803,FALSE,FALSE,-156.46,20.76,139.66704750061035,25.185184478759766,59.76542949676514,75.55555057525635,10,FALSE,2026-03-13,16
Maui,M42,2026-03-29T20:04:00Z,20.76083333,-156.46,32.66,5.105,0.152,0.368,32.342,1.823,SITE_0062,Waiohuli,Kula,Maui,1337.3,0,0,56.29228285276757,0.5617777402419597,8.908180236816406,151.666666666667,0.04713576287031174,0.00757841882295906,10.33108982437486,458,NA,NA,FALSE,FALSE,FALSE,FALSE,99.64434975511925,FALSE,FALSE,-156.46,20.76,139.66704750061035,25.185184478759766,59.76542949676514,75.55555057525635,10,FALSE,2026-03-13,16
Maui,M43,2026-03-29T19:49:00Z,20.75555556,-156.4594444,31.101,7.219,0.126,0.448,60.425,NA,SITE_0056,Waiohuli,Kula,Maui,874.8,0,3,58.32020218206487,0.6946053808135911,8.908180236816406,151.666666666667,0.04713576287031174,0.00757841882295906,10.33108982437486,458,NA,NA,FALSE,FALSE,FALSE,FALSE,354.91350714691407,FALSE,FALSE,-156.46,20.76,139.66704750061035,25.185184478759766,59.76542949676514,75.55555057525635,10,FALSE,2026-03-13,16
Maui,M44,2026-03-29T20:07:00Z,20.76194444,-156.4597222,27.969,5.353,0.1012,0.285,23.4929,2.1896,SITE_0065,Waiohuli,Kula,Maui,1421.5,0,0,56.18233792297618,0.16551194609887898,8.908180236816406,151.666666666667,0.04713576287031174,0.00757841882295906,10.33108982437486,458,NA,NA,FALSE,FALSE,FALSE,FALSE,48.344436786817546,FALSE,FALSE,-156.46,20.76,139.66704750061035,25.185184478759766,59.76542949676514,75.55555057525635,10,FALSE,2026-03-13,16
Maui,M45,2026-03-29T19:20:00Z,20.755277,-156.4594,32.689,10.442,0.169,0.7016,56.0851,0.8896,SITE_0055,Waiohuli,Kula,Maui,843.7,0,3,20.076361148415067,0.10122645417606102,8.908180236816406,151.666666666667,0.04713576287031174,0.00757841882295906,10.33108982437486,458,NA,NA,FALSE,FALSE,FALSE,FALSE,386.11300363797255,FALSE,FALSE,-156.46,20.76,139.66704750061035,25.185184478759766,59.76542949676514,75.55555057525635,10,FALSE,2026-03-13,16
Maui,M46,2026-03-29T18:40:00Z,20.7275,-156.45,29.748,NA,0.339,0.701,82.601,NA,SITE_0032,Kamaʻole,Kula,Maui,171,26,62,26.81072366502605,9.596393022707712,8.28579044342041,151.666666666667,0.05891412124037742,0.22755710291676223,8.453957556986367,277,NA,NA,FALSE,FALSE,FALSE,FALSE,1422.73178006984,FALSE,FALSE,-156.45,20.73,139.47516632080078,33.76641845703125,60.09123229980469,75.97444152832031,10,FALSE,2026-03-14,15
Maui,M47,2026-03-29T18:31:59Z,20.89027778,-156.4486111,32.979,11.7413,0,0.4342,28.0452,0.531,SITE_0141,Wailuku,Pūʻali Komohana,Maui,1366.6,0,0,16.481905304113816,0.8848790931133553,8.111989974975586,92,0.13595305383205414,0.4264885485172272,5.070305495307585,578,547.38,4.801702114224019,FALSE,FALSE,FALSE,FALSE,4365.042514104273,FALSE,FALSE,-156.45,20.89,269.2633662223816,56.5976676940918,114.19533824920654,155.6435890197754,9,FALSE,2026-03-14,15
Maui,M48,2026-03-29T20:24:00Z,20.76583333,-156.4594444,32.1,13.763,0.082,NA,48.751,0.04,SITE_0070,Kaʻonoʻulu,Kula,Maui,1363.6,0,0,57.78519528260047,1.7555561325591988,7.874063014984131,151.666666666667,0.02498784288764,0.04601293429732323,3.558171840832242,83,NA,NA,FALSE,FALSE,TRUE,FALSE,37.54671026473619,FALSE,FALSE,-156.46,20.77,139.66704750061035,25.185184478759766,59.76542949676514,75.55555057525635,10,FALSE,2026-03-13,16
Maui,M49,2026-03-29T18:57:00Z,20.73972222,-156.4566667,29.689,1.074,0,0.1722,27.3113,1.6439,SITE_0042,Kēōkea,Kula,Maui,172.5,5,47,24.258587913549643,0.13406292556601845,7.258582592010498,116.5,0.0419861376285553,0.04322354681789875,3.731943171691977,79,NA,NA,FALSE,FALSE,FALSE,FALSE,658.4089939103892,FALSE,FALSE,-156.46,20.74,139.47516632080078,33.76641845703125,60.09123229980469,75.97444152832031,10,FALSE,2026-03-14,15
Maui,M5,2026-03-29T23:01:59Z,20.79688,-156.49351,31.63,0.511,0,0.181,1.292,0.244,SITE_0113,Waikapū,Pūʻali Komohana,Maui,1093.2,0,0,15.546074024771746,0.12863866498274729,11.473700523376465,28,0.03622316941618919,0.3485491070896387,3.877969786332231,245,NA,NA,FALSE,FALSE,FALSE,FALSE,573.5881220690253,FALSE,FALSE,-156.49,20.8,138.5068702697754,23.515602111816406,55.86973857879639,78.38534164428711,10,FALSE,2026-03-13,16
Maui,M50,2026-03-29T18:25:00Z,20.88722,-156.4475,33.159,12.6975,0,0.4414,46.1368,0.5616,SITE_0139,Wailuku,Pūʻali Komohana,Maui,1304.2,0,0,16.51779656694229,1.2884668630221858,8.111989974975586,92,0.13595305383205414,0.4264885485172272,5.070305495307585,578,547.38,4.801702114224019,FALSE,FALSE,FALSE,FALSE,4643.061284972291,FALSE,FALSE,-156.45,20.89,269.2633662223816,56.5976676940918,114.19533824920654,155.6435890197754,9,FALSE,2026-03-14,15
Maui,M52,2026-03-29T23:37:00Z,20.7966,-156.50176,34.04,0.977,0,0.221,2.151,0.461,SITE_0111,Waikapū,Pūʻali Komohana,Maui,233.8,1,3,9.271260308235115,0.11975511195104124,11.473700523376465,28,0.03622316941618919,0.3485491070896387,3.877969786332231,245,NA,NA,FALSE,FALSE,FALSE,FALSE,717.2502128872679,FALSE,FALSE,-156.5,20.8,126.4442048072815,28.396329879760742,57.79266119003296,70.99082612991333,8,FALSE,2026-03-13,16
Maui,M53,2026-03-29T23:47:59Z,20.7957,-156.50561,34.74,3.403,0,0.22,13.481,0.385,SITE_0106,Waikapū,Pūʻali Komohana,Maui,117.9,2,3,9.28931520410402,0.18593780477701707,11.473700523376465,28,0.03622316941618919,0.3485491070896387,3.877969786332231,245,NA,NA,FALSE,FALSE,FALSE,FALSE,314.163373970967,FALSE,FALSE,-156.51,20.8,126.4442048072815,28.396329879760742,57.79266119003296,70.99082612991333,8,FALSE,2026-03-13,16
Maui,M56,2026-03-29T21:15:00Z,20.78305556,-156.465,28.211,0.863,0,0.223,7.015,NA,SITE_0081,Pūlehunui,Kula,Maui,404.1,1,1,93.54390219949416,0.10786609348794446,3.6888697147369385,10.8333333333333,0.03128986805677414,0.5737554617226124,1.9328009637844312,135,NA,NA,FALSE,FALSE,FALSE,FALSE,131.38909538623824,FALSE,FALSE,-156.46,20.78,139.66704750061035,25.185184478759766,59.76542949676514,75.55555057525635,10,FALSE,2026-03-13,16
Maui,M57,2026-03-29T22:21:00Z,20.78888889,-156.4719444,36.039,0.593,0,0.1505,2.4003,2.0411,SITE_0090,Waikapū,Pūʻali Komohana,Maui,829.1,0,1,14.671335049316442,0.20359436662954983,11.473700523376465,28,0.03622316941618919,0.3485491070896387,3.877969786332231,245,NA,NA,FALSE,FALSE,FALSE,FALSE,192.91847706749908,FALSE,FALSE,-156.47,20.79,139.66704750061035,25.185184478759766,59.76542949676514,75.55555057525635,10,FALSE,2026-03-13,16
Maui,M58,2026-03-29T21:21:00Z,20.78416667,-156.4661111,31.301,0.205,0,0.17,2.854,NA,SITE_0083,Pūlehunui,Kula,Maui,330.9,1,1,56.01603051553941,0.1149943098356016,3.6888697147369385,10.8333333333333,0.03128986805677414,0.5737554617226124,1.9328009637844312,135,NA,NA,FALSE,FALSE,FALSE,FALSE,198.98650110133934,FALSE,FALSE,-156.47,20.78,139.66704750061035,25.185184478759766,59.76542949676514,75.55555057525635,10,FALSE,2026-03-13,16
Maui,M59,2026-03-29T21:09:00Z,20.78194444,-156.4638889,35.149,6.54,0.2013,0.3271,11.5618,1.0339,SITE_0077,Pūlehunui,Kula,Maui,523.6,0,1,90.7157730647527,0.1029226730692718,3.6888697147369385,10.8333333333333,0.03128986805677414,0.5737554617226124,1.9328009637844312,135,NA,NA,FALSE,FALSE,FALSE,FALSE,40.415635612911686,FALSE,FALSE,-156.46,20.78,139.66704750061035,25.185184478759766,59.76542949676514,75.55555057525635,10,FALSE,2026-03-13,16
Maui,M6,2026-03-29T23:29:00Z,20.79527778,-156.5833333,31.152,1.102,0,0.003,6.121,NA,SITE_0103,Ukumehame,Lāhainā,Maui,3398.4,0,0,53.7441309747795,8.136048041400034,19.59808349609375,23,0.00942244566977024,0.01493756988202221,0.15770393217527415,7,10.079473684210528,0.227081804893886,FALSE,TRUE,FALSE,FALSE,275.3785874274084,FALSE,FALSE,-156.58,20.8,129.45940780639648,25.961193084716797,59.41268444061279,71.39328098297119,9,FALSE,2026-03-13,16
Maui,M62,2026-03-29T21:41:00Z,20.78722222,-156.47,34.629,1.36,0,0.3658,6.9554,4.866,SITE_0088,Waikapū,Pūʻali Komohana,Maui,592.1,0,1,14.72504866779395,0.1600565114144148,11.473700523376465,28,0.03622316941618919,0.3485491070896387,3.877969786332231,245,NA,NA,FALSE,FALSE,FALSE,FALSE,156.03699911219408,FALSE,FALSE,-156.47,20.79,139.66704750061035,25.185184478759766,59.76542949676514,75.55555057525635,10,FALSE,2026-03-13,16
Maui,M63,2026-03-29T21:25:59Z,20.785,-156.4677778,25.59,0.987,0,0.291,7.26,0.342,SITE_0084,Waikapū,Pūʻali Komohana,Maui,401.3,1,1,89.78647777068556,0.14572514451178722,11.473700523376465,28,0.03622316941618919,0.3485491070896387,3.877969786332231,245,NA,NA,FALSE,FALSE,FALSE,FALSE,338.14341398553694,FALSE,FALSE,-156.47,20.78,139.66704750061035,25.185184478759766,59.76542949676514,75.55555057525635,10,FALSE,2026-03-13,16
Maui,M64,2026-03-29T21:25:00Z,20.7925,-156.4802778,37.539,0.692,0,0.003,6.184,NA,SITE_0094,Waikapū,Pūʻali Komohana,Maui,1781.2,0,0,89.42034960842382,0.10136472876358311,11.473700523376465,28,0.03622316941618919,0.3485491070896387,3.877969786332231,245,NA,NA,FALSE,TRUE,FALSE,FALSE,627.685617354425,FALSE,FALSE,-156.48,20.79,139.66704750061035,25.185184478759766,59.76542949676514,75.55555057525635,10,FALSE,2026-03-13,16
Maui,M68,2026-03-30T01:01:00Z,20.91555556,-156.3847222,35.419,2.3677,0,0.3318,8.6362,1.3919,SITE_0181,Hāmākuapoko,Hāmākuapoko,Maui,506.2,0,5,90.23348610133633,0.16884942512365525,3.7008700370788574,6.76666665077209,0.05650991946458816,0.678783655166626,1.5270638414062103,38,NA,NA,FALSE,FALSE,FALSE,FALSE,900.1846135864521,FALSE,FALSE,-156.38,20.92,232.54151058197021,41.80623245239258,105.51558113098145,135.87025547027588,9,FALSE,2026-03-13,17
Maui,M69,2026-03-29T19:29:59Z,20.7556,-156.4568661,32.129,5.398,0.0836,0.2782,34.3543,1.411,SITE_0057,Waiohuli,Kula,Maui,683.6,0,8,15.327870202471392,0.3359873192299856,8.908180236816406,151.666666666667,0.04713576287031174,0.00757841882295906,10.33108982437486,458,NA,NA,FALSE,FALSE,FALSE,FALSE,376.4939299920623,FALSE,FALSE,-156.46,20.76,139.66704750061035,25.185184478759766,59.76542949676514,75.55555057525635,10,FALSE,2026-03-13,16
Maui,M7,2026-03-29T23:25:00Z,20.79472222,-156.5819444,29.95,1.597,0,0.104,2.587,0.04,SITE_0102,Ukumehame,Lāhainā,Maui,3554.4,0,0,53.720660657803144,7.853400384460925,19.59808349609375,23,0.00942244566977024,0.01493756988202221,0.15770393217527415,7,10.079473684210528,0.227081804893886,FALSE,FALSE,TRUE,FALSE,126.16540401462271,FALSE,FALSE,-156.58,20.79,NA,NA,NA,NA,0,TRUE,NA,NA
Maui,M73,2026-03-30T00:56:00Z,20.91611111,-156.3830556,33.737,3.062,0,0.376,22.31,NA,SITE_0183,Hāmākuapoko,Hāmākuapoko,Maui,330.4,2,5,91.41042010495056,0.2071272820201909,3.7008700370788574,6.76666665077209,0.05650991946458816,0.678783655166626,1.5270638414062103,38,NA,NA,FALSE,FALSE,FALSE,FALSE,1081.7218028859056,FALSE,FALSE,-156.38,20.92,232.54151058197021,41.80623245239258,105.51558113098145,135.87025547027588,9,FALSE,2026-03-13,17
Maui,M74,2026-03-29T23:26:00Z,20.88915,-156.684934,24.27,1.702,0,0.057,14.107,0.339,SITE_0140,Moaliʻi,Lāhainā,Maui,103.2,29,161,17.356080226565552,0.45552323136418976,2.629654884338379,9,0.6135108470916748,0,29.266643377265552,19,33.88645161290322,52.196983930296696,FALSE,FALSE,FALSE,FALSE,45.00987529395085,FALSE,FALSE,-156.68,20.89,147.62821102142334,30.88805389404297,62.77611064910889,74.13133335113525,9,FALSE,2026-03-14,15
Maui,M75,2026-03-30T01:07:00Z,20.82388889,-156.6313889,35.139,2.2778,0,0.0783,15.1233,1.0321,SITE_0127,Olowalu,Lāhainā,Maui,1434.2,0,0,52.56752384397162,0.16111957098543644,24.607067108154297,0.219999998807907,0.01048337109386921,0.00499866716563701,0.7325342296888374,16,NA,NA,FALSE,FALSE,FALSE,FALSE,211.59169435298804,FALSE,FALSE,-156.63,20.82,144.74546718597412,30.122451782226563,61.244903564453125,75.3061294555664,8,FALSE,2026-03-14,16
Maui,M76,2026-03-29T22:38:00Z,20.79272,-156.50906,18.47,7.909,0,0.247,29.59,0.51,SITE_0095,Waikapū,Pūʻali Komohana,Maui,53.8,2,6,47.92152294628619,0.3621896257950648,11.473700523376465,28,0.03622316941618919,0.3485491070896387,3.877969786332231,245,NA,NA,FALSE,FALSE,FALSE,FALSE,362.4026341890725,FALSE,FALSE,-156.51,20.79,128.09395027160645,25.771581649780273,58.986058712005615,70.87184953689575,9,FALSE,2026-03-13,16
Maui,M77,2026-03-29T23:39:00Z,20.79624,-156.50398,34.32,2.46,0,0.206,8.892,0.448,SITE_0110,Waikapū,Pūʻali Komohana,Maui,46.2,2,3,9.29425804936182,0.17540670431761568,11.473700523376465,28,0.03622316941618919,0.3485491070896387,3.877969786332231,245,NA,NA,FALSE,FALSE,FALSE,FALSE,483.5269307724629,FALSE,FALSE,-156.5,20.8,126.4442048072815,28.396329879760742,57.79266119003296,70.99082612991333,8,FALSE,2026-03-13,16
Maui,M78,2026-03-29T23:42:00Z,20.883135,-156.687683,34.529,1.042,0,0.0993,6.3025,0.6716,SITE_0138,Paunau,Lāhainā,Maui,814.7,0,12,53.57026247921132,0.10282639763085172,17.596988677978516,6.07333333293597,0.16329514980316162,0.00155974342487752,0.6872812112020557,6,NA,NA,FALSE,FALSE,FALSE,FALSE,308.9264784165344,FALSE,FALSE,-156.69,20.88,147.62821102142334,30.88805389404297,62.77611064910889,74.13133335113525,9,FALSE,2026-03-14,15
Maui,M79,2026-03-29T20:25:00Z,20.97611111,-156.6780556,33.912,1.927,0,0.176,15.606,NA,SITE_0215,Kahana,Kāʻanapali,Maui,31.8,17,31,85.1221986505929,0.19509450897434727,8.948811531066895,3.84999999403954,0.07496608048677444,0.08519217371940613,3.1504834672508686,39,NA,NA,FALSE,FALSE,FALSE,FALSE,150.50615795044823,FALSE,FALSE,-156.68,20.98,148.81455969810486,29.91582679748535,54.84848976135254,71.79798698425293,10,FALSE,2026-03-14,15
Maui,M8,2026-03-29T21:35:00Z,20.79111111,-156.4775,35.509,1.393,0,0.2236,1.2125,1.2466,SITE_0093,Waikapū,Pūʻali Komohana,Maui,1456.2,0,0,51.980343550112856,0.1013731404049322,11.473700523376465,28,0.03622316941618919,0.3485491070896387,3.877969786332231,245,NA,NA,FALSE,FALSE,FALSE,FALSE,817.130298537386,FALSE,FALSE,-156.48,20.79,139.66704750061035,25.185184478759766,59.76542949676514,75.55555057525635,10,FALSE,2026-03-13,16
Maui,M81,2026-03-29T23:30:00Z,20.79694444,-156.5869444,34.36,1.343,0,0.034,3.745,0.04,SITE_0114,Ukumehame,Lāhainā,Maui,2980.9,0,0,51.157855721016155,0.1558795724193932,19.59808349609375,23,0.00942244566977024,0.01493756988202221,0.15770393217527415,7,10.079473684210528,0.227081804893886,FALSE,FALSE,TRUE,FALSE,636.5646594433276,FALSE,FALSE,-156.59,20.8,129.45940780639648,25.961193084716797,59.41268444061279,71.39328098297119,9,FALSE,2026-03-13,16
Maui,M83,2026-03-30T00:16:00Z,20.80888889,-156.6233333,34.579,1.9672,0.0787,0.1335,7.6045,1.1571,SITE_0119,Olowalu,Lāhainā,Maui,534.4,0,2,51.85734266097151,0.18149003625842233,24.607067108154297,0.219999998807907,0.01048337109386921,0.00499866716563701,0.7325342296888374,16,NA,NA,FALSE,FALSE,FALSE,FALSE,564.6252643203907,FALSE,FALSE,-156.62,20.81,144.74546718597412,30.122451782226563,61.244903564453125,75.3061294555664,8,FALSE,2026-03-14,16
Maui,M86,2026-03-31T03:09:00Z,20.90611111,-156.4311111,29.5,11.7,0,0.261,51.367,0.465,SITE_0158,Wailuku,Pūʻali Komohana,Maui,301.3,10,17,90.00372609702006,0.16592061044625006,8.111989974975586,92,0.13595305383205414,0.4264885485172272,5.070305495307585,578,547.38,4.801702114224019,FALSE,FALSE,FALSE,FALSE,3980.6668697040927,FALSE,FALSE,-156.43,20.91,224.8839349746704,40.979190826416016,93.20318031311035,133.18237209320068,9,FALSE,2026-03-14,17
Maui,M87,2026-03-29T20:33:00Z,20.96888889,-156.6802778,31.939,17.7294,0.0906,0.8144,85.6593,0.7386,SITE_0214,Kahana,Kāʻanapali,Maui,77.3,12,32,47.32719118113323,0.15743900470249356,8.948811531066895,3.84999999403954,0.07496608048677444,0.08519217371940613,3.1504834672508686,39,NA,NA,FALSE,FALSE,FALSE,FALSE,980.6508598703459,FALSE,FALSE,-156.68,20.97,148.81455969810486,29.91582679748535,54.84848976135254,71.79798698425293,10,FALSE,2026-03-14,15
Maui,M88,2026-03-29T20:11:00Z,20.98222222,-156.6733333,31.135,4,0.075,0.39,34.095,NA,SITE_0217,Mailepai,Kāʻanapali,Maui,110.5,8,141,47.38010223496547,0.10896902776509523,8.5499267578125,7.52499997615814,0.0341368019580841,0,0.8522484601195378,3,NA,NA,FALSE,FALSE,FALSE,FALSE,216.64092227981962,FALSE,FALSE,-156.67,20.98,148.81455969810486,29.91582679748535,54.84848976135254,71.79798698425293,10,FALSE,2026-03-14,15
Maui,M89,2026-03-29T19:36:00Z,21.00416667,-156.6591667,32.604,1.056,0,0.084,2.632,NA,SITE_0225,Honokahua,Kāʻanapali,Maui,91.2,9,13,48.92856165702007,0.12686112310058506,13.055168151855469,18.7399999996026,0.04664763063192367,0.00256633711978793,1.0137669930942266,14,NA,NA,FALSE,FALSE,FALSE,FALSE,878.382190735492,FALSE,FALSE,-156.66,21,174.9458203315735,31.628950119018555,70.58368968963623,88.56105899810791,12,FALSE,2026-03-14,15
Maui,M9,2026-03-29T22:52:00Z,20.79561,-156.48709,35.18,0.877,0,0.277,2.261,0.355,SITE_0104,Waikapū,Pūʻali Komohana,Maui,1765.5,0,0,14.56544379606977,0.11007435692101716,11.473700523376465,28,0.03622316941618919,0.3485491070896387,3.877969786332231,245,NA,NA,FALSE,FALSE,FALSE,FALSE,112.39991889793029,FALSE,FALSE,-156.49,20.8,138.5068702697754,23.515602111816406,55.86973857879639,78.38534164428711,10,FALSE,2026-03-13,16
Maui,M91,2026-04-01T02:08:59Z,20.90972222,-156.4088889,35.32,2.517,0,0.388,14.254,0.57,SITE_0164,Wailuku,Pūʻali Komohana,Maui,235.6,1,13,90.8670746193136,0.323164826240641,8.111989974975586,92,0.13595305383205414,0.4264885485172272,5.070305495307585,578,547.38,4.801702114224019,FALSE,FALSE,FALSE,FALSE,1639.7976081052032,FALSE,FALSE,-156.41,20.91,224.8839349746704,40.979190826416016,93.20318031311035,133.18237209320068,9,FALSE,2026-03-14,18
Maui,M92,2026-03-29T20:49:00Z,20.94916667,-156.6911111,29.469,1.1211,0,0.2439,10.6139,5.4061,SITE_0211,Honokōwai,Kāʻanapali,Maui,172.9,2,2,47.36822432225089,0.10953671533335,15.42068862915039,3.61666666716337,0.05048634484410286,0.06700956076383591,0.11437357897465374,2,NA,NA,FALSE,FALSE,FALSE,FALSE,1402.9028959696818,FALSE,FALSE,-156.69,20.95,148.81455969810486,29.91582679748535,54.84848976135254,71.79798698425293,10,FALSE,2026-03-14,15
Maui,M93,2026-03-29T20:17:00Z,20.97861111,-156.67611110000001,30.131,14.7745,<0.07,0.2605,7.5722,1.8605,SITE_0216,Mailepai,Kāʻanapali,Maui,113.4,14,29,87.33001024771274,5.487845371516957,8.5499267578125,7.52499997615814,0.0341368019580841,0,0.8522484601195378,3,NA,NA,FALSE,FALSE,FALSE,FALSE,170.67698494711624,FALSE,FALSE,-156.68,20.98,148.81455969810486,29.91582679748535,54.84848976135254,71.79798698425293,10,FALSE,2026-03-14,15
Maui,M94,2026-03-29T19:55:00Z,20.99416667,-156.6675,27.49,0.814,0,0.185,16.808,NA,SITE_0219,Nāpili 4-5,Kāʻanapali,Maui,283.1,21,204,91.08616804989262,1.9295858949011415,7.365209579467773,7.47499996423721,0.06610486656427383,0.04846930131316185,NA,NA,NA,NA,FALSE,FALSE,FALSE,FALSE,316.15001036460785,FALSE,FALSE,-156.67,20.99,148.81455969810486,29.91582679748535,54.84848976135254,71.79798698425293,10,FALSE,2026-03-14,15
Maui,M95,2026-03-29T21:15:00Z,20.93065,-156.693682,33.265,1.492,0,0.153,11.429,NA,SITE_0197,Honokōwai,Kāʻanapali,Maui,549.9,0,3,85.29737809051919,0.4018201590553323,15.42068862915039,3.61666666716337,0.05048634484410286,0.06700956076383591,0.11437357897465374,2,NA,NA,FALSE,FALSE,FALSE,FALSE,1985.1497057597892,FALSE,FALSE,-156.69,20.93,151.02824687957764,33.221351623535156,60.798434257507324,73.08697605133057,10,FALSE,2026-03-14,15
Maui,M96,2026-03-29T21:22:00Z,20.933456,-156.692855,32.885,1.333,0,0.151,9.827,NA,SITE_0199,Honokōwai,Kāʻanapali,Maui,810.2,0,2,49.953439406205575,0.6616477060811594,15.42068862915039,3.61666666716337,0.05048634484410286,0.06700956076383591,0.11437357897465374,2,NA,NA,FALSE,FALSE,FALSE,FALSE,2267.2811622752893,FALSE,FALSE,-156.69,20.93,151.02824687957764,33.221351623535156,60.798434257507324,73.08697605133057,10,FALSE,2026-03-14,15
Maui,M97,2026-04-01T02:30:00Z,20.91277778,-156.4025,30.95,1.306,0,0.168,6.855,0.307,SITE_0171,Wailuku,Pūʻali Komohana,Maui,222.5,3,4,90.06383559546515,0.11679961069904247,8.111989974975586,92,0.13595305383205414,0.4264885485172272,5.070305495307585,578,547.38,4.801702114224019,FALSE,FALSE,FALSE,FALSE,916.4408017668289,FALSE,FALSE,-156.4,20.91,224.8839349746704,40.979190826416016,93.20318031311035,133.18237209320068,9,FALSE,2026-03-14,18
Maui,M98,2026-03-29T20:40:59Z,20.95444444,-156.6866667,29.308,0.518,0,0.162,20.769,NA,SITE_0213,Honokōwai,Kāʻanapali,Maui,890.1,0,4,7.646853991305661,0.2085094013245121,15.42068862915039,3.61666666716337,0.05048634484410286,0.06700956076383591,0.11437357897465374,2,NA,NA,FALSE,FALSE,FALSE,FALSE,663.554214198225,FALSE,FALSE,-156.69,20.95,148.81455969810486,29.91582679748535,54.84848976135254,71.79798698425293,10,FALSE,2026-03-14,15
Maui,M99,2026-03-29T19:46:00Z,20.99916667,-156.6666667,35.549,1.3472,0,0.2124,6.6756,0.7758,SITE_0221,Nāpili 2-3,Kāʻanapali,Maui,127.8,4,30,51.79267084391154,0.4106147046522237,6.269824028015137,3.84999999403954,0.12796686589717865,0.0017793372971937,14.74650522088122,30,NA,NA,FALSE,FALSE,FALSE,FALSE,871.8619348805763,FALSE,FALSE,-156.67,21,174.9458203315735,31.628950119018555,70.58368968963623,88.56105899810791,12,FALSE,2026-03-14,15
Maui,MA1,2026-03-30T00:47:00Z,20.848969,-156.657038,31.89,35.102,0,0.596,35.763,0.248,SITE_0131,Launiupoko,Lāhainā,Maui,1167.6,0,0,55.72423350170914,1.1361926143658725,17.90790557861328,28,0.03426937386393547,0.11035169661045074,2.2885019973420015,36,NA,NA,FALSE,FALSE,FALSE,FALSE,78.68843641277962,FALSE,FALSE,-156.66,20.85,147.62821102142334,30.88805389404297,62.77611064910889,74.13133335113525,9,FALSE,2026-03-14,16
Moloka'i,MK1,2026-03-29T19:00:00Z,21.1007,-157.08815,33.8,0.42,0,1.216,9.807,0.04,SITE_0284,Kahanui,Kona,Molokaʻi,2656.2,0,0,79.34970527824728,0.25413946095108986,5.325418929258983,16.317333339325458,0.016913206820997093,0.053863283867637314,1.0167189640381449,20,NA,NA,FALSE,FALSE,TRUE,FALSE,948.7580436095845,FALSE,FALSE,-157.09,21.1,234.3587884902954,40.06681823730469,87.45874214172363,104.17372608184814,10,FALSE,2026-03-13,16
Moloka'i,MK2,2026-03-29T20:59:59Z,21.20296,-157.24756,34.94,0.713,0,0.593,7.128,0.332,SITE_0329,Kaluako‘i,Kona,Molokaʻi,2283.8,0,0,117.90371508344144,2.0798643150664864,5.0969648361206055,13.4,0.00882116798311472,0.19001813663635403,0.37832328936549814,78,NA,NA,FALSE,FALSE,FALSE,FALSE,98.28207366517532,FALSE,FALSE,-157.25,21.2,265.1641025543213,47.78053665161133,103.00447273254395,115.27010250091553,9,FALSE,2026-03-21,8
Moloka'i,MK23,2026-03-29T23:37:00Z,21.15833333,-156.7372222,8.64,4.109,0,0.576,48.135,3.886,SITE_0316,Hālawa,Koʻolau,Molokaʻi,2931.1,0,0,47.762312840356515,0.1121020542564802,18.195436477661133,18.7399999996026,7.527220295742154e-4,5.821009544888511e-4,0.02897861144418528,1,146.39032258064515,2.101087156999722,FALSE,FALSE,FALSE,FALSE,69.14070012311029,FALSE,FALSE,-156.74,21.16,468.5091037750244,64.37932586669922,168.4028778076172,225.32764053344727,10,FALSE,2026-03-11,18
Moloka'i,MK24,2026-03-29T22:02:00Z,21.18694444,-156.9847222,16.5,1.5108,0,0.1907,33.5438,0.7084,SITE_0319,Kalaupapa,Koʻolau,Molokaʻi,270.4,0,0,43.22959190721696,0.16839156882383888,18.4531307220459,9,0.03114052861928939,0.00250181229785084,0.19872275937812828,1,NA,NA,FALSE,FALSE,FALSE,FALSE,6.2355111956373195,FALSE,FALSE,-156.98,21.19,356.2546329498291,55.97064971923828,126.59772109985352,167.91195106506348,9,FALSE,2026-03-11,18
Moloka'i,MK25,2026-03-29T22:14:00Z,21.18277778,-156.9877778,32,0.9099,0,0.191,12.9047,0.5816,SITE_0318,Kalaupapa,Koʻolau,Molokaʻi,433.7,0,0,6.6172194512812545,0.10732725658649728,18.4531307220459,9,0.03114052861928939,0.00250181229785084,0.19872275937812828,1,NA,NA,FALSE,FALSE,FALSE,FALSE,11.507757255859097,FALSE,FALSE,-156.99,21.18,356.2546329498291,55.97064971923828,126.59772109985352,167.91195106506348,9,FALSE,2026-03-11,18
Moloka'i,MK28,2026-03-29T22:15:00Z,21.18277778,-156.9877778,29.13,0.893,0,0.3831,7.6506,4.8316,SITE_0318,Kalaupapa,Koʻolau,Molokaʻi,433.7,0,0,6.6172194512812545,0.10732725658649728,18.4531307220459,9,0.03114052861928939,0.00250181229785084,0.19872275937812828,1,NA,NA,FALSE,FALSE,FALSE,FALSE,11.507757255859097,FALSE,FALSE,-156.99,21.18,356.2546329498291,55.97064971923828,126.59772109985352,167.91195106506348,9,FALSE,2026-03-11,18
Moloka'i,MK29,2026-03-30T00:06:00Z,21.19527778,-156.9830556,35.71,0.2994,0,0.1468,0.005,1.2397,SITE_0321,Kalaupapa,Koʻolau,Molokaʻi,1189.3,0,0,80.26268447097384,0.15590618932594316,18.4531307220459,9,0.03114052861928939,0.00250181229785084,0.19872275937812828,1,NA,NA,FALSE,FALSE,FALSE,TRUE,943.6073270310997,FALSE,FALSE,-156.98,21.2,533.4082794189453,97.87415313720703,191.61393356323242,254.4728012084961,10,FALSE,2026-03-14,16
Moloka'i,MK3,2026-03-30T01:00:00Z,21.07994,-157.00255,34.17,0.214,0,0.559,18.352,0.04,SITE_0257,Kamiloloa (Government),Kona,Molokaʻi,217.3,0,0,80.25503149373348,0.1001905786319922,9.932514190673828,NA,0.03112818673253059,0,5.172319686441097,31,NA,NA,FALSE,FALSE,TRUE,FALSE,862.055556032113,FALSE,FALSE,-157,21.08,230.3526635169983,34.14250564575195,81.53980255126953,102.42751979827881,10,FALSE,2026-03-13,17
Moloka'i,MK31,2026-03-30T00:06:59Z,21.195,-156.9833333,35.94,NA,NA,NA,NA,NA,SITE_0320,Kalaupapa,Koʻolau,Molokaʻi,1156.4,0,0,80.25600437231783,0.19419488610568256,18.4531307220459,9,0.03114052861928939,0.00250181229785084,0.19872275937812828,1,NA,NA,FALSE,FALSE,FALSE,FALSE,908.2394374573768,FALSE,FALSE,-156.98,21.2,533.4082794189453,97.87415313720703,191.61393356323242,254.4728012084961,10,FALSE,2026-03-14,16
Moloka'i,MK4,2026-03-30T01:00:00Z,21.08045,-157.00348,33.99,0.379,0,0.49,18.949,0.04,SITE_0258,Kamiloloa (Government),Kona,Molokaʻi,134.7,0,0,48.163172073560105,0.4347460341776902,9.932514190673828,NA,0.03112818673253059,0,5.172319686441097,31,NA,NA,FALSE,FALSE,TRUE,FALSE,783.937925887021,FALSE,FALSE,-157,21.08,230.3526635169983,34.14250564575195,81.53980255126953,102.42751979827881,10,FALSE,2026-03-13,17
Moloka'i,MK5,2026-03-30T01:15:00Z,21.08119,-157.00759,32.17,0.343,0,0.858,37.487,1.221,SITE_0259,Kapa‘akea,Kona,Molokaʻi,309.7,0,0,64.60648243013902,0.1682285541553349,8.778851509094238,19.2033333331347,0.00702428957447409,1.2745548701786902e-5,0.3398676971009766,3,NA,NA,FALSE,FALSE,FALSE,FALSE,352.6048878025054,FALSE,FALSE,-157.01,21.08,230.3526635169983,34.14250564575195,81.53980255126953,102.42751979827881,10,FALSE,2026-03-13,17
O'ahu,OA1,2026-03-29T20:08:59Z,21.59631,-158.104,32.39,11.419,0.213,0.585,52.274,1.153,SITE_0633,Kawailoa,Waialua,Oʻahu,257.9,23,108,86.33566588221167,0.17521346703870222,11.557167053222656,18.7399999996026,0.0172471571713686,0.08102012698282124,1.4160027756834646,68,65.61806451612904,1.3664023748502607,FALSE,FALSE,FALSE,FALSE,329.8150293330576,FALSE,FALSE,-158.1,21.6,320.47466468811035,103.12171173095703,150.71013069152832,182.97904777526855,6,FALSE,2026-03-20,9
O'ahu,OA10,2026-03-29T21:42:00Z,21.439642,-157.782224,31.35,0.107,0,0.07,12.55,NA,SITE_0557,Heʻeia,Koʻolaupoko,Oʻahu,1642.1,0,0,40.500044645740864,0.8695244660620982,7.829522967338562,6.82499998807907,0.28910722583532333,4.1361484909430146e-4,10.90783598040597,186,34.65774193548387,2.032478303674722,FALSE,FALSE,FALSE,FALSE,2822.120308420475,FALSE,FALSE,-157.78,21.44,590.2633419036865,143.74887084960938,303.7656002044678,302.7656002044678,5,FALSE,2026-03-18,11
O'ahu,OA100,2026-03-29T22:48:00Z,21.26722222,-157.7783333,34.87,1.906,0.0877,0.1394,35.028,1.3146,SITE_0364,Waikīkī,Kona,Oʻahu,785.9,0,11,116.4910119766744,0.1183459103521891,13.575106620788574,4.60999999940395,0.3248221278190613,9.451926598558202e-5,5.4256459144925815,409,266.7165497896213,3.5381651801800422,FALSE,FALSE,FALSE,FALSE,2172.3351035557,FALSE,FALSE,-157.78,21.27,250.2705488204956,47.93560791015625,112.84975147247314,97.93272018432617,8,FALSE,2026-03-18,11
O'ahu,OA1001,2026-03-30T01:20:00Z,21.37711111,-158.2804444,35,0.03,0,0.11,0.686,0.04,SITE_0507,Open Ocean,Open Ocean,Oʻahu,11355.1,0,0,193.4750467700854,11.77302250670496,NA,NA,NA,NA,NA,NA,NA,NA,TRUE,FALSE,TRUE,FALSE,15135.70147110632,TRUE,TRUE,-158.28,21.38,NA,NA,NA,NA,0,TRUE,NA,NA
O'ahu,OA1002,2026-03-30T01:20:00Z,21.37711111,-158.2804444,35.07,0.03,0,0.092,2.503,0.04,SITE_0507,Open Ocean,Open Ocean,Oʻahu,11355.1,0,0,193.4750467700854,11.77302250670496,NA,NA,NA,NA,NA,NA,NA,NA,TRUE,FALSE,TRUE,FALSE,15135.70147110632,TRUE,TRUE,-158.28,21.38,NA,NA,NA,NA,0,TRUE,NA,NA
O'ahu,OA1003,2026-03-30T01:20:00Z,21.37711111,-158.2804444,35.1,0.03,0,0.109,1.036,0.04,SITE_0507,Open Ocean,Open Ocean,Oʻahu,11355.1,0,0,193.4750467700854,11.77302250670496,NA,NA,NA,NA,NA,NA,NA,NA,TRUE,FALSE,TRUE,FALSE,15135.70147110632,TRUE,TRUE,-158.28,21.38,NA,NA,NA,NA,0,TRUE,NA,NA
O'ahu,OA1004,2026-03-30T20:59:59Z,22.71677778,-157.8929167,35.51,0.03,0,0.077,1.15,0.04,SITE_0708,Open Ocean,Open Ocean,Oʻahu,112421.8,0,0,277.89650485487465,123.172038838997,NA,NA,NA,NA,NA,NA,NA,NA,TRUE,FALSE,TRUE,FALSE,113550.71931950195,TRUE,TRUE,-157.89,22.72,NA,NA,NA,NA,0,TRUE,NA,NA
O'ahu,OA1005,2026-03-30T20:59:59Z,22.71677778,-157.8929167,35.33,0.03,0,0.121,0.483,0.252,SITE_0708,Open Ocean,Open Ocean,Oʻahu,112421.8,0,0,277.89650485487465,123.172038838997,NA,NA,NA,NA,NA,NA,NA,NA,TRUE,FALSE,FALSE,FALSE,113550.71931950195,TRUE,TRUE,-157.89,22.72,NA,NA,NA,NA,0,TRUE,NA,NA
O'ahu,OA1006,2026-03-30T20:59:59Z,22.71677778,-157.8929167,35.46,0.03,0,0.003,1.996,0.04,SITE_0708,Open Ocean,Open Ocean,Oʻahu,112421.8,0,0,277.89650485487465,123.172038838997,NA,NA,NA,NA,NA,NA,NA,NA,TRUE,TRUE,TRUE,FALSE,113550.71931950195,TRUE,TRUE,-157.89,22.72,NA,NA,NA,NA,0,TRUE,NA,NA
O'ahu,OA101,2026-03-29T22:13:00Z,21.2575,-157.7963889,35.73,4.978,0,0.003,15.1251,0.5996,SITE_0344,Waikīkī,Kona,Oʻahu,8,120,148,120.81637217761846,0.5377311060674256,13.575106620788574,4.60999999940395,0.3248221278190613,9.451926598558202e-5,5.4256459144925815,409,266.7165497896213,3.5381651801800422,FALSE,TRUE,FALSE,FALSE,4331.257650392903,FALSE,FALSE,-157.8,21.26,247.86857509613037,42.88594055175781,101.06719398498535,101.94695949554443,9,FALSE,2026-03-18,11
Maui,OA106,2026-03-29T21:47:00Z,20.93692,-156.69298,32.13,1.62,0,0.238,10.623,0.04,SITE_0206,Honokōwai,Kāʻanapali,Maui,1096.3,0,0,87.32134094787027,2.7370762348151767,15.42068862915039,3.61666666716337,0.05048634484410286,0.06700956076383591,0.11437357897465374,2,NA,NA,FALSE,FALSE,TRUE,FALSE,2643.664388517409,FALSE,FALSE,-156.69,20.94,151.02824687957764,33.221351623535156,60.798434257507324,73.08697605133057,10,FALSE,2026-03-14,15
Maui,OA107,2026-03-29T18:05:00Z,20.93333333,-156.3591667,34.57,2.689,0,0.164,9.802,0.04,SITE_0198,Hāmākuapoko,Hāmākuapoko,Maui,1252.2,0,0,15.288571243373546,0.10855895899090236,3.7008700370788574,6.76666665077209,0.05650991946458816,0.678783655166626,1.5270638414062103,38,NA,NA,FALSE,FALSE,TRUE,FALSE,766.4848729005056,FALSE,FALSE,-156.36,20.93,232.54151058197021,41.80623245239258,105.51558113098145,135.87025547027588,9,FALSE,2026-03-13,16
Maui,OA109,2026-03-29T23:39:00Z,20.89083333,-156.685,34.32,1.218,0,0.126,7.451,0.04,SITE_0142,Moaliʻi,Lāhainā,Maui,27.5,48,245,54.744588628496416,1.2935668754512444,2.629654884338379,9,0.6135108470916748,0,29.266643377265552,19,33.88645161290322,52.196983930296696,FALSE,FALSE,TRUE,FALSE,141.76971225664917,FALSE,FALSE,-156.68,20.89,147.62821102142334,30.88805389404297,62.77611064910889,74.13133335113525,9,FALSE,2026-03-14,15
O'ahu,OA11,2026-03-29T21:51:00Z,21.447035,-157.781981,33.21,0.39,0,0.07,6.81,NA,SITE_0568,Heʻeia,Koʻolaupoko,Oʻahu,2337,0,0,77.9349602952142,0.6530223990080413,7.829522967338562,6.82499998807907,0.28910722583532333,4.1361484909430146e-4,10.90783598040597,186,34.65774193548387,2.032478303674722,FALSE,FALSE,FALSE,FALSE,3065.384270649174,FALSE,FALSE,-157.78,21.45,372.59765434265137,121.04624938964844,182.56937408447266,191.0282802581787,6,FALSE,2026-03-20,9
Maui,OA110,2026-03-29T19:27:00Z,20.64638889,-156.4430556,32.84,26.749,0,0.091,34.751,0.04,SITE_0011,Mohopilo,Honuaʻula,Maui,635.4,0,1,51.366985497673106,0.12589969822065905,5.864564418792725,23,0.03509829193353653,0.03169706789776683,2.1279800063521987,21,NA,NA,FALSE,FALSE,TRUE,FALSE,3605.072814127294,FALSE,FALSE,-156.44,20.65,140.40245175361633,27.23769187927246,55.475385665893555,72.63384819030762,11,FALSE,2026-03-14,15
Maui,OA111,2026-03-29T23:01:00Z,20.91055556,-156.6897222,34.58,1.986,0,0.213,6.999,0.04,SITE_0166,Hanakaʻōʻō,Lāhainā,Maui,916.8,0,5,7.959017436670234,0.1909520397821217,6.2193121910095215,13.4,0.09855561703443529,0.2578757703304291,4.2131651280589315,60,NA,NA,FALSE,FALSE,TRUE,FALSE,255.98144991067934,FALSE,FALSE,-156.69,20.91,151.02824687957764,33.221351623535156,60.798434257507324,73.08697605133057,10,FALSE,2026-03-14,15
Maui,OA112,2026-03-29T18:12:00Z,20.92944444,-156.3675,34.61,0.677,0,0.236,6.867,0.04,SITE_0196,Hāmākuapoko,Hāmākuapoko,Maui,283.9,1,3,12.279731262683196,0.10792642058598108,3.7008700370788574,6.76666665077209,0.05650991946458816,0.678783655166626,1.5270638414062103,38,NA,NA,FALSE,FALSE,TRUE,FALSE,234.7520112714216,FALSE,FALSE,-156.37,20.93,232.54151058197021,41.80623245239258,105.51558113098145,135.87025547027588,9,FALSE,2026-03-13,16
Maui,OA113,2026-03-29T19:16:59Z,20.704119,-156.446584,31.5,12.403,0,0.161,19.437,0.04,SITE_0025,Kamaʻole,Kula,Maui,277.4,39,85,42.048608436872016,0.10741621665656569,8.28579044342041,151.666666666667,0.05891412124037742,0.22755710291676223,8.453957556986367,277,NA,NA,FALSE,FALSE,TRUE,FALSE,1008.4150029432104,FALSE,FALSE,-156.45,20.7,139.47516632080078,33.76641845703125,60.09123229980469,75.97444152832031,10,FALSE,2026-03-14,15
Maui,OA114,2026-03-29T10:01:00Z,20.94939,-156.69144,28.72,0.944,0,0.177,14.889,0.613,SITE_0212,Honokōwai,Kāʻanapali,Maui,194.7,2,2,87.08769661042317,4.298654227357823,15.42068862915039,3.61666666716337,0.05048634484410286,0.06700956076383591,0.11437357897465374,2,NA,NA,FALSE,FALSE,FALSE,FALSE,1408.9992882112883,FALSE,FALSE,-156.69,20.95,148.81455969810486,29.91582679748535,54.84848976135254,71.79798698425293,10,FALSE,2026-03-14,15
Maui,OA115,2026-03-29T15:48:00Z,20.67555556,-156.4436111,31.6,0.455,0,0.188,6.151,0.04,SITE_0020,Palauea,Honuaʻula,Maui,231.2,5,10,50.9698644273242,0.13244641429221765,8.63197135925293,32.6739999999603,0.03434471040964126,0.4180692480877042,1.5219982093347455,13,NA,NA,FALSE,FALSE,TRUE,FALSE,445.8629473402867,FALSE,FALSE,-156.44,20.68,140.40245175361633,27.23769187927246,55.475385665893555,72.63384819030762,11,FALSE,2026-03-14,15
Maui,OA116,2026-03-29T21:24:00Z,20.93662,-156.69482,33.72,0.472,0,0.108,1.677,0.04,SITE_0205,Honokōwai,Kāʻanapali,Maui,1172.9,0,0,79.70776602949687,0.1902162055339431,15.42068862915039,3.61666666716337,0.05048634484410286,0.06700956076383591,0.11437357897465374,2,NA,NA,FALSE,FALSE,TRUE,FALSE,2654.527934782758,FALSE,FALSE,-156.69,20.94,151.02824687957764,33.221351623535156,60.798434257507324,73.08697605133057,10,FALSE,2026-03-14,15
Maui,OA117,2026-03-29T23:50:00Z,20.880379,-156.685413,31.33,0.85,0,0.125,6.687,0.04,SITE_0136,Paunau,Lāhainā,Maui,935.6,0,2,50.38303534661522,0.10231907511269674,17.596988677978516,6.07333333293597,0.16329514980316162,0.00155974342487752,0.6872812112020557,6,NA,NA,FALSE,FALSE,TRUE,FALSE,587.6548091244667,FALSE,FALSE,-156.69,20.88,147.62821102142334,30.88805389404297,62.77611064910889,74.13133335113525,9,FALSE,2026-03-14,15
Moloka'i,OA118,2026-03-29T00:50:00Z,21.05813889,-156.8325278,28.65,2.503,0.205,0.752,67.611,0.484,SITE_0235,‘Ualapu‘e,Kona,Molokaʻi,103.4,0,0,42.88174525213886,0.10006167547557088,19.439220428466797,7.52499997615814,0.02161992527544498,0.00102888012770563,4.913065643204139,14,NA,NA,FALSE,FALSE,FALSE,FALSE,291.3899081665674,FALSE,FALSE,-156.83,21.06,203.80106401443481,30.958477020263672,78.39619064331055,92.53521776199341,10,FALSE,2026-03-21,8
O'ahu,OA12,2026-03-29T21:22:00Z,21.4575925,-157.8254332,20.72,0.06,0,1.353,54.737,NA,SITE_0579,Kahaluʻu,Koʻolaupoko,Oʻahu,939.7,0,3,76.29592973234793,0.25310135726165073,14.519304275512695,12.6499999761581,0.16553421318531036,0.01491424534469842,27.00060006709426,266,12.802903225806451,0.4200849862337652,FALSE,FALSE,FALSE,FALSE,1299.7967613168325,FALSE,FALSE,-157.83,21.46,717.2883605957031,237.7274932861328,357.5912399291992,360.6971206665039,6,FALSE,2026-03-20,9
Moloka'i,OA121,2026-03-29T00:40:00Z,21.05475,-156.8396944,31.61,6.113,0.259,0.473,39.193,1.21,SITE_0231,Manawai,Kona,Molokaʻi,196.2,0,0,6.5100852411941235,0.1290856054984033,21.530488967895508,18.7399999996026,0.00202737306244671,0.00108293397352099,NA,NA,NA,NA,FALSE,FALSE,FALSE,FALSE,213.5824122807321,FALSE,FALSE,-156.84,21.05,203.80106401443481,30.958477020263672,78.39619064331055,92.53521776199341,10,FALSE,2026-03-21,8
Moloka'i,OA123,2026-03-28T23:00:00Z,21.0740675,-156.983768,31.38,6.208,0.176,1.179,75.57,0.04,SITE_0254,Makakupa‘ia,Kona,Molokaʻi,84.5,0,0,83.09392601767229,0.1856216318194369,10.608473777770996,19.2033333331347,0.008785987272858616,0,1.3043592121617131,14,NA,NA,FALSE,FALSE,TRUE,FALSE,237.8833069999181,FALSE,FALSE,-156.98,21.07,202.02423524856567,31.794614791870117,77.92538642883301,89.0249171257019,10,FALSE,2026-03-14,14
Moloka'i,OA127,2026-03-29T02:58:00Z,21.0627036,-156.9402703,31.4,0.572,0,0.599,22.641,0.04,SITE_0238,Kawela,Kona,Molokaʻi,448,0,0,92.78142133035676,11.96108215631987,14.25918674468994,0.219999998807907,0.00889927707612514,1.2733216863125563e-4,3.501683220755333,115,69.3563748079877,1.121139647763604,FALSE,FALSE,TRUE,FALSE,298.09323523890237,FALSE,FALSE,-156.94,21.06,195.87793684005737,34.26795959472656,77.93181991577148,89.09669065475464,9,FALSE,2026-03-14,15
Moloka'i,OA128,2026-03-29T01:13:00Z,21.0551691,-156.8943981,28.7,21.404,0.615,1.12,100.183,0.04,SITE_0232,Kamalō,Kona,Molokaʻi,771.7,0,0,11.992500753264324,1.142804265091616,19.58201026916504,0.219999998807907,0.00487849256023764,0,0.12593017054902125,2,NA,NA,FALSE,FALSE,TRUE,FALSE,211.0193145819806,FALSE,FALSE,-156.89,21.06,206.38344049453735,35.543643951416016,79.19601726531982,91.10393857955933,10,FALSE,2026-03-21,8
Moloka'i,OA129,2026-03-29T00:53:00Z,21.0702578,-156.9678574,30.15,1.337,0.071,1.069,73.015,0.04,SITE_0247,Kawela,Kona,Molokaʻi,33.7,0,0,46.10135168059149,0.17036253873957322,14.25918674468994,0.219999998807907,0.00889927707612514,1.2733216863125563e-4,3.501683220755333,115,69.3563748079877,1.121139647763604,FALSE,FALSE,TRUE,FALSE,213.51274087938157,FALSE,FALSE,-156.97,21.07,202.02423524856567,31.794614791870117,77.92538642883301,89.0249171257019,10,FALSE,2026-03-14,15
O'ahu,OA13,2026-03-29T21:38:00Z,21.4647542,-157.8255322,27.07,0.086,0,0.288,16.284,NA,SITE_0587,Kahaluʻu,Koʻolaupoko,Oʻahu,1488.3,0,0,114.2732012146019,0.7348917607243894,14.519304275512695,12.6499999761581,0.16553421318531036,0.01491424534469842,27.00060006709426,266,12.802903225806451,0.4200849862337652,FALSE,FALSE,FALSE,FALSE,1617.1525221434388,FALSE,FALSE,-157.83,21.46,717.2883605957031,237.7274932861328,357.5912399291992,360.6971206665039,6,FALSE,2026-03-20,9
Moloka'i,OA130,2026-03-29T01:07:00Z,21.0471118,-156.8752188,33.74,1.817,0,0.235,13.85,0.082,SITE_0229,Kapulei,Kona,Molokaʻi,291.3,0,0,6.932629993169501,0.11553194038197398,21.67867660522461,0.219999998807907,0.00640035001561045,0.01206917304079979,0.37365676917666973,3,NA,NA,FALSE,FALSE,FALSE,FALSE,718.9194763095832,FALSE,FALSE,-156.88,21.05,206.38344049453735,35.543643951416016,79.19601726531982,91.10393857955933,10,FALSE,2026-03-21,8
Moloka'i,OA131,2026-03-29T02:53:00Z,21.0604447,-156.9340971,30.92,6.45,0.244,1.024,45.325,2.457,SITE_0237,Mākolelau,Kona,Molokaʻi,618.5,0,0,97.76930701152452,0.14167467110510917,13.841619491577148,3.14666666587194,0.00509794522076845,0,NA,NA,NA,NA,FALSE,FALSE,FALSE,FALSE,595.6816835798116,FALSE,FALSE,-156.93,21.06,195.87793684005737,34.26795959472656,77.93181991577148,89.09669065475464,9,FALSE,2026-03-14,15
Maui,OA133,2026-03-29T10:03:00Z,20.78114,-156.46292,28.648,8.37,0.084,0.534,13.9105,0.2571,SITE_0075,Pūlehunui,Kula,Maui,628.4,0,1,94.3497539391458,5.854706923565129,3.6888697147369385,10.8333333333333,0.03128986805677414,0.5737554617226124,1.9328009637844312,135,NA,NA,FALSE,FALSE,FALSE,FALSE,172.27277102894215,FALSE,FALSE,-156.46,20.78,139.66704750061035,25.185184478759766,59.76542949676514,75.55555057525635,10,FALSE,2026-03-13,16
Maui,OA134,2026-03-29T10:10:59Z,20.77028,-156.45942,25.19,30.226,0.127,0.583,118.48,0.535,SITE_0072,Waiakoa,Kula,Maui,1154.8,0,0,57.450907079463846,0.2238987739928998,8.342267036437988,151.666666666667,0.0548902228474617,0.01759708975441754,10.626757963228917,265,NA,NA,FALSE,FALSE,FALSE,FALSE,522.8782030355741,FALSE,FALSE,-156.46,20.77,139.66704750061035,25.185184478759766,59.76542949676514,75.55555057525635,10,FALSE,2026-03-13,16
Maui,OA139,2026-03-29T21:54:00Z,20.77397,-156.46053,25.46,7.822,0,0.182,30.292,0.04,SITE_0074,Waiakoa,Kula,Maui,1162.2,0,0,90.96166745853748,2.4325126422311287,8.342267036437988,151.666666666667,0.0548902228474617,0.01759708975441754,10.626757963228917,265,NA,NA,FALSE,FALSE,TRUE,FALSE,941.0564591600478,FALSE,FALSE,-156.46,20.77,139.66704750061035,25.185184478759766,59.76542949676514,75.55555057525635,10,FALSE,2026-03-13,16
O'ahu,OA14,2026-03-29T21:46:00Z,21.4720562,-157.8255076,30.2,0.079,0,0.128,9.438,NA,SITE_0589,Kahaluʻu,Koʻolaupoko,Oʻahu,1795.9,0,0,114.7293849891685,1.9397810226526344,14.519304275512695,12.6499999761581,0.16553421318531036,0.01491424534469842,27.00060006709426,266,12.802903225806451,0.4200849862337652,FALSE,FALSE,FALSE,FALSE,1773.7068518794567,FALSE,FALSE,-157.83,21.47,717.2883605957031,237.7274932861328,357.5912399291992,360.6971206665039,6,FALSE,2026-03-20,9
Maui,OA140,2026-03-29T21:05:00Z,20.76156,-156.45988,24.702,3.581,0.114,0.241,26.223,0.332,SITE_0063,Waiohuli,Kula,Maui,1395.3,0,0,56.19376080144264,0.2884731794241816,8.908180236816406,151.666666666667,0.04713576287031174,0.00757841882295906,10.33108982437486,458,NA,NA,FALSE,FALSE,FALSE,FALSE,43.11635504068236,FALSE,FALSE,-156.46,20.76,139.66704750061035,25.185184478759766,59.76542949676514,75.55555057525635,10,FALSE,2026-03-13,16
Maui,OA142,2026-03-29T21:12:59Z,20.76376,-156.45931,30.3,5.773,0.124,0.331,39.225,4.982,SITE_0066,Kaʻonoʻulu,Kula,Maui,1495.5,0,0,57.88687352577251,1.6022274540411308,7.874063014984131,151.666666666667,0.02498784288764,0.04601293429732323,3.558171840832242,83,NA,NA,FALSE,FALSE,FALSE,FALSE,199.88570662235756,FALSE,FALSE,-156.46,20.76,139.66704750061035,25.185184478759766,59.76542949676514,75.55555057525635,10,FALSE,2026-03-13,16
Maui,OA143,2026-03-29T21:25:59Z,20.75868,-156.45987,29.52,5.539,0.112,0.325,29.265,1.299,SITE_0060,Waiohuli,Kula,Maui,1146.4,0,0,56.306039077773,0.2213262663539499,8.908180236816406,151.666666666667,0.04713576287031174,0.00757841882295906,10.33108982437486,458,NA,NA,FALSE,FALSE,FALSE,FALSE,8.798531582240361,FALSE,FALSE,-156.46,20.76,139.66704750061035,25.185184478759766,59.76542949676514,75.55555057525635,10,FALSE,2026-03-13,16
O'ahu,OA144,2026-03-29T03:55:00Z,21.45166667,-157.7769444,33.63,0.067,0,0.167,2.207,0.04,SITE_0570,Heʻeia,Koʻolaupoko,Oʻahu,3042.5,0,0,77.32703905507017,0.4937281929633614,7.829522967338562,6.82499998807907,0.28910722583532333,4.1361484909430146e-4,10.90783598040597,186,34.65774193548387,2.032478303674722,FALSE,FALSE,TRUE,FALSE,2855.6596063013408,FALSE,FALSE,-157.78,21.45,372.59765434265137,121.04624938964844,182.56937408447266,191.0282802581787,6,FALSE,2026-03-20,9
O'ahu,OA145,2026-03-29T03:31:59Z,21.43861111,-157.7644444,29.5,0.03,0,0.589,17.038,0.04,SITE_0556,Kāneʻohe,Koʻolaupoko,Oʻahu,1476.2,0,0,1.8196070646165896,0.43061200032089664,9.1135406494140625,7.76249998807907,0.2794608473777771,3.246975247748196e-4,4.493726612531857,148,127.4041935483871,3.868375777679436,TRUE,FALSE,TRUE,FALSE,1022.9932140838183,FALSE,FALSE,-157.76,21.44,590.2633419036865,143.74887084960938,303.7656002044678,302.7656002044678,5,FALSE,2026-03-18,11
O'ahu,OA146,2026-03-29T04:04:00Z,21.45361111,-157.7741667,32.71,0.621,0,0.271,7.75,0.04,SITE_0573,Heʻeia,Koʻolaupoko,Oʻahu,3302.9,0,0,77.40528399941608,0.4884531255328073,7.829522967338562,6.82499998807907,0.28910722583532333,4.1361484909430146e-4,10.90783598040597,186,34.65774193548387,2.032478303674722,FALSE,FALSE,TRUE,FALSE,2664.7157578399874,FALSE,FALSE,-157.77,21.45,372.59765434265137,121.04624938964844,182.56937408447266,191.0282802581787,6,FALSE,2026-03-20,9
O'ahu,OA147,2026-03-29T04:19:00Z,21.45666667,-157.7688889,33.53,0.345,0,0.18,3.06,0.04,SITE_0578,Heʻeia,Koʻolaupoko,Oʻahu,3508.9,0,0,40.26171215507256,0.2253707471905509,7.829522967338562,6.82499998807907,0.28910722583532333,4.1361484909430146e-4,10.90783598040597,186,34.65774193548387,2.032478303674722,FALSE,FALSE,TRUE,FALSE,2230.6218208160894,FALSE,FALSE,-157.77,21.46,372.59765434265137,121.04624938964844,182.56937408447266,191.0282802581787,6,FALSE,2026-03-20,9
O'ahu,OA148,2026-03-29T04:55:00Z,21.45388889,-157.7411111,34.3,0.106,0,0.16,1.478,0.04,SITE_0574,Kāneʻohe,Koʻolaupoko,Oʻahu,2826.4,0,0,41.629654327943555,0.10723918373067864,9.1135406494140625,7.76249998807907,0.2794608473777771,3.246975247748196e-4,4.493726612531857,148,127.4041935483871,3.868375777679436,FALSE,FALSE,TRUE,FALSE,661.2329351700814,FALSE,FALSE,-157.74,21.45,255.3903579711914,63.98170852661133,110.34275722503662,120.27703285217285,7,FALSE,2026-03-20,9
O'ahu,OA149,2026-03-29T04:31:00Z,21.46138889,-157.7636111,32.49,0.03,0,0.183,4.716,0.04,SITE_0585,Heʻeia,Koʻolaupoko,Oʻahu,3997.9,0,0,114.62099024171673,0.1768505421881564,7.829522967338562,6.82499998807907,0.28910722583532333,4.1361484909430146e-4,10.90783598040597,186,34.65774193548387,2.032478303674722,TRUE,FALSE,TRUE,FALSE,1951.2441386917715,FALSE,FALSE,-157.76,21.46,372.59765434265137,121.04624938964844,182.56937408447266,191.0282802581787,6,FALSE,2026-03-20,9
O'ahu,OA15,2026-03-29T21:56:00Z,21.4800931,-157.8253327,32.68,0.138,0,0.07,6.59,NA,SITE_0593,Waiāhole,Koʻolaupoko,Oʻahu,1809,0,0,115.00304171075982,1.7619574274236802,19.252286911010746,5.64999997615814,0.02097856439650058,0.03189190849661827,6.291887457669411,69,212.48275862068965,19.37561744835491,FALSE,FALSE,FALSE,FALSE,2184.0947733826733,FALSE,FALSE,-157.83,21.48,717.2883605957031,237.7274932861328,357.5912399291992,360.6971206665039,6,FALSE,2026-03-20,9
O'ahu,OA150,2026-03-29T05:08:59Z,21.44416667,-157.7366667,34.35,0.15,0,0.157,0.84,0.04,SITE_0566,Kāneʻohe,Koʻolaupoko,Oʻahu,1760.7,0,0,70.63490207190914,0.33416790048405526,9.1135406494140625,7.76249998807907,0.2794608473777771,3.246975247748196e-4,4.493726612531857,148,127.4041935483871,3.868375777679436,FALSE,FALSE,TRUE,FALSE,1378.2017002247392,FALSE,FALSE,-157.74,21.44,590.750129699707,148.92369079589844,258.4014358520508,286.00159454345703,7,FALSE,2026-03-20,9
O'ahu,OA151,2026-03-28T21:02:00Z,21.42972222,-157.7919444,18.64,0.03,0,0.669,36.906,0.04,SITE_0547,Heʻeia,Koʻolaupoko,Oʻahu,160.9,12,18,39.299177439625666,0.1392187243392691,7.829522967338562,6.82499998807907,0.28910722583532333,4.1361484909430146e-4,10.90783598040597,186,34.65774193548387,2.032478303674722,TRUE,FALSE,TRUE,FALSE,2108.051787353188,FALSE,FALSE,-157.79,21.43,590.2633419036865,143.74887084960938,303.7656002044678,302.7656002044678,5,FALSE,2026-03-18,10
O'ahu,OA152,2026-03-29T21:29:00Z,21.435107,-157.7871975,25.53,0.03,0,0.214,23.609,0.04,SITE_0554,Heʻeia,Koʻolaupoko,Oʻahu,927.7,0,3,40.430571755630865,0.98430827420454,7.829522967338562,6.82499998807907,0.28910722583532333,4.1361484909430146e-4,10.90783598040597,186,34.65774193548387,2.032478303674722,TRUE,FALSE,TRUE,FALSE,2555.756148919319,FALSE,FALSE,-157.79,21.44,590.2633419036865,143.74887084960938,303.7656002044678,302.7656002044678,5,FALSE,2026-03-18,11
O'ahu,OA153,2026-03-29T21:40:00Z,21.4355826,-157.7894067,24.58,0.03,0,0.302,22.314,0.04,SITE_0555,Heʻeia,Koʻolaupoko,Oʻahu,860.9,0,7,40.5492437688566,1.3155878614974208,7.829522967338562,6.82499998807907,0.28910722583532333,4.1361484909430146e-4,10.90783598040597,186,34.65774193548387,2.032478303674722,TRUE,FALSE,TRUE,FALSE,2647.5395842700364,FALSE,FALSE,-157.79,21.44,590.2633419036865,143.74887084960938,303.7656002044678,302.7656002044678,5,FALSE,2026-03-18,11
O'ahu,OA154,2026-03-30T01:03:00Z,21.425,-157.7913889,22.3,0.03,0,0.504,26.128,0.04,SITE_0545,Kāneʻohe,Koʻolaupoko,Oʻahu,230.3,16,18,2.099355602157813,0.1360572389425055,9.1135406494140625,7.76249998807907,0.2794608473777771,3.246975247748196e-4,4.493726612531857,148,127.4041935483871,3.868375777679436,TRUE,FALSE,TRUE,FALSE,1612.324739968165,FALSE,FALSE,-157.79,21.42,590.2633419036865,143.74887084960938,303.7656002044678,302.7656002044678,5,FALSE,2026-03-18,12
O'ahu,OA155,2026-03-30T01:04:00Z,21.43055556,-157.7916667,20.2,0.03,0,0.651,35.503,0.04,SITE_0548,Heʻeia,Koʻolaupoko,Oʻahu,257.3,9,18,39.41782842883878,0.2374853292503394,7.829522967338562,6.82499998807907,0.28910722583532333,4.1361484909430146e-4,10.90783598040597,186,34.65774193548387,2.032478303674722,TRUE,FALSE,TRUE,FALSE,2182.360532604865,FALSE,FALSE,-157.79,21.43,590.2633419036865,143.74887084960938,303.7656002044678,302.7656002044678,5,FALSE,2026-03-18,12
O'ahu,OA157,2026-03-29T21:25:00Z,21.4335419,-157.7867593,24.72,0.073,0,0.258,25.422,0.04,SITE_0552,Kāneʻohe,Koʻolaupoko,Oʻahu,827.5,0,6,40.48054355683813,0.7929605651933516,9.1135406494140625,7.76249998807907,0.2794608473777771,3.246975247748196e-4,4.493726612531857,148,127.4041935483871,3.868375777679436,FALSE,FALSE,TRUE,FALSE,2378.1000962798985,FALSE,FALSE,-157.79,21.43,590.2633419036865,143.74887084960938,303.7656002044678,302.7656002044678,5,FALSE,2026-03-18,11
O'ahu,OA16,2026-03-29T22:04:59Z,21.4880978,-157.8253362,33.92,0.351,0,0.07,3.113,NA,SITE_0595,Waiāhole,Koʻolaupoko,Oʻahu,1994.3,0,0,115.16785947466975,2.4074506231037667,19.252286911010746,5.64999997615814,0.02097856439650058,0.03189190849661827,6.291887457669411,69,212.48275862068965,19.37561744835491,FALSE,FALSE,FALSE,FALSE,2810.3138099448256,FALSE,FALSE,-157.83,21.49,717.2883605957031,237.7274932861328,357.5912399291992,360.6971206665039,6,FALSE,2026-03-20,9
O'ahu,OA160,2026-03-29T01:29:00Z,21.26111111,-157.7113889,36.83,0.338,0,0.003,0.1624,0.2741,SITE_0349,Maunalua,Kona,Oʻahu,394.8,1,1,110.4092035937758,1.4019097628640012,13.011834144592283,1.07333331306775,0.22234460711479187,0.00422320468351244,1.4529178927781965,44,NA,NA,FALSE,TRUE,FALSE,FALSE,2740.4109814852895,FALSE,FALSE,-157.71,21.26,299.1968460083008,83.09566497802734,125.64349746704102,113.45630645751953,6,FALSE,2026-03-18,11
O'ahu,OA162,2026-03-30T03:31:59Z,21.27547222,-157.8259722,36.89,NA,NA,NA,NA,NA,SITE_0376,Waikīkī,Kona,Oʻahu,1163.7,0,0,81.19108077217521,0.16586038857186214,13.575106620788574,4.60999999940395,0.3248221278190613,9.451926598558202e-5,5.4256459144925815,409,266.7165497896213,3.5381651801800422,FALSE,FALSE,FALSE,FALSE,5680.7752158297535,FALSE,FALSE,-157.83,21.28,247.86857509613037,42.88594055175781,101.06719398498535,101.94695949554443,9,FALSE,2026-03-18,12
O'ahu,OA164,2026-03-29T20:30:00Z,21.46694444,-158.4055556,35.84,2.685,0.1205,0.003,10.1214,0.3573,SITE_0588,Open Ocean,Open Ocean,Oʻahu,18206,0,0,264.96945057244756,19.75560457958025,NA,NA,NA,NA,NA,NA,NA,NA,FALSE,TRUE,FALSE,FALSE,18721.44325898226,TRUE,TRUE,-158.41,21.47,NA,NA,NA,NA,0,TRUE,NA,NA
O'ahu,OA165,2026-03-30T04:02:00Z,21.4075,-157.7416667,34.87,0.266,0,0.0787,12.0071,0.3183,SITE_0531,Kailua,Koʻolaupoko,Oʻahu,927.5,0,1,10.163936879499555,0.11725550930368904,9.806928634643556,7.47499996423721,0.23000787198543549,0.00252578710205853,1.4184734471396867,65,56.27258064516129,1.2280178684182992,FALSE,FALSE,FALSE,FALSE,1969.2919170808523,FALSE,FALSE,-157.74,21.41,590.750129699707,148.92369079589844,258.4014358520508,286.00159454345703,7,FALSE,2026-03-20,10
O'ahu,OA166,2026-03-29T04:35:00Z,21.25888889,-157.8191667,32.49,1.264,0,0.003,5.6423,0.5682,SITE_0347,Waikīkī,Kona,Oʻahu,128.6,24,32,118.29743675293236,0.16133519619551068,13.575106620788574,4.60999999940395,0.3248221278190613,9.451926598558202e-5,5.4256459144925815,409,266.7165497896213,3.5381651801800422,FALSE,TRUE,FALSE,FALSE,6434.088124188191,FALSE,FALSE,-157.82,21.26,247.86857509613037,42.88594055175781,101.06719398498535,101.94695949554443,9,FALSE,2026-03-18,11
O'ahu,OA167,2026-03-29T04:58:00Z,21.255,-157.8066667,34.52,0.439,0,0.003,0.005,0.1297,SITE_0333,Waikīkī,Kona,Oʻahu,373.7,8,61,152.4125452953997,0.1823551729164319,13.575106620788574,4.60999999940395,0.3248221278190613,9.451926598558202e-5,5.4256459144925815,409,266.7165497896213,3.5381651801800422,FALSE,TRUE,FALSE,TRUE,5408.059947075764,FALSE,FALSE,-157.81,21.25,247.86857509613037,42.88594055175781,101.06719398498535,101.94695949554443,9,FALSE,2026-03-18,11
O'ahu,OA168,2026-03-30T04:02:00Z,21.4075,-157.7416667,32.54,0.198,0,0.003,5.1214,NA,SITE_0531,Kailua,Koʻolaupoko,Oʻahu,927.5,0,1,10.163936879499555,0.11725550930368904,9.806928634643556,7.47499996423721,0.23000787198543549,0.00252578710205853,1.4184734471396867,65,56.27258064516129,1.2280178684182992,FALSE,TRUE,FALSE,FALSE,1969.2919170808523,FALSE,FALSE,-157.74,21.41,590.750129699707,148.92369079589844,258.4014358520508,286.00159454345703,7,FALSE,2026-03-20,10
O'ahu,OA169,2026-03-29T02:55:00Z,21.6547963,-157.9284068,27.03,2.313,0,0.003,3.8293,0.7329,SITE_0663,Lāʻiewai,Koʻolauloa,Oʻahu,234.6,9,34,12.222768355903572,0.1190384874898009,10.067485809326172,15,0.06726262718439102,0.02581210993230343,7.070317454220856,97,NA,NA,FALSE,TRUE,FALSE,FALSE,49.60730513834314,FALSE,FALSE,-157.93,21.65,449.1491551399231,123.49539184570313,227.40822219848633,254.2704472541809,7,FALSE,2026-03-13,16
O'ahu,OA17,2026-03-30T04:40:00Z,21.282991,-157.716865,33.74,1.081,0,0.0951,3.1068,0.1905,SITE_0409,Maunalua,Kona,Oʻahu,602.7,0,3,77.61850959328983,0.1257279070769864,13.011834144592283,1.07333331306775,0.22234460711479187,0.00422320468351244,1.4529178927781965,44,NA,NA,FALSE,FALSE,FALSE,FALSE,496.5052579759433,FALSE,FALSE,-157.72,21.28,299.1968460083008,83.09566497802734,125.64349746704102,113.45630645751953,6,FALSE,2026-03-18,12
O'ahu,OA170,2026-03-28T23:25:00Z,21.62138889,-158.0822222,35.29,2.016,0,0.1062,31.9212,0.1541,SITE_0641,Punanue,Waialua,Oʻahu,60.2,13,24,126.16674870507548,0.1025458448071398,7.224698066711426,12.6499999761581,0.02378477342426777,0.02198034338653087,1.3854220161788822,14,NA,NA,FALSE,FALSE,FALSE,FALSE,2904.491286659695,FALSE,FALSE,-158.08,21.62,287.53543853759766,78.56097412109375,138.48170471191406,157.1219482421875,7,FALSE,2026-03-13,15
O'ahu,OA171,2026-03-28T21:23:00Z,21.675,-158.04,35.76,0.339,0,0.1047,0.5216,0.3213,SITE_0677,Paumalū,Koʻolauloa,Oʻahu,46.8,75,260,122.87339959768548,0.7168032320973994,10.604402542114258,10.073333332936,0.04385028406977653,8.556274697184563e-4,18.150725673674177,163,NA,NA,FALSE,FALSE,FALSE,FALSE,1802.8131019112877,FALSE,FALSE,-158.04,21.68,375.33173847198486,118.12982177734375,190.00771713256836,224.95324039459229,7,FALSE,2026-03-13,15
O'ahu,OA173,2026-03-30T21:12:00Z,21.259084,-157.7905523,7.481,0.06,<0.07,0.122,19.17,0.581,SITE_0348,Waikīkī,Kona,Oʻahu,68,62,140,120.50138458547464,0.46612588535593386,13.575106620788574,4.60999999940395,0.3248221278190613,9.451926598558202e-5,5.4256459144925815,409,266.7165497896213,3.5381651801800422,FALSE,FALSE,FALSE,FALSE,3717.0773902168953,FALSE,FALSE,-157.79,21.26,250.2705488204956,47.93560791015625,112.84975147247314,97.93272018432617,8,FALSE,2026-03-18,12
O'ahu,OA174,2026-03-29T01:23:59Z,21.58333333,-158.1405556,35.24,NA,0.1246,0.2546,22.8527,0.4061,SITE_0626,Mokulēʻia 1,Waialua,Oʻahu,49.5,77,121,87.37512534199394,0.20401574953214732,13.448681831359863,5.64999997615814,0.02993981167674064,0.22307254374027252,9.304120900856873,105,NA,NA,FALSE,FALSE,FALSE,FALSE,2155.5124850376524,FALSE,FALSE,-158.14,21.58,336.1647720336914,114.31118774414063,164.3332004547119,183.74985122680664,6,FALSE,2026-03-20,9
O'ahu,OA175,2026-03-29T20:14:59Z,21.58,-158.1572222,37.72,1.439,0,0.0931,5.1968,0.3075,SITE_0618,Mokulēʻia 2,Waialua,Oʻahu,18.1,27,56,48.85675812602843,0.10324381752990253,12.72521686553955,5.64999997615814,0.02452853322029113,0.1289089024066925,4.1354761069989054,39,NA,NA,FALSE,FALSE,FALSE,FALSE,3849.8806299629728,FALSE,FALSE,-158.16,21.58,324.9515151977539,101.7641830444336,173.05994415283203,189.26593780517578,6,FALSE,2026-03-20,9
O'ahu,OA176,2026-03-29T03:05:00Z,21.6719135,-157.9365486,30.2,58.584,0.1503,0.5874,4.4135,0.5872,SITE_0674,Malaekahana,Koʻolauloa,Oʻahu,48.8,10,10,61.98980287598443,0.3841110719379037,10.841665267944336,10.073333332936,0.02346018329262733,0.07058187574148178,1.4219440642915604,19,NA,NA,FALSE,FALSE,FALSE,FALSE,156.88007258657143,FALSE,FALSE,-157.94,21.67,449.1491551399231,123.49539184570313,227.40822219848633,254.2704472541809,7,FALSE,2026-03-13,16
O'ahu,OA178,2026-03-28T23:53:59Z,21.60055556,-158.1033333,32.62,NA,0.3497,2.4425,60.714,5.6713,SITE_0635,Kawailoa,Waialua,Oʻahu,622,0,43,15.443776094071229,0.1232980917429724,11.557167053222656,18.7399999996026,0.0172471571713686,0.08102012698282124,1.4160027756834646,68,65.61806451612904,1.3664023748502607,FALSE,FALSE,FALSE,FALSE,451.03126338044115,FALSE,FALSE,-158.1,21.6,320.47466468811035,103.12171173095703,150.71013069152832,182.97904777526855,6,FALSE,2026-03-20,8
O'ahu,OA179,2026-03-29T03:03:00Z,21.58277778,-158.17611110000001,30.281,4.701,0.257,0.273,25.252,0.767,SITE_0624,Kikahi,Waialua,Oʻahu,220.6,31,36,150.43078853479403,0.10281511486368254,11.265952110290527,5.64999997615814,0.02312624081969261,0.07185628265142441,8.962024138340473,35,NA,NA,FALSE,FALSE,FALSE,FALSE,1893.103452220868,FALSE,FALSE,-158.18,21.58,324.9515151977539,101.7641830444336,173.05994415283203,189.26593780517578,6,FALSE,2026-03-20,9
O'ahu,OA18,2026-03-30T04:41:00Z,21.282995,-157.716854,33.6,0.65,0,0.003,2.6232,0.9217,SITE_0410,Maunalua,Kona,Oʻahu,603,0,3,77.61729497947773,0.12367012613044086,13.011834144592283,1.07333331306775,0.22234460711479187,0.00422320468351244,1.4529178927781965,44,NA,NA,FALSE,TRUE,FALSE,FALSE,497.52341262724354,FALSE,FALSE,-157.72,21.28,299.1968460083008,83.09566497802734,125.64349746704102,113.45630645751953,6,FALSE,2026-03-18,12
O'ahu,OA180,2026-03-30T21:48:00Z,21.2770904,-157.7494555,34.44,0.545,0,0.1439,25.2176,0.6971,SITE_0382,Waikīkī,Kona,Oʻahu,904.1,0,2,117.63942422181832,0.18334355827555548,13.575106620788574,4.60999999940395,0.3248221278190613,9.451926598558202e-5,5.4256459144925815,409,266.7165497896213,3.5381651801800422,FALSE,FALSE,FALSE,FALSE,77.6441355658725,FALSE,FALSE,-157.75,21.28,250.2705488204956,47.93560791015625,112.84975147247314,97.93272018432617,8,FALSE,2026-03-18,12
O'ahu,OA181,2026-03-28T20:33:00Z,21.695985,-158.012362,31.641,3.427,0.072,0.521,88.09,1.44,SITE_0690,Pahipahiʻālua,Koʻolauloa,Oʻahu,22.7,19,20,8.731187838359004,0.17722012224438044,10.6608247756958,3.83999998370806,0.01902896352112293,0.07780762016773224,6.582241126455493,19,NA,NA,FALSE,FALSE,FALSE,FALSE,5441.029952702589,FALSE,FALSE,-158.01,21.7,394.175950050354,118.13677978515625,185.96477890014648,236.66024112701416,7,FALSE,2026-03-20,8
O'ahu,OA182,2026-03-29T00:28:00Z,21.58833333,-158.1194444,35.57,10.049,0,0.2235,11.3294,0.6163,SITE_0629,Paʻalaʻa,Waialua,Oʻahu,376,15,132,112.72440898482576,0.10370757815902032,7.677298545837402,25.5,0.03116958402097225,0.1818698518036399,3.257946830828341,209,NA,NA,FALSE,FALSE,FALSE,FALSE,684.1074271101334,FALSE,FALSE,-158.12,21.59,336.1647720336914,114.31118774414063,164.3332004547119,183.74985122680664,6,FALSE,2026-03-20,9
O'ahu,OA183,2026-03-28T23:08:59Z,21.64,-158.0638889,35.76,0.83,0,0.1622,11.3049,0.443,SITE_0650,Waimea,Koʻolauloa,Oʻahu,347.5,10,46,52.60130838690607,0.10019097633473575,13.929821968078612,18.7399999996026,0.00583681929856538,0,0.08600474940264329,2,207.82280397022333,0.3695233639222051,FALSE,FALSE,FALSE,FALSE,105.86676201440136,FALSE,FALSE,-158.06,21.64,287.53543853759766,78.56097412109375,138.48170471191406,157.1219482421875,7,FALSE,2026-03-13,15
O'ahu,OA184,2026-03-28T23:30:00Z,21.61888889,-158.0852778,32.4,26.339,0.0763,1.0557,34.1294,0.5899,SITE_0640,Kuikuiloloa,Waialua,Oʻahu,113.4,12,32,126.1399194314996,0.30877187706024256,6.576604843139648,12.6499999761581,0.02909529581665992,0.07281102240085602,1.1220984780698124,14,NA,NA,FALSE,FALSE,FALSE,FALSE,3206.718767848227,FALSE,FALSE,-158.09,21.62,287.53543853759766,78.56097412109375,138.48170471191406,157.1219482421875,7,FALSE,2026-03-13,15
O'ahu,OA185,2026-03-30T03:32:59Z,21.27547222,-157.8259722,37.33,2.422,0.0885,0.2719,6.1175,0.3769,SITE_0376,Waikīkī,Kona,Oʻahu,1163.7,0,0,81.19108077217521,0.16586038857186214,13.575106620788574,4.60999999940395,0.3248221278190613,9.451926598558202e-5,5.4256459144925815,409,266.7165497896213,3.5381651801800422,FALSE,FALSE,FALSE,FALSE,5680.7752158297535,FALSE,FALSE,-157.83,21.28,247.86857509613037,42.88594055175781,101.06719398498535,101.94695949554443,9,FALSE,2026-03-18,12
O'ahu,OA189,2026-03-29T01:40:00Z,21.5825,-158.1922222,37.09,0.126,0,0.003,0.01,0.1829,SITE_0623,Kawaihāpai,Waialua,Oʻahu,695,0,1,119.6518599577428,0.9981862596253632,11.347393989562988,5.64999997615814,0.02650664187967777,0.09367699176073074,NA,NA,NA,NA,FALSE,TRUE,FALSE,FALSE,237.49720819218678,FALSE,FALSE,-158.19,21.58,324.9515151977539,101.7641830444336,173.05994415283203,189.26593780517578,6,FALSE,2026-03-20,9
O'ahu,OA19,2026-03-30T04:38:00Z,21.283035,-157.716894,31.88,1.496,0,0.0842,3.6725,0.3355,SITE_0413,Maunalua,Kona,Oʻahu,597,0,3,77.61393525918089,0.11727018856962936,13.011834144592283,1.07333331306775,0.22234460711479187,0.00422320468351244,1.4529178927781965,44,NA,NA,FALSE,FALSE,FALSE,FALSE,492.526212361026,FALSE,FALSE,-157.72,21.28,299.1968460083008,83.09566497802734,125.64349746704102,113.45630645751953,6,FALSE,2026-03-18,12
O'ahu,OA190,2026-03-29T00:10:00Z,21.59416667,-158.1083333,36.92,0.796,0,0.003,3.135,0.1326,SITE_0632,Paʻalaʻa,Waialua,Oʻahu,244.9,58,213,123.04202661919918,0.23258278374455404,7.677298545837402,25.5,0.03116958402097225,0.1818698518036399,3.257946830828341,209,NA,NA,FALSE,TRUE,FALSE,FALSE,451.31397584312197,FALSE,FALSE,-158.11,21.59,336.1647720336914,114.31118774414063,164.3332004547119,183.74985122680664,6,FALSE,2026-03-20,9
O'ahu,OA193,2026-03-29T22:32:00Z,21.26305556,-157.7836111,35.89,0.883,0,0.0728,10.6402,0.2025,SITE_0356,Waikīkī,Kona,Oʻahu,204.6,11,24,73.06267305232265,0.10717830228685078,13.575106620788574,4.60999999940395,0.3248221278190613,9.451926598558202e-5,5.4256459144925815,409,266.7165497896213,3.5381651801800422,FALSE,FALSE,FALSE,FALSE,2873.441447387863,FALSE,FALSE,-157.78,21.26,250.2705488204956,47.93560791015625,112.84975147247314,97.93272018432617,8,FALSE,2026-03-18,11
O'ahu,OA195,2026-03-30T04:10:59Z,21.40166667,-157.7352778,34.1,0.329,0,0.1742,17.2003,0.2959,SITE_0526,Kailua,Koʻolaupoko,Oʻahu,100,1,5,85.16539394123306,0.1892289592584961,9.806928634643556,7.47499996423721,0.23000787198543549,0.00252578710205853,1.4184734471396867,65,56.27258064516129,1.2280178684182992,FALSE,FALSE,FALSE,FALSE,1098.650095068576,FALSE,FALSE,-157.74,21.4,590.750129699707,148.92369079589844,258.4014358520508,286.00159454345703,7,FALSE,2026-03-20,10
O'ahu,OA196,2026-03-30T04:40:00Z,21.39666667,-157.7247222,28,0.422,0,0.6243,37.656,0.2529,SITE_0523,Kailua,Koʻolaupoko,Oʻahu,730.7,0,1,85.94871299146732,2.6756765350524585,9.806928634643556,7.47499996423721,0.23000787198543549,0.00252578710205853,1.4184734471396867,65,56.27258064516129,1.2280178684182992,FALSE,FALSE,FALSE,FALSE,135.0729136073251,FALSE,FALSE,-157.72,21.4,590.750129699707,148.92369079589844,258.4014358520508,286.00159454345703,7,FALSE,2026-03-20,10
O'ahu,OA197,2026-03-30T22:55:59Z,21.27861111,-157.71,34.37,0.03,0,0.215,2.879,0.04,SITE_0387,Maunalua,Kona,Oʻahu,1229.9,0,0,40.81097322873432,0.5915599296758984,13.011834144592283,1.07333331306775,0.22234460711479187,0.00422320468351244,1.4529178927781965,44,NA,NA,TRUE,FALSE,TRUE,FALSE,1335.680879145902,FALSE,FALSE,-157.71,21.28,299.1968460083008,83.09566497802734,125.64349746704102,113.45630645751953,6,FALSE,2026-03-18,12
O'ahu,OA2,2026-03-29T20:26:00Z,21.62736944,-158.0750083,34.71,0.734,0,0.258,15.005,0.418,SITE_0644,Kapaeloa,Waialua,Oʻahu,30,66,86,127.68734482762405,0.20438134116051185,9.602567672729492,25.5,0.02714873291552066,0,10.898008765189765,85,NA,NA,FALSE,FALSE,FALSE,FALSE,1915.5587605397445,FALSE,FALSE,-158.08,21.63,287.53543853759766,78.56097412109375,138.48170471191406,157.1219482421875,7,FALSE,2026-03-13,16
O'ahu,OA20,2026-03-30T04:39:00Z,21.283018,-157.716878,31.94,1.561,0.0773,0.0766,2.5728,0.4564,SITE_0411,Maunalua,Kona,Oʻahu,599.5,0,3,77.61542171671316,0.12008468166629412,13.011834144592283,1.07333331306775,0.22234460711479187,0.00422320468351244,1.4529178927781965,44,NA,NA,FALSE,FALSE,FALSE,FALSE,494.5457026778824,FALSE,FALSE,-157.72,21.28,299.1968460083008,83.09566497802734,125.64349746704102,113.45630645751953,6,FALSE,2026-03-18,12
O'ahu,OA206,2026-03-31T04:51:00Z,21.395556,-157.722778,34.24,0.893,0,0.19,4.034,0.04,SITE_0521,Kailua,Koʻolaupoko,Oʻahu,964.3,0,1,84.79726885024921,0.12295841300542916,9.806928634643556,7.47499996423721,0.23000787198543549,0.00252578710205853,1.4184734471396867,65,56.27258064516129,1.2280178684182992,FALSE,FALSE,TRUE,FALSE,368.82370051922135,FALSE,FALSE,-157.72,21.4,590.750129699707,148.92369079589844,258.4014358520508,286.00159454345703,7,FALSE,2026-03-20,11
O'ahu,OA207,2026-03-31T04:35:00Z,21.392222,-157.715,30.951,0.359,0,0.096,2.465,0.04,SITE_0514,Kailua,Koʻolaupoko,Oʻahu,1608.9,0,0,153.74788416339433,4.396716248831389,9.806928634643556,7.47499996423721,0.23000787198543549,0.00252578710205853,1.4184734471396867,65,56.27258064516129,1.2280178684182992,FALSE,FALSE,TRUE,FALSE,1250.27318579977,FALSE,FALSE,-157.72,21.39,1174.0900268554688,283.5859680175781,568.17193603515625,567.17193603515625,7,FALSE,2026-03-13,18
O'ahu,OA208,2026-03-31T05:14:00Z,21.418333,-157.744167,32.37,0.568,0,NA,27.233,0.396,SITE_0540,Kailua,Koʻolaupoko,Oʻahu,472.8,2,53,80.08143935552718,0.3636626719371416,9.806928634643556,7.47499996423721,0.23000787198543549,0.00252578710205853,1.4184734471396867,65,56.27258064516129,1.2280178684182992,FALSE,FALSE,FALSE,FALSE,816.2716223260196,FALSE,FALSE,-157.74,21.42,590.750129699707,148.92369079589844,258.4014358520508,286.00159454345703,7,FALSE,2026-03-20,11
Maui,OA21,2026-03-30T01:21:00Z,20.79564283,-156.486952,34.25,0.03,0,0.112,2.234,0.04,SITE_0105,Waikapū,Pūʻali Komohana,Maui,1779.6,0,0,14.568536801543456,0.11631765251653269,11.473700523376465,28,0.03622316941618919,0.3485491070896387,3.877969786332231,245,NA,NA,TRUE,FALSE,TRUE,FALSE,126.80033018713218,FALSE,FALSE,-156.49,20.8,138.5068702697754,23.515602111816406,55.86973857879639,78.38534164428711,10,FALSE,2026-03-13,17
O'ahu,OA210,2026-03-29T23:46:00Z,21.44444444,-157.7363889,37.08,0.997,0,0.1028,2.2576,0.1859,SITE_0567,Kāneʻohe,Koʻolaupoko,Oʻahu,1794.4,0,0,33.670468554999445,0.10903334488824476,9.1135406494140625,7.76249998807907,0.2794608473777771,3.246975247748196e-4,4.493726612531857,148,127.4041935483871,3.868375777679436,FALSE,FALSE,FALSE,FALSE,1382.4374026433038,FALSE,FALSE,-157.74,21.44,590.750129699707,148.92369079589844,258.4014358520508,286.00159454345703,7,FALSE,2026-03-20,9
O'ahu,OA211,2026-03-29T21:36:00Z,21.28833333,-157.8322222,3.76,NA,0.388,1.325,NA,0.312,SITE_0432,Waikīkī,Kona,Oʻahu,230.7,2,3,13.307035727003598,0.7938722182130901,13.575106620788574,4.60999999940395,0.3248221278190613,9.451926598558202e-5,5.4256459144925815,409,266.7165497896213,3.5381651801800422,FALSE,FALSE,FALSE,FALSE,4190.048480401552,FALSE,FALSE,-157.83,21.29,247.86857509613037,42.88594055175781,101.06719398498535,101.94695949554443,9,FALSE,2026-03-18,11
O'ahu,OA212,2026-03-30T05:47:59Z,21.26333333,-157.8216667,37.17,2.221,0,0.1202,0.8548,0.2134,SITE_0357,Waikīkī,Kona,Oʻahu,543.1,0,25,113.19184931955982,0.10892703811894172,13.575106620788574,4.60999999940395,0.3248221278190613,9.451926598558202e-5,5.4256459144925815,409,266.7165497896213,3.5381651801800422,FALSE,FALSE,FALSE,FALSE,6535.123811611746,FALSE,FALSE,-157.82,21.26,247.86857509613037,42.88594055175781,101.06719398498535,101.94695949554443,9,FALSE,2026-03-18,12
O'ahu,OA213,2026-03-30T05:59:59Z,21.27,-157.8230556,37.08,1.78,0,0.1577,0.3879,0.2087,SITE_0368,Waikīkī,Kona,Oʻahu,1123.4,0,0,118.17665641226388,1.0040784293510316,13.575106620788574,4.60999999940395,0.3248221278190613,9.451926598558202e-5,5.4256459144925815,409,266.7165497896213,3.5381651801800422,FALSE,FALSE,FALSE,FALSE,6342.343913915831,FALSE,FALSE,-157.82,21.27,247.86857509613037,42.88594055175781,101.06719398498535,101.94695949554443,9,FALSE,2026-03-18,12
O'ahu,OA214,2026-03-29T21:01:00Z,21.27722222,-157.8313889,34.42,1.105,0,0.235,3.13,0.04,SITE_0383,Waikīkī,Kona,Oʻahu,1460.6,0,0,118.48044039404375,0.9099526744352014,13.575106620788574,4.60999999940395,0.3248221278190613,9.451926598558202e-5,5.4256459144925815,409,266.7165497896213,3.5381651801800422,FALSE,FALSE,TRUE,FALSE,5182.72431576132,FALSE,FALSE,-157.83,21.28,247.86857509613037,42.88594055175781,101.06719398498535,101.94695949554443,9,FALSE,2026-03-18,11
O'ahu,OA215,2026-03-29T04:59:00Z,21.33805556,-158.1247222,33.82,8.281,0,0.275,40.171,0.04,SITE_0483,Honouliuli,ʻEwa,Oʻahu,3644.3,0,0,10.834834806634433,0.14773603756714146,2.9219950735569,46.5,0.05591732760270437,0.03997392704089483,6.485308955617151,1153,27.7558064516129,0.15611880325326422,FALSE,FALSE,TRUE,FALSE,10864.772053171193,FALSE,TRUE,-158.12,21.34,256.6385974884033,67.08573913574219,125.28149890899658,139.81668663024902,7,FALSE,2026-03-20,9
O'ahu,OA216,2026-03-29T21:12:59Z,21.27222222,-157.8233333,34.43,2.144,0,0.224,4.57,0.04,SITE_0373,Waikīkī,Kona,Oʻahu,1335.4,0,0,118.19555882158843,0.40822548849680046,13.575106620788574,4.60999999940395,0.3248221278190613,9.451926598558202e-5,5.4256459144925815,409,266.7165497896213,3.5381651801800422,FALSE,FALSE,TRUE,FALSE,6132.545664998315,FALSE,FALSE,-157.82,21.27,247.86857509613037,42.88594055175781,101.06719398498535,101.94695949554443,9,FALSE,2026-03-18,11
O'ahu,OA217,2026-03-29T20:14:59Z,21.26222222,-157.8216667,34.58,0.268,0,0.205,1.292,0.04,SITE_0353,Waikīkī,Kona,Oʻahu,517.6,0,27,113.26296958440842,0.14701471365464386,13.575106620788574,4.60999999940395,0.3248221278190613,9.451926598558202e-5,5.4256459144925815,409,266.7165497896213,3.5381651801800422,FALSE,FALSE,TRUE,FALSE,6567.884442682209,FALSE,FALSE,-157.82,21.26,247.86857509613037,42.88594055175781,101.06719398498535,101.94695949554443,9,FALSE,2026-03-18,11
O'ahu,OA218,2026-03-29T20:32:00Z,21.28527778,-157.8294444,2.95,116.892,0.3,1.573,NA,0.126,SITE_0423,Waikīkī,Kona,Oʻahu,659.4,0,3,12.521859641356327,0.890447375859117,13.575106620788574,4.60999999940395,0.3248221278190613,9.451926598558202e-5,5.4256459144925815,409,266.7165497896213,3.5381651801800422,FALSE,FALSE,FALSE,FALSE,4633.056450618036,FALSE,FALSE,-157.83,21.29,247.86857509613037,42.88594055175781,101.06719398498535,101.94695949554443,9,FALSE,2026-03-18,11
O'ahu,OA219,2026-03-29T20:42:00Z,21.28777778,-157.8438889,26.16,18.957,0.185,1.005,85.455,0.118,SITE_0429,Waikīkī,Kona,Oʻahu,1188.1,0,0,112.8319241412398,0.2482203667429276,13.575106620788574,4.60999999940395,0.3248221278190613,9.451926598558202e-5,5.4256459144925815,409,266.7165497896213,3.5381651801800422,FALSE,FALSE,FALSE,FALSE,3492.648553453943,FALSE,FALSE,-157.84,21.29,247.86857509613037,42.88594055175781,101.06719398498535,101.94695949554443,9,FALSE,2026-03-18,11
Maui,OA22,2026-03-30T01:08:00Z,20.787827,-156.47073,34.81,0.03,0,0.168,2.327,0.04,SITE_0089,Waikapū,Pūʻali Komohana,Maui,677.4,0,1,14.692846238885457,0.1744182110598689,11.473700523376465,28,0.03622316941618919,0.3485491070896387,3.877969786332231,245,NA,NA,TRUE,FALSE,TRUE,FALSE,109.43160865194643,FALSE,FALSE,-156.47,20.79,139.66704750061035,25.185184478759766,59.76542949676514,75.55555057525635,10,FALSE,2026-03-13,17
O'ahu,OA220,2026-03-29T20:52:00Z,21.28083333,-157.8375,34.3,1.954,0,0.306,3.371,0.04,SITE_0394,Waikīkī,Kona,Oʻahu,1162.4,0,0,113.07994424972006,0.11875387913579342,13.575106620788574,4.60999999940395,0.3248221278190613,9.451926598558202e-5,5.4256459144925815,409,266.7165497896213,3.5381651801800422,FALSE,FALSE,TRUE,FALSE,4494.464724795441,FALSE,FALSE,-157.84,21.28,247.86857509613037,42.88594055175781,101.06719398498535,101.94695949554443,9,FALSE,2026-03-18,11
O'ahu,OA221,2026-03-29T20:52:00Z,21.28083333,-157.8375,34.6,1.583,0.149,0.355,1.617,3.232,SITE_0394,Waikīkī,Kona,Oʻahu,1162.4,0,0,113.07994424972006,0.11875387913579342,13.575106620788574,4.60999999940395,0.3248221278190613,9.451926598558202e-5,5.4256459144925815,409,266.7165497896213,3.5381651801800422,FALSE,FALSE,FALSE,FALSE,4494.464724795441,FALSE,FALSE,-157.84,21.28,247.86857509613037,42.88594055175781,101.06719398498535,101.94695949554443,9,FALSE,2026-03-18,11
O'ahu,OA222,2026-03-29T21:32:59Z,21.31916667,-157.8697222,32.95,2.275,0.099,0.205,13.039,1.233,SITE_0473,Honolulu,Kona,Oʻahu,437.3,1,11,8.694962777782326,0.5418419719051667,12.08728313446045,4.60999999940395,0.33621343970298767,0,11.68595542825743,393,NA,NA,FALSE,FALSE,FALSE,FALSE,797.3896841133641,FALSE,FALSE,-157.87,21.32,220.86332654953003,43.7715950012207,92.19539833068848,104.59934759140015,8,FALSE,2026-03-18,11
Lāna‘i,OA223,2026-04-05T21:22:00Z,20.77373333,-156.9939167,35.43,0.2661,0,0.0909,0.005,1.0807,SITE_0073,Kalulu,Lāhainā,Lānaʻi,NA,0,0,131.04710675809758,0.6817583454813575,10.68370532989502,4.64999997615814,0.01459349785000085,0,NA,NA,NA,NA,FALSE,FALSE,FALSE,TRUE,613.6015642736295,FALSE,FALSE,-156.99,20.77,178.2690200805664,38.12482833862305,67.71844863891602,85.78086280822754,7,FALSE,2026-03-13,23
Lāna‘i,OA225,2026-04-05T21:29:00Z,20.78905,-156.9936667,35.44,0.2641,0,0.0791,0.005,1.5121,SITE_0091,Kamoku,Lāhainā,Lānaʻi,NA,0,0,150.71240955318345,0.26920621415067186,5.2209014892578125,5.75,0.04607902839779854,0.03222178481519222,NA,NA,NA,NA,FALSE,FALSE,FALSE,TRUE,401.4510121105518,FALSE,FALSE,-156.99,20.79,178.2690200805664,38.12482833862305,67.71844863891602,85.78086280822754,7,FALSE,2026-03-13,23
O'ahu,OA226,2026-03-28T17:21:00Z,21.47309,-158.2196,36.03,2.857,0.1163,0.3841,5.4698,2.2883,SITE_0590,Mākaha,Waiʻanae,Oʻahu,222.8,1,27,122.2070518328174,0.1663786656325683,18.266441345214844,43,0.06435501575469971,7.49072409234941e-4,7.310227990213974,176,31.204736842105262,1.2961007993773563,FALSE,FALSE,FALSE,FALSE,3709.0571177811366,FALSE,FALSE,-158.22,21.47,246.47443008422852,59.63092803955078,120.2618579864502,134.1695899963379,7,FALSE,2026-03-11,17
O'ahu,OA227,2026-03-28T17:44:00Z,21.4417,-158.19027,37.55,0.605,0,0.003,0.005,0.1507,SITE_0558,Waiʻanae,Waiʻanae,Oʻahu,259.3,4,47,12.357375021911771,0.1185018545842031,10.24023723602295,4.60999999940395,0.11777771264314651,0.01638877330697141,5.504544479733275,831,95.92698553948831,0.6354204075918799,FALSE,TRUE,FALSE,TRUE,8129.215609680244,FALSE,FALSE,-158.19,21.44,249.5236301422119,70.43504333496094,118.45056629180908,132.1318874359131,7,FALSE,2026-03-20,8
O'ahu,OA228,2026-03-28T18:08:00Z,21.35978,-158.13163,34.575,1.065,0,0.143,5.226,1.803,SITE_0496,Honouliuli,ʻEwa,Oʻahu,1136.7,0,0,85.15780007928532,0.1132616929402575,2.9219950735569,46.5,0.05591732760270437,0.03997392704089483,6.485308955617151,1153,27.7558064516129,0.15611880325326422,FALSE,FALSE,FALSE,FALSE,11218.711165960342,FALSE,TRUE,-158.13,21.36,240.97568130493164,62.362674713134766,122.81146240234375,137.03789520263672,7,FALSE,2026-03-20,8
O'ahu,OA229,2026-03-28T18:17:00Z,21.3752,-158.14061,13.2,NA,NA,NA,NA,NA,SITE_0504,Nānākuli,Waiʻanae,Oʻahu,173.3,29,52,10.65821586770194,0.11961992980931842,17.29973030090332,9,0.075663723051548,0,6.847558920559242,96,NA,NA,FALSE,FALSE,FALSE,FALSE,12211.91334574043,FALSE,TRUE,-158.14,21.38,240.97568130493164,62.362674713134766,122.81146240234375,137.03789520263672,7,FALSE,2026-03-20,8
Maui,OA23,2026-03-29T22:16:59Z,20.73122,-156.453877,32.29,8.213,0.136,NA,32.84,0.04,SITE_0035,Kamaʻole,Kula,Maui,367.8,7,48,47.21498176049127,0.10576473382167144,8.28579044342041,151.666666666667,0.05891412124037742,0.22755710291676223,8.453957556986367,277,NA,NA,FALSE,FALSE,TRUE,FALSE,1642.831670913765,FALSE,FALSE,-156.45,20.73,139.47516632080078,33.76641845703125,60.09123229980469,75.97444152832031,10,FALSE,2026-03-14,15
Maui,OA230,2026-03-29T19:35:00Z,20.89638889,-156.4780556,29.67,15.264,0.253,0.5,109.928,0.04,SITE_0151,Wailuku,Pūʻali Komohana,Maui,450.8,1,1,44.915618533265146,0.12151269874349235,8.111989974975586,92,0.13595305383205414,0.4264885485172272,5.070305495307585,578,547.38,4.801702114224019,FALSE,FALSE,TRUE,FALSE,1695.335905369694,FALSE,FALSE,-156.48,20.9,294.3096561431885,62.572166442871094,126.14433097839355,175.20206451416016,9,FALSE,2026-03-14,15
Moloka'i,OA231,2026-03-29T23:21:59Z,21.08944444,-157.265,34.366,1.107,0.095,0.191,3.76,NA,SITE_0268,Kaluako‘i,Kona,Molokaʻi,3012.5,0,0,83.16969065900224,0.26857897793047597,5.0969648361206055,13.4,0.00882116798311472,0.19001813663635403,0.37832328936549814,78,NA,NA,FALSE,FALSE,FALSE,FALSE,692.4251979147773,FALSE,FALSE,-157.26,21.09,249.51936435699463,40.59379196166992,85.84415531158447,113.66261577606201,10,FALSE,2026-03-11,18
Lāna‘i,OA233,2026-04-02T00:35:00Z,20.7864,-156.99209,35.41,0.4902,0,0.2026,2.5186,1.7097,SITE_0086,Kamoku,Lāhainā,Lānaʻi,NA,0,0,155.01385422431093,0.27513586299857035,5.2209014892578125,5.75,0.04607902839779854,0.03222178481519222,NA,NA,NA,NA,FALSE,FALSE,FALSE,FALSE,299.98499263067254,FALSE,FALSE,-156.99,20.79,178.2690200805664,38.12482833862305,67.71844863891602,85.78086280822754,7,FALSE,2026-03-13,20
Maui,OA234,2026-03-29T19:23:00Z,20.89361111,-156.4772222,28.46,22.738,0.301,0.657,142.362,0.463,SITE_0148,Wailuku,Pūʻali Komohana,Maui,709.4,0,1,13.85363314367292,0.10054559658281503,8.111989974975586,92,0.13595305383205414,0.4264885485172272,5.070305495307585,578,547.38,4.801702114224019,FALSE,FALSE,FALSE,FALSE,2012.2046758351528,FALSE,FALSE,-156.48,20.89,269.2633662223816,56.5976676940918,114.19533824920654,155.6435890197754,9,FALSE,2026-03-14,15
Maui,OA235,2026-03-29T20:34:00Z,20.78222222,-156.4641667,34.45,5.14,0.138,NA,13.824,1.469,SITE_0078,Pūlehunui,Kula,Maui,491,1,1,90.6955134606049,0.13324812066072805,3.6888697147369385,10.8333333333333,0.03128986805677414,0.5737554617226124,1.9328009637844312,135,NA,NA,FALSE,FALSE,FALSE,FALSE,13.7502081720808,FALSE,FALSE,-156.46,20.78,139.66704750061035,25.185184478759766,59.76542949676514,75.55555057525635,10,FALSE,2026-03-13,16
Lāna‘i,OA236,2026-04-03T04:23:00Z,20.7346,-156.9105833,35.53,0.1533,0,0.0791,0.005,2.2007,SITE_0038,Keāliaaupuni,Lāhainā,Lānaʻi,NA,0,0,85.23896416923934,0.21088315929379312,6.1399383544921875,9,0.01696723140776157,0,NA,NA,NA,NA,FALSE,FALSE,FALSE,TRUE,362.2840380912953,FALSE,FALSE,-156.91,20.73,173.63208198547363,32.446571350097656,58.53180980682373,81.116424560546875,9,FALSE,2026-03-13,21
Lāna‘i,OA237,2026-04-02T04:54:00Z,20.73888889,-156.8933333,35.49,0.3188,0,0.1262,1.252,0.7634,SITE_0040,Pālāwai,Lāhainā,Lānaʻi,NA,0,0,6.297237670842925,0.1725180200897668,10.108283996582031,18.7399999996026,0.02020805142819881,0.00239575188606977,NA,NA,NA,NA,FALSE,FALSE,FALSE,FALSE,250.81299819646372,FALSE,FALSE,-156.89,20.74,174.5133514404297,29.227596282958984,59.45519256591797,80.37589073181152,9,FALSE,2026-03-13,20
Moloka'i,OA238,2026-03-29T18:18:00Z,21.11694444,-157.2994444,34.44,0.288,0,0.092,2.638,NA,SITE_0309,Kaluako‘i,Kona,Molokaʻi,2309.7,0,0,10.138302351238432,0.1098894854540704,5.0969648361206055,13.4,0.00882116798311472,0.19001813663635403,0.37832328936549814,78,NA,NA,FALSE,FALSE,FALSE,FALSE,143.77194436230803,FALSE,FALSE,-157.3,21.12,253.2406826019287,47.87983703613281,110.33341026306152,114.91161155700684,8,FALSE,2026-03-11,18
Moloka'i,OA239,2026-03-29T23:59:59Z,21.08722222,-157.2505556,34.2,3.205,0.19,0.333,11.656,NA,SITE_0264,Kaluako‘i,Kona,Molokaʻi,4074.8,0,0,4.626841168179421,0.11203652145899833,5.0969648361206055,13.4,0.00882116798311472,0.19001813663635403,0.37832328936549814,78,NA,NA,FALSE,FALSE,FALSE,FALSE,747.1597472493183,FALSE,FALSE,-157.25,21.09,249.51936435699463,40.59379196166992,85.84415531158447,113.66261577606201,10,FALSE,2026-03-11,18
Maui,OA24,2026-03-30T00:40:00Z,20.770177,-156.459346,29.7,31.862,0.13,0.598,NA,0.14,SITE_0071,Waiakoa,Kula,Maui,1150.2,0,0,57.70471954069979,2.248367120860145,8.342267036437988,151.666666666667,0.0548902228474617,0.01759708975441754,10.626757963228917,265,NA,NA,FALSE,FALSE,FALSE,FALSE,511.2331284197344,FALSE,FALSE,-156.46,20.77,139.66704750061035,25.185184478759766,59.76542949676514,75.55555057525635,10,FALSE,2026-03-13,17
Lāna‘i,OA240,2026-04-03T04:10:00Z,20.7341,-156.9374333,35.37,0.1799,0,0.0704,0.328,1.1553,SITE_0037,Keāliaaupuni,Lāhainā,Lānaʻi,NA,0,0,99.29356349012326,0.1845658445758745,6.1399383544921875,9,0.01696723140776157,0,NA,NA,NA,NA,FALSE,FALSE,FALSE,FALSE,253.44269774919303,FALSE,FALSE,-156.94,20.73,173.63208198547363,32.446571350097656,58.53180980682373,81.116424560546875,9,FALSE,2026-03-13,21
Lāna‘i,OA241,2026-04-05T23:19:00Z,20.92615,-157.02307,33.82,7.299,0.142,0.1055,42.41,2.6176,SITE_0192,Kaʻā,Lāhainā,Lānaʻi,NA,0,0,45.46893175044272,0.10373222915874794,6.199369430541992,22.4439999997616,0.00598986912518739,0,NA,NA,NA,NA,FALSE,FALSE,FALSE,FALSE,354.555826572838,FALSE,FALSE,-157.02,20.93,367.4286766052246,74.901275634765625,135.8222827911377,179.76303672790527,9,FALSE,2026-03-13,23
Moloka'i,OA242,2026-03-30T00:06:00Z,21.0869,-157.25,34.241,1.295,0.12,0.552,4.39,NA,SITE_0263,Kaluako‘i,Kona,Molokaʻi,4140.4,0,0,4.652236140885832,0.14943573810016791,5.0969648361206055,13.4,0.00882116798311472,0.19001813663635403,0.37832328936549814,78,NA,NA,FALSE,FALSE,FALSE,FALSE,692.55572638564,FALSE,FALSE,-157.25,21.09,249.51936435699463,40.59379196166992,85.84415531158447,113.66261577606201,10,FALSE,2026-03-11,19
Lāna‘i,OA244,2026-04-05T21:29:00Z,20.78905,-156.9936667,35.37,0.3205,0,0.075,0.005,1.6914,SITE_0091,Kamoku,Lāhainā,Lānaʻi,NA,0,0,150.71240955318345,0.26920621415067186,5.2209014892578125,5.75,0.04607902839779854,0.03222178481519222,NA,NA,NA,NA,FALSE,FALSE,FALSE,TRUE,401.4510121105518,FALSE,FALSE,-156.99,20.79,178.2690200805664,38.12482833862305,67.71844863891602,85.78086280822754,7,FALSE,2026-03-13,23
Moloka'i,OA246,2026-03-29T23:40:59Z,21.08916667,-157.26,34.274,1.009,0.106,0.171,3.303,NA,SITE_0266,Kaluako‘i,Kona,Molokaʻi,3294.7,0,0,79.49441261562282,0.10859881069507596,5.0969648361206055,13.4,0.00882116798311472,0.19001813663635403,0.37832328936549814,78,NA,NA,FALSE,FALSE,FALSE,FALSE,254.9663538169879,FALSE,FALSE,-157.26,21.09,249.51936435699463,40.59379196166992,85.84415531158447,113.66261577606201,10,FALSE,2026-03-11,18
Moloka'i,OA247,2026-03-29T17:08:59Z,21.13027778,-157.2961111,34.472,1.494,0.096,0.114,11.271,NA,SITE_0313,Kaluako‘i,Kona,Molokaʻi,1404.7,0,0,10.569284730595635,0.20387541495566255,5.0969648361206055,13.4,0.00882116798311472,0.19001813663635403,0.37832328936549814,78,NA,NA,FALSE,FALSE,FALSE,FALSE,128.01133721840876,FALSE,FALSE,-157.3,21.13,253.2406826019287,47.87983703613281,110.33341026306152,114.91161155700684,8,FALSE,2026-03-11,18
Lāna‘i,OA248,2026-04-02T04:52:00Z,20.73944444,-156.8941667,35.4,0.3742,0,0.1332,1.6457,0.7176,SITE_0041,Pālāwai,Lāhainā,Lānaʻi,NA,0,0,6.310147629362486,0.17454319076937272,10.108283996582031,18.7399999996026,0.02020805142819881,0.00239575188606977,NA,NA,NA,NA,FALSE,FALSE,FALSE,FALSE,144.895282315742,FALSE,FALSE,-156.89,20.74,174.5133514404297,29.227596282958984,59.45519256591797,80.37589073181152,9,FALSE,2026-03-13,20
Lāna‘i,OA249,2026-04-03T04:10:00Z,20.7341,-156.9374333,35.33,0.1426,0,0.0859,0.005,1.559,SITE_0037,Keāliaaupuni,Lāhainā,Lānaʻi,NA,0,0,99.29356349012326,0.1845658445758745,6.1399383544921875,9,0.01696723140776157,0,NA,NA,NA,NA,FALSE,FALSE,FALSE,TRUE,253.44269774919303,FALSE,FALSE,-156.94,20.73,173.63208198547363,32.446571350097656,58.53180980682373,81.116424560546875,9,FALSE,2026-03-13,21
Maui,OA25,2026-03-30T00:57:00Z,20.782384,-156.4640268,34.55,0.03,0,0.453,8.377,0.04,SITE_0080,Pūlehunui,Kula,Maui,473.9,1,1,94.26870620148658,5.657439616220654,3.6888697147369385,10.8333333333333,0.03128986805677414,0.5737554617226124,1.9328009637844312,135,NA,NA,TRUE,FALSE,TRUE,FALSE,12.05075502577741,FALSE,FALSE,-156.46,20.78,139.66704750061035,25.185184478759766,59.76542949676514,75.55555057525635,10,FALSE,2026-03-13,17
Lāna‘i,OA250,2026-04-03T03:44:00Z,20.74743333,-156.97925,35.32,0.1979,0,0.003,0.005,1.0472,SITE_0051,Kaunolū,Lāhainā,Lānaʻi,NA,0,0,130.28847503286215,0.2809390197364072,8.945828437805176,1.18666665256023,0.01262492220848798,0,NA,NA,NA,NA,FALSE,TRUE,FALSE,TRUE,538.3125024113458,FALSE,FALSE,-156.98,20.75,178.2690200805664,38.12482833862305,67.71844863891602,85.78086280822754,7,FALSE,2026-03-13,21
Moloka'i,OA251,2026-03-29T17:40:00Z,21.125,-157.2983333,34.445,1.055,0.108,0.092,7.021,NA,SITE_0311,Kaluako‘i,Kona,Molokaʻi,2013.4,0,0,10.44177949119312,0.1933559464486316,5.0969648361206055,13.4,0.00882116798311472,0.19001813663635403,0.37832328936549814,78,NA,NA,FALSE,FALSE,FALSE,FALSE,501.95781488318363,FALSE,FALSE,-157.3,21.12,253.2406826019287,47.87983703613281,110.33341026306152,114.91161155700684,8,FALSE,2026-03-11,18
O'ahu,OA252,2026-03-30T01:32:00Z,21.25777778,-157.8175,38.03,0.134,0,0.003,0.005,0.0905,SITE_0346,Waikīkī,Kona,Oʻahu,42.7,30,32,153.3242463235646,0.2775526076392307,13.575106620788574,4.60999999940395,0.3248221278190613,9.451926598558202e-5,5.4256459144925815,409,266.7165497896213,3.5381651801800422,FALSE,TRUE,FALSE,TRUE,6315.312210497431,FALSE,FALSE,-157.82,21.26,247.86857509613037,42.88594055175781,101.06719398498535,101.94695949554443,9,FALSE,2026-03-18,12
O'ahu,OA254,2026-03-30T00:40:00Z,21.2875,-157.8466667,35.06,0.3,0,0.276,1.098,0.206,SITE_0427,Waikīkī,Kona,Oʻahu,1475.7,0,0,113.2899237408436,0.3974336640280671,13.575106620788574,4.60999999940395,0.3248221278190613,9.451926598558202e-5,5.4256459144925815,409,266.7165497896213,3.5381651801800422,FALSE,FALSE,FALSE,FALSE,3384.332840154645,FALSE,FALSE,-157.85,21.29,229.63430309295654,46.83153533935547,94.66307067871094,101.46832656860352,8,FALSE,2026-03-11,19
O'ahu,OA255,2026-03-30T23:12:00Z,21.26638889,-157.7102778,34.53,0.264,0,0.153,5.263,0.04,SITE_0361,Maunalua,Kona,Oʻahu,778.9,0,1,39.288451226043534,0.11484260031279234,13.011834144592283,1.07333331306775,0.22234460711479187,0.00422320468351244,1.4529178927781965,44,NA,NA,FALSE,FALSE,TRUE,FALSE,2269.5382998855453,FALSE,FALSE,-157.71,21.27,299.1968460083008,83.09566497802734,125.64349746704102,113.45630645751953,6,FALSE,2026-03-18,12
O'ahu,OA256,2026-03-30T01:17:59Z,21.255,-157.8072222,34.44,0.03,0,0.155,0.813,0.04,SITE_0332,Waikīkī,Kona,Oʻahu,428.2,3,56,152.547070993671,0.12328738428128418,13.575106620788574,4.60999999940395,0.3248221278190613,9.451926598558202e-5,5.4256459144925815,409,266.7165497896213,3.5381651801800422,TRUE,FALSE,TRUE,FALSE,5460.1533112298,FALSE,FALSE,-157.81,21.25,247.86857509613037,42.88594055175781,101.06719398498535,101.94695949554443,9,FALSE,2026-03-18,12
O'ahu,OA257,2026-03-28T19:44:00Z,21.27108,-157.69673,37.62,3.914,0,0.2924,75.4232,2.6434,SITE_0370,Maunalua,Kona,Oʻahu,1709.2,0,0,9.181415991057156,0.12824465794779827,13.011834144592283,1.07333331306775,0.22234460711479187,0.00422320468351244,1.4529178927781965,44,NA,NA,FALSE,FALSE,FALSE,FALSE,2942.709124074611,FALSE,FALSE,-157.7,21.27,299.1968460083008,83.09566497802734,125.64349746704102,113.45630645751953,6,FALSE,2026-03-18,10
O'ahu,OA258,2026-03-28T18:42:00Z,21.31896,-157.67003,37.04,0.4841,0,0.1186,0.4349,0.6049,SITE_0471,Waimānalo,Koʻolaupoko,Oʻahu,633.5,0,9,114.0107985885805,0.10516755150677635,10.983854293823242,4.75,0.13318634033203125,0.07301303697749972,14.461485728371995,416,52.01903225806451,1.808347337989741,FALSE,FALSE,FALSE,FALSE,6298.348249162341,FALSE,FALSE,-157.67,21.32,663.2437725067139,145.96237182617188,292.9247341156006,291.9247341156006,7,FALSE,2026-03-13,15
O'ahu,OA259,2026-03-28T20:08:00Z,21.27909,-157.7441,24.31,23.5024,0,0.3573,16.127,1.1031,SITE_0390,Waikīkī,Kona,Oʻahu,1347.7,0,0,118.0430054129056,0.10556706520880108,13.575106620788574,4.60999999940395,0.3248221278190613,9.451926598558202e-5,5.4256459144925815,409,266.7165497896213,3.5381651801800422,FALSE,FALSE,FALSE,FALSE,674.8764496152581,FALSE,FALSE,-157.74,21.28,299.1968460083008,83.09566497802734,125.64349746704102,113.45630645751953,6,FALSE,2026-03-18,10
Maui,OA26,2026-03-29T20:46:59Z,20.71544083,-156.4465628,33.33,12.432,0,0.298,27.056,0.04,SITE_0030,Kamaʻole,Kula,Maui,80.8,1,96,56.14646977559678,0.189508976012934,8.28579044342041,151.666666666667,0.05891412124037742,0.22755710291676223,8.453957556986367,277,NA,NA,FALSE,FALSE,TRUE,FALSE,60.29361746887803,FALSE,FALSE,-156.45,20.72,139.47516632080078,33.76641845703125,60.09123229980469,75.97444152832031,10,FALSE,2026-03-14,15
O'ahu,OA260,2026-03-28T19:15:00Z,21.28546,-157.67242,37.92,0.1785,0,0.003,1.5421,0.2659,SITE_0424,Maunalua,Kona,Oʻahu,744.6,0,2,10.38349889919619,0.11649958118587408,13.011834144592283,1.07333331306775,0.22234460711479187,0.00422320468351244,1.4529178927781965,44,NA,NA,FALSE,TRUE,FALSE,FALSE,5079.423127806726,FALSE,FALSE,-157.67,21.29,302.9819669723511,72.1356430053711,118.59411334991455,117.59411334991455,7,FALSE,2026-03-22,6
O'ahu,OA261,2026-03-30T01:59:00Z,21.51543,-157.83638,31.1,9.76,0.123,0.183,24.412,0.04,SITE_0600,Kualoa 1,Koʻolaupoko,Oʻahu,286.3,9,15,9.000843521513595,0.1616715390230529,11.394539833068848,4.75,0.06099339574575424,0,6.076877818075187,9,NA,NA,FALSE,FALSE,TRUE,FALSE,3310.2862388047806,FALSE,FALSE,-157.84,21.52,650.327522277832,206.6681365966797,341.3253173828125,340.3253173828125,5,FALSE,2026-03-20,10
O'ahu,OA262,2026-03-30T02:14:00Z,21.50854,-157.83962,32.86,1.996,0,0.131,7.431,0.04,SITE_0598,Kualoa 1,Koʻolaupoko,Oʻahu,1116.8,0,0,43.51870892250618,0.33390488557028586,11.394539833068848,4.75,0.06099339574575424,0,6.076877818075187,9,NA,NA,FALSE,FALSE,TRUE,FALSE,3968.9532724748246,FALSE,FALSE,-157.84,21.51,650.327522277832,206.6681365966797,341.3253173828125,340.3253173828125,5,FALSE,2026-03-20,10
O'ahu,OA263,2026-03-30T02:55:00Z,21.49848,-157.85132,24.3,10.779,0.264,0.67,102.157,0.872,SITE_0597,Waikane,Koʻolaupoko,Oʻahu,19.3,29,44,13.614541980104011,0.14444624453484928,16.152069091796875,5.64999997615814,0.01746607385575771,0.00355018093250691,3.614783003369668,33,57.95161290322581,6.347954707286169,FALSE,FALSE,FALSE,FALSE,3490.949504556331,FALSE,FALSE,-157.85,21.5,696.1547546386719,212.83221435546875,377.90643310546875,376.90643310546875,5,FALSE,2026-03-20,10
O'ahu,OA264,2026-03-30T01:16:59Z,21.54508,-157.84554,28.71,9.569,0,0.293,81.58,0.04,SITE_0606,Kaʻaʻawa,Koʻolauloa,Oʻahu,84.7,33,76,10.872248098399355,0.14288313014030524,20.27684783935547,4.60999999940395,0.04028651863336563,0.00216841278597712,17.75970764307729,157,NA,NA,FALSE,FALSE,TRUE,FALSE,47.87682243190269,FALSE,FALSE,-157.85,21.55,552.1321449279785,161.7958221435547,284.6518783569336,309.4384117126465,6,FALSE,2026-03-20,10
O'ahu,OA266,2026-03-30T03:54:00Z,21.2575,-157.7963889,33.49,5.1743,0.074,0.8526,1.8358,0.4468,SITE_0344,Waikīkī,Kona,Oʻahu,8,120,148,120.81637217761846,0.5377311060674256,13.575106620788574,4.60999999940395,0.3248221278190613,9.451926598558202e-5,5.4256459144925815,409,266.7165497896213,3.5381651801800422,FALSE,FALSE,FALSE,FALSE,4331.257650392903,FALSE,FALSE,-157.8,21.26,247.86857509613037,42.88594055175781,101.06719398498535,101.94695949554443,9,FALSE,2026-03-18,12
O'ahu,OA267,2026-03-30T03:53:00Z,21.25722222,-157.7969444,33.549,3.482,<0.07,0.647,16.0624,0.04,SITE_0340,Waikīkī,Kona,Oʻahu,33.2,104,148,120.82842618610756,0.5908721339836484,13.575106620788574,4.60999999940395,0.3248221278190613,9.451926598558202e-5,5.4256459144925815,409,266.7165497896213,3.5381651801800422,FALSE,FALSE,TRUE,FALSE,4396.590114298514,FALSE,FALSE,-157.8,21.26,247.86857509613037,42.88594055175781,101.06719398498535,101.94695949554443,9,FALSE,2026-03-18,12
Lāna‘i,OA268,2026-04-03T03:44:00Z,20.74743333,-156.97925,35.5,0.1785,0,0.003,0.005,1.5899,SITE_0051,Kaunolū,Lāhainā,Lānaʻi,NA,0,0,130.28847503286215,0.2809390197364072,8.945828437805176,1.18666665256023,0.01262492220848798,0,NA,NA,NA,NA,FALSE,TRUE,FALSE,TRUE,538.3125024113458,FALSE,FALSE,-156.98,20.75,178.2690200805664,38.12482833862305,67.71844863891602,85.78086280822754,7,FALSE,2026-03-13,21
Lāna‘i,OA269,2026-04-08T01:41:00Z,20.74333333,-156.8875,35.52,0.6013,0,0.1255,5.3598,1.565,SITE_0045,Kamao,Lāhainā,Lānaʻi,NA,0,0,12.109309587553613,0.1281827252577059,11.369022369384766,4.60999999940395,0.00750425504520535,0,NA,NA,NA,NA,FALSE,FALSE,FALSE,FALSE,28.476613059780345,FALSE,FALSE,-156.89,20.74,174.5133514404297,29.227596282958984,59.45519256591797,80.37589073181152,9,FALSE,2026-03-13,26
Maui,OA27,2026-03-30T00:25:00Z,20.76461783,-156.459189,32.37,12.433,0.224,0.432,47.769,0.138,SITE_0068,Kaʻonoʻulu,Kula,Maui,1423.8,0,0,57.84261185423892,1.7454199446355925,7.874063014984131,151.666666666667,0.02498784288764,0.04601293429732323,3.558171840832242,83,NA,NA,FALSE,FALSE,FALSE,FALSE,104.75634224621399,FALSE,FALSE,-156.46,20.76,139.66704750061035,25.185184478759766,59.76542949676514,75.55555057525635,10,FALSE,2026-03-13,17
O'ahu,OA272,2026-03-29T04:41:00Z,21.33944444,-158.1269444,34.1,1.488,0,0.191,19.69,0.04,SITE_0485,Honouliuli,ʻEwa,Oʻahu,3432.2,0,0,157.3930723973132,0.2203032110147178,2.9219950735569,46.5,0.05591732760270437,0.03997392704089483,6.485308955617151,1153,27.7558064516129,0.15611880325326422,FALSE,FALSE,TRUE,FALSE,11049.5795909123,FALSE,TRUE,-158.13,21.34,256.6385974884033,67.08573913574219,125.28149890899658,139.81668663024902,7,FALSE,2026-03-20,9
O'ahu,OA274,2026-03-29T01:31:00Z,21.26111111,-157.7113889,37.34,0.0849,0,0.003,0.005,0.0971,SITE_0349,Maunalua,Kona,Oʻahu,394.8,1,1,110.4092035937758,1.4019097628640012,13.011834144592283,1.07333331306775,0.22234460711479187,0.00422320468351244,1.4529178927781965,44,NA,NA,FALSE,TRUE,FALSE,TRUE,2740.4109814852895,FALSE,FALSE,-157.71,21.26,299.1968460083008,83.09566497802734,125.64349746704102,113.45630645751953,6,FALSE,2026-03-18,11
O'ahu,OA275,2026-03-29T01:29:59Z,21.26111111,-157.7113889,36.47,0.1719,0,0.0701,2.3499,0.2193,SITE_0349,Maunalua,Kona,Oʻahu,394.8,1,1,110.4092035937758,1.4019097628640012,13.011834144592283,1.07333331306775,0.22234460711479187,0.00422320468351244,1.4529178927781965,44,NA,NA,FALSE,FALSE,FALSE,FALSE,2740.4109814852895,FALSE,FALSE,-157.71,21.26,299.1968460083008,83.09566497802734,125.64349746704102,113.45630645751953,6,FALSE,2026-03-18,11
O'ahu,OA276,2026-03-30T02:45:00Z,21.25762,-157.81768,37.34,0.6807,0,0.158,3.9221,0.2152,SITE_0345,Waikīkī,Kona,Oʻahu,44.9,30,32,153.3267655441323,0.22757890732235656,13.575106620788574,4.60999999940395,0.3248221278190613,9.451926598558202e-5,5.4256459144925815,409,266.7165497896213,3.5381651801800422,FALSE,FALSE,FALSE,FALSE,6339.073152560905,FALSE,FALSE,-157.82,21.26,247.86857509613037,42.88594055175781,101.06719398498535,101.94695949554443,9,FALSE,2026-03-18,12
O'ahu,OA277,2026-03-30T04:48:00Z,21.2961,-158.1035,37.32,0.1654,0,0.003,0.8228,0.1834,SITE_0447,Honouliuli,ʻEwa,Oʻahu,346.4,3,3,156.26303538183544,1.59268335490022,2.9219950735569,46.5,0.05591732760270437,0.03997392704089483,6.485308955617151,1153,27.7558064516129,0.15611880325326422,FALSE,TRUE,FALSE,FALSE,11150.972738821627,FALSE,TRUE,-158.1,21.3,256.6385974884033,67.08573913574219,125.28149890899658,139.81668663024902,7,FALSE,2026-03-20,10
O'ahu,OA278,2026-03-30T02:01:00Z,21.255,-157.8086111,37.76,0.1488,0,0.003,0.005,0.1919,SITE_0331,Waikīkī,Kona,Oʻahu,410.3,3,49,152.5651795090823,0.20281217579520308,13.575106620788574,4.60999999940395,0.3248221278190613,9.451926598558202e-5,5.4256459144925815,409,266.7165497896213,3.5381651801800422,FALSE,TRUE,FALSE,TRUE,5590.8772001226835,FALSE,FALSE,-157.81,21.25,247.86857509613037,42.88594055175781,101.06719398498535,101.94695949554443,9,FALSE,2026-03-18,12
Maui,OA28,2026-03-30T20:23:00Z,20.71153583,-156.4461158,31.35,23.058,0,0.377,53.899,0.04,SITE_0028,Kamaʻole,Kula,Maui,362.1,3,138,56.08267269910063,0.2125647500772029,8.28579044342041,151.666666666667,0.05891412124037742,0.22755710291676223,8.453957556986367,277,NA,NA,FALSE,FALSE,TRUE,FALSE,391.5492253414244,FALSE,FALSE,-156.45,20.71,139.47516632080078,33.76641845703125,60.09123229980469,75.97444152832031,10,FALSE,2026-03-14,16
O'ahu,OA280,2026-03-29T23:39:00Z,21.26138889,-157.7866667,37.51,4.8799,0,0.2073,1.1862,0.9083,SITE_0352,Waikīkī,Kona,Oʻahu,262.3,11,82,82.23684017716712,0.5183875889848111,13.575106620788574,4.60999999940395,0.3248221278190613,9.451926598558202e-5,5.4256459144925815,409,266.7165497896213,3.5381651801800422,FALSE,FALSE,FALSE,FALSE,3240.278946319208,FALSE,FALSE,-157.79,21.26,250.2705488204956,47.93560791015625,112.84975147247314,97.93272018432617,8,FALSE,2026-03-18,11
O'ahu,OA281,2026-03-30T02:37:00Z,21.385018,-157.710111,33.63,0.85,0,0.203,8.273,0.04,SITE_0508,Kailua,Koʻolaupoko,Oʻahu,664,0,1,119.5392293244726,0.22042543643679985,9.806928634643556,7.47499996423721,0.23000787198543549,0.00252578710205853,1.4184734471396867,65,56.27258064516129,1.2280178684182992,FALSE,FALSE,TRUE,FALSE,2124.100506608653,FALSE,FALSE,-157.71,21.39,1174.0900268554688,283.5859680175781,568.17193603515625,567.17193603515625,7,FALSE,2026-03-13,17
O'ahu,OA283,2026-03-30T04:25:00Z,21.2961,-158.1058,35.44,0.6006,0,0.0939,0.305,0.3544,SITE_0446,Honouliuli,ʻEwa,Oʻahu,268.8,3,3,150.1036628580485,0.11460329030979571,2.9219950735569,46.5,0.05591732760270437,0.03997392704089483,6.485308955617151,1153,27.7558064516129,0.15611880325326422,FALSE,FALSE,FALSE,FALSE,11329.566299331162,FALSE,TRUE,-158.11,21.3,256.6385974884033,67.08573913574219,125.28149890899658,139.81668663024902,7,FALSE,2026-03-20,10
O'ahu,OA284,2026-03-30T04:10:00Z,21.295833,-158.104167,34.591,1.227,0,0.077,7.138,0.843,SITE_0445,Honouliuli,ʻEwa,Oʻahu,333.6,3,3,155.86361405688993,0.1268806694789091,2.9219950735569,46.5,0.05591732760270437,0.03997392704089483,6.485308955617151,1153,27.7558064516129,0.15611880325326422,FALSE,FALSE,FALSE,FALSE,11222.218247637451,FALSE,TRUE,-158.1,21.3,256.6385974884033,67.08573913574219,125.28149890899658,139.81668663024902,7,FALSE,2026-03-20,10
O'ahu,OA285,2026-03-29T19:29:59Z,21.4425,-158.37222,36.4,3.2601,0,0.0969,11.8415,0.2036,SITE_0559,Open Ocean,Open Ocean,Oʻahu,15332.5,0,0,229.5781418217697,17.887820510195642,NA,NA,NA,NA,NA,NA,NA,NA,FALSE,FALSE,FALSE,FALSE,16333.984615353898,TRUE,TRUE,-158.37,21.44,NA,NA,NA,NA,0,TRUE,NA,NA
O'ahu,OA287,2026-03-30T20:00:00Z,21.45972222,-158.4083333,34.619,0.921,0,0.003,0.005,0.624,SITE_0582,Open Ocean,Open Ocean,Kauaʻi,18585.9,0,0,265.13307571762266,21.064605740981293,NA,NA,NA,NA,NA,NA,NA,NA,FALSE,TRUE,FALSE,TRUE,19196.59580716522,TRUE,TRUE,-158.41,21.46,NA,NA,NA,NA,0,TRUE,NA,NA
O'ahu,OA288,2026-03-30T16:00:00Z,21.44333333,-158.3711111,37.56,1.0223,0,0.1543,2.2557,0.5479,SITE_0563,Open Ocean,Open Ocean,Oʻahu,15195.8,0,0,229.54987009446043,17.744744176193333,NA,NA,NA,NA,NA,NA,NA,NA,FALSE,FALSE,FALSE,FALSE,16190.773314255486,TRUE,TRUE,-158.37,21.44,NA,NA,NA,NA,0,TRUE,NA,NA
Maui,OA29,2026-03-29T22:39:00Z,20.739792,-156.456671,30.17,2.995,0,0.252,54.628,0.04,SITE_0043,Kēōkea,Kula,Maui,178.7,4,49,24.259201960589422,0.1363043255228356,7.258582592010498,116.5,0.0419861376285553,0.04322354681789875,3.731943171691977,79,NA,NA,FALSE,FALSE,TRUE,FALSE,650.7724564263883,FALSE,FALSE,-156.46,20.74,139.47516632080078,33.76641845703125,60.09123229980469,75.97444152832031,10,FALSE,2026-03-14,15
O'ahu,OA290,2026-03-29T20:14:59Z,21.32614,-157.68235,36.52,0.2689,0,0.003,0.4406,0.278,SITE_0476,Waimānalo,Koʻolaupoko,Oʻahu,112.1,26,61,114.38295031469676,0.11723084288882092,10.983854293823242,4.75,0.13318634033203125,0.07301303697749972,14.461485728371995,416,52.01903225806451,1.808347337989741,FALSE,TRUE,FALSE,FALSE,5279.95380866225,FALSE,FALSE,-157.68,21.33,663.2437725067139,145.96237182617188,292.9247341156006,291.9247341156006,7,FALSE,2026-03-13,16
O'ahu,OA292,2026-03-28T18:37:00Z,21.41559,-158.17828,36.59,0.3658,0,0.003,1.3538,0.2676,SITE_0538,Waiʻanae,Waiʻanae,Oʻahu,576,0,7,164.2288536136564,17.840778100955546,10.24023723602295,4.60999999940395,0.11777771264314651,0.01638877330697141,5.504544479733275,831,95.92698553948831,0.6354204075918799,FALSE,TRUE,FALSE,FALSE,11259.32769945712,FALSE,TRUE,-158.18,21.42,249.5236301422119,70.43504333496094,118.45056629180908,132.1318874359131,7,FALSE,2026-03-20,8
O'ahu,OA293,2026-03-30T01:14:00Z,21.25611111,-157.8016667,38.5,0.2879,0,0.1135,10.949,0.1807,SITE_0336,Waikīkī,Kona,Oʻahu,39.8,47,118,120.92236136758282,0.8391378193167038,13.575106620788574,4.60999999940395,0.3248221278190613,9.451926598558202e-5,5.4256459144925815,409,266.7165497896213,3.5381651801800422,FALSE,FALSE,FALSE,FALSE,4888.0498260151035,FALSE,FALSE,-157.8,21.26,247.86857509613037,42.88594055175781,101.06719398498535,101.94695949554443,9,FALSE,2026-03-18,12
O'ahu,OA296,2026-03-29T01:54:00Z,21.405658,-157.739077,32.39,0.527,0,0.364,21.386,0.094,SITE_0529,Kailua,Koʻolaupoko,Oʻahu,604.3,0,1,85.31242262652304,0.1831867894991744,9.806928634643556,7.47499996423721,0.23000787198543549,0.00252578710205853,1.4184734471396867,65,56.27258064516129,1.2280178684182992,FALSE,FALSE,FALSE,FALSE,1657.9816122519458,FALSE,FALSE,-157.74,21.41,590.750129699707,148.92369079589844,258.4014358520508,286.00159454345703,7,FALSE,2026-03-20,9
O'ahu,OA297,2026-03-29T02:08:59Z,21.418648,-157.744207,32.18,0.488,0,0.28,25.801,0.163,SITE_0541,Kailua,Koʻolaupoko,Oʻahu,442.4,2,65,80.08383919884085,0.3218266251687892,9.806928634643556,7.47499996423721,0.23000787198543549,0.00252578710205853,1.4184734471396867,65,56.27258064516129,1.2280178684182992,FALSE,FALSE,FALSE,FALSE,784.9044872316185,FALSE,FALSE,-157.74,21.42,590.750129699707,148.92369079589844,258.4014358520508,286.00159454345703,7,FALSE,2026-03-20,9
O'ahu,OA298,2026-03-29T01:12:00Z,21.45099,-157.77782,34.01,0.767,0,1.4274,14.4512,5.6004,SITE_0569,Heʻeia,Koʻolaupoko,Oʻahu,2931.1,0,0,77.78417491539469,0.4897635920012954,7.829522967338562,6.82499998807907,0.28910722583532333,4.1361484909430146e-4,10.90783598040597,186,34.65774193548387,2.032478303674722,FALSE,FALSE,FALSE,FALSE,2920.4768592216165,FALSE,FALSE,-157.78,21.45,372.59765434265137,121.04624938964844,182.56937408447266,191.0282802581787,6,FALSE,2026-03-20,9
O'ahu,OA299,2026-03-29T19:29:59Z,21.46305556,-158.3930556,37.75,0.3382,0,0.003,0.005,0.9806,SITE_0586,Open Ocean,Open Ocean,Oʻahu,16967.8,0,0,229.46154055530135,17.11530014558696,NA,NA,NA,NA,NA,NA,NA,NA,FALSE,TRUE,FALSE,TRUE,17572.467918038696,TRUE,TRUE,-158.39,21.46,NA,NA,NA,NA,0,TRUE,NA,NA
O'ahu,OA3,2026-03-29T20:53:59Z,21.62898056,-158.07365,34.51,0.888,0,0.233,22.429,0.237,SITE_0645,Kapaeloa,Waialua,Oʻahu,34,76,85,90.09900325780166,0.15348698666132987,9.602567672729492,25.5,0.02714873291552066,0,10.898008765189765,85,NA,NA,FALSE,FALSE,FALSE,FALSE,1688.4915355905807,FALSE,FALSE,-158.07,21.63,287.53543853759766,78.56097412109375,138.48170471191406,157.1219482421875,7,FALSE,2026-03-13,16
Maui,OA30,2026-03-29T19:45:00Z,20.70220483,-156.445728,33.79,7.765,0,0.137,11.166,0.04,SITE_0024,Kamaʻole,Kula,Maui,141.5,32,84,54.186866610342975,0.3372245519761927,8.28579044342041,151.666666666667,0.05891412124037742,0.22755710291676223,8.453957556986367,277,NA,NA,FALSE,FALSE,TRUE,FALSE,782.0631276333486,FALSE,FALSE,-156.45,20.7,139.47516632080078,33.76641845703125,60.09123229980469,75.97444152832031,10,FALSE,2026-03-14,15
O'ahu,OA301,2026-03-30T02:08:00Z,21.40947,-157.7412,34.38,1.9526,0,0.089,2.267,0.3591,SITE_0532,Kailua,Koʻolaupoko,Oʻahu,1079.3,0,0,85.43162299109444,1.6443359320388264,9.806928634643556,7.47499996423721,0.23000787198543549,0.00252578710205853,1.4184734471396867,65,56.27258064516129,1.2280178684182992,FALSE,FALSE,FALSE,FALSE,1751.560416788288,FALSE,FALSE,-157.74,21.41,590.750129699707,148.92369079589844,258.4014358520508,286.00159454345703,7,FALSE,2026-03-20,10
O'ahu,OA302,2026-03-29T23:16:00Z,21.27934111,-157.8317628,37.68,0.7362,0,0.1307,5.6638,0.9539,SITE_0392,Waikīkī,Kona,Oʻahu,1223.4,0,0,6.090001566547566,0.22143228495535427,13.575106620788574,4.60999999940395,0.3248221278190613,9.451926598558202e-5,5.4256459144925815,409,266.7165497896213,3.5381651801800422,FALSE,FALSE,FALSE,FALSE,4971.576688139713,FALSE,FALSE,-157.83,21.28,247.86857509613037,42.88594055175781,101.06719398498535,101.94695949554443,9,FALSE,2026-03-18,11
Lāna‘i,OA305,2026-04-02T04:57:00Z,20.73805556,-156.8927778,35.48,0.4479,0,0.1386,1.2229,1.1863,SITE_0039,Pālāwai,Lāhainā,Lānaʻi,NA,0,0,4.756374072297152,0.1279209072429569,10.108283996582031,18.7399999996026,0.02020805142819881,0.00239575188606977,NA,NA,NA,NA,FALSE,FALSE,FALSE,FALSE,351.5189300778996,FALSE,FALSE,-156.89,20.74,174.5133514404297,29.227596282958984,59.45519256591797,80.37589073181152,9,FALSE,2026-03-13,20
Lāna‘i,OA306,2026-04-08T01:41:00Z,20.74333333,-156.8875,35.32,0.5279,0,0.1305,4.0586,1.5358,SITE_0045,Kamao,Lāhainā,Lānaʻi,NA,0,0,12.109309587553613,0.1281827252577059,11.369022369384766,4.60999999940395,0.00750425504520535,0,NA,NA,NA,NA,FALSE,FALSE,FALSE,FALSE,28.476613059780345,FALSE,FALSE,-156.89,20.74,174.5133514404297,29.227596282958984,59.45519256591797,80.37589073181152,9,FALSE,2026-03-13,26
Lāna‘i,OA307,2026-04-02T00:31:00Z,20.78668,-156.99229,35.59,0.2838,0,0.1177,0.005,0.9847,SITE_0087,Kamoku,Lāhainā,Lānaʻi,NA,0,0,155.02249734637243,0.31345848785775876,5.2209014892578125,5.75,0.04607902839779854,0.03222178481519222,NA,NA,NA,NA,FALSE,FALSE,FALSE,TRUE,297.5404128393423,FALSE,FALSE,-156.99,20.79,178.2690200805664,38.12482833862305,67.71844863891602,85.78086280822754,7,FALSE,2026-03-13,20
O'ahu,OA309,2026-03-28T18:56:00Z,21.32588,-157.68182,36.85,0.275,0,0.003,0.005,0.4787,SITE_0474,Waimānalo,Koʻolaupoko,Oʻahu,59.1,25,61,114.3848311347846,0.12779832652176265,10.983854293823242,4.75,0.13318634033203125,0.07301303697749972,14.461485728371995,416,52.01903225806451,1.808347337989741,FALSE,TRUE,FALSE,TRUE,5331.381071456794,FALSE,FALSE,-157.68,21.33,663.2437725067139,145.96237182617188,292.9247341156006,291.9247341156006,7,FALSE,2026-03-13,15
Maui,OA31,2026-03-29T23:57:00Z,20.74588583,-156.4575638,17.54,12.369,0,0.801,46.541,1.003,SITE_0049,Kēōkea,Kula,Maui,222.9,7,59,15.31328153777392,0.12634646479517686,7.258582592010498,116.5,0.0419861376285553,0.04322354681789875,3.731943171691977,79,NA,NA,FALSE,FALSE,FALSE,FALSE,24.03791055260361,FALSE,FALSE,-156.46,20.75,139.66704750061035,25.185184478759766,59.76542949676514,75.55555057525635,10,FALSE,2026-03-13,16
O'ahu,OA311,2026-03-29T03:12:00Z,21.3275,-158.1230556,34.55,0.03,0,0.112,3.228,0.04,SITE_0477,Honouliuli,ʻEwa,Oʻahu,3672.2,0,0,85.72293294524081,0.11915639722387396,2.9219950735569,46.5,0.05591732760270437,0.03997392704089483,6.485308955617151,1153,27.7558064516129,0.15611880325326422,TRUE,FALSE,TRUE,FALSE,11062.382506691585,FALSE,TRUE,-158.12,21.33,256.6385974884033,67.08573913574219,125.28149890899658,139.81668663024902,7,FALSE,2026-03-20,9
O'ahu,OA312,2026-03-29T01:38:00Z,21.26125,-157.78671,38.49,0.7265,0,0.2113,0.005,1.4791,SITE_0350,Waikīkī,Kona,Oʻahu,278.3,11,86,82.27974071803074,0.6110551230080091,13.575106620788574,4.60999999940395,0.3248221278190613,9.451926598558202e-5,5.4256459144925815,409,266.7165497896213,3.5381651801800422,FALSE,FALSE,FALSE,TRUE,3251.871751852541,FALSE,FALSE,-157.79,21.26,250.2705488204956,47.93560791015625,112.84975147247314,97.93272018432617,8,FALSE,2026-03-18,11
O'ahu,OA315,2026-03-28T21:31:59Z,21.67111111,-158.045,38.2,1.2412,0,0.2856,0.2071,1.6451,SITE_0673,Paumalū,Koʻolauloa,Oʻahu,30.7,69,129,123.00123591250671,0.7480491981519812,10.604402542114258,10.073333332936,0.04385028406977653,8.556274697184563e-4,18.150725673674177,163,NA,NA,FALSE,FALSE,FALSE,FALSE,1166.3791435336168,FALSE,FALSE,-158.04,21.67,375.33173847198486,118.12982177734375,190.00771713256836,224.95324039459229,7,FALSE,2026-03-13,15
O'ahu,OA316,2026-03-29T18:56:00Z,21.6472186,-157.9175599,37.77,3.0031,0,0.2555,8.6293,3.469,SITE_0652,Lāʻiewai,Koʻolauloa,Oʻahu,53.9,68,99,24.623398812846848,0.12228324990486726,10.067485809326172,15,0.06726262718439102,0.02581210993230343,7.070317454220856,97,NA,NA,FALSE,FALSE,FALSE,FALSE,1450.146906294246,FALSE,FALSE,-157.92,21.65,449.1491551399231,123.49539184570313,227.40822219848633,254.2704472541809,7,FALSE,2026-03-13,16
O'ahu,OA319,2026-03-30T04:00:00Z,21.405,-157.7383333,33.529,0.5939,0,0.28,19.0673,0.4927,SITE_0527,Kailua,Koʻolaupoko,Oʻahu,502.2,0,2,85.39802065145253,0.7605972561966872,9.806928634643556,7.47499996423721,0.23000787198543549,0.00252578710205853,1.4184734471396867,65,56.27258064516129,1.2280178684182992,FALSE,FALSE,FALSE,FALSE,1553.809719885943,FALSE,FALSE,-157.74,21.41,590.750129699707,148.92369079589844,258.4014358520508,286.00159454345703,7,FALSE,2026-03-20,10
Maui,OA32,2026-03-29T17:14:59Z,20.90972222,-156.4252778,33.43,9.201,0.082,0.344,38.473,0.04,SITE_0162,Wailuku,Pūʻali Komohana,Maui,122,17,17,125.7575102590544,1.5676077187042683,8.111989974975586,92,0.13595305383205414,0.4264885485172272,5.070305495307585,578,547.38,4.801702114224019,FALSE,FALSE,TRUE,FALSE,3311.258729208738,FALSE,FALSE,-156.43,20.91,224.8839349746704,40.979190826416016,93.20318031311035,133.18237209320068,9,FALSE,2026-03-14,15
O'ahu,OA320,2026-03-30T04:23:59Z,21.39805556,-157.7269444,33.169,0.3473,0,0.4417,11.0308,0.1343,SITE_0524,Kailua,Koʻolaupoko,Oʻahu,463.4,1,2,79.73591354619865,0.10572866875014748,9.806928634643556,7.47499996423721,0.23000787198543549,0.00252578710205853,1.4184734471396867,65,56.27258064516129,1.2280178684182992,FALSE,FALSE,FALSE,FALSE,146.7417703476211,FALSE,FALSE,-157.73,21.4,590.750129699707,148.92369079589844,258.4014358520508,286.00159454345703,7,FALSE,2026-03-20,10
O'ahu,OA321,2026-03-28T21:43:00Z,21.66472222,-158.0522222,35.509,1.0474,0,0.0721,2.4517,0.04,SITE_0669,Pūpūkea,Koʻolauloa,Oʻahu,77.4,30,87,123.29850746457984,0.940313750969261,7.717748165130615,25.5,0.11467483639717102,0.00534466188400983,53.962727779483345,446,NA,NA,FALSE,FALSE,TRUE,FALSE,396.7995788797777,FALSE,FALSE,-158.05,21.66,343.71367835998535,99.01165771484375,159.41865348815918,198.02331733703613,7,FALSE,2026-03-13,15
O'ahu,OA323,2026-03-28T23:44:00Z,21.61333333,-158.0947222,33.755,3.652,0.077,0.192,45.257,0.866,SITE_0638,Lauhulu,Waialua,Oʻahu,132.6,14,22,123.939601404373,0.1255213557720417,7.739075183868408,15.4300003051758,0.03899748250842094,0.12413184810429811,0.6317298574542622,8,NA,NA,FALSE,FALSE,FALSE,FALSE,2105.8735452378555,FALSE,FALSE,-158.09,21.61,287.53543853759766,78.56097412109375,138.48170471191406,157.1219482421875,7,FALSE,2026-03-13,15
O'ahu,OA324,2026-03-28T22:04:00Z,21.65527778,-158.0616667,35.649,0.9185,0,0.003,4.2086,0.04,SITE_0664,Pūpūkea,Koʻolauloa,Oʻahu,105.2,70,144,51.64240926422785,0.10469101992296057,7.717748165130615,25.5,0.11467483639717102,0.00534466188400983,53.962727779483345,446,NA,NA,FALSE,TRUE,TRUE,FALSE,438.33600322034073,FALSE,FALSE,-158.06,21.66,343.71367835998535,99.01165771484375,159.41865348815918,198.02331733703613,7,FALSE,2026-03-13,15
O'ahu,OA325,2026-03-29T00:15:00Z,21.59083333,-158.1105556,31.969,19.0065,0.0787,0.8777,114.8437,0.4414,SITE_0630,Paʻalaʻa,Waialua,Oʻahu,92.9,132,218,125.73430201713803,0.5634555925042637,7.677298545837402,25.5,0.03116958402097225,0.1818698518036399,3.257946830828341,209,NA,NA,FALSE,FALSE,FALSE,FALSE,883.0822938890051,FALSE,FALSE,-158.11,21.59,336.1647720336914,114.31118774414063,164.3332004547119,183.74985122680664,6,FALSE,2026-03-20,9
O'ahu,OA326,2026-03-28T23:00:00Z,21.64583333,-158.0638889,35.419,2.0868,0,0.1084,9.0663,0.1526,SITE_0651,Pūpūkea,Koʻolauloa,Oʻahu,74,29,97,115.71787564802982,0.11645721546474529,7.717748165130615,25.5,0.11467483639717102,0.00534466188400983,53.962727779483345,446,NA,NA,FALSE,FALSE,FALSE,FALSE,523.5813293310916,FALSE,FALSE,-158.06,21.65,343.71367835998535,99.01165771484375,159.41865348815918,198.02331733703613,7,FALSE,2026-03-13,15
O'ahu,OA327,2026-03-29T01:51:00Z,21.57888889,-158.2322222,35.759,0.8276,0,0.0963,2.4669,0.1073,SITE_0617,Kaʻena,Waialua,Oʻahu,141.5,1,1,117.78140329631226,0.4898402131993789,14.76944351196289,9.30499999970198,0.02335343509912491,2.647323526616674e-5,0.07534504518934515,1,NA,NA,FALSE,FALSE,FALSE,FALSE,3902.942229256204,FALSE,FALSE,-158.23,21.58,223.72959327697754,66.6822280883789,112.13704299926758,112.59255027770996,7,FALSE,2026-03-20,9
O'ahu,OA328,2026-03-28T21:02:00Z,21.68444444,-158.0313889,35.779,0.2774,0,0.003,2.5145,0.7668,SITE_0683,Waialeʻe,Koʻolauloa,Oʻahu,174.2,40,183,150.10980314760832,0.10210750236522698,7.481982231140137,5.64999997615814,0.03525610268115997,2.4429141194559634e-4,1.2852031352589195,4,NA,NA,FALSE,TRUE,FALSE,FALSE,3173.042562909415,FALSE,FALSE,-158.03,21.68,375.33173847198486,118.12982177734375,190.00771713256836,224.95324039459229,7,FALSE,2026-03-13,15
Maui,OA33,2026-03-29T23:12:00Z,20.90444444,-156.6861111,33.91,1.758,0,0.262,23.307,0.04,SITE_0157,Wahikuli,Lāhainā,Maui,533.3,0,174,12.965662224112064,0.1253275419417769,9.090831756591797,13.4,0.06268250197172165,4.726367478724569e-6,26.5653021286658,259,NA,NA,FALSE,FALSE,TRUE,FALSE,1016.4713472409038,FALSE,FALSE,-156.69,20.9,151.02824687957764,33.221351623535156,60.798434257507324,73.08697605133057,10,FALSE,2026-03-14,15
O'ahu,OA331,2026-03-29T04:53:00Z,21.581666,-158.195,34.989,3.6251,0,0.0946,7.4826,0.04,SITE_0620,Kawaihāpai,Waialua,Oʻahu,399.1,1,1,6.843067106504635,0.10568831394938752,11.347393989562988,5.64999997615814,0.02650664187967777,0.09367699176073074,NA,NA,NA,NA,FALSE,FALSE,TRUE,FALSE,66.37669857679148,FALSE,FALSE,-158.2,21.58,223.72959327697754,66.6822280883789,112.13704299926758,112.59255027770996,7,FALSE,2026-03-20,9
O'ahu,OA332,2026-03-29T04:55:00Z,21.5828,-158.1897,35.319,0.4404,0,0.003,2.2918,0.04,SITE_0625,Kawaihāpai,Waialua,Oʻahu,958.1,0,3,157.0748679530229,4.433437765213777,11.347393989562988,5.64999997615814,0.02650664187967777,0.09367699176073074,NA,NA,NA,NA,FALSE,TRUE,TRUE,FALSE,497.06995620047525,FALSE,FALSE,-158.19,21.58,324.9515151977539,101.7641830444336,173.05994415283203,189.26593780517578,6,FALSE,2026-03-20,9
O'ahu,OA333,2026-03-29T04:51:00Z,21.5822,-158.1931,34.789,11.3295,0,0.378,12.0896,0.04,SITE_0622,Kawaihāpai,Waialua,Oʻahu,600.3,0,1,119.18803343012924,0.9877888136483962,11.347393989562988,5.64999997615814,0.02650664187967777,0.09367699176073074,NA,NA,NA,NA,FALSE,FALSE,TRUE,FALSE,140.76923947774043,FALSE,FALSE,-158.19,21.58,324.9515151977539,101.7641830444336,173.05994415283203,189.26593780517578,6,FALSE,2026-03-20,9
O'ahu,OA334,2026-03-29T04:57:00Z,21.5817,-158.1944,34.849,2.0222,0,0.1036,7.022,0.04,SITE_0621,Kawaihāpai,Waialua,Oʻahu,461.3,1,1,44.336753636737825,0.13511188581479852,11.347393989562988,5.64999997615814,0.02650664187967777,0.09367699176073074,NA,NA,NA,NA,FALSE,FALSE,TRUE,FALSE,4.930827108352004,FALSE,FALSE,-158.19,21.58,324.9515151977539,101.7641830444336,173.05994415283203,189.26593780517578,6,FALSE,2026-03-20,9
O'ahu,OA336,2026-03-28T21:12:59Z,21.68083333,-158.0380556,35.839,0.3953,0,0.003,1.2887,0.4152,SITE_0679,Paumalū,Koʻolauloa,Oʻahu,91.7,133,225,161.80928590332277,10.003454107455676,10.604402542114258,10.073333332936,0.04385028406977653,8.556274697184563e-4,18.150725673674177,163,NA,NA,FALSE,TRUE,FALSE,FALSE,2455.4572547504176,FALSE,FALSE,-158.04,21.68,375.33173847198486,118.12982177734375,190.00771713256836,224.95324039459229,7,FALSE,2026-03-13,15
O'ahu,OA337,2026-03-28T20:14:59Z,21.70527778,-157.9930556,13.28,0.473,0,0.0966,4.8116,0.1795,SITE_0701,ʻŌiʻo 2,Koʻolauloa,Oʻahu,494.3,1,2,82.57151259615313,0.10202567607239232,8.473483085632324,3.83999998370806,0.07333673536777496,0.04685245454311371,0.662939234223262,2,NA,NA,FALSE,FALSE,FALSE,FALSE,4685.593662119343,FALSE,FALSE,-157.99,21.71,430.2855911254883,128.370849609375,202.72562789916992,238.40301895141602,6,FALSE,2026-03-13,15
O'ahu,OA338,2026-03-28T22:26:00Z,21.65277778,-158.0613889,5.8,67.443,0.38,4.2606,493.2083,0.04,SITE_0661,Pūpūkea,Koʻolauloa,Oʻahu,6.4,79,170,14.81133917545044,0.1732381684089778,7.717748165130615,25.5,0.11467483639717102,0.00534466188400983,53.962727779483345,446,NA,NA,FALSE,FALSE,TRUE,FALSE,320.5978382747228,FALSE,FALSE,-158.06,21.65,343.71367835998535,99.01165771484375,159.41865348815918,198.02331733703613,7,FALSE,2026-03-13,15
Maui,OA34,2026-03-29T17:27:59Z,20.92222222,-156.3741667,32.88,14.468,0,0.441,50.585,0.04,SITE_0187,Hāmākuapoko,Hāmākuapoko,Maui,420.1,4,8,91.58736859948483,0.44042609974357866,3.7008700370788574,6.76666665077209,0.05650991946458816,0.678783655166626,1.5270638414062103,38,NA,NA,FALSE,FALSE,TRUE,FALSE,993.7734371737005,FALSE,FALSE,-156.37,20.92,232.54151058197021,41.80623245239258,105.51558113098145,135.87025547027588,9,FALSE,2026-03-13,16
O'ahu,OA340,2026-03-29T22:57:00Z,21.37694444,-158.1425,38.07,0.584,0,0.1948,2.8462,0.04,SITE_0506,Nānākuli,Waiʻanae,Oʻahu,184.7,23,53,10.668452112480187,0.100806344462625,17.29973030090332,9,0.075663723051548,0,6.847558920559242,96,NA,NA,FALSE,FALSE,TRUE,FALSE,12428.487661099502,FALSE,TRUE,-158.14,21.38,240.97568130493164,62.362674713134766,122.81146240234375,137.03789520263672,7,FALSE,2026-03-20,9
O'ahu,OA341,2026-03-29T19:35:00Z,21.255,-157.8066667,34.65,0.628,0,0.003,0.0924,0.1907,SITE_0333,Waikīkī,Kona,Oʻahu,373.7,8,61,152.4125452953997,0.1823551729164319,13.575106620788574,4.60999999940395,0.3248221278190613,9.451926598558202e-5,5.4256459144925815,409,266.7165497896213,3.5381651801800422,FALSE,TRUE,FALSE,FALSE,5408.059947075764,FALSE,FALSE,-157.81,21.25,247.86857509613037,42.88594055175781,101.06719398498535,101.94695949554443,9,FALSE,2026-03-18,11
O'ahu,OA342,2026-03-29T00:38:00Z,21.26644,-157.71021,34.47,0.538,0,0.003,4.8134,0.04,SITE_0362,Maunalua,Kona,Oʻahu,782.1,0,1,39.27746665612282,0.10431737172326724,13.011834144592283,1.07333331306775,0.22234460711479187,0.00422320468351244,1.4529178927781965,44,NA,NA,FALSE,TRUE,TRUE,FALSE,2268.3258447588205,FALSE,FALSE,-157.71,21.27,299.1968460083008,83.09566497802734,125.64349746704102,113.45630645751953,6,FALSE,2026-03-18,11
O'ahu,OA343,2026-03-29T19:49:59Z,21.27111111,-157.8227778,13.21,1.155,0,0.076,0.2791,0.2817,SITE_0372,Waikīkī,Kona,Oʻahu,1209.9,0,0,80.66682571052355,0.13284515235712752,13.575106620788574,4.60999999940395,0.3248221278190613,9.451926598558202e-5,5.4256459144925815,409,266.7165497896213,3.5381651801800422,FALSE,FALSE,FALSE,FALSE,6264.265733806392,FALSE,FALSE,-157.82,21.27,247.86857509613037,42.88594055175781,101.06719398498535,101.94695949554443,9,FALSE,2026-03-18,11
O'ahu,OA345,2026-03-29T04:55:00Z,21.5817,-158.1944,33.9,2.378,0,0.1206,8.476,0.1805,SITE_0621,Kawaihāpai,Waialua,Oʻahu,461.3,1,1,44.336753636737825,0.13511188581479852,11.347393989562988,5.64999997615814,0.02650664187967777,0.09367699176073074,NA,NA,NA,NA,FALSE,FALSE,FALSE,FALSE,4.930827108352004,FALSE,FALSE,-158.19,21.58,324.9515151977539,101.7641830444336,173.05994415283203,189.26593780517578,6,FALSE,2026-03-20,9
O'ahu,OA346,2026-03-29T04:55:00Z,21.5828,-158.1897,24.25,0.57,0,0.1038,3.1117,0.04,SITE_0625,Kawaihāpai,Waialua,Oʻahu,958.1,0,3,157.0748679530229,4.433437765213777,11.347393989562988,5.64999997615814,0.02650664187967777,0.09367699176073074,NA,NA,NA,NA,FALSE,FALSE,TRUE,FALSE,497.06995620047525,FALSE,FALSE,-158.19,21.58,324.9515151977539,101.7641830444336,173.05994415283203,189.26593780517578,6,FALSE,2026-03-20,9
O'ahu,OA347,2026-03-29T04:54:00Z,21.581666,-158.195,34.11,2.437,0,0.1312,7.6242,0.1082,SITE_0620,Kawaihāpai,Waialua,Oʻahu,399.1,1,1,6.843067106504635,0.10568831394938752,11.347393989562988,5.64999997615814,0.02650664187967777,0.09367699176073074,NA,NA,NA,NA,FALSE,FALSE,FALSE,FALSE,66.37669857679148,FALSE,FALSE,-158.2,21.58,223.72959327697754,66.6822280883789,112.13704299926758,112.59255027770996,7,FALSE,2026-03-20,9
O'ahu,OA348,2026-03-29T03:30:00Z,21.583423,-158.140584,31.64,145.722,0.136,0.275,32.938,0.04,SITE_0627,Mokulēʻia 1,Waialua,Oʻahu,57.5,77,120,87.79403072255528,0.14934853445540647,13.448681831359863,5.64999997615814,0.02993981167674064,0.22307254374027252,9.304120900856873,105,NA,NA,FALSE,FALSE,TRUE,FALSE,2159.066376481,FALSE,FALSE,-158.14,21.58,336.1647720336914,114.31118774414063,164.3332004547119,183.74985122680664,6,FALSE,2026-03-20,9
O'ahu,OA349,2026-03-29T04:53:00Z,21.5822,-158.1931,34.13,7.022,0,0.1126,9.9475,0.1316,SITE_0622,Kawaihāpai,Waialua,Oʻahu,600.3,0,1,119.18803343012924,0.9877888136483962,11.347393989562988,5.64999997615814,0.02650664187967777,0.09367699176073074,NA,NA,NA,NA,FALSE,FALSE,FALSE,FALSE,140.76923947774043,FALSE,FALSE,-158.19,21.58,324.9515151977539,101.7641830444336,173.05994415283203,189.26593780517578,6,FALSE,2026-03-20,9
Maui,OA35,2026-03-29T19:04:59Z,20.707777,-156.446189,22.57,60.651,0.158,0.984,NA,0.957,SITE_0027,Kamaʻole,Kula,Maui,276.9,35,88,54.31269714864457,0.21289516005991027,8.28579044342041,151.666666666667,0.05891412124037742,0.22755710291676223,8.453957556986367,277,NA,NA,FALSE,FALSE,FALSE,FALSE,807.3657943032449,FALSE,FALSE,-156.45,20.71,139.47516632080078,33.76641845703125,60.09123229980469,75.97444152832031,10,FALSE,2026-03-14,15
O'ahu,OA350,2026-03-29T21:40:00Z,21.26361,-157.822,20.66,1.251,0,0.1329,0.5944,0.1152,SITE_0358,Waikīkī,Kona,Oʻahu,585.9,0,24,113.2099854974316,0.13410860409715675,13.575106620788574,4.60999999940395,0.3248221278190613,9.451926598558202e-5,5.4256459144925815,409,266.7165497896213,3.5381651801800422,FALSE,FALSE,FALSE,FALSE,6560.7644311333215,FALSE,FALSE,-157.82,21.26,247.86857509613037,42.88594055175781,101.06719398498535,101.94695949554443,9,FALSE,2026-03-18,11
O'ahu,OA351,2026-03-29T22:36:59Z,21.35972222,-158.1319444,34.74,0.501,0,0.1074,6.0149,0.3149,SITE_0495,Honouliuli,ʻEwa,Oʻahu,1132,0,0,123.43974404061277,6.400100225005243,2.9219950735569,46.5,0.05591732760270437,0.03997392704089483,6.485308955617151,1153,27.7558064516129,0.15611880325326422,FALSE,FALSE,FALSE,FALSE,11251.52187927244,FALSE,TRUE,-158.13,21.36,240.97568130493164,62.362674713134766,122.81146240234375,137.03789520263672,7,FALSE,2026-03-20,9
O'ahu,OA352,2026-03-29T00:57:59Z,21.300441,-158.111408,34.68,0.361,0,0.003,0.6343,0.1541,SITE_0453,Honouliuli,ʻEwa,Oʻahu,618.5,0,3,159.55660548473605,0.16553838808133706,2.9219950735569,46.5,0.05591732760270437,0.03997392704089483,6.485308955617151,1153,27.7558064516129,0.15611880325326422,FALSE,TRUE,FALSE,FALSE,11475.79166134097,FALSE,TRUE,-158.11,21.3,256.6385974884033,67.08573913574219,125.28149890899658,139.81668663024902,7,FALSE,2026-03-20,9
O'ahu,OA353,2026-03-29T21:55:00Z,21.2575,-157.817,34.51,0.574,0,0.003,1.9663,0.04,SITE_0343,Waikīkī,Kona,Oʻahu,34.7,31,32,153.29880917064196,0.3655385927136018,13.575106620788574,4.60999999940395,0.3248221278190613,9.451926598558202e-5,5.4256459144925815,409,266.7165497896213,3.5381651801800422,FALSE,TRUE,TRUE,FALSE,6278.356351602545,FALSE,FALSE,-157.82,21.26,247.86857509613037,42.88594055175781,101.06719398498535,101.94695949554443,9,FALSE,2026-03-18,11
O'ahu,OA354,2026-03-30T00:51:59Z,21.28111,-157.678,34.81,1.648,0,0.1131,3.2421,0.1523,SITE_0397,Maunalua,Kona,Oʻahu,1289.8,0,0,114.2594059004676,1.4508887253684184,13.011834144592283,1.07333331306775,0.22234460711479187,0.00422320468351244,1.4529178927781965,44,NA,NA,FALSE,FALSE,FALSE,FALSE,4528.134039554106,FALSE,FALSE,-157.68,21.28,302.9819669723511,72.1356430053711,118.59411334991455,117.59411334991455,7,FALSE,2026-03-22,8
O'ahu,OA355,2026-03-30T07:44:00Z,21.283889,-157.8472,34.89,1.265,0,0.1435,2.7148,0.1514,SITE_0419,Waikīkī,Kona,Oʻahu,1659.1,0,0,149.35520164763304,0.818727081167046,13.575106620788574,4.60999999940395,0.3248221278190613,9.451926598558202e-5,5.4256459144925815,409,266.7165497896213,3.5381651801800422,FALSE,FALSE,FALSE,FALSE,3726.93130344216,FALSE,FALSE,-157.85,21.28,229.63430309295654,46.83153533935547,94.66307067871094,101.46832656860352,8,FALSE,2026-03-11,19
O'ahu,OA356,2026-03-30T00:53:00Z,21.28194,-157.678,34.53,3.801,0,0.1072,6.3937,0.04,SITE_0405,Maunalua,Kona,Oʻahu,1203.8,0,0,39.19053223035222,0.11571888638380914,13.011834144592283,1.07333331306775,0.22234460711479187,0.00422320468351244,1.4529178927781965,44,NA,NA,FALSE,FALSE,TRUE,FALSE,4522.634204241948,FALSE,FALSE,-157.68,21.28,302.9819669723511,72.1356430053711,118.59411334991455,117.59411334991455,7,FALSE,2026-03-22,8
O'ahu,OA357,2026-03-30T03:48:00Z,21.37166667,-157.9358333,33.92,2.364,0.0908,0.093,14.0994,0.4634,SITE_0503,Hālawa,ʻEwa,Oʻahu,436.2,1,2,6.275213490364435,0.2862631426686421,6.181783169507981,8,0.5798628628253937,0,0.28437044732313166,10,99.85709677419354,1.4332126596138532,FALSE,FALSE,FALSE,FALSE,447.16847500512785,FALSE,FALSE,-157.94,21.37,357.01317977905273,91.56807708740234,168.87480640411377,183.13615226745605,7,FALSE,2026-03-11,19
O'ahu,OA358,2026-03-28T22:44:00Z,21.29055556,-157.8611111,34.472,NA,NA,NA,NA,NA,SITE_0437,Honolulu,Kona,Oʻahu,925,0,1,150.1693936586369,0.6765929009988904,12.08728313446045,4.60999999940395,0.33621343970298767,0,11.68595542825743,393,NA,NA,FALSE,FALSE,FALSE,FALSE,2546.1841051797182,FALSE,FALSE,-157.86,21.29,229.63430309295654,46.83153533935547,94.66307067871094,101.46832656860352,8,FALSE,2026-03-11,17
O'ahu,OA359,2026-03-30T01:31:00Z,21.31667,-157.664,33.66,0.343,0,0.003,0.3026,0.04,SITE_0467,Waimānalo,Koʻolaupoko,Oʻahu,1147.2,0,0,114.60343508478913,0.1219429200286337,10.983854293823242,4.75,0.13318634033203125,0.07301303697749972,14.461485728371995,416,52.01903225806451,1.808347337989741,FALSE,TRUE,TRUE,FALSE,6712.955384139348,FALSE,FALSE,-157.66,21.32,663.2437725067139,145.96237182617188,292.9247341156006,291.9247341156006,7,FALSE,2026-03-13,17
Maui,OA36,2026-03-29T17:40:00Z,20.93638889,-156.3391667,15.8,20.738,1.602,0.201,NA,9.678,SITE_0204,Haʻikū,Hāmākualoa,Maui,680.5,0,4,48.86941555136045,0.11454720022699812,6.460170269012451,6.07333333293597,0.067351795732975,0.31441986560821533,24.27672388052302,517,NA,NA,FALSE,FALSE,FALSE,FALSE,101.66501390256349,FALSE,FALSE,-156.34,20.94,358.39110946655273,65.371337890625,143.8593978881836,204.08485412597656,9,FALSE,2026-03-19,10
O'ahu,OA360,2026-03-30T00:19:59Z,21.28417,-157.721,33.87,1.481,0,0.0718,16.2107,0.8296,SITE_0420,Kuliʻouʻou,Kona,Oʻahu,386.6,1,3,77.64914810609116,0.1865857301929054,19.803966522216797,28,0.13651075959205627,0,0.2281225543490067,1,NA,NA,FALSE,FALSE,FALSE,FALSE,60.00011440024314,FALSE,FALSE,-157.72,21.28,299.1968460083008,83.09566497802734,125.64349746704102,113.45630645751953,6,FALSE,2026-03-18,12
O'ahu,OA361,2026-03-29T01:28:00Z,21.35416667,-158.1305556,33.24,0.611,0,0.003,0.9677,0.04,SITE_0491,Honouliuli,ʻEwa,Oʻahu,1761.9,0,0,156.14743313283662,0.12400821864244672,2.9219950735569,46.5,0.05591732760270437,0.03997392704089483,6.485308955617151,1153,27.7558064516129,0.15611880325326422,FALSE,TRUE,TRUE,FALSE,11147.378087582072,FALSE,TRUE,-158.13,21.35,240.97568130493164,62.362674713134766,122.81146240234375,137.03789520263672,7,FALSE,2026-03-20,9
O'ahu,OA362,2026-03-30T00:19:59Z,21.31888889,-157.9752778,33.38,0.848,0,0.003,9.9149,0.2115,SITE_0469,Honouliuli,ʻEwa,Oʻahu,2373.2,0,0,78.13980912341107,0.1079764152176913,2.9219950735569,46.5,0.05591732760270437,0.03997392704089483,6.485308955617151,1153,27.7558064516129,0.15611880325326422,FALSE,TRUE,FALSE,FALSE,6721.823201248825,FALSE,FALSE,-157.98,21.32,202.9013957977295,54.7688102722168,92.2813491821289,96.28593444824219,7,FALSE,2026-03-20,10
O'ahu,OA363,2026-03-30T06:37:00Z,21.454,-157.818,23.17,9.673,0.12,1.179,13.248,0.04,SITE_0575,Kahaluʻu,Koʻolaupoko,Oʻahu,233.3,19,21,80.95886925878199,0.2345669852703577,14.519304275512695,12.6499999761581,0.16553421318531036,0.01491424534469842,27.00060006709426,266,12.802903225806451,0.4200849862337652,FALSE,FALSE,TRUE,FALSE,2063.1092448114605,FALSE,FALSE,-157.82,21.45,717.2883605957031,237.7274932861328,357.5912399291992,360.6971206665039,6,FALSE,2026-03-20,10
O'ahu,OA364,2026-03-30T02:50:00Z,21.30611111,-158.0277778,33.24,2.4711,0,0.3493,3.9942,0.0829,SITE_0454,Honouliuli,ʻEwa,Oʻahu,1529.7,0,0,124.51357225868016,0.1612693316914374,2.9219950735569,46.5,0.05591732760270437,0.03997392704089483,6.485308955617151,1153,27.7558064516129,0.15611880325326422,FALSE,FALSE,FALSE,FALSE,6356.515929262191,FALSE,FALSE,-158.03,21.31,248.62874603271484,96.00199127197266,119.69581890106201,130.5654010772705,6,FALSE,2026-03-20,10
O'ahu,OA367,2026-03-29T20:21:00Z,21.489,-158.23014,34.947,0.712,0,0.201,2.166,1.707,SITE_0596,Keaʻau,Waiʻanae,Oʻahu,203,4,46,123.0604626792139,0.7337768301633186,21.776742935180664,9,0.0144162056967616,0,0.783930282569431,6,NA,NA,FALSE,FALSE,FALSE,FALSE,1803.2329693198021,FALSE,FALSE,-158.23,21.49,246.47443008422852,59.63092803955078,120.2618579864502,134.1695899963379,7,FALSE,2026-03-11,18
O'ahu,OA369,2026-03-29T19:19:00Z,21.47803,-158.22237,34.22,0.9272,0,0.2944,12.9251,0.7213,SITE_0591,Mākaha,Waiʻanae,Oʻahu,128.9,31,85,123.54423559435202,0.2679144494386539,18.266441345214844,43,0.06435501575469971,7.49072409234941e-4,7.310227990213974,176,31.204736842105262,1.2961007993773563,FALSE,FALSE,FALSE,FALSE,3106.548739491959,FALSE,FALSE,-158.22,21.48,246.47443008422852,59.63092803955078,120.2618579864502,134.1695899963379,7,FALSE,2026-03-11,18
O'ahu,OA370,2026-03-29T23:36:00Z,21.27497222,-157.8252778,25.4,0.478,0,0.0873,0.5993,0.3534,SITE_0374,Waikīkī,Kona,Oʻahu,1162.7,0,0,81.16449922119804,0.11634458708413876,13.575106620788574,4.60999999940395,0.3248221278190613,9.451926598558202e-5,5.4256459144925815,409,266.7165497896213,3.5381651801800422,FALSE,FALSE,FALSE,FALSE,5769.370575760892,FALSE,FALSE,-157.83,21.27,247.86857509613037,42.88594055175781,101.06719398498535,101.94695949554443,9,FALSE,2026-03-18,11
O'ahu,OA375,2026-04-02T03:51:00Z,21.55,-157.8466667,22.93,0.271,0,0.003,0.4985,0.1614,SITE_0609,Kaʻaʻawa,Koʻolauloa,Oʻahu,37.2,54,123,125.08886547761168,1.1946580333457677,20.27684783935547,4.60999999940395,0.04028651863336563,0.00216841278597712,17.75970764307729,157,NA,NA,FALSE,TRUE,FALSE,FALSE,598.5213476302499,FALSE,FALSE,-157.85,21.55,552.1321449279785,161.7958221435547,284.6518783569336,309.4384117126465,6,FALSE,2026-03-20,13
O'ahu,OA378,2026-03-29T20:40:00Z,21.44293,-158.18954,34.15,1.1936,0,0.0805,19.0995,0.1416,SITE_0561,Waiʻanae,Waiʻanae,Oʻahu,287.8,27,49,14.278847914298602,0.14713543399691115,10.24023723602295,4.60999999940395,0.11777771264314651,0.01638877330697141,5.504544479733275,831,95.92698553948831,0.6354204075918799,FALSE,FALSE,FALSE,FALSE,8050.3052400279275,FALSE,FALSE,-158.19,21.44,249.5236301422119,70.43504333496094,118.45056629180908,132.1318874359131,7,FALSE,2026-03-20,9
Maui,OA38,2026-03-29T18:36:00Z,20.692628,-156.444085,33.28,18.812,0,0.186,54.785,0.04,SITE_0022,Paeahu,Kula,Maui,941,0,1,55.984384335752786,0.20558009008783848,7.704814434051514,151.666666666667,0.09215500950813292,0.2532013952732086,28.66183815758901,630,NA,NA,FALSE,FALSE,TRUE,FALSE,294.17331360640827,FALSE,FALSE,-156.44,20.69,140.40245175361633,27.23769187927246,55.475385665893555,72.63384819030762,11,FALSE,2026-03-14,15
O'ahu,OA380,2026-03-29T18:44:59Z,21.35402,-158.13046,35.21,0.8094,0,0.1557,4.6249,0.04,SITE_0490,Honouliuli,ʻEwa,Oʻahu,1780.3,0,0,156.14584698496066,0.11238672933728253,2.9219950735569,46.5,0.05591732760270437,0.03997392704089483,6.485308955617151,1153,27.7558064516129,0.15611880325326422,FALSE,FALSE,TRUE,FALSE,11139.015989257297,FALSE,TRUE,-158.13,21.35,240.97568130493164,62.362674713134766,122.81146240234375,137.03789520263672,7,FALSE,2026-03-20,9
O'ahu,OA381,2026-03-30T03:30:00Z,21.45402778,-157.818,22.69,35.027,0.123,1.178,37.289,0.04,SITE_0576,Kahaluʻu,Koʻolaupoko,Oʻahu,233.6,19,21,80.95911020473935,0.23349660844285972,14.519304275512695,12.6499999761581,0.16553421318531036,0.01491424534469842,27.00060006709426,266,12.802903225806451,0.4200849862337652,FALSE,FALSE,TRUE,FALSE,2062.8226637502626,FALSE,FALSE,-157.82,21.45,717.2883605957031,237.7274932861328,357.5912399291992,360.6971206665039,6,FALSE,2026-03-20,10
O'ahu,OA382,2026-03-29T02:14:59Z,21.47833333,-158.2230556,34.65,2.3902,0,0.1021,10.9153,0.04,SITE_0592,Mākaha,Waiʻanae,Oʻahu,50.4,41,88,123.5520115221139,0.42890659628423583,18.266441345214844,43,0.06435501575469971,7.49072409234941e-4,7.310227990213974,176,31.204736842105262,1.2961007993773563,FALSE,FALSE,TRUE,FALSE,3057.570413608087,FALSE,FALSE,-158.22,21.48,246.47443008422852,59.63092803955078,120.2618579864502,134.1695899963379,7,FALSE,2026-03-11,18
O'ahu,OA383,2026-03-29T22:55:00Z,21.45305556,-157.7747222,33.69,0.6135,0,0.3373,5.5002,0.1651,SITE_0572,Heʻeia,Koʻolaupoko,Oʻahu,3263.4,0,0,77.3767371466474,0.474784240266464,7.829522967338562,6.82499998807907,0.28910722583532333,4.1361484909430146e-4,10.90783598040597,186,34.65774193548387,2.032478303674722,FALSE,FALSE,FALSE,FALSE,2692.9963116422127,FALSE,FALSE,-157.77,21.45,372.59765434265137,121.04624938964844,182.56937408447266,191.0282802581787,6,FALSE,2026-03-20,9
O'ahu,OA386,2026-03-30T02:53:59Z,21.25512,-157.8044267,34.67,0.03,0,0.118,1.05,0.04,SITE_0334,Waikīkī,Kona,Oʻahu,166.1,18,83,152.3636526970313,0.16191464666766114,13.575106620788574,4.60999999940395,0.3248221278190613,9.451926598558202e-5,5.4256459144925815,409,266.7165497896213,3.5381651801800422,TRUE,FALSE,TRUE,FALSE,5193.255650071203,FALSE,FALSE,-157.8,21.26,247.86857509613037,42.88594055175781,101.06719398498535,101.94695949554443,9,FALSE,2026-03-18,12
O'ahu,OA389,2026-03-29T19:51:00Z,21.53715,-158.23157,34.31,1.4533,0,0.1285,23.1789,0.486,SITE_0604,Kahanahāiki,Waiʻanae,Oʻahu,4120.8,0,0,85.97510580116774,0.1360681763164869,19.73580551147461,9,0.01293523889034986,0,NA,NA,NA,NA,FALSE,FALSE,FALSE,FALSE,3533.7213794503505,FALSE,FALSE,-158.23,21.54,227.77822875976563,56.28593063354492,113.57185935974121,115.20636940002441,7,FALSE,2026-03-20,9
Maui,OA39,2026-03-29T23:02:59Z,20.74356783,-156.457455,32.044,5.56,0,0.251,40.128,0.04,SITE_0046,Kēōkea,Kula,Maui,405.4,2,68,24.25463924311775,0.15150139270108073,7.258582592010498,116.5,0.0419861376285553,0.04322354681789875,3.731943171691977,79,NA,NA,FALSE,FALSE,TRUE,FALSE,225.24469025881024,FALSE,FALSE,-156.46,20.74,139.47516632080078,33.76641845703125,60.09123229980469,75.97444152832031,10,FALSE,2026-03-14,15
O'ahu,OA391,2026-03-29T23:12:00Z,21.342266,-157.700057,33.39,7.17,0.1001,1.3258,17.0172,0.2959,SITE_0486,Waimānalo,Koʻolaupoko,Oʻahu,144.9,81,180,120.0493806799413,0.15491043174003763,10.983854293823242,4.75,0.13318634033203125,0.07301303697749972,14.461485728371995,416,52.01903225806451,1.808347337989741,FALSE,FALSE,FALSE,FALSE,4163.362227280173,FALSE,FALSE,-157.7,21.34,649.6811332702637,150.52645874023438,299.6985206604004,298.6985206604004,7,FALSE,2026-03-18,11
O'ahu,OA392,2026-03-29T02:37:00Z,21.46,-158.2072222,35.25,0.6496,0,0.1155,4.3204,0.1614,SITE_0583,Waiʻanae,Waiʻanae,Oʻahu,223.9,11,73,86.40341937774774,0.10334362117967225,10.24023723602295,4.60999999940395,0.11777771264314651,0.01638877330697141,5.504544479733275,831,95.92698553948831,0.6354204075918799,FALSE,FALSE,FALSE,FALSE,5519.767568308247,FALSE,FALSE,-158.21,21.46,246.47443008422852,59.63092803955078,120.2618579864502,134.1695899963379,7,FALSE,2026-03-11,18
O'ahu,OA394,2026-03-31T02:38:00Z,21.454,-157.818,32.47,1.563,0,0.136,3.356,0.04,SITE_0575,Kualoa 1,Koʻolaupoko,Oʻahu,233.3,19,21,80.95886925878199,0.2345669852703577,11.394539833068848,4.75,0.06099339574575424,0,6.076877818075187,9,NA,NA,FALSE,FALSE,TRUE,FALSE,2063.1092448114605,FALSE,FALSE,-157.82,21.45,717.2883605957031,237.7274932861328,357.5912399291992,360.6971206665039,6,FALSE,2026-03-20,11
O'ahu,OA396,2026-03-29T23:10:00Z,21.42416667,-157.8,1.5,137.357,0.819,1.9407,291.9827,0.04,SITE_0544,Heʻeia,Koʻolaupoko,Oʻahu,537.9,0,20,49.74269559052812,0.11606278124521488,7.829522967338562,6.82499998807907,0.28910722583532333,4.1361484909430146e-4,10.90783598040597,186,34.65774193548387,2.032478303674722,FALSE,FALSE,TRUE,FALSE,2127.498306022913,FALSE,FALSE,-157.8,21.42,948.3805503845215,256.1871643066406,501.0530204772949,500.0530204772949,5,FALSE,2026-03-20,9
O'ahu,OA399,2026-03-29T20:04:00Z,21.39305556,-157.715,33.99,1.0002,0,2.251,5.3879,0.0986,SITE_0518,Kailua,Koʻolaupoko,Oʻahu,1687,0,0,144.28254830440864,0.10014434629987665,9.806928634643556,7.47499996423721,0.23000787198543549,0.00252578710205853,1.4184734471396867,65,56.27258064516129,1.2280178684182992,FALSE,FALSE,FALSE,FALSE,1209.676773450186,FALSE,FALSE,-157.72,21.39,1174.0900268554688,283.5859680175781,568.17193603515625,567.17193603515625,7,FALSE,2026-03-13,16
O'ahu,OA4,2026-03-29T20:46:59Z,21.63003056,-158.0729306,34.29,1.903,0,0.217,29.052,0.437,SITE_0646,Kapaeloa,Waialua,Oʻahu,28.6,79,91,90.0802307877114,0.16073712608311325,9.602567672729492,25.5,0.02714873291552066,0,10.898008765189765,85,NA,NA,FALSE,FALSE,FALSE,FALSE,1551.4060626325197,FALSE,FALSE,-158.07,21.63,287.53543853759766,78.56097412109375,138.48170471191406,157.1219482421875,7,FALSE,2026-03-13,16
Maui,OA40,2026-03-29T17:50:00Z,20.93416667,-156.3566667,34.19,1.78,0,0.144,11.195,0.04,SITE_0201,Hāmākuapoko,Hāmākuapoko,Maui,1526.8,0,0,15.299458561323704,0.14342109364130332,3.7008700370788574,6.76666665077209,0.05650991946458816,0.678783655166626,1.5270638414062103,38,NA,NA,FALSE,FALSE,TRUE,FALSE,490.4974328587042,FALSE,FALSE,-156.36,20.93,232.54151058197021,41.80623245239258,105.51558113098145,135.87025547027588,9,FALSE,2026-03-13,16
O'ahu,OA401,2026-03-29T02:53:00Z,21.44277778,-158.1894444,24.96,0.916,0,0.1268,6.5403,0.4133,SITE_0560,Waiʻanae,Waiʻanae,Oʻahu,268.3,26,49,14.282656854106262,0.162826715694624,10.24023723602295,4.60999999940395,0.11777771264314651,0.01638877330697141,5.504544479733275,831,95.92698553948831,0.6354204075918799,FALSE,FALSE,FALSE,FALSE,8069.850095870094,FALSE,FALSE,-158.19,21.44,249.5236301422119,70.43504333496094,118.45056629180908,132.1318874359131,7,FALSE,2026-03-20,9
O'ahu,OA402,2026-03-29T03:16:00Z,21.42527778,-158.1794444,26.75,0.384,0,0.003,0.005,0.3121,SITE_0546,Waipiʻo,ʻEwa,Oʻahu,635.2,0,28,162.069858004284,0.24771641222992913,5.23984956741333,15.786666666467985,0.1640285663306713,0.018548646941781044,0.5514627921786358,39,NA,NA,FALSE,TRUE,FALSE,TRUE,10264.597861201351,FALSE,TRUE,-158.18,21.43,249.5236301422119,70.43504333496094,118.45056629180908,132.1318874359131,7,FALSE,2026-03-20,9
O'ahu,OA403,2026-03-30T02:40:00Z,21.51277778,-157.8361111,31.9,4.955,0,0.179,10.546,0.04,SITE_0599,Kualoa 1,Koʻolaupoko,Oʻahu,572.6,0,10,8.946663625561609,0.1211336327905301,11.394539833068848,4.75,0.06099339574575424,0,6.076877818075187,9,NA,NA,FALSE,FALSE,TRUE,FALSE,3598.444094465662,FALSE,FALSE,-157.84,21.51,650.327522277832,206.6681365966797,341.3253173828125,340.3253173828125,5,FALSE,2026-03-20,10
O'ahu,OA406,2026-03-30T02:46:00Z,21.25295,-157.80368000000001,34.63,0.03,0,0.113,1.098,0.04,SITE_0330,Waikīkī,Kona,Oʻahu,359.6,12,73,185.39690796945888,0.29720392770366744,13.575106620788574,4.60999999940395,0.3248221278190613,9.451926598558202e-5,5.4256459144925815,409,266.7165497896213,3.5381651801800422,TRUE,FALSE,TRUE,FALSE,5236.835202967888,FALSE,FALSE,-157.8,21.25,247.86857509613037,42.88594055175781,101.06719398498535,101.94695949554443,9,FALSE,2026-03-18,12
O'ahu,OA408,2026-03-29T21:38:59Z,21.28166667,-157.6775,35.03,1.986,0,0.14,4.73,0.04,SITE_0404,Maunalua,Kona,Oʻahu,1214.5,0,0,114.1088390616901,0.21023817814955423,13.011834144592283,1.07333331306775,0.22234460711479187,0.00422320468351244,1.4529178927781965,44,NA,NA,FALSE,FALSE,TRUE,FALSE,4576.03673958361,FALSE,FALSE,-157.68,21.28,302.9819669723511,72.1356430053711,118.59411334991455,117.59411334991455,7,FALSE,2026-03-22,7
O'ahu,OA412,2026-03-29T03:27:00Z,21.41111111,-158.1775,19.43,0.6756,0,0.2768,1.6745,0.1718,SITE_0534,Waiʻanae,Waiʻanae,Oʻahu,323.3,1,2,127.3710023179803,0.2315657522478141,10.24023723602295,4.60999999940395,0.11777771264314651,0.01638877330697141,5.504544479733275,831,95.92698553948831,0.6354204075918799,FALSE,FALSE,FALSE,FALSE,11735.746950412364,FALSE,TRUE,-158.18,21.41,249.5236301422119,70.43504333496094,118.45056629180908,132.1318874359131,7,FALSE,2026-03-20,9
O'ahu,OA416,2026-03-29T23:53:00Z,21.44305556,-157.8116667,18.48,0.396,0,0.2409,45.0728,0.3448,SITE_0562,Heʻeia,Koʻolaupoko,Oʻahu,540.7,0,7,83.34443243986297,0.3978900425940923,7.829522967338562,6.82499998807907,0.28910722583532333,4.1361484909430146e-4,10.90783598040597,186,34.65774193548387,2.032478303674722,FALSE,FALSE,FALSE,FALSE,3053.023798023485,FALSE,FALSE,-157.81,21.44,948.3805503845215,256.1871643066406,501.0530204772949,500.0530204772949,5,FALSE,2026-03-20,9
O'ahu,OA418,2026-03-29T05:07:00Z,21.282967,-157.720671,30.68,13.717,0.323,0.4123,39.138,0.2576,SITE_0407,Kuliʻouʻou,Kona,Oʻahu,511,0,2,75.51402044110175,0.21312339443713427,19.803966522216797,28,0.13651075959205627,0,0.2281225543490067,1,NA,NA,FALSE,FALSE,FALSE,FALSE,142.4434587188652,FALSE,FALSE,-157.72,21.28,299.1968460083008,83.09566497802734,125.64349746704102,113.45630645751953,6,FALSE,2026-03-18,11
O'ahu,OA419,2026-03-30T01:23:00Z,21.43361111,-157.7869444,26.82,0.224,0,0.233,22.258,0.04,SITE_0553,Kāneʻohe,Koʻolaupoko,Oʻahu,819.2,0,6,40.479375778328205,0.797108723428788,9.1135406494140625,7.76249998807907,0.2794608473777771,3.246975247748196e-4,4.493726612531857,148,127.4041935483871,3.868375777679436,FALSE,FALSE,TRUE,FALSE,2388.14663393053,FALSE,FALSE,-157.79,21.43,590.2633419036865,143.74887084960938,303.7656002044678,302.7656002044678,5,FALSE,2026-03-18,12
O'ahu,OA420,2026-03-29T20:46:59Z,21.28333333,-157.7208333,34.3,1.838,0,0.483,19.004,0.205,SITE_0417,Kuliʻouʻou,Kona,Oʻahu,473.4,1,2,75.47175114898597,0.17934955018246546,19.803966522216797,28,0.13651075959205627,0,0.2281225543490067,1,NA,NA,FALSE,FALSE,FALSE,FALSE,101.11305796491565,FALSE,FALSE,-157.72,21.28,299.1968460083008,83.09566497802734,125.64349746704102,113.45630645751953,6,FALSE,2026-03-18,11
O'ahu,OA421,2026-03-29T03:40:00Z,21.39305556,-158.1588889,34.91,13.207,0.0835,0.4782,13.1931,0.1233,SITE_0517,Waiʻanae,Waiʻanae,Oʻahu,679.1,0,24,127.48762951048492,2.772765789638381,10.24023723602295,4.60999999940395,0.11777771264314651,0.01638877330697141,5.504544479733275,831,95.92698553948831,0.6354204075918799,FALSE,FALSE,FALSE,FALSE,14414.775465289953,FALSE,TRUE,-158.16,21.39,236.953763961792,104.27629852294922,118.93552494049072,132.67746543884277,5,FALSE,2026-03-20,9
O'ahu,OA422,2026-03-29T04:10:59Z,21.36083333,-158.1325,35.74,0.267,0,0.2449,3.0246,1.1661,SITE_0498,Honouliuli,ʻEwa,Oʻahu,997.2,0,1,123.40141518557547,6.136158622499555,2.9219950735569,46.5,0.05591732760270437,0.03997392704089483,6.485308955617151,1153,27.7558064516129,0.15611880325326422,FALSE,FALSE,FALSE,FALSE,11305.278572845711,FALSE,TRUE,-158.13,21.36,240.97568130493164,62.362674713134766,122.81146240234375,137.03789520263672,7,FALSE,2026-03-20,9
O'ahu,OA423,2026-03-30T02:10:00Z,21.2625,-157.8216667,34.64,0.5393,0,0.1105,1.9029,0.1155,SITE_0354,Waikīkī,Kona,Oʻahu,521.4,0,27,113.24518935459282,0.13749270523758603,13.575106620788574,4.60999999940395,0.3248221278190613,9.451926598558202e-5,5.4256459144925815,409,266.7165497896213,3.5381651801800422,FALSE,FALSE,FALSE,FALSE,6559.493334645026,FALSE,FALSE,-157.82,21.26,247.86857509613037,42.88594055175781,101.06719398498535,101.94695949554443,9,FALSE,2026-03-18,12
O'ahu,OA424,2026-03-30T01:57:00Z,21.26138889,-157.8213889,26.91,0.114,0,0.003,0.005,0.3667,SITE_0351,Waikīkī,Kona,Oʻahu,486.5,2,29,113.28643267568238,0.14668683541682548,13.575106620788574,4.60999999940395,0.3248221278190613,9.451926598558202e-5,5.4256459144925815,409,266.7165497896213,3.5381651801800422,FALSE,TRUE,FALSE,TRUE,6566.253876065527,FALSE,FALSE,-157.82,21.26,247.86857509613037,42.88594055175781,101.06719398498535,101.94695949554443,9,FALSE,2026-03-18,12
O'ahu,OA425,2026-04-02T03:51:00Z,21.55,-157.8466667,25.75,0.3893,0,0.1194,0.1848,1.1123,SITE_0609,Kaʻaʻawa,Koʻolauloa,Oʻahu,37.2,54,123,125.08886547761168,1.1946580333457677,20.27684783935547,4.60999999940395,0.04028651863336563,0.00216841278597712,17.75970764307729,157,NA,NA,FALSE,FALSE,FALSE,FALSE,598.5213476302499,FALSE,FALSE,-157.85,21.55,552.1321449279785,161.7958221435547,284.6518783569336,309.4384117126465,6,FALSE,2026-03-20,13
O'ahu,OA426,2026-03-30T01:45:00Z,21.44305556,-157.8116667,20.19,0.2,0,3.922,39.884,0.105,SITE_0562,Heʻeia,Koʻolaupoko,Oʻahu,540.7,0,7,83.34443243986297,0.3978900425940923,7.829522967338562,6.82499998807907,0.28910722583532333,4.1361484909430146e-4,10.90783598040597,186,34.65774193548387,2.032478303674722,FALSE,FALSE,FALSE,FALSE,3053.023798023485,FALSE,FALSE,-157.81,21.44,948.3805503845215,256.1871643066406,501.0530204772949,500.0530204772949,5,FALSE,2026-03-20,10
O'ahu,OA429,2026-03-29T19:39:00Z,21.54664,-158.2408,26.2,0.2258,0,0.003,0.005,0.5401,SITE_0607,Keawaʻula,Waiʻanae,Oʻahu,3577.2,0,0,119.10306692198117,0.571903013683385,22.80183982849121,4.60999999940395,0.01784580014646053,0,NA,NA,NA,NA,FALSE,TRUE,FALSE,TRUE,4724.068319260773,FALSE,FALSE,-158.24,21.55,223.72959327697754,66.6822280883789,112.13704299926758,112.59255027770996,7,FALSE,2026-03-20,9
O'ahu,OA43,2026-03-29T02:31:00Z,21.43305556,-157.7902778,34.45,0.732,0,0.181,10.144,0.04,SITE_0551,Heʻeia,Koʻolaupoko,Oʻahu,568.2,0,16,40.15814617327452,0.638382578603227,7.829522967338562,6.82499998807907,0.28910722583532333,4.1361484909430146e-4,10.90783598040597,186,34.65774193548387,2.032478303674722,FALSE,FALSE,TRUE,FALSE,2398.3194275092887,FALSE,FALSE,-157.79,21.43,590.2633419036865,143.74887084960938,303.7656002044678,302.7656002044678,5,FALSE,2026-03-18,11
O'ahu,OA433,2026-03-29T22:41:00Z,21.45638889,-157.7688889,33.95,0.6724,0,0.1167,2.4157,0.3775,SITE_0577,Heʻeia,Koʻolaupoko,Oʻahu,3478.4,0,0,40.24823699659255,0.2169274746190058,7.829522967338562,6.82499998807907,0.28910722583532333,4.1361484909430146e-4,10.90783598040597,186,34.65774193548387,2.032478303674722,FALSE,FALSE,FALSE,FALSE,2222.73278933638,FALSE,FALSE,-157.77,21.46,372.59765434265137,121.04624938964844,182.56937408447266,191.0282802581787,6,FALSE,2026-03-20,9
O'ahu,OA434,2026-03-30T01:55:59Z,21.45916667,-157.8319444,17.93,0.03,0,1.603,93.696,0.04,SITE_0581,Kahaluʻu,Koʻolaupoko,Oʻahu,582,0,10,4.992233520162842,0.17556138346575997,14.519304275512695,12.6499999761581,0.16553421318531036,0.01491424534469842,27.00060006709426,266,12.802903225806451,0.4200849862337652,TRUE,FALSE,TRUE,FALSE,716.8712044583627,FALSE,FALSE,-157.83,21.46,717.2883605957031,237.7274932861328,357.5912399291992,360.6971206665039,6,FALSE,2026-03-20,10
O'ahu,OA436,2026-04-02T03:51:00Z,21.55,-157.8466667,32.9,0.9291,0,0.0719,1.7345,0.6768,SITE_0609,Kaʻaʻawa,Koʻolauloa,Oʻahu,37.2,54,123,125.08886547761168,1.1946580333457677,20.27684783935547,4.60999999940395,0.04028651863336563,0.00216841278597712,17.75970764307729,157,NA,NA,FALSE,FALSE,FALSE,FALSE,598.5213476302499,FALSE,FALSE,-157.85,21.55,552.1321449279785,161.7958221435547,284.6518783569336,309.4384117126465,6,FALSE,2026-03-20,13
O'ahu,OA437,2026-03-29T23:34:59Z,21.41305556,-157.7858333,4.888,42.7593,0.379,2.403,248.498,0.8825,SITE_0535,Kāneʻohe,Koʻolaupoko,Oʻahu,616.6,0,3,47.3245503359623,0.15189971221395518,9.1135406494140625,7.76249998807907,0.2794608473777771,3.246975247748196e-4,4.493726612531857,148,127.4041935483871,3.868375777679436,FALSE,FALSE,FALSE,FALSE,218.7407172980388,FALSE,FALSE,-157.79,21.41,590.2633419036865,143.74887084960938,303.7656002044678,302.7656002044678,5,FALSE,2026-03-18,11
O'ahu,OA439,2026-03-29T20:01:00Z,21.39333333,-157.7152778,33.7,0.6067,0,0.7302,5.1939,0.1017,SITE_0519,Kailua,Koʻolaupoko,Oʻahu,1728.2,0,0,146.47557132888895,0.11909771326894406,9.806928634643556,7.47499996423721,0.23000787198543549,0.00252578710205853,1.4184734471396867,65,56.27258064516129,1.2280178684182992,FALSE,FALSE,FALSE,FALSE,1170.9276540172118,FALSE,FALSE,-157.72,21.39,1174.0900268554688,283.5859680175781,568.17193603515625,567.17193603515625,7,FALSE,2026-03-13,16
Maui,OA44,2026-03-30T00:31:59Z,20.85972222,-156.6697222,34.72,0.574,0,0.128,6.282,0.04,SITE_0132,Pūehuehunui,Lāhainā,Maui,536.4,0,4,47.87350735513428,0.1295835667221173,15.69959831237793,12.234999999403954,0.06291966885328293,0.001969838980585335,3.0974492127272826,7,NA,NA,FALSE,FALSE,TRUE,FALSE,320.80722285792893,FALSE,FALSE,-156.67,20.86,147.62821102142334,30.88805389404297,62.77611064910889,74.13133335113525,9,FALSE,2026-03-14,16
O'ahu,OA440,2026-03-29T21:23:00Z,21.35918,-158.13171,34.76,0.5826,0,0.003,3.987,0.1687,SITE_0494,Honouliuli,ʻEwa,Oʻahu,1196.6,0,0,123.47056500666103,6.534313593901861,2.9219950735569,46.5,0.05591732760270437,0.03997392704089483,6.485308955617151,1153,27.7558064516129,0.15611880325326422,FALSE,TRUE,FALSE,FALSE,11229.596794239891,FALSE,TRUE,-158.13,21.36,240.97568130493164,62.362674713134766,122.81146240234375,137.03789520263672,7,FALSE,2026-03-20,9
O'ahu,OA443,2026-03-29T23:46:00Z,21.290453,-157.664336,19.94,0.1128,0,0.003,0.005,0.3415,SITE_0436,Maunalua,Kona,Oʻahu,489.2,1,9,10.169167426660136,0.13149813630287496,13.011834144592283,1.07333331306775,0.22234460711479187,0.00422320468351244,1.4529178927781965,44,NA,NA,FALSE,TRUE,FALSE,TRUE,5911.45441961013,FALSE,FALSE,-157.66,21.29,302.9819669723511,72.1356430053711,118.59411334991455,117.59411334991455,7,FALSE,2026-03-22,7
O'ahu,OA444,2026-03-30T00:12:59Z,21.45305556,-157.8155556,24.12,0.4208,0,0.1183,17.4449,0.3171,SITE_0571,Kahaluʻu,Koʻolaupoko,Oʻahu,9.4,21,22,86.80766284562591,0.1904381171153285,14.519304275512695,12.6499999761581,0.16553421318531036,0.01491424534469842,27.00060006709426,266,12.802903225806451,0.4200849862337652,FALSE,FALSE,FALSE,FALSE,2326.511306335003,FALSE,FALSE,-157.82,21.45,717.2883605957031,237.7274932861328,357.5912399291992,360.6971206665039,6,FALSE,2026-03-20,10
O'ahu,OA446,2026-03-30T00:31:00Z,21.27889,-157.71,34.72,0.3856,0,0.1665,3.0519,0.1199,SITE_0389,Maunalua,Kona,Oʻahu,1202.7,0,0,40.79606493937968,0.5205785763342705,13.011834144592283,1.07333331306775,0.22234460711479187,0.00422320468351244,1.4529178927781965,44,NA,NA,FALSE,FALSE,FALSE,FALSE,1322.2666291351088,FALSE,FALSE,-157.71,21.28,299.1968460083008,83.09566497802734,125.64349746704102,113.45630645751953,6,FALSE,2026-03-18,12
O'ahu,OA448,2026-03-29T21:40:00Z,21.26278,-157.822,34.74,1.9376,0,0.1559,0.4748,0.4802,SITE_0355,Waikīkī,Kona,Oʻahu,560.9,0,25,113.26311257309732,0.1625603060774738,13.575106620788574,4.60999999940395,0.3248221278190613,9.451926598558202e-5,5.4256459144925815,409,266.7165497896213,3.5381651801800422,FALSE,FALSE,FALSE,FALSE,6584.512509031548,FALSE,FALSE,-157.82,21.26,247.86857509613037,42.88594055175781,101.06719398498535,101.94695949554443,9,FALSE,2026-03-18,11
O'ahu,OA449,2026-03-29T02:04:00Z,21.313542,-157.991276,33.07,0.5584,0,0.3844,1.2631,0.2591,SITE_0461,Honouliuli,ʻEwa,Oʻahu,620.4,0,1,120.12413403193956,0.2397322370701004,2.9219950735569,46.5,0.05591732760270437,0.03997392704089483,6.485308955617151,1153,27.7558064516129,0.15611880325326422,FALSE,FALSE,FALSE,FALSE,6379.368402306112,FALSE,FALSE,-157.99,21.31,202.9013957977295,54.7688102722168,92.2813491821289,96.28593444824219,7,FALSE,2026-03-20,9
O'ahu,OA450,2026-03-28T23:46:00Z,21.375919,-158.141644,34.83,0.5773,0,0.3607,1.8123,0.04,SITE_0505,Nānākuli,Waiʻanae,Oʻahu,239.9,28,55,48.098028287640126,0.123303856430226,17.29973030090332,9,0.075663723051548,0,6.847558920559242,96,NA,NA,FALSE,FALSE,TRUE,FALSE,12327.166688756754,FALSE,TRUE,-158.14,21.38,240.97568130493164,62.362674713134766,122.81146240234375,137.03789520263672,7,FALSE,2026-03-20,8
O'ahu,OA451,2026-03-30T03:22:00Z,21.42305556,-157.7647222,22.33,0.351,0,0.318,30.525,0.04,SITE_0542,Kāneʻohe,Koʻolaupoko,Oʻahu,218.6,2,2,3.9443881339797544,0.20440629440546035,9.1135406494140625,7.76249998807907,0.2794608473777771,3.246975247748196e-4,4.493726612531857,148,127.4041935483871,3.868375777679436,FALSE,FALSE,TRUE,FALSE,1600.642866866727,FALSE,FALSE,-157.76,21.42,590.2633419036865,143.74887084960938,303.7656002044678,302.7656002044678,5,FALSE,2026-03-18,12
O'ahu,OA452,2026-03-29T23:57:00Z,21.27611,-157.76,32.78,1.256,0,0.5303,26.102,2.1363,SITE_0378,Waikīkī,Kona,Oʻahu,531.9,0,3,10.68646208465496,0.12200613006064669,13.575106620788574,4.60999999940395,0.3248221278190613,9.451926598558202e-5,5.4256459144925815,409,266.7165497896213,3.5381651801800422,FALSE,FALSE,FALSE,FALSE,41.4323643956021,FALSE,FALSE,-157.76,21.28,250.2705488204956,47.93560791015625,112.84975147247314,97.93272018432617,8,FALSE,2026-03-18,11
O'ahu,OA453,2026-03-29T01:29:00Z,21.299892,-158.063654,34.41,0.4264,0,0.1972,1.8793,0.04,SITE_0450,Honouliuli,ʻEwa,Oʻahu,2859.4,0,0,123.08582865944518,4.943851198108401,2.9219950735569,46.5,0.05591732760270437,0.03997392704089483,6.485308955617151,1153,27.7558064516129,0.15611880325326422,FALSE,FALSE,TRUE,FALSE,8171.453333557578,FALSE,FALSE,-158.06,21.3,236.87989234924316,65.17517852783203,131.3503589630127,146.6441535949707,7,FALSE,2026-03-11,18
O'ahu,OA454,2026-03-28T23:11:00Z,21.405233,-158.178219,34.78,0.8634,0,0.1653,2.8489,0.128,SITE_0528,Waiʻanae,Waiʻanae,Oʻahu,418.3,1,1,150.1941992061749,0.11410984389751684,10.24023723602295,4.60999999940395,0.11777771264314651,0.01638877330697141,5.504544479733275,831,95.92698553948831,0.6354204075918799,FALSE,FALSE,FALSE,FALSE,12284.871249011085,FALSE,TRUE,-158.18,21.41,249.5236301422119,70.43504333496094,118.45056629180908,132.1318874359131,7,FALSE,2026-03-20,8
O'ahu,OA455,2026-03-28T23:31:00Z,21.392318,-158.158158,34.38,9.184,0,0.2043,9.6902,0.04,SITE_0515,Waiʻanae,Waiʻanae,Oʻahu,702.9,0,21,127.49331251943468,2.8797232651358535,10.24023723602295,4.60999999940395,0.11777771264314651,0.01638877330697141,5.504544479733275,831,95.92698553948831,0.6354204075918799,FALSE,FALSE,TRUE,FALSE,14322.573759455021,FALSE,TRUE,-158.16,21.39,236.953763961792,104.27629852294922,118.93552494049072,132.67746543884277,5,FALSE,2026-03-20,8
O'ahu,OA456,2026-03-28T20:30:00Z,21.299276,-157.872292,34.55,1.0169,0,0.1922,1.9427,0.1305,SITE_0448,Honolulu,Kona,Oʻahu,1513.1,0,0,115.25847566066072,1.101653155760141,12.08728313446045,4.60999999940395,0.33621343970298767,0,11.68595542825743,393,NA,NA,FALSE,FALSE,FALSE,FALSE,1698.586142255036,FALSE,FALSE,-157.87,21.3,220.86332654953003,43.7715950012207,92.19539833068848,104.59934759140015,8,FALSE,2026-03-18,10
O'ahu,OA457,2026-03-29T23:59:00Z,21.27611,-157.761,33.22,1.6715,0,0.3523,30.3736,0.3269,SITE_0377,Waikīkī,Kona,Oʻahu,532.1,0,3,10.703119032198328,0.15248401117790492,13.575106620788574,4.60999999940395,0.3248221278190613,9.451926598558202e-5,5.4256459144925815,409,266.7165497896213,3.5381651801800422,FALSE,FALSE,FALSE,FALSE,131.16539403283272,FALSE,FALSE,-157.76,21.28,250.2705488204956,47.93560791015625,112.84975147247314,97.93272018432617,8,FALSE,2026-03-18,11
O'ahu,OA458,2026-03-30T03:57:00Z,21.41305556,-157.7855556,4.75,46.108,0.471,1.2,NA,0.202,SITE_0536,Kāneʻohe,Koʻolaupoko,Oʻahu,592.6,0,3,47.35757779022257,0.4354097587939739,9.1135406494140625,7.76249998807907,0.2794608473777771,3.246975247748196e-4,4.493726612531857,148,127.4041935483871,3.868375777679436,FALSE,FALSE,FALSE,FALSE,193.00175088345622,FALSE,FALSE,-157.79,21.41,590.2633419036865,143.74887084960938,303.7656002044678,302.7656002044678,5,FALSE,2026-03-18,12
O'ahu,OA459,2026-03-28T22:55:00Z,21.431218,-158.183446,34.85,1.7699,0.1002,0.2576,4.5742,0.04,SITE_0549,Waiʻanae,Waiʻanae,Oʻahu,479.8,1,12,113.19638195787626,0.13980639488645075,10.24023723602295,4.60999999940395,0.11777771264314651,0.01638877330697141,5.504544479733275,831,95.92698553948831,0.6354204075918799,FALSE,FALSE,TRUE,FALSE,9487.669664947256,FALSE,FALSE,-158.18,21.43,249.5236301422119,70.43504333496094,118.45056629180908,132.1318874359131,7,FALSE,2026-03-20,8
Maui,OA46,2026-03-30T01:02:00Z,20.82888889,-156.6363889,34.29,2.703,0,0.107,17.05,0.04,SITE_0128,Olowalu,Lāhainā,Maui,1216.2,0,0,54.06477213628747,0.13874121609365103,24.607067108154297,0.219999998807907,0.01048337109386921,0.00499866716563701,0.7325342296888374,16,NA,NA,FALSE,FALSE,TRUE,FALSE,106.74327228960645,FALSE,FALSE,-156.64,20.83,144.74546718597412,30.122451782226563,61.244903564453125,75.3061294555664,8,FALSE,2026-03-14,16
O'ahu,OA460,2026-03-28T20:52:00Z,21.311745,-157.889491,34.46,0.3778,0,0.1295,3.2023,0.04,SITE_0459,Kalihi,Kona,Oʻahu,2285.9,0,0,113.41010791456029,1.028858494702261,15.32446002960205,4.60999999940395,0.2732030749320984,0,2.3605560044631377,38,39.29387096774194,1.8527173220328768,FALSE,FALSE,TRUE,FALSE,2090.4374119302743,FALSE,FALSE,-157.89,21.31,220.86332654953003,43.7715950012207,92.19539833068848,104.59934759140015,8,FALSE,2026-03-18,10
O'ahu,OA461,2026-03-29T03:25:00Z,21.283024,-157.846298,28.85,0.6297,0,0.003,0.005,0.257,SITE_0412,Waikīkī,Kona,Oʻahu,1620.9,0,0,149.35855130377644,0.8348826973007564,13.575106620788574,4.60999999940395,0.3248221278190613,9.451926598558202e-5,5.4256459144925815,409,266.7165497896213,3.5381651801800422,FALSE,TRUE,FALSE,TRUE,3851.392490490486,FALSE,FALSE,-157.85,21.28,229.63430309295654,46.83153533935547,94.66307067871094,101.46832656860352,8,FALSE,2026-03-11,18
O'ahu,OA464,2026-03-28T22:35:00Z,21.444085,-158.189623,34.92,0.4251,0,0.2744,0.7738,0.04,SITE_0565,Waiʻanae,Waiʻanae,Oʻahu,298.5,23,55,51.8237495125963,0.20229535282628203,10.24023723602295,4.60999999940395,0.11777771264314651,0.01638877330697141,5.504544479733275,831,95.92698553948831,0.6354204075918799,FALSE,FALSE,TRUE,FALSE,7936.483240775418,FALSE,FALSE,-158.19,21.44,249.5236301422119,70.43504333496094,118.45056629180908,132.1318874359131,7,FALSE,2026-03-20,8
O'ahu,OA465,2026-03-30T01:33:00Z,21.31639,-157.665,33.787,0.102,0,0.003,0.005,0.701,SITE_0465,Waimānalo,Koʻolaupoko,Oʻahu,1041.4,0,0,114.6221590384242,0.17672790902655106,10.983854293823242,4.75,0.13318634033203125,0.07301303697749972,14.461485728371995,416,52.01903225806451,1.808347337989741,FALSE,TRUE,FALSE,TRUE,6606.744687948558,FALSE,FALSE,-157.66,21.32,663.2437725067139,145.96237182617188,292.9247341156006,291.9247341156006,7,FALSE,2026-03-13,17
O'ahu,OA466,2026-03-29T02:47:59Z,21.4132129,-157.7860341,7.48,52.962,0.8943,2.0555,239.6747,0.04,SITE_0537,Kāneʻohe,Koʻolaupoko,Oʻahu,643.6,0,3,47.33002864858519,0.13784195120137496,9.1135406494140625,7.76249998807907,0.2794608473777771,3.246975247748196e-4,4.493726612531857,148,127.4041935483871,3.868375777679436,FALSE,FALSE,TRUE,FALSE,245.05098960267108,FALSE,FALSE,-157.79,21.41,590.2633419036865,143.74887084960938,303.7656002044678,302.7656002044678,5,FALSE,2026-03-18,11
O'ahu,OA467,2026-03-28T22:44:00Z,21.29055556,-157.8611111,35.06,1.063,0,0.2325,3.0736,0.1305,SITE_0437,Honolulu,Kona,Oʻahu,925,0,1,150.1693936586369,0.6765929009988904,12.08728313446045,4.60999999940395,0.33621343970298767,0,11.68595542825743,393,NA,NA,FALSE,FALSE,FALSE,FALSE,2546.1841051797182,FALSE,FALSE,-157.86,21.29,229.63430309295654,46.83153533935547,94.66307067871094,101.46832656860352,8,FALSE,2026-03-11,17
O'ahu,OA468,2026-03-29T20:02:59Z,21.28888889,-157.8347222,34.76,0.201,0,0.169,1.941,0.04,SITE_0434,Waikīkī,Kona,Oʻahu,259.2,3,3,13.29657891482823,0.5867120838380012,13.575106620788574,4.60999999940395,0.3248221278190613,9.451926598558202e-5,5.4256459144925815,409,266.7165497896213,3.5381651801800422,FALSE,FALSE,TRUE,FALSE,3965.266414600105,FALSE,FALSE,-157.83,21.29,247.86857509613037,42.88594055175781,101.06719398498535,101.94695949554443,9,FALSE,2026-03-18,11
O'ahu,OA469,2026-03-30T03:06:59Z,21.36888889,-157.9619444,33.825,0.473,0,0.212,28.988,3.226,SITE_0502,N/A,ʻEwa,Oʻahu,2379.9,0,0,1.5566639875101576,0.140988910037182,0.5325395464897156,10,0.14626237750053406,0,NA,NA,NA,NA,FALSE,FALSE,FALSE,FALSE,1834.762847723817,FALSE,FALSE,-157.96,21.37,252.0212860107422,65.98230743408203,121.96756362915039,131.96461486816406,7,FALSE,2026-03-11,19
Maui,OA47,2026-03-29T12:57:59Z,20.83555556,-156.6480556,34.44,0.37,0,0.006,5.225,0.04,SITE_0129,Launiupoko,Lāhainā,Maui,1134.7,0,0,59.40378203477513,0.11639551364686562,17.90790557861328,28,0.03426937386393547,0.11035169661045074,2.2885019973420015,36,NA,NA,FALSE,FALSE,TRUE,FALSE,324.9440857230126,FALSE,FALSE,-156.65,20.84,NA,NA,NA,NA,0,TRUE,NA,NA
O'ahu,OA470,2026-03-28T22:29:00Z,21.29305556,-157.865,35.05,0.8969,0,0.2309,0.9243,0.3269,SITE_0442,Honolulu,Kona,Oʻahu,950.2,0,1,150.34632970099912,0.5706843383390678,12.08728313446045,4.60999999940395,0.33621343970298767,0,11.68595542825743,393,NA,NA,FALSE,FALSE,FALSE,FALSE,2230.4360781545697,FALSE,FALSE,-157.86,21.29,229.63430309295654,46.83153533935547,94.66307067871094,101.46832656860352,8,FALSE,2026-03-11,17
O'ahu,OA472,2026-03-30T00:19:59Z,21.28361,-157.721,33.87,1.5433,0,0.4206,20.4333,0.04,SITE_0418,Kuliʻouʻou,Kona,Oʻahu,446.8,1,2,75.44109196826835,0.1556499257623218,19.803966522216797,28,0.13651075959205627,0,0.2281225543490067,1,NA,NA,FALSE,FALSE,TRUE,FALSE,68.17077818629063,FALSE,FALSE,-157.72,21.28,299.1968460083008,83.09566497802734,125.64349746704102,113.45630645751953,6,FALSE,2026-03-18,12
O'ahu,OA473,2026-03-30T00:31:00Z,21.27806,-157.709,33.85,0.5,0,0.158,4.906,0.135,SITE_0385,Maunalua,Kona,Oʻahu,1240.9,0,0,3.079904633744637,0.11452642192921698,13.011834144592283,1.07333331306775,0.22234460711479187,0.00422320468351244,1.4529178927781965,44,NA,NA,FALSE,FALSE,FALSE,FALSE,1455.762701942933,FALSE,FALSE,-157.71,21.28,299.1968460083008,83.09566497802734,125.64349746704102,113.45630645751953,6,FALSE,2026-03-18,12
O'ahu,OA474,2026-03-29T00:43:00Z,21.26625,-157.71035,33.73,0.143,0,0.098,6.555,0.04,SITE_0360,Maunalua,Kona,Oʻahu,766.8,0,1,39.30143722349193,0.12119625047959416,13.011834144592283,1.07333331306775,0.22234460711479187,0.00422320468351244,1.4529178927781965,44,NA,NA,FALSE,FALSE,TRUE,FALSE,2278.9099649653754,FALSE,FALSE,-157.71,21.27,299.1968460083008,83.09566497802734,125.64349746704102,113.45630645751953,6,FALSE,2026-03-18,11
O'ahu,OA475,2026-03-30T03:18:00Z,21.36,-157.9688889,32.23,2.42,0,0.214,28.384,1.367,SITE_0497,N/A,ʻEwa,Oʻahu,3239.7,0,0,38.606245813460795,0.6555663700727745,0.5325395464897156,10,0.14626237750053406,0,NA,NA,NA,NA,FALSE,FALSE,FALSE,FALSE,2918.0586496669807,FALSE,FALSE,-157.97,21.36,252.0212860107422,65.98230743408203,121.96756362915039,131.96461486816406,7,FALSE,2026-03-11,19
O'ahu,OA476,2026-03-28T21:11:00Z,21.39,-157.7133333,30.84,0.116,0,0.214,19.674,0.04,SITE_0509,Kailua,Koʻolaupoko,Oʻahu,1308.5,0,0,153.13661681715945,0.2588764944707616,9.806928634643556,7.47499996423721,0.23000787198543549,0.00252578710205853,1.4184734471396867,65,56.27258064516129,1.2280178684182992,FALSE,FALSE,TRUE,FALSE,1524.4419014035102,FALSE,FALSE,-157.71,21.39,1174.0900268554688,283.5859680175781,568.17193603515625,567.17193603515625,7,FALSE,2026-03-13,15
O'ahu,OA477,2026-03-29T00:04:00Z,21.356466,-158.130901,34.19,0.415,0,0.222,6.612,0.04,SITE_0492,Honouliuli,ʻEwa,Oʻahu,1508.2,0,0,160.23545753417758,8.997123000846225,2.9219950735569,46.5,0.05591732760270437,0.03997392704089483,6.485308955617151,1153,27.7558064516129,0.15611880325326422,FALSE,FALSE,TRUE,FALSE,11162.54636792396,FALSE,TRUE,-158.13,21.36,240.97568130493164,62.362674713134766,122.81146240234375,137.03789520263672,7,FALSE,2026-03-20,9
O'ahu,OA478,2026-03-30T07:55:59Z,21.2867,-157.8447,28,NA,0.219,0.515,83.943,0.564,SITE_0426,Waikīkī,Kona,Oʻahu,1301.9,0,0,113.22686882132092,0.40178838251903654,13.575106620788574,4.60999999940395,0.3248221278190613,9.451926598558202e-5,5.4256459144925815,409,266.7165497896213,3.5381651801800422,FALSE,FALSE,FALSE,FALSE,3555.7779075086582,FALSE,FALSE,-157.84,21.29,247.86857509613037,42.88594055175781,101.06719398498535,101.94695949554443,9,FALSE,2026-03-18,12
O'ahu,OA479,2026-03-29T22:46:00Z,21.27056,-157.775,32.57,0.218,0,0.191,25.611,0.092,SITE_0369,Waikīkī,Kona,Oʻahu,1270.4,0,0,82.77888370618453,2.409043562050022,13.575106620788574,4.60999999940395,0.3248221278190613,9.451926598558202e-5,5.4256459144925815,409,266.7165497896213,3.5381651801800422,FALSE,FALSE,FALSE,FALSE,1706.6354894910344,FALSE,FALSE,-157.78,21.27,250.2705488204956,47.93560791015625,112.84975147247314,97.93272018432617,8,FALSE,2026-03-18,11
O'ahu,OA480,2026-03-29T20:08:59Z,21.28111111,-157.84,33.94,0.92,0.139,0.252,4.381,0.786,SITE_0398,Waikīkī,Kona,Oʻahu,1268.4,0,0,113.28100519795616,0.34114251340678753,13.575106620788574,4.60999999940395,0.3248221278190613,9.451926598558202e-5,5.4256459144925815,409,266.7165497896213,3.5381651801800422,FALSE,FALSE,FALSE,FALSE,4333.455041737548,FALSE,FALSE,-157.84,21.28,247.86857509613037,42.88594055175781,101.06719398498535,101.94695949554443,9,FALSE,2026-03-18,11
O'ahu,OA482,2026-03-29T22:57:00Z,21.28555556,-157.6727778,34.02,0.528,0,0.158,1.458,0.04,SITE_0425,Maunalua,Kona,Oʻahu,728,0,2,10.41564588501665,0.1460322000780861,13.011834144592283,1.07333331306775,0.22234460711479187,0.00422320468351244,1.4529178927781965,44,NA,NA,FALSE,FALSE,TRUE,FALSE,5041.695125481521,FALSE,FALSE,-157.67,21.29,302.9819669723511,72.1356430053711,118.59411334991455,117.59411334991455,7,FALSE,2026-03-22,7
O'ahu,OA484,2026-03-30T05:11:00Z,21.275278,-157.8475,34.1,0.78,0,0.114,4.784,0.101,SITE_0375,Waikīkī,Kona,Oʻahu,2262.7,0,0,150.47692614184345,1.3736684334284437,13.575106620788574,4.60999999940395,0.3248221278190613,9.451926598558202e-5,5.4256459144925815,409,266.7165497896213,3.5381651801800422,FALSE,FALSE,FALSE,FALSE,4590.876115692642,FALSE,FALSE,-157.85,21.28,229.63430309295654,46.83153533935547,94.66307067871094,101.46832656860352,8,FALSE,2026-03-11,19
O'ahu,OA485,2026-03-29T05:27:59Z,21.282967,-157.720671,32.3,0.827,0,0.134,20.475,0.478,SITE_0407,Kuliʻouʻou,Kona,Oʻahu,511,0,2,75.51402044110175,0.21312339443713427,19.803966522216797,28,0.13651075959205627,0,0.2281225543490067,1,NA,NA,FALSE,FALSE,FALSE,FALSE,142.4434587188652,FALSE,FALSE,-157.72,21.28,299.1968460083008,83.09566497802734,125.64349746704102,113.45630645751953,6,FALSE,2026-03-18,11
O'ahu,OA486,2026-03-29T01:49:00Z,21.306129,-158.027326,34.15,0.142,0,0.187,2.912,0.154,SITE_0455,Honouliuli,ʻEwa,Oʻahu,1505.3,0,0,124.51940950182572,0.19690741536964196,2.9219950735569,46.5,0.05591732760270437,0.03997392704089483,6.485308955617151,1153,27.7558064516129,0.15611880325326422,FALSE,FALSE,FALSE,FALSE,6351.3942674688715,FALSE,FALSE,-158.03,21.31,248.62874603271484,96.00199127197266,119.69581890106201,130.5654010772705,6,FALSE,2026-03-20,9
O'ahu,OA487,2026-03-29T00:27:00Z,21.328119,-158.122122,34.02,0.28,0,0.132,4.383,0.127,SITE_0478,Honouliuli,ʻEwa,Oʻahu,3686.7,0,0,10.7981290077313,0.1772896499183262,2.9219950735569,46.5,0.05591732760270437,0.03997392704089483,6.485308955617151,1153,27.7558064516129,0.15611880325326422,FALSE,FALSE,FALSE,FALSE,10947.434927302445,FALSE,TRUE,-158.12,21.33,256.6385974884033,67.08573913574219,125.28149890899658,139.81668663024902,7,FALSE,2026-03-20,9
O'ahu,OA488,2026-03-29T03:02:00Z,21.292999,-157.864871,34.1,0.566,0.07,0.173,1.28,0.155,SITE_0441,Honolulu,Kona,Oʻahu,943.5,0,1,150.34719418569992,0.5714284294566089,12.08728313446045,4.60999999940395,0.33621343970298767,0,11.68595542825743,393,NA,NA,FALSE,FALSE,FALSE,FALSE,2236.9924883760873,FALSE,FALSE,-157.86,21.29,229.63430309295654,46.83153533935547,94.66307067871094,101.46832656860352,8,FALSE,2026-03-11,18
O'ahu,OA489,2026-03-29T21:54:00Z,21.2575,-157.818,34.03,0.383,0,0.078,2.263,0.084,SITE_0342,Waikīkī,Kona,Oʻahu,57.6,29,32,152.99890509606482,0.1187398099983111,13.575106620788574,4.60999999940395,0.3248221278190613,9.451926598558202e-5,5.4256459144925815,409,266.7165497896213,3.5381651801800422,FALSE,FALSE,FALSE,FALSE,6374.8367988446025,FALSE,FALSE,-157.82,21.26,247.86857509613037,42.88594055175781,101.06719398498535,101.94695949554443,9,FALSE,2026-03-18,11
Maui,OA49,2026-03-30T00:37:00Z,20.865,-156.6738889,34,0.591,0,0.204,12.592,0.04,SITE_0133,Paunau,Lāhainā,Maui,92.4,5,6,59.119467630700115,2.470347093787247,17.596988677978516,6.07333333293597,0.16329514980316162,0.00155974342487752,0.6872812112020557,6,NA,NA,FALSE,FALSE,TRUE,FALSE,860.3524862596296,FALSE,FALSE,-156.67,20.86,147.62821102142334,30.88805389404297,62.77611064910889,74.13133335113525,9,FALSE,2026-03-14,16
O'ahu,OA490,2026-03-30T01:10:00Z,21.2875,-157.668,34.26,1.545,0,0.003,3.094,0.288,SITE_0428,Maunalua,Kona,Oʻahu,783.5,0,9,77.61961213012981,0.10566076387383508,13.011834144592283,1.07333331306775,0.22234460711479187,0.00422320468351244,1.4529178927781965,44,NA,NA,FALSE,TRUE,FALSE,FALSE,5528.19007675203,FALSE,FALSE,-157.67,21.29,302.9819669723511,72.1356430053711,118.59411334991455,117.59411334991455,7,FALSE,2026-03-22,8
O'ahu,OA491,2026-03-29T22:13:00Z,21.25694,-157.797,33.31,1.895,0,0.083,13.896,0.17,SITE_0338,Waikīkī,Kona,Oʻahu,48.5,100,146,120.77235508624564,0.1484737724767765,13.575106620788574,4.60999999940395,0.3248221278190613,9.451926598558202e-5,5.4256459144925815,409,266.7165497896213,3.5381651801800422,FALSE,FALSE,FALSE,FALSE,4416.525495580246,FALSE,FALSE,-157.8,21.26,247.86857509613037,42.88594055175781,101.06719398498535,101.94695949554443,9,FALSE,2026-03-18,11
O'ahu,OA492,2026-03-30T00:06:00Z,21.27861,-157.746,32.18,1.407,0,0.149,32.81,0.153,SITE_0386,Waikīkī,Kona,Oʻahu,1167.8,0,0,119.4855589636818,3.740785396164516,13.575106620788574,4.60999999940395,0.3248221278190613,9.451926598558202e-5,5.4256459144925815,409,266.7165497896213,3.5381651801800422,FALSE,FALSE,FALSE,FALSE,472.0839778614523,FALSE,FALSE,-157.75,21.28,250.2705488204956,47.93560791015625,112.84975147247314,97.93272018432617,8,FALSE,2026-03-18,12
O'ahu,OA493,2026-03-30T08:12:00Z,21.289722,-157.85111,24.16,0.1969,0,0.003,1.5889,0.3329,SITE_0435,Honolulu,Kona,Oʻahu,1172.1,0,0,113.37952740763755,0.3418259091740474,12.08728313446045,4.60999999940395,0.33621343970298767,0,11.68595542825743,393,NA,NA,FALSE,TRUE,FALSE,FALSE,2978.347045077397,FALSE,FALSE,-157.85,21.29,229.63430309295654,46.83153533935547,94.66307067871094,101.46832656860352,8,FALSE,2026-03-11,19
O'ahu,OA494,2026-03-29T22:44:00Z,21.26944,-157.777,31.72,0.99,0,0.187,37.182,0.226,SITE_0366,Waikīkī,Kona,Oʻahu,1029,0,0,82.76102196104883,0.12852865970192573,13.575106620788574,4.60999999940395,0.3248221278190613,9.451926598558202e-5,5.4256459144925815,409,266.7165497896213,3.5381651801800422,FALSE,FALSE,FALSE,FALSE,1945.0609892679493,FALSE,FALSE,-157.78,21.27,250.2705488204956,47.93560791015625,112.84975147247314,97.93272018432617,8,FALSE,2026-03-18,11
O'ahu,OA495,2026-03-29T19:59:00Z,21.28861111,-157.8347222,35.07,0.114,0,0.169,1.412,0.04,SITE_0433,Waikīkī,Kona,Oʻahu,279.5,2,3,13.28894176180121,0.5714896592146388,13.575106620788574,4.60999999940395,0.3248221278190613,9.451926598558202e-5,5.4256459144925815,409,266.7165497896213,3.5381651801800422,FALSE,FALSE,TRUE,FALSE,3987.7633772243885,FALSE,FALSE,-157.83,21.29,247.86857509613037,42.88594055175781,101.06719398498535,101.94695949554443,9,FALSE,2026-03-18,11
O'ahu,OA496,2026-03-30T01:22:00Z,21.31333,-157.66,33.51,0.03,0,0.003,0.581,0.04,SITE_0460,Waimānalo,Koʻolaupoko,Oʻahu,1435.7,0,0,116.24973284879538,0.1477676179865756,10.983854293823242,4.75,0.13318634033203125,0.07301303697749972,14.461485728371995,416,52.01903225806451,1.808347337989741,TRUE,TRUE,TRUE,FALSE,6927.802609271868,FALSE,FALSE,-157.66,21.31,663.2437725067139,145.96237182617188,292.9247341156006,291.9247341156006,7,FALSE,2026-03-13,17
O'ahu,OA497,2026-03-31T00:38:00Z,21.29083333,-157.8611111,34.28,1.173,0.111,0.197,3.895,0.257,SITE_0438,Honolulu,Kona,Oʻahu,896.6,0,1,150.1494631534574,0.6459354592724703,12.08728313446045,4.60999999940395,0.33621343970298767,0,11.68595542825743,393,NA,NA,FALSE,FALSE,FALSE,FALSE,2515.91793724672,FALSE,FALSE,-157.86,21.29,229.63430309295654,46.83153533935547,94.66307067871094,101.46832656860352,8,FALSE,2026-03-11,20
O'ahu,OA498,2026-03-28T22:29:59Z,21.29305556,-157.865,22.62,0.9289,0.0878,0.0777,0.7954,0.4673,SITE_0442,Honolulu,Kona,Oʻahu,950.2,0,1,150.34632970099912,0.5706843383390678,12.08728313446045,4.60999999940395,0.33621343970298767,0,11.68595542825743,393,NA,NA,FALSE,FALSE,FALSE,FALSE,2230.4360781545697,FALSE,FALSE,-157.86,21.29,229.63430309295654,46.83153533935547,94.66307067871094,101.46832656860352,8,FALSE,2026-03-11,17
O'ahu,OA499,2026-03-30T04:47:00Z,21.44388889,-157.8102778,22.61,0.03,0,1.21,10.285,0.268,SITE_0564,Heʻeia,Koʻolaupoko,Oʻahu,669,0,8,75.7402530743599,0.1243713665525429,7.829522967338562,6.82499998807907,0.28910722583532333,4.1361484909430146e-4,10.90783598040597,186,34.65774193548387,2.032478303674722,TRUE,FALSE,FALSE,FALSE,3141.837518025609,FALSE,FALSE,-157.81,21.44,948.3805503845215,256.1871643066406,501.0530204772949,500.0530204772949,5,FALSE,2026-03-20,10
O'ahu,OA5,2026-03-29T21:03:00Z,21.63368611,-158.0700472,34.63,0.811,0.073,0.183,19.86,0.523,SITE_0648,Kapaeloa,Waialua,Oʻahu,102.6,44,88,15.172790844143748,0.13276364525810247,9.602567672729492,25.5,0.02714873291552066,0,10.898008765189765,85,NA,NA,FALSE,FALSE,FALSE,FALSE,1049.8084820000051,FALSE,FALSE,-158.07,21.63,287.53543853759766,78.56097412109375,138.48170471191406,157.1219482421875,7,FALSE,2026-03-13,16
Maui,OA50,2026-03-30T00:53:00Z,20.8425,-156.6527778,34.863,0.096,0,0.003,1.401,0.04,SITE_0130,Launiupoko,Lāhainā,Maui,1131.8,0,0,59.42093702708455,1.832187521101703,17.90790557861328,28,0.03426937386393547,0.11035169661045074,2.2885019973420015,36,NA,NA,FALSE,TRUE,TRUE,FALSE,407.23138093881124,FALSE,FALSE,-156.65,20.84,NA,NA,NA,NA,0,TRUE,NA,NA
O'ahu,OA500,2026-03-29T19:14:00Z,21.28122222,-157.7286944,32.08,0.03,0,0.003,22.898,0.083,SITE_0401,Kuliʻouʻou,Kona,Oʻahu,1090.7,0,0,75.82046722298861,0.2645142508330755,19.803966522216797,28,0.13651075959205627,0,0.2281225543490067,1,NA,NA,TRUE,TRUE,FALSE,FALSE,335.61065937752215,FALSE,FALSE,-157.73,21.28,299.1968460083008,83.09566497802734,125.64349746704102,113.45630645751953,6,FALSE,2026-03-18,11
O'ahu,OA501,2026-03-29T19:23:59Z,21.28083333,-157.7291667,33.25,0.03,0,0.003,7.757,0.04,SITE_0396,Kuliʻouʻou,Kona,Oʻahu,1112.4,0,0,75.85945358861173,0.2932831478933804,19.803966522216797,28,0.13651075959205627,0,0.2281225543490067,1,NA,NA,TRUE,TRUE,TRUE,FALSE,400.80750419432457,FALSE,FALSE,-157.73,21.28,299.1968460083008,83.09566497802734,125.64349746704102,113.45630645751953,6,FALSE,2026-03-18,11
O'ahu,OA502,2026-03-29T19:28:00Z,21.27611111,-157.7263889,34.37,0.03,0,0.003,0.349,0.04,SITE_0380,Kuliʻouʻou,Kona,Oʻahu,1426.6,0,0,76.26336128835118,0.9018884271434509,19.803966522216797,28,0.13651075959205627,0,0.2281225543490067,1,NA,NA,TRUE,TRUE,TRUE,FALSE,778.9390876897384,FALSE,FALSE,-157.73,21.28,299.1968460083008,83.09566497802734,125.64349746704102,113.45630645751953,6,FALSE,2026-03-18,11
O'ahu,OA503,2026-03-29T19:55:00Z,21.28166667,-157.7319444,33.95,0.119,0,0.003,8.515,0.14,SITE_0403,Waikīkī,Kona,Oʻahu,956.5,0,1,75.75893754040162,0.11621053645806388,13.575106620788574,4.60999999940395,0.3248221278190613,9.451926598558202e-5,5.4256459144925815,409,266.7165497896213,3.5381651801800422,FALSE,TRUE,FALSE,FALSE,618.7022082458411,FALSE,FALSE,-157.73,21.28,299.1968460083008,83.09566497802734,125.64349746704102,113.45630645751953,6,FALSE,2026-03-18,11
O'ahu,OA504,2026-03-29T20:01:00Z,21.28083333,-157.7319444,34.53,0.03,0,0.003,1.501,0.04,SITE_0395,Waikīkī,Kona,Oʻahu,1048.3,0,0,75.85724626770799,0.2086818941454403,13.575106620788574,4.60999999940395,0.3248221278190613,9.451926598558202e-5,5.4256459144925815,409,266.7165497896213,3.5381651801800422,TRUE,TRUE,TRUE,FALSE,649.2324157152092,FALSE,FALSE,-157.73,21.28,299.1968460083008,83.09566497802734,125.64349746704102,113.45630645751953,6,FALSE,2026-03-18,11
Maui,OA51,2026-03-29T17:36:00Z,20.59888889,-156.4197222,34.29,8.922,0.133,0.108,3.706,0.04,SITE_0002,Kalihi,Honuaʻula,Maui,2666.1,0,0,86.5896035043588,0.16965204536064882,8.218367576599121,23,0.01426939200609922,0.02351907454431057,NA,NA,NA,NA,FALSE,FALSE,TRUE,FALSE,9140.346906580084,FALSE,FALSE,-156.42,20.6,129.44316482543945,30.412242889404297,54.22142505645752,68.42754650115967,9,FALSE,2026-03-14,15
Maui,OA52,2026-03-29T17:40:59Z,20.59972222,-156.4208333,33.75,23.698,0.128,0.302,15.917,0.188,SITE_0005,Kalihi,Honuaʻula,Maui,2520.3,0,0,49.640103356561355,0.37123286412782647,8.218367576599121,23,0.01426939200609922,0.02351907454431057,NA,NA,NA,NA,FALSE,FALSE,FALSE,FALSE,9022.8963395387,FALSE,FALSE,-156.42,20.6,129.44316482543945,30.412242889404297,54.22142505645752,68.42754650115967,9,FALSE,2026-03-14,15
O'ahu,OA521,2026-03-31T03:10:00Z,21.27666667,-157.7094444,33.99,0.815,0,0.107,6.609,0.126,SITE_0381,Maunalua,Kona,Oʻahu,1401.1,0,0,40.700640706515614,0.1538754999372177,13.011834144592283,1.07333331306775,0.22234460711479187,0.00422320468351244,1.4529178927781965,44,NA,NA,FALSE,FALSE,FALSE,FALSE,1492.2895241512156,FALSE,FALSE,-157.71,21.28,299.1968460083008,83.09566497802734,125.64349746704102,113.45630645751953,6,FALSE,2026-03-18,13
O'ahu,OA522,2026-03-31T02:53:00Z,21.2825,-157.7219444,31.71,0.337,0,0.101,50.924,0.731,SITE_0406,Kuliʻouʻou,Kona,Oʻahu,592.3,0,1,75.60811674512549,0.3168367862231098,19.803966522216797,28,0.13651075959205627,0,0.2281225543490067,1,NA,NA,FALSE,FALSE,FALSE,FALSE,167.7623054354426,FALSE,FALSE,-157.72,21.28,299.1968460083008,83.09566497802734,125.64349746704102,113.45630645751953,6,FALSE,2026-03-18,13
O'ahu,OA523,2026-03-31T02:46:59Z,21.28311111,-157.7211889,33.07,0.03,0,0.101,21.278,0.27,SITE_0416,Maunalua,Kona,Oʻahu,505,0,2,75.51040612331693,0.2184429067620076,13.011834144592283,1.07333331306775,0.22234460711479187,0.00422320468351244,1.4529178927781965,44,NA,NA,TRUE,FALSE,FALSE,FALSE,101.28469731021163,FALSE,FALSE,-157.72,21.28,299.1968460083008,83.09566497802734,125.64349746704102,113.45630645751953,6,FALSE,2026-03-18,13
O'ahu,OA524,2026-03-31T02:34:59Z,21.28433333,-157.71875,32.67,0.201,0,0.072,24.083,0.04,SITE_0421,Maunalua,Kona,Oʻahu,380.3,1,3,84.74826085985792,0.736453357029357,13.011834144592283,1.07333331306775,0.22234460711479187,0.00422320468351244,1.4529178927781965,44,NA,NA,FALSE,FALSE,TRUE,FALSE,291.888413587565,FALSE,FALSE,-157.72,21.28,299.1968460083008,83.09566497802734,125.64349746704102,113.45630645751953,6,FALSE,2026-03-18,13
O'ahu,OA525,2026-03-31T02:30:00Z,21.28297222,-157.7163333,34.21,1.116,0,0.137,3.678,0.123,SITE_0408,Maunalua,Kona,Oʻahu,636.3,0,3,84.75718336103053,0.9853097472836598,13.011834144592283,1.07333331306775,0.22234460711479187,0.00422320468351244,1.4529178927781965,44,NA,NA,FALSE,FALSE,FALSE,FALSE,550.8934880509873,FALSE,FALSE,-157.72,21.28,299.1968460083008,83.09566497802734,125.64349746704102,113.45630645751953,6,FALSE,2026-03-18,13
O'ahu,OA527,2026-03-30T08:17:00Z,21.29111,-157.855,34.16,0.176,0,0.003,2.391,0.124,SITE_0439,Honolulu,Kona,Oʻahu,844.6,0,1,149.23425794190868,0.3546366951814853,12.08728313446045,4.60999999940395,0.33621343970298767,0,11.68595542825743,393,NA,NA,FALSE,TRUE,FALSE,FALSE,2673.363860877946,FALSE,FALSE,-157.85,21.29,229.63430309295654,46.83153533935547,94.66307067871094,101.46832656860352,8,FALSE,2026-03-11,19
O'ahu,OA529,2026-03-29T22:13:00Z,21.25694,-157.798,19.56,1.1051,0,0.003,5.857,0.4183,SITE_0337,Waikīkī,Kona,Oʻahu,82.3,89,145,120.7978622554425,0.25395444797945677,13.575106620788574,4.60999999940395,0.3248221278190613,9.451926598558202e-5,5.4256459144925815,409,266.7165497896213,3.5381651801800422,FALSE,TRUE,FALSE,FALSE,4507.938321479206,FALSE,FALSE,-157.8,21.26,247.86857509613037,42.88594055175781,101.06719398498535,101.94695949554443,9,FALSE,2026-03-18,11
Maui,OA53,2026-03-29T19:00:00Z,20.62833333,-156.4444444,34.14,13.996,0,0.146,10.219,0.04,SITE_0006,Mohopilo,Honuaʻula,Maui,134.3,5,7,86.01431917296797,0.4769758269865032,5.864564418792725,23,0.03509829193353653,0.03169706789776683,2.1279800063521987,21,NA,NA,FALSE,FALSE,TRUE,FALSE,5610.001855165059,FALSE,FALSE,-156.44,20.63,129.44316482543945,30.412242889404297,54.22142505645752,68.42754650115967,9,FALSE,2026-03-14,15
O'ahu,OA531,2026-03-28T22:54:00Z,21.27611111,-157.7608333,27.06,NA,NA,NA,NA,NA,SITE_0379,Waikīkī,Kona,Oʻahu,530.5,0,3,10.70045507529496,0.14752646626066415,13.575106620788574,4.60999999940395,0.3248221278190613,9.451926598558202e-5,5.4256459144925815,409,266.7165497896213,3.5381651801800422,FALSE,FALSE,FALSE,FALSE,115.11763818305313,FALSE,FALSE,-157.76,21.28,250.2705488204956,47.93560791015625,112.84975147247314,97.93272018432617,8,FALSE,2026-03-18,10
O'ahu,OA532,2026-03-29T20:06:00Z,21.27805556,-157.7469444,30.49,1.012,0,0.124,57.918,0.487,SITE_0384,Waikīkī,Kona,Oʻahu,1092.9,0,0,117.38228791972882,0.1214154107459508,13.575106620788574,4.60999999940395,0.3248221278190613,9.451926598558202e-5,5.4256459144925815,409,266.7165497896213,3.5381651801800422,FALSE,FALSE,FALSE,FALSE,358.3417824557104,FALSE,FALSE,-157.75,21.28,250.2705488204956,47.93560791015625,112.84975147247314,97.93272018432617,8,FALSE,2026-03-18,11
O'ahu,OA533,2026-03-29T19:46:00Z,21.26916667,-157.7766667,31.18,1.819,0,0.14,52.074,0.335,SITE_0365,Waikīkī,Kona,Oʻahu,1041.4,0,0,81.63351771449187,0.2841622883674388,13.575106620788574,4.60999999940395,0.3248221278190613,9.451926598558202e-5,5.4256459144925815,409,266.7165497896213,3.5381651801800422,FALSE,FALSE,FALSE,FALSE,1924.7426327540124,FALSE,FALSE,-157.78,21.27,250.2705488204956,47.93560791015625,112.84975147247314,97.93272018432617,8,FALSE,2026-03-18,11
Maui,OA54,2026-03-29T16:48:00Z,20.72833333,-156.4502778,31.29,45.562,0.321,1.065,63.24,0.04,SITE_0033,Kamaʻole,Kula,Maui,232.5,31,60,26.439128296211393,9.509790555079595,8.28579044342041,151.666666666667,0.05891412124037742,0.22755710291676223,8.453957556986367,277,NA,NA,FALSE,FALSE,TRUE,FALSE,1519.4650016056125,FALSE,FALSE,-156.45,20.73,139.47516632080078,33.76641845703125,60.09123229980469,75.97444152832031,10,FALSE,2026-03-14,15
O'ahu,OA541,2026-03-28T22:12:00Z,21.25722222,-157.7966667,34.121,2.414,0,0.003,15.165,1.194,SITE_0341,Waikīkī,Kona,Oʻahu,39.8,112,148,120.82140610636704,0.5620861451935488,13.575106620788574,4.60999999940395,0.3248221278190613,9.451926598558202e-5,5.4256459144925815,409,266.7165497896213,3.5381651801800422,FALSE,TRUE,FALSE,FALSE,4371.224903900008,FALSE,FALSE,-157.8,21.26,247.86857509613037,42.88594055175781,101.06719398498535,101.94695949554443,9,FALSE,2026-03-18,10
Maui,OA55,2026-03-29T18:22:00Z,20.62944444,-156.4452778,23.39,0.153,0,0.036,1.254,0.04,SITE_0007,Mohopilo,Honuaʻula,Maui,284.7,5,7,86.09468282994642,0.269050813377276,5.864564418792725,23,0.03509829193353653,0.03169706789776683,2.1279800063521987,21,NA,NA,FALSE,FALSE,TRUE,FALSE,5493.171760978226,FALSE,FALSE,-156.45,20.63,NA,NA,NA,NA,0,TRUE,NA,NA
O'ahu,OA552,2026-03-28T23:34:00Z,21.28777778,-157.6688889,34.18,0.603,0,0.003,1.81,0.224,SITE_0430,Maunalua,Kona,Oʻahu,694.1,0,7,10.354545712176517,0.1360945149766223,13.011834144592283,1.07333331306775,0.22234460711479187,0.00422320468351244,1.4529178927781965,44,NA,NA,FALSE,TRUE,FALSE,FALSE,5435.469571316913,FALSE,FALSE,-157.67,21.29,302.9819669723511,72.1356430053711,118.59411334991455,117.59411334991455,7,FALSE,2026-03-22,6
O'ahu,OA553,2026-03-28T23:21:59Z,21.27916667,-157.7094444,33.47,0.494,0,0.082,9.052,0.04,SITE_0391,Maunalua,Kona,Oʻahu,1148.7,0,0,40.52166850336631,0.11118411979860156,13.011834144592283,1.07333331306775,0.22234460711479187,0.00422320468351244,1.4529178927781965,44,NA,NA,FALSE,FALSE,TRUE,FALSE,1362.4320835380806,FALSE,FALSE,-157.71,21.28,299.1968460083008,83.09566497802734,125.64349746704102,113.45630645751953,6,FALSE,2026-03-18,10
O'ahu,OA554,2026-03-28T20:16:00Z,21.31166667,-157.8897222,33.59,0.188,0,0.003,3.94,1.437,SITE_0458,Kalihi,Kona,Oʻahu,2302.3,0,0,113.41684616752262,1.0377157595357858,15.32446002960205,4.60999999940395,0.2732030749320984,0,2.3605560044631377,38,39.29387096774194,1.8527173220328768,FALSE,TRUE,FALSE,FALSE,2097.1435142182745,FALSE,FALSE,-157.89,21.31,220.86332654953003,43.7715950012207,92.19539833068848,104.59934759140015,8,FALSE,2026-03-18,10
Maui,OA56,2026-03-29T18:30:00Z,20.63138889,-156.4469444,34.41,0.338,0,0.09,2.459,0.04,SITE_0008,Mohopilo,Honuaʻula,Maui,531.1,0,5,48.4338700726452,0.2406897925830156,5.864564418792725,23,0.03509829193353653,0.03169706789776683,2.1279800063521987,21,NA,NA,FALSE,FALSE,TRUE,FALSE,5295.236834739219,FALSE,FALSE,-156.45,20.63,NA,NA,NA,NA,0,TRUE,NA,NA
O'ahu,OA562,2026-03-28T23:44:00Z,21.31666667,-157.6641667,33.33,0.03,0,0.003,0.701,0.04,SITE_0466,Waimānalo,Koʻolaupoko,Oʻahu,1131.8,0,0,114.5957743412677,0.11682909920777032,10.983854293823242,4.75,0.13318634033203125,0.07301303697749972,14.461485728371995,416,52.01903225806451,1.808347337989741,TRUE,TRUE,TRUE,FALSE,6697.48151788344,FALSE,FALSE,-157.66,21.32,663.2437725067139,145.96237182617188,292.9247341156006,291.9247341156006,7,FALSE,2026-03-13,15
O'ahu,OA563,2026-03-28T23:01:00Z,21.28111111,-157.7283333,34.364,0.225,0,0.003,5.389,1.116,SITE_0399,Kuliʻouʻou,Kona,Oʻahu,1116.5,0,0,75.83208398292766,0.2878412607084028,19.803966522216797,28,0.13651075959205627,0,0.2281225543490067,1,NA,NA,FALSE,TRUE,FALSE,FALSE,316.20331527568413,FALSE,FALSE,-157.73,21.28,299.1968460083008,83.09566497802734,125.64349746704102,113.45630645751953,6,FALSE,2026-03-18,10
O'ahu,OA564,2026-03-28T20:50:00Z,21.29944444,-157.8725,33.1,NA,0,0.139,10.699,0.204,SITE_0449,Honolulu,Kona,Oʻahu,1536.1,0,0,115.25100561480284,1.1203489409998293,12.08728313446045,4.60999999940395,0.33621343970298767,0,11.68595542825743,393,NA,NA,FALSE,FALSE,FALSE,FALSE,1690.9512962460037,FALSE,FALSE,-157.87,21.3,220.86332654953003,43.7715950012207,92.19539833068848,104.59934759140015,8,FALSE,2026-03-18,10
Maui,OA57,2026-03-29T18:38:59Z,20.63361111,-156.4502778,34.76,0.262,0,0.089,1.592,0.04,SITE_0009,Mohopilo,Honuaʻula,Maui,951.2,0,4,9.33486941327789,0.11406075009025576,5.864564418792725,23,0.03509829193353653,0.03169706789776683,2.1279800063521987,21,NA,NA,FALSE,FALSE,TRUE,FALSE,5103.5181978001465,FALSE,FALSE,-156.45,20.63,NA,NA,NA,NA,0,TRUE,NA,NA
O'ahu,OA573,2026-03-28T22:49:00Z,21.27888889,-157.7444444,30.85,5.097,0,0.173,55.629,0.266,SITE_0388,Waikīkī,Kona,Oʻahu,1317.2,0,0,118.08117838076151,0.14476714313926642,13.575106620788574,4.60999999940395,0.3248221278190613,9.451926598558202e-5,5.4256459144925815,409,266.7165497896213,3.5381651801800422,FALSE,FALSE,FALSE,FALSE,633.6402644583708,FALSE,FALSE,-157.74,21.28,299.1968460083008,83.09566497802734,125.64349746704102,113.45630645751953,6,FALSE,2026-03-18,10
O'ahu,OA574,2026-03-28T23:50:00Z,21.31888889,-157.67,33.34,0.362,0,0.08,3.411,0.04,SITE_0470,Waimānalo,Koʻolaupoko,Oʻahu,638.3,0,8,114.4554366485316,0.15659499840566424,10.983854293823242,4.75,0.13318634033203125,0.07301303697749972,14.461485728371995,416,52.01903225806451,1.808347337989741,FALSE,FALSE,TRUE,FALSE,6296.759965363521,FALSE,FALSE,-157.67,21.32,663.2437725067139,145.96237182617188,292.9247341156006,291.9247341156006,7,FALSE,2026-03-13,15
O'ahu,OA575,2026-03-28T21:57:59Z,21.25583333,-157.8108333,33.92,0.03,0,0.003,0.595,0.04,SITE_0335,Waikīkī,Kona,Oʻahu,164.5,14,46,152.65468833132587,0.8132283497323515,13.575106620788574,4.60999999940395,0.3248221278190613,9.451926598558202e-5,5.4256459144925815,409,266.7165497896213,3.5381651801800422,TRUE,TRUE,TRUE,FALSE,5764.9719132328055,FALSE,FALSE,-157.81,21.26,247.86857509613037,42.88594055175781,101.06719398498535,101.94695949554443,9,FALSE,2026-03-18,10
Maui,OA58,2026-03-29T19:32:00Z,20.64805556,-156.4425,30.7,61.634,0,0.435,71.655,0.04,SITE_0012,Mohopilo,Honuaʻula,Maui,828.9,0,3,53.51591156609855,0.5443488673288375,5.864564418792725,23,0.03509829193353653,0.03169706789776683,2.1279800063521987,21,NA,NA,FALSE,FALSE,TRUE,FALSE,3417.979275797066,FALSE,FALSE,-156.44,20.65,140.40245175361633,27.23769187927246,55.475385665893555,72.63384819030762,11,FALSE,2026-03-14,15
O'ahu,OA582,2026-03-28T23:16:00Z,21.28305556,-157.7155556,32.341,2.051,0.077,0.165,10.258,1.358,SITE_0415,Maunalua,Kona,Oʻahu,681.4,0,3,84.72404859177102,0.8471424903290399,13.011834144592283,1.07333331306775,0.22234460711479187,0.00422320468351244,1.4529178927781965,44,NA,NA,FALSE,FALSE,FALSE,FALSE,628.6173022901072,FALSE,FALSE,-157.72,21.28,299.1968460083008,83.09566497802734,125.64349746704102,113.45630645751953,6,FALSE,2026-03-18,10
O'ahu,OA583,2026-03-28T22:33:00Z,21.26972222,-157.7766667,32.52,0.99,0,0.188,29.176,0.308,SITE_0367,Waikīkī,Kona,Oʻahu,1075.2,0,0,82.74042326690832,0.15489306784818102,13.575106620788574,4.60999999940395,0.3248221278190613,9.451926598558202e-5,5.4256459144925815,409,266.7165497896213,3.5381651801800422,FALSE,FALSE,FALSE,FALSE,1901.3692855399001,FALSE,FALSE,-157.78,21.27,250.2705488204956,47.93560791015625,112.84975147247314,97.93272018432617,8,FALSE,2026-03-18,10
O'ahu,OA584,2026-03-28T21:41:00Z,21.27111111,-157.8233333,33.9,4.447,0.075,0.086,4.305,0.229,SITE_0371,Waikīkī,Kona,Oʻahu,1240.9,0,0,118.17992139024793,0.7230547605960445,13.575106620788574,4.60999999940395,0.3248221278190613,9.451926598558202e-5,5.4256459144925815,409,266.7165497896213,3.5381651801800422,FALSE,FALSE,FALSE,FALSE,6228.083902552193,FALSE,FALSE,-157.82,21.27,247.86857509613037,42.88594055175781,101.06719398498535,101.94695949554443,9,FALSE,2026-03-18,10
O'ahu,OA585,2026-03-28T21:16:00Z,21.29111111,-157.8547222,34.32,0.065,0,0.1,1.352,0.222,SITE_0440,Honolulu,Kona,Oʻahu,854.6,0,1,149.2202333664369,0.34265977186290547,12.08728313446045,4.60999999940395,0.33621343970298767,0,11.68595542825743,393,NA,NA,FALSE,FALSE,FALSE,FALSE,2685.026127636392,FALSE,FALSE,-157.85,21.29,229.63430309295654,46.83153533935547,94.66307067871094,101.46832656860352,8,FALSE,2026-03-11,17
Maui,OA59,2026-03-29T19:19:00Z,20.64555556,-156.4436111,32.1,19.125,0,0.186,27.826,0.04,SITE_0010,Mohopilo,Honuaʻula,Maui,530.9,0,1,51.353151882083154,0.10460064657824114,5.864564418792725,23,0.03509829193353653,0.03169706789776683,2.1279800063521987,21,NA,NA,FALSE,FALSE,TRUE,FALSE,3700.706985682961,FALSE,FALSE,-156.44,20.65,140.40245175361633,27.23769187927246,55.475385665893555,72.63384819030762,11,FALSE,2026-03-14,15
O'ahu,OA593,2026-03-28T21:49:00Z,21.26388889,-157.8222222,34.11,0.432,0,0.003,0.85,0.174,SITE_0359,Waikīkī,Kona,Oʻahu,618.6,0,17,113.21603099470224,0.14765878017095382,13.575106620788574,4.60999999940395,0.3248221278190613,9.451926598558202e-5,5.4256459144925815,409,266.7165497896213,3.5381651801800422,FALSE,TRUE,FALSE,FALSE,6575.39603060151,FALSE,FALSE,-157.82,21.26,247.86857509613037,42.88594055175781,101.06719398498535,101.94695949554443,9,FALSE,2026-03-18,10
O'ahu,OA594,2026-03-28T21:25:00Z,21.28138889,-157.8408333,33.64,1.922,0.133,0.142,6.475,0.455,SITE_0402,Waikīkī,Kona,Oʻahu,1297.7,0,0,113.33512783037403,0.405119175901997,13.575106620788574,4.60999999940395,0.3248221278190613,9.451926598558202e-5,5.4256459144925815,409,266.7165497896213,3.5381651801800422,FALSE,FALSE,FALSE,FALSE,4264.066843568748,FALSE,FALSE,-157.84,21.28,247.86857509613037,42.88594055175781,101.06719398498535,101.94695949554443,9,FALSE,2026-03-18,10
O'ahu,OA595,2026-03-28T20:32:00Z,21.30027778,-157.8830556,34.27,0.03,0,0.003,0.156,0.219,SITE_0452,Honolulu,Kona,Oʻahu,2635,0,0,115.72445250886412,2.116522757214295,12.08728313446045,4.60999999940395,0.33621343970298767,0,11.68595542825743,393,NA,NA,TRUE,TRUE,FALSE,FALSE,2322.850039999474,FALSE,FALSE,-157.88,21.3,220.86332654953003,43.7715950012207,92.19539833068848,104.59934759140015,8,FALSE,2026-03-18,10
O'ahu,OA6,2026-03-29T19:12:00Z,21.41083,-157.784444,4.24,NA,0.936,0.969,NA,NA,SITE_0533,Kāneʻohe,Koʻolaupoko,Oʻahu,384.7,3,3,12.036764696179292,0.10393153783213348,9.1135406494140625,7.76249998807907,0.2794608473777771,3.246975247748196e-4,4.493726612531857,148,127.4041935483871,3.868375777679436,FALSE,FALSE,FALSE,FALSE,163.72483747967863,FALSE,FALSE,-157.78,21.41,590.2633419036865,143.74887084960938,303.7656002044678,302.7656002044678,5,FALSE,2026-03-18,11
Maui,OA60,2026-03-29T18:15:00Z,20.671404,-156.443487,34.03,2.305,0,0.13,10.985,0.04,SITE_0018,Palauea,Honuaʻula,Maui,165.3,10,14,56.50899532617021,1.7485154444570654,8.63197135925293,32.6739999999603,0.03434471040964126,0.4180692480877042,1.5219982093347455,13,NA,NA,FALSE,FALSE,TRUE,FALSE,862.3249563906396,FALSE,FALSE,-156.44,20.67,140.40245175361633,27.23769187927246,55.475385665893555,72.63384819030762,11,FALSE,2026-03-14,15
O'ahu,OA603,2026-03-30T01:23:00Z,21.31361,-157.661,33.73,0.03,0,0.003,0.369,0.04,SITE_0463,Waimānalo,Koʻolaupoko,Oʻahu,1337.2,0,0,116.5393902011614,0.3587991614801655,10.983854293823242,4.75,0.13318634033203125,0.07301303697749972,14.461485728371995,416,52.01903225806451,1.808347337989741,TRUE,TRUE,TRUE,FALSE,6845.285044066793,FALSE,FALSE,-157.66,21.31,663.2437725067139,145.96237182617188,292.9247341156006,291.9247341156006,7,FALSE,2026-03-13,17
O'ahu,OA604,2026-03-30T05:00:00Z,21.26667,-157.848,34.59,0.03,0,0.003,0.709,0.04,SITE_0363,Waikīkī,Kona,Oʻahu,3060.9,0,0,151.106287450174,1.8933909795173225,13.575106620788574,4.60999999940395,0.3248221278190613,9.451926598558202e-5,5.4256459144925815,409,266.7165497896213,3.5381651801800422,TRUE,TRUE,TRUE,FALSE,5458.417617557463,FALSE,FALSE,-157.85,21.27,229.63430309295654,46.83153533935547,94.66307067871094,101.46832656860352,8,FALSE,2026-03-11,19
O'ahu,OA605,2026-03-29T20:11:00Z,21.39083333,-157.7138889,33.16,0.741,0,0.116,6.844,0.04,SITE_0510,Kailua,Koʻolaupoko,Oʻahu,1417.2,0,0,153.18277329426326,0.32871200104194015,9.806928634643556,7.47499996423721,0.23000787198543549,0.00252578710205853,1.4184734471396867,65,56.27258064516129,1.2280178684182992,FALSE,FALSE,TRUE,FALSE,1426.514867491247,FALSE,FALSE,-157.71,21.39,1174.0900268554688,283.5859680175781,568.17193603515625,567.17193603515625,7,FALSE,2026-03-13,16
O'ahu,OA606,2026-03-29T20:07:00Z,21.39166667,-157.715,33.55,0.255,0,0.096,5.574,0.04,SITE_0513,Kailua,Koʻolaupoko,Oʻahu,1557.7,0,0,153.21028120558609,0.34460094975445454,9.806928634643556,7.47499996423721,0.23000787198543549,0.00252578710205853,1.4184734471396867,65,56.27258064516129,1.2280178684182992,FALSE,FALSE,TRUE,FALSE,1280.2994943825126,FALSE,FALSE,-157.72,21.39,1174.0900268554688,283.5859680175781,568.17193603515625,567.17193603515625,7,FALSE,2026-03-13,16
O'ahu,OA607,2026-03-30T03:27:00Z,21.3575,-157.96,33.46,0.718,0.073,0.119,17.226,1.42,SITE_0493,N/A,ʻEwa,Oʻahu,3374.2,0,0,0.7327774086198086,0.12215633874805644,0.5325395464897156,10,0.14626237750053406,0,NA,NA,NA,NA,FALSE,FALSE,FALSE,FALSE,2926.1220627886537,FALSE,FALSE,-157.96,21.36,252.0212860107422,65.98230743408203,121.96756362915039,131.96461486816406,7,FALSE,2026-03-11,19
O'ahu,OA608,2026-03-29T01:55:59Z,21.25714,-157.79661,33.578,4.375,0,0.137,26.743,1.585,SITE_0339,Waikīkī,Kona,Oʻahu,48.9,114,148,120.81938414241482,0.5548941355247516,13.575106620788574,4.60999999940395,0.3248221278190613,9.451926598558202e-5,5.4256459144925815,409,266.7165497896213,3.5381651801800422,FALSE,FALSE,FALSE,FALSE,4370.3953810461035,FALSE,FALSE,-157.8,21.26,247.86857509613037,42.88594055175781,101.06719398498535,101.94695949554443,9,FALSE,2026-03-18,11
O'ahu,OA611,2026-03-30T01:09:00Z,21.28806,-157.668,34.7,0.242,0,0.003,0.005,0.04,SITE_0431,Maunalua,Kona,Oʻahu,745,0,10,10.108743065831282,0.11229396043981207,13.011834144592283,1.07333331306775,0.22234460711479187,0.00422320468351244,1.4529178927781965,44,NA,NA,FALSE,TRUE,TRUE,TRUE,5527.350537654716,FALSE,FALSE,-157.67,21.29,302.9819669723511,72.1356430053711,118.59411334991455,117.59411334991455,7,FALSE,2026-03-22,8
O'ahu,OA612,2026-03-30T00:06:00Z,21.28028,-157.743,31.12,5.258,0,0.182,60.346,0.246,SITE_0393,Waikīkī,Kona,Oʻahu,1442.6,0,0,81.24718598138044,0.1350488553772001,13.575106620788574,4.60999999940395,0.3248221278190613,9.451926598558202e-5,5.4256459144925815,409,266.7165497896213,3.5381651801800422,FALSE,FALSE,FALSE,FALSE,832.2872715900725,FALSE,FALSE,-157.74,21.28,299.1968460083008,83.09566497802734,125.64349746704102,113.45630645751953,6,FALSE,2026-03-18,12
O'ahu,OA613,2026-03-28T21:29:00Z,21.39555556,-157.7219444,26.42,0.03,0,1.062,48.275,0.04,SITE_0520,Kailua,Koʻolaupoko,Oʻahu,1043.8,0,0,122.66748120581308,2.333231205197161,9.806928634643556,7.47499996423721,0.23000787198543549,0.00252578710205853,1.4184734471396867,65,56.27258064516129,1.2280178684182992,TRUE,FALSE,TRUE,FALSE,441.50361705833114,FALSE,FALSE,-157.72,21.4,590.750129699707,148.92369079589844,258.4014358520508,286.00159454345703,7,FALSE,2026-03-20,8
Maui,OA62,2026-03-30T21:09:00Z,20.9125,-156.4027778,35.42,1.579,0,0.18,9.114,0.177,SITE_0170,Wailuku,Pūʻali Komohana,Maui,185.1,4,4,52.580697709191774,0.11709428555479476,8.111989974975586,92,0.13595305383205414,0.4264885485172272,5.070305495307585,578,547.38,4.801702114224019,FALSE,FALSE,FALSE,FALSE,949.6667726811701,FALSE,FALSE,-156.4,20.91,224.8839349746704,40.979190826416016,93.20318031311035,133.18237209320068,9,FALSE,2026-03-14,16
Maui,OA64,2026-03-30T21:55:00Z,20.90944444,-156.4238889,34.7,5.202,0,0.281,30.542,0.176,SITE_0161,Wailuku,Pūʻali Komohana,Maui,210,15,18,124.83035059970732,0.14771072563051713,8.111989974975586,92,0.13595305383205414,0.4264885485172272,5.070305495307585,578,547.38,4.801702114224019,FALSE,FALSE,FALSE,FALSE,3172.844671301286,FALSE,FALSE,-156.42,20.91,224.8839349746704,40.979190826416016,93.20318031311035,133.18237209320068,9,FALSE,2026-03-14,16
Maui,OA65,2026-03-30T22:00:00Z,20.90972222,-156.4236111,34.96,4.442,0,0.251,21.518,0.176,SITE_0163,Wailuku,Pūʻali Komohana,Maui,249.2,14,19,124.99227324474263,0.12513670580461622,8.111989974975586,92,0.13595305383205414,0.4264885485172272,5.070305495307585,578,547.38,4.801702114224019,FALSE,FALSE,FALSE,FALSE,3139.5905087024803,FALSE,FALSE,-156.42,20.91,224.8839349746704,40.979190826416016,93.20318031311035,133.18237209320068,9,FALSE,2026-03-14,16
Maui,OA66,2026-03-30T21:03:00Z,20.9128,-156.4022,35.04,1.775,0,0.204,11.517,0.337,SITE_0173,Wailuku,Pūʻali Komohana,Maui,252.6,3,4,90.06406450306446,0.12020957042289888,8.111989974975586,92,0.13595305383205414,0.4264885485172272,5.070305495307585,578,547.38,4.801702114224019,FALSE,FALSE,FALSE,FALSE,885.1749334374382,FALSE,FALSE,-156.4,20.91,224.8839349746704,40.979190826416016,93.20318031311035,133.18237209320068,9,FALSE,2026-03-14,16
Maui,OA67,2026-03-30T20:30:00Z,20.91472222,-156.3913889,35.27,3.353,0,0.258,12.303,0.096,SITE_0177,Hāmākuapoko,Hāmākuapoko,Maui,1176.6,0,0,127.45504433970493,0.12367305130837485,3.7008700370788574,6.76666665077209,0.05650991946458816,0.678783655166626,1.5270638414062103,38,NA,NA,FALSE,FALSE,FALSE,FALSE,264.42113271182876,FALSE,FALSE,-156.39,20.91,232.54151058197021,41.80623245239258,105.51558113098145,135.87025547027588,9,FALSE,2026-03-13,17
Maui,OA68,2026-03-30T20:46:59Z,20.91277778,-156.3983333,35.21,2.983,0,0.276,11.552,0.256,SITE_0172,Wailuku,Pūʻali Komohana,Maui,563.3,0,4,15.10648680797344,0.13176030283374712,8.111989974975586,92,0.13595305383205414,0.4264885485172272,5.070305495307585,578,547.38,4.801702114224019,FALSE,FALSE,FALSE,FALSE,490.45105346657914,FALSE,FALSE,-156.4,20.91,224.8839349746704,40.979190826416016,93.20318031311035,133.18237209320068,9,FALSE,2026-03-14,16
Maui,OA69,2026-03-30T21:40:00Z,20.90944,-156.409,34.88,0.06,0.092,0.417,20.649,0.564,SITE_0159,Wailuku,Pūʻali Komohana,Maui,260.3,1,13,89.88018345327215,0.13264032003667672,8.111989974975586,92,0.13595305383205414,0.4264885485172272,5.070305495307585,578,547.38,4.801702114224019,FALSE,FALSE,FALSE,FALSE,1659.9499749621918,FALSE,FALSE,-156.41,20.91,224.8839349746704,40.979190826416016,93.20318031311035,133.18237209320068,9,FALSE,2026-03-14,16
O'ahu,OA7,2026-03-29T21:16:00Z,21.416119,-157.781489,16.24,4.285,0.212,0.528,92.975,NA,SITE_0539,Kāneʻohe,Koʻolaupoko,Oʻahu,676,0,3,38.641913454183936,0.5637522079010201,9.1135406494140625,7.76249998807907,0.2794608473777771,3.246975247748196e-4,4.493726612531857,148,127.4041935483871,3.868375777679436,FALSE,FALSE,FALSE,FALSE,499.27066770534174,FALSE,FALSE,-157.78,21.42,590.2633419036865,143.74887084960938,303.7656002044678,302.7656002044678,5,FALSE,2026-03-18,11
Maui,OA70,2026-03-30T20:24:00Z,20.915,-156.3911111,35.18,3.435,0,0.259,16.676,0.127,SITE_0178,Hāmākuapoko,Hāmākuapoko,Maui,1139.7,0,0,128.7585325013728,10.497303394250109,3.7008700370788574,6.76666665077209,0.05650991946458816,0.678783655166626,1.5270638414062103,38,NA,NA,FALSE,FALSE,FALSE,FALSE,302.6789390363438,FALSE,FALSE,-156.39,20.91,232.54151058197021,41.80623245239258,105.51558113098145,135.87025547027588,9,FALSE,2026-03-13,17
O'ahu,OA700,2026-03-28T19:59:00Z,21.70472222,-157.9902778,21.84,1.013,0,0.337,25.241,1.891,SITE_0699,ʻŌiʻo 1,Koʻolauloa,Oʻahu,523.1,0,2,83.58512362763436,0.8660347629765758,7.857969284057617,3.83999998370806,0.04463062435388565,0.00917415227741003,NA,NA,NA,NA,FALSE,FALSE,FALSE,FALSE,4393.202023463995,FALSE,FALSE,-157.99,21.7,430.2855911254883,128.370849609375,202.72562789916992,238.40301895141602,6,FALSE,2026-03-13,15
O'ahu,OA701,2026-03-28T20:18:00Z,21.70527778,-157.9972222,29.13,0.06,0,0.091,1.718,0.406,SITE_0700,ʻŌiʻo 2,Koʻolauloa,Oʻahu,651.5,0,2,6.452803194968648,0.15279653565259652,8.473483085632324,3.83999998370806,0.07333673536777496,0.04685245454311371,0.662939234223262,2,NA,NA,FALSE,FALSE,FALSE,FALSE,5098.041219452867,FALSE,FALSE,-158,21.71,394.175950050354,118.13677978515625,185.96477890014648,236.66024112701416,7,FALSE,2026-03-20,8
O'ahu,OA702,2026-03-28T20:34:00Z,21.70138889,-157.9997222,34.57,0.293,0,0.174,8.113,1.024,SITE_0698,Hanakaʻoe,Koʻolauloa,Oʻahu,532.4,0,2,44.34307750242964,0.10793768366603336,8.165903091430664,5.64999997615814,0.04637295007705688,0.07775034010410309,NA,NA,NA,NA,FALSE,FALSE,FALSE,FALSE,5249.111808094695,FALSE,FALSE,-158,21.7,394.175950050354,118.13677978515625,185.96477890014648,236.66024112701416,7,FALSE,2026-03-20,8
O'ahu,OA703,2026-03-28T22:13:00Z,21.68388889,-158.0316667,29.92,1.084,0,0.314,5.096,2.206,SITE_0682,Kaunala,Koʻolauloa,Oʻahu,111.4,46,186,153.4920062206271,0.10360601437278091,12.667475700378418,10.073333332936,0.03860267624258995,0,24.63989736661188,128,NA,NA,FALSE,FALSE,FALSE,FALSE,3106.770864820796,FALSE,FALSE,-158.03,21.68,375.33173847198486,118.12982177734375,190.00771713256836,224.95324039459229,7,FALSE,2026-03-13,15
O'ahu,OA704,2026-03-28T22:17:59Z,21.68194444,-158.0330556,22.69,0.184,0,0.169,3.878,0.417,SITE_0681,Kaunala,Koʻolauloa,Oʻahu,52.7,137,212,159.90738545703107,1.005099777979728,12.667475700378418,10.073333332936,0.03860267624258995,0,24.63989736661188,128,NA,NA,FALSE,FALSE,FALSE,FALSE,2848.643798147609,FALSE,FALSE,-158.03,21.68,375.33173847198486,118.12982177734375,190.00771713256836,224.95324039459229,7,FALSE,2026-03-13,15
O'ahu,OA705,2026-03-28T22:28:00Z,21.68083333,-158.0377778,26.2,0.523,0.08,0.565,4.084,2.233,SITE_0680,Paumalū,Koʻolauloa,Oʻahu,72.2,137,225,161.8000720677281,9.974633850544574,10.604402542114258,10.073333332936,0.04385028406977653,8.556274697184563e-4,18.150725673674177,163,NA,NA,FALSE,FALSE,FALSE,FALSE,2470.076316890157,FALSE,FALSE,-158.04,21.68,375.33173847198486,118.12982177734375,190.00771713256836,224.95324039459229,7,FALSE,2026-03-13,15
O'ahu,OA706,2026-03-28T22:35:00Z,21.675,-158.04,29.39,0.713,0,0.15,3.068,NA,SITE_0677,Paumalū,Koʻolauloa,Oʻahu,46.8,75,260,122.87339959768548,0.7168032320973994,10.604402542114258,10.073333332936,0.04385028406977653,8.556274697184563e-4,18.150725673674177,163,NA,NA,FALSE,FALSE,FALSE,FALSE,1802.8131019112877,FALSE,FALSE,-158.04,21.68,375.33173847198486,118.12982177734375,190.00771713256836,224.95324039459229,7,FALSE,2026-03-13,15
O'ahu,OA707,2026-03-28T23:10:00Z,21.66861111,-158.0461111,22.22,0.439,0,0.35,3.204,1.687,SITE_0672,Paumalū,Koʻolauloa,Oʻahu,62.2,69,111,86.06873804183572,0.10074450238142164,10.604402542114258,10.073333332936,0.04385028406977653,8.556274697184563e-4,18.150725673674177,163,NA,NA,FALSE,FALSE,FALSE,FALSE,867.6442133420567,FALSE,FALSE,-158.05,21.67,343.71367835998535,99.01165771484375,159.41865348815918,198.02331733703613,7,FALSE,2026-03-13,15
O'ahu,OA708,2026-03-28T22:57:00Z,21.66333333,-158.0536111,27.78,0.358,0,0.105,2.676,0.377,SITE_0668,Pūpūkea,Koʻolauloa,Oʻahu,85.1,29,81,123.3475091307492,0.5270343137487539,7.717748165130615,25.5,0.11467483639717102,0.00534466188400983,53.962727779483345,446,NA,NA,FALSE,FALSE,FALSE,FALSE,257.6632429648347,FALSE,FALSE,-158.05,21.66,343.71367835998535,99.01165771484375,159.41865348815918,198.02331733703613,7,FALSE,2026-03-13,15
O'ahu,OA709,2026-03-28T23:04:00Z,21.66,-158.0572222,34.59,NA,NA,NA,NA,NA,SITE_0666,Pūpūkea,Koʻolauloa,Oʻahu,70.8,42,134,126.80256354132268,0.8485299092442766,7.717748165130615,25.5,0.11467483639717102,0.00534466188400983,53.962727779483345,446,NA,NA,FALSE,FALSE,FALSE,FALSE,259.08558677869854,FALSE,FALSE,-158.06,21.66,343.71367835998535,99.01165771484375,159.41865348815918,198.02331733703613,7,FALSE,2026-03-13,15
Maui,OA71,2026-03-29T19:12:00Z,20.89222222,-156.4752778,28.36,26.838,0.285,0.721,147.304,0.04,SITE_0146,Wailuku,Pūʻali Komohana,Maui,961.1,0,3,13.98589986606442,0.4104733120969031,8.111989974975586,92,0.13595305383205414,0.4264885485172272,5.070305495307585,578,547.38,4.801702114224019,FALSE,FALSE,TRUE,FALSE,2235.900518024311,FALSE,FALSE,-156.48,20.89,269.2633662223816,56.5976676940918,114.19533824920654,155.6435890197754,9,FALSE,2026-03-14,15
O'ahu,OA710,2026-03-28T20:17:00Z,21.684603,-157.945256,34.81,0.271,0,0.082,4.576,NA,SITE_0684,Kahuku,Koʻolauloa,Oʻahu,950.2,0,1,10.495334894373771,0.18929026973901833,4.95533561706543,15,0.04999361559748649,0.09893686324357986,0.29011398134309413,5,NA,NA,FALSE,FALSE,FALSE,FALSE,992.4612869167076,FALSE,FALSE,-157.95,21.68,406.34679794311523,141.64744567871094,184.42999267578125,229.28749084472656,6,FALSE,2026-03-20,8
O'ahu,OA711,2026-03-28T19:57:00Z,21.678203,-157.940574,33.51,0.312,0,0.073,4.742,NA,SITE_0678,Keana,Koʻolauloa,Oʻahu,670.4,0,10,123.07982732815456,0.11952371887166716,7.463648796081543,3.83999998370806,0.06813452392816544,0.06439661234617233,0.6787563333790635,4,NA,NA,FALSE,FALSE,FALSE,FALSE,780.1569806725286,FALSE,FALSE,-157.94,21.68,449.1491551399231,123.49539184570313,227.40822219848633,254.2704472541809,7,FALSE,2026-03-13,15
O'ahu,OA712,2026-03-28T21:09:00Z,21.673,-157.935645,3.85,NA,1.086,0.589,NA,NA,SITE_0676,Malaekahana,Koʻolauloa,Oʻahu,41.3,10,10,24.45173149413709,0.13395818782842253,10.841665267944336,10.073333332936,0.02346018329262733,0.07058187574148178,1.4219440642915604,19,NA,NA,FALSE,FALSE,FALSE,FALSE,12.473875779973651,FALSE,FALSE,-157.94,21.67,449.1491551399231,123.49539184570313,227.40822219848633,254.2704472541809,7,FALSE,2026-03-13,15
O'ahu,OA713,2026-03-28T21:19:59Z,21.66819,-157.936841,33.05,NA,0,0.242,10.252,NA,SITE_0671,Malaekahana,Koʻolauloa,Oʻahu,180.8,7,19,85.99315691113462,0.15450870940297856,10.841665267944336,10.073333332936,0.02346018329262733,0.07058187574148178,1.4219440642915604,19,NA,NA,FALSE,FALSE,FALSE,FALSE,371.09966288875944,FALSE,FALSE,-157.94,21.67,449.1491551399231,123.49539184570313,227.40822219848633,254.2704472541809,7,FALSE,2026-03-13,15
O'ahu,OA714,2026-03-28T22:12:00Z,21.657563,-157.927893,33.2,7.896,0,0.19,17.414,NA,SITE_0665,Lāʻiewai,Koʻolauloa,Oʻahu,539.9,0,29,49.65987047666287,0.10219980992057714,10.067485809326172,15,0.06726262718439102,0.02581210993230343,7.070317454220856,97,NA,NA,FALSE,FALSE,FALSE,FALSE,300.4861112978777,FALSE,FALSE,-157.93,21.66,449.1491551399231,123.49539184570313,227.40822219848633,254.2704472541809,7,FALSE,2026-03-13,15
O'ahu,OA715,2026-03-30T00:09:00Z,21.709813,-157.980322,34.43,0.252,0,0.153,1.91,NA,SITE_0706,Punalau,Koʻolauloa,Oʻahu,1288.3,0,0,120.05190181447855,0.14515032791062313,0.4373171627521515,92,0.03480410203337669,0,NA,NA,NA,NA,FALSE,FALSE,FALSE,FALSE,3688.2345900147193,FALSE,FALSE,-157.98,21.71,430.2855911254883,128.370849609375,202.72562789916992,238.40301895141602,6,FALSE,2026-03-13,17
O'ahu,OA716,2026-03-29T23:12:00Z,21.709496,-157.984404,32.77,0.219,0,0.133,1.728,NA,SITE_0704,Ulupehupehu,Koʻolauloa,Oʻahu,1317.7,0,0,80.66393106177352,0.18558081223058565,2.902418851852417,0.79999998708566,0.05611841380596161,0.06560571491718292,0.7698446151542198,1,NA,NA,FALSE,FALSE,FALSE,FALSE,4038.1201577246916,FALSE,FALSE,-157.98,21.71,430.2855911254883,128.370849609375,202.72562789916992,238.40301895141602,6,FALSE,2026-03-13,16
O'ahu,OA717,2026-03-30T01:34:00Z,21.7002,-158.008143,31.46,0.272,0,0.176,2.549,NA,SITE_0697,Kawela,Koʻolauloa,Oʻahu,613.3,0,16,81.72338174641254,0.10106059937195284,7.554183006286621,3.83999998370806,0.03238402307033539,0.07015785574913025,NA,NA,NA,NA,FALSE,FALSE,FALSE,FALSE,6079.3213445783,FALSE,FALSE,-158.01,21.7,394.175950050354,118.13677978515625,185.96477890014648,236.66024112701416,7,FALSE,2026-03-20,10
O'ahu,OA718,2026-03-29T23:06:00Z,21.707885,-157.986006,35.5,0.229,0,0.075,2.079,NA,SITE_0702,Ulupehupehu,Koʻolauloa,Oʻahu,1074.3,0,0,120.6729521000697,0.5465036970318539,2.902418851852417,0.79999998708566,0.05611841380596161,0.06560571491718292,0.7698446151542198,1,NA,NA,FALSE,FALSE,FALSE,FALSE,4108.071856092103,FALSE,FALSE,-157.99,21.71,430.2855911254883,128.370849609375,202.72562789916992,238.40301895141602,6,FALSE,2026-03-13,16
O'ahu,OA719,2026-03-29T23:39:00Z,21.70984,-157.972708,33.99,0.207,0,0.092,1.545,NA,SITE_0707,Kahuku,Koʻolauloa,Oʻahu,781.6,0,4,159.87461401395308,0.7518067217947683,4.95533561706543,15,0.04999361559748649,0.09893686324357986,0.29011398134309413,5,NA,NA,FALSE,FALSE,FALSE,FALSE,3045.640681777185,FALSE,FALSE,-157.97,21.71,430.2855911254883,128.370849609375,202.72562789916992,238.40301895141602,6,FALSE,2026-03-13,16
Maui,OA72,2026-03-29T19:01:00Z,20.89138889,-156.4733333,22.81,33.218,0.471,0.97,151.885,3.015,SITE_0143,Wailuku,Pūʻali Komohana,Maui,1059.8,0,0,52.60482389028673,0.7473643703384802,8.111989974975586,92,0.13595305383205414,0.4264885485172272,5.070305495307585,578,547.38,4.801702114224019,FALSE,FALSE,FALSE,FALSE,2411.700922686426,FALSE,FALSE,-156.47,20.89,269.2633662223816,56.5976676940918,114.19533824920654,155.6435890197754,9,FALSE,2026-03-14,15
O'ahu,OA720,2026-03-30T01:19:00Z,21.699276,-158.003201,31.83,2.937,0,0.213,16.184,NA,SITE_0692,Hanakaʻoe,Koʻolauloa,Oʻahu,857.2,0,2,8.046516821735382,0.10683050842164084,8.165903091430664,5.64999997615814,0.04637295007705688,0.07775034010410309,NA,NA,NA,NA,FALSE,FALSE,FALSE,FALSE,5566.466607828474,FALSE,FALSE,-158,21.7,394.175950050354,118.13677978515625,185.96477890014648,236.66024112701416,7,FALSE,2026-03-20,10
O'ahu,OA721,2026-03-30T01:47:00Z,21.700168,-158.009487,35.37,0.322,0,0.1,2.119,NA,SITE_0696,Kawela,Koʻolauloa,Oʻahu,490.6,1,19,114.91305156859345,0.1061676290453501,7.554183006286621,3.83999998370806,0.03238402307033539,0.07015785574913025,NA,NA,NA,NA,FALSE,FALSE,FALSE,FALSE,5978.482015747548,FALSE,FALSE,-158.01,21.7,394.175950050354,118.13677978515625,185.96477890014648,236.66024112701416,7,FALSE,2026-03-20,10
O'ahu,OA722,2026-03-29T23:59:00Z,21.709067,-157.977845,34.34,0.235,0,0.192,3.339,NA,SITE_0703,Punalau,Koʻolauloa,Oʻahu,1059.3,0,0,122.54412225634222,0.716272091831197,0.4373171627521515,92,0.03480410203337669,0,NA,NA,NA,NA,FALSE,FALSE,FALSE,FALSE,3427.0821640353147,FALSE,FALSE,-157.98,21.71,430.2855911254883,128.370849609375,202.72562789916992,238.40301895141602,6,FALSE,2026-03-13,16
O'ahu,OA723,2026-03-29T23:47:59Z,21.709676,-157.975798,35.31,0.251,0,0.137,5.03,NA,SITE_0705,Punalau,Koʻolauloa,Oʻahu,969.5,0,2,159.83374294623468,0.4025833657446783,0.4373171627521515,92,0.03480410203337669,0,NA,NA,NA,NA,FALSE,FALSE,FALSE,FALSE,3289.001431196151,FALSE,FALSE,-157.98,21.71,430.2855911254883,128.370849609375,202.72562789916992,238.40301895141602,6,FALSE,2026-03-13,16
O'ahu,OA724,2026-03-30T01:55:59Z,21.699366,-158.009011,35.46,0.273,0,0.09,2.284,NA,SITE_0693,Kawela,Koʻolauloa,Oʻahu,486.4,1,19,82.41453440169238,0.16628922782558947,7.554183006286621,3.83999998370806,0.03238402307033539,0.07015785574913025,NA,NA,NA,NA,FALSE,FALSE,FALSE,FALSE,5950.565712473048,FALSE,FALSE,-158.01,21.7,394.175950050354,118.13677978515625,185.96477890014648,236.66024112701416,7,FALSE,2026-03-20,10
O'ahu,OA725,2026-03-28T22:02:00Z,21.662068,-157.930455,34.48,0.687,0,0.095,6.026,NA,SITE_0667,Lāʻiewai,Koʻolauloa,Oʻahu,105.8,7,7,11.196716774519537,0.11100283565080366,10.067485809326172,15,0.06726262718439102,0.02581210993230343,7.070317454220856,97,NA,NA,FALSE,FALSE,FALSE,FALSE,800.6142427919674,FALSE,FALSE,-157.93,21.66,449.1491551399231,123.49539184570313,227.40822219848633,254.2704472541809,7,FALSE,2026-03-13,15
O'ahu,OA726,2026-03-28T22:27:00Z,21.654665,-157.928447,31.22,NA,0.188,0.316,30.963,NA,SITE_0662,Lāʻiewai,Koʻolauloa,Oʻahu,219.7,12,34,12.226358024352976,0.1228320884136483,10.067485809326172,15,0.06726262718439102,0.02581210993230343,7.070317454220856,97,NA,NA,FALSE,FALSE,FALSE,FALSE,54.41941663704955,FALSE,FALSE,-157.93,21.65,449.1491551399231,123.49539184570313,227.40822219848633,254.2704472541809,7,FALSE,2026-03-13,15
O'ahu,OA727,2026-03-28T22:38:00Z,21.65129,-157.925055,33.97,0.916,0,0.131,10.382,NA,SITE_0659,Lāʻiewai,Koʻolauloa,Oʻahu,48,21,87,121.9191470133426,0.10600049622892402,10.067485809326172,15,0.06726262718439102,0.02581210993230343,7.070317454220856,97,NA,NA,FALSE,FALSE,FALSE,FALSE,566.9070409314805,FALSE,FALSE,-157.93,21.65,449.1491551399231,123.49539184570313,227.40822219848633,254.2704472541809,7,FALSE,2026-03-13,15
O'ahu,OA728,2026-03-28T22:55:59Z,21.648609,-157.92228,33.92,2.353,0.111,0.274,9.508,NA,SITE_0655,Lāʻiewai,Koʻolauloa,Oʻahu,75.3,57,108,123.70516305055207,0.5610718423955439,10.067485809326172,15,0.06726262718439102,0.02581210993230343,7.070317454220856,97,NA,NA,FALSE,FALSE,FALSE,FALSE,979.8798686338863,FALSE,FALSE,-157.92,21.65,449.1491551399231,123.49539184570313,227.40822219848633,254.2704472541809,7,FALSE,2026-03-13,15
O'ahu,OA729,2026-03-28T23:17:00Z,21.647332,-157.917659,35.16,0.49,0,0.146,0.571,NA,SITE_0653,Lāʻiewai,Koʻolauloa,Oʻahu,45.9,68,99,24.6224296751254,0.10943968540569768,10.067485809326172,15,0.06726262718439102,0.02581210993230343,7.070317454220856,97,NA,NA,FALSE,FALSE,FALSE,FALSE,1434.446915961044,FALSE,FALSE,-157.92,21.65,449.1491551399231,123.49539184570313,227.40822219848633,254.2704472541809,7,FALSE,2026-03-13,15
Maui,OA73,2026-03-29T18:43:00Z,20.89166667,-156.4716667,28.35,26.578,0.36,0.714,123.759,4.324,SITE_0144,Wailuku,Pūʻali Komohana,Maui,1212.5,0,0,12.4186540762597,0.12047580113351491,8.111989974975586,92,0.13595305383205414,0.4264885485172272,5.070305495307585,578,547.38,4.801702114224019,FALSE,FALSE,FALSE,FALSE,2475.487363914647,FALSE,FALSE,-156.47,20.89,269.2633662223816,56.5976676940918,114.19533824920654,155.6435890197754,9,FALSE,2026-03-14,15
O'ahu,OA730,2026-03-29T00:23:00Z,21.631422,-157.920778,33.75,5.61,0,0.22,13.942,NA,SITE_0647,Lāʻiemaloʻo,Koʻolauloa,Oʻahu,181.2,15,47,86.65717937189845,0.35514625744847583,14.327325820922852,15,0.04283630102872848,0.03504437580704689,5.428114140141864,66,NA,NA,FALSE,FALSE,FALSE,FALSE,1791.9534455962191,FALSE,FALSE,-157.92,21.63,469.9402885437012,161.4479522705078,246.78615188598633,268.1303482055664,6,FALSE,2026-03-20,9
O'ahu,OA731,2026-03-28T23:49:00Z,21.639561,-157.918173,33.47,6.125,0,0.139,22.808,NA,SITE_0649,Lāʻiemaloʻo,Koʻolauloa,Oʻahu,31.3,36,92,78.8472167380172,0.10907004216045608,14.327325820922852,15,0.04283630102872848,0.03504437580704689,5.428114140141864,66,NA,NA,FALSE,FALSE,FALSE,FALSE,2033.9763090538227,FALSE,FALSE,-157.92,21.64,469.9402885437012,161.4479522705078,246.78615188598633,268.1303482055664,6,FALSE,2026-03-20,8
O'ahu,OA732,2026-03-29T00:42:00Z,21.626477,-157.920714,34.32,3.083,0,0.126,11.421,NA,SITE_0643,Lāʻiemaloʻo,Koʻolauloa,Oʻahu,90.2,12,105,87.26363670230361,0.2772049780641682,14.327325820922852,15,0.04283630102872848,0.03504437580704689,5.428114140141864,66,NA,NA,FALSE,FALSE,FALSE,FALSE,1333.62683377455,FALSE,FALSE,-157.92,21.63,469.9402885437012,161.4479522705078,246.78615188598633,268.1303482055664,6,FALSE,2026-03-20,9
O'ahu,OA733,2026-03-29T01:02:00Z,21.623297,-157.916721,34.81,1.742,0,0.091,5.507,NA,SITE_0642,Lāʻiemaloʻo,Koʻolauloa,Oʻahu,56.2,66,211,86.13415211312797,0.2061785727224734,14.327325820922852,15,0.04283630102872848,0.03504437580704689,5.428114140141864,66,NA,NA,FALSE,FALSE,FALSE,FALSE,803.890671616062,FALSE,FALSE,-157.92,21.62,469.9402885437012,161.4479522705078,246.78615188598633,268.1303482055664,6,FALSE,2026-03-20,9
O'ahu,OA734,2026-03-29T02:06:00Z,21.615079,-157.912711,33.86,0.387,0,0.09,3.949,NA,SITE_0639,Kaipapaʻu,Koʻolauloa,Oʻahu,43.9,192,365,12.49011068168643,0.1403468278449727,21.94462203979492,15,0.03321743384003639,0.00490255374461412,29.133926555330035,191,NA,NA,FALSE,FALSE,FALSE,FALSE,238.6692959027473,FALSE,FALSE,-157.91,21.62,469.9402885437012,161.4479522705078,246.78615188598633,268.1303482055664,6,FALSE,2026-03-20,9
O'ahu,OA739,2026-03-29T01:40:00Z,21.39299,-157.71576,26.66,0.139,0,0.223,7.908,0.04,SITE_0516,Kailua,Koʻolaupoko,Oʻahu,1723.2,0,0,153.76270919944324,4.2869854478972504,9.806928634643556,7.47499996423721,0.23000787198543549,0.00252578710205853,1.4184734471396867,65,56.27258064516129,1.2280178684182992,FALSE,FALSE,TRUE,FALSE,1141.4118961366892,FALSE,FALSE,-157.72,21.39,1174.0900268554688,283.5859680175781,568.17193603515625,567.17193603515625,7,FALSE,2026-03-13,16
Maui,OA74,2026-03-29T16:36:00Z,20.73138889,-156.4538889,33.73,5.025,0,0.241,16.475,0.04,SITE_0036,Kamaʻole,Kula,Maui,365.4,6,47,51.16155628004794,0.11894765293458476,8.28579044342041,151.666666666667,0.05891412124037742,0.22755710291676223,8.453957556986367,277,NA,NA,FALSE,FALSE,TRUE,FALSE,1624.4702567380525,FALSE,FALSE,-156.45,20.73,139.47516632080078,33.76641845703125,60.09123229980469,75.97444152832031,10,FALSE,2026-03-14,15
O'ahu,OA744,2026-03-29T01:48:00Z,21.39568,-157.72218,22.92,0.03,0,1.396,39.303,0.04,SITE_0522,Kailua,Koʻolaupoko,Oʻahu,1016,0,0,122.66848753769682,2.373894632287056,9.806928634643556,7.47499996423721,0.23000787198543549,0.00252578710205853,1.4184734471396867,65,56.27258064516129,1.2280178684182992,TRUE,FALSE,TRUE,FALSE,413.461106233684,FALSE,FALSE,-157.72,21.4,590.750129699707,148.92369079589844,258.4014358520508,286.00159454345703,7,FALSE,2026-03-20,9
O'ahu,OA745,2026-03-29T21:15:00Z,21.695355,-158.016833,34.73,0.265,0,0.096,5.712,NA,SITE_0688,Pahipahiʻālua,Koʻolauloa,Oʻahu,55.5,19,21,121.24797291561444,0.4694851445737313,10.6608247756958,3.83999998370806,0.01902896352112293,0.07780762016773224,6.582241126455493,19,NA,NA,FALSE,FALSE,FALSE,FALSE,5068.43589340406,FALSE,FALSE,-158.02,21.7,394.175950050354,118.13677978515625,185.96477890014648,236.66024112701416,7,FALSE,2026-03-20,9
O'ahu,OA746,2026-03-29T20:46:59Z,21.692712,-158.020842,32.72,2.608,0,0.314,58.043,NA,SITE_0686,Waialeʻe,Koʻolauloa,Oʻahu,322.9,3,22,159.0058525402256,1.072166998373454,7.481982231140137,5.64999997615814,0.03525610268115997,2.4429141194559634e-4,1.2852031352589195,4,NA,NA,FALSE,FALSE,FALSE,FALSE,4573.488387480882,FALSE,FALSE,-158.02,21.69,375.33173847198486,118.12982177734375,190.00771713256836,224.95324039459229,7,FALSE,2026-03-13,16
O'ahu,OA747,2026-03-29T20:57:00Z,21.694194,-158.018205,35,0.63,0,0.127,11.096,NA,SITE_0687,Pahipahiʻālua,Koʻolauloa,Oʻahu,39.5,9,21,121.28504927782296,0.5593442980722745,10.6608247756958,3.83999998370806,0.01902896352112293,0.07780762016773224,6.582241126455493,19,NA,NA,FALSE,FALSE,FALSE,FALSE,4877.773449877401,FALSE,FALSE,-158.02,21.69,375.33173847198486,118.12982177734375,190.00771713256836,224.95324039459229,7,FALSE,2026-03-13,16
O'ahu,OA748,2026-03-29T00:32:59Z,21.39083333,-157.6988889,31.79,1.2,0,0.397,65.631,NA,SITE_0512,Kailua,Koʻolaupoko,Oʻahu,1434.6,0,0,145.29426663144068,1.2992676480095633,9.806928634643556,7.47499996423721,0.23000787198543549,0.00252578710205853,1.4184734471396867,65,56.27258064516129,1.2280178684182992,FALSE,FALSE,FALSE,FALSE,2871.3864174300234,FALSE,FALSE,-157.7,21.39,1174.0900268554688,283.5859680175781,568.17193603515625,567.17193603515625,7,FALSE,2026-03-13,16
O'ahu,OA749,2026-03-29T21:44:59Z,21.695844,-158.011694,30.47,3.369,0,0.413,76.496,NA,SITE_0689,ʻŌpana 2,Koʻolauloa,Oʻahu,21.3,17,20,8.729826678970225,0.15761518049256987,7.120476722717285,4.60999999940395,0.0497235544025898,0.12815165519714355,3.099363245273173,1,NA,NA,FALSE,FALSE,FALSE,FALSE,5479.954966978648,FALSE,FALSE,-158.01,21.7,394.175950050354,118.13677978515625,185.96477890014648,236.66024112701416,7,FALSE,2026-03-20,9
Maui,OA75,2026-03-29T18:22:00Z,20.89305556,-156.4683333,28.331,1.9852,<0.07,0.249,1.361,1.306,SITE_0147,Wailuku,Pūʻali Komohana,Maui,1333.5,0,0,12.35736959935784,0.13022762536082882,8.111989974975586,92,0.13595305383205414,0.4264885485172272,5.070305495307585,578,547.38,4.801702114224019,FALSE,FALSE,FALSE,FALSE,2564.2276349422523,FALSE,FALSE,-156.47,20.89,269.2633662223816,56.5976676940918,114.19533824920654,155.6435890197754,9,FALSE,2026-03-14,15
O'ahu,OA750,2026-03-29T03:54:00Z,21.593723,-157.894201,34.16,0.111,0,0.234,10.003,NA,SITE_0631,Kaluanui,Koʻolauloa,Oʻahu,35.3,34,61,10.974163470841464,0.10081553470090458,19.22576904296875,4.60999999940395,0.01773776300251484,0.00830524414777755,5.42231018764428,36,18.447741935483872,2.7785938621057387,FALSE,FALSE,FALSE,FALSE,554.3266250887725,FALSE,FALSE,-157.89,21.59,552.1321449279785,161.7958221435547,284.6518783569336,309.4384117126465,6,FALSE,2026-03-20,9
O'ahu,OA751,2026-03-29T04:02:00Z,21.600052,-157.897281,34.41,1.174,0,0.152,7.347,NA,SITE_0634,Kapaka,Koʻolauloa,Oʻahu,33.6,37,111,85.8306082069512,0.11937519782129676,8.7831573486328125,54.3333333333333,0.12161533534526824,1.1164899478899316e-4,51.689348959150145,48,NA,NA,FALSE,FALSE,FALSE,FALSE,229.11498563736382,FALSE,FALSE,-157.9,21.6,469.9402885437012,161.4479522705078,246.78615188598633,268.1303482055664,6,FALSE,2026-03-20,9
O'ahu,OA752,2026-03-29T04:35:00Z,21.648509,-157.913619,34.79,0.587,0,0.113,1.798,NA,SITE_0654,Lāʻiewai,Koʻolauloa,Oʻahu,111.3,28,76,130.68204509724163,0.11924336360015612,10.067485809326172,15,0.06726262718439102,0.02581210993230343,7.070317454220856,97,NA,NA,FALSE,FALSE,FALSE,FALSE,1730.7577528092593,FALSE,FALSE,-157.91,21.65,449.1491551399231,123.49539184570313,227.40822219848633,254.2704472541809,7,FALSE,2026-03-13,16
O'ahu,OA753,2026-03-29T20:40:59Z,21.691386,-158.022107,35.08,0.543,0,0.365,6.29,NA,SITE_0685,Waialeʻe,Koʻolauloa,Oʻahu,129.4,1,12,159.79483544971282,0.5524477031344681,7.481982231140137,5.64999997615814,0.03525610268115997,2.4429141194559634e-4,1.2852031352589195,4,NA,NA,FALSE,FALSE,FALSE,FALSE,4376.8405558163895,FALSE,FALSE,-158.02,21.69,375.33173847198486,118.12982177734375,190.00771713256836,224.95324039459229,7,FALSE,2026-03-13,16
O'ahu,OA754,2026-03-29T21:06:00Z,21.696829,-158.015695,35.1,0.27,0,0.114,8.407,NA,SITE_0691,Pahipahiʻālua,Koʻolauloa,Oʻahu,73.4,20,20,157.1303451480247,0.4806880089482246,10.6608247756958,3.83999998370806,0.01902896352112293,0.07780762016773224,6.582241126455493,19,NA,NA,FALSE,FALSE,FALSE,FALSE,5268.261137564412,FALSE,FALSE,-158.02,21.7,394.175950050354,118.13677978515625,185.96477890014648,236.66024112701416,7,FALSE,2026-03-20,9
O'ahu,OA759,2026-03-29T01:36:59Z,21.39806,-157.726,28.22,0.03,0,0.726,31.411,0.04,SITE_0525,Kailua,Koʻolaupoko,Oʻahu,558.6,0,1,79.80400088176044,0.20468223229215873,9.806928634643556,7.47499996423721,0.23000787198543549,0.00252578710205853,1.4184734471396867,65,56.27258064516129,1.2280178684182992,TRUE,FALSE,TRUE,FALSE,69.50085424159012,FALSE,FALSE,-157.73,21.4,590.750129699707,148.92369079589844,258.4014358520508,286.00159454345703,7,FALSE,2026-03-20,9
Maui,OA76,2026-03-29T17:01:00Z,20.73972222,-156.4566667,32.82,0.518,0,0.167,19.884,0.554,SITE_0042,Kēōkea,Kula,Maui,172.5,5,47,24.258587913549643,0.13406292556601845,7.258582592010498,116.5,0.0419861376285553,0.04322354681789875,3.731943171691977,79,NA,NA,FALSE,FALSE,FALSE,FALSE,658.4089939103892,FALSE,FALSE,-156.46,20.74,139.47516632080078,33.76641845703125,60.09123229980469,75.97444152832031,10,FALSE,2026-03-14,15
O'ahu,OA764,2026-03-29T00:42:00Z,21.39083333,-157.6991667,34.47,5.524,0,0.149,1.424,0.04,SITE_0511,Kailua,Koʻolaupoko,Oʻahu,1418.9,0,0,145.28374854379226,1.2760217278944508,9.806928634643556,7.47499996423721,0.23000787198543549,0.00252578710205853,1.4184734471396867,65,56.27258064516129,1.2280178684182992,FALSE,FALSE,TRUE,FALSE,2843.570130492203,FALSE,FALSE,-157.7,21.39,1174.0900268554688,283.5859680175781,568.17193603515625,567.17193603515625,7,FALSE,2026-03-13,16
O'ahu,OA769,2026-03-29T01:49:00Z,21.40583333,-157.7388889,32.64,0.149,0,0.418,20.977,0.04,SITE_0530,Kailua,Koʻolaupoko,Oʻahu,610.9,0,1,85.40775937668461,0.9231568237799468,9.806928634643556,7.47499996423721,0.23000787198543549,0.00252578710205853,1.4184734471396867,65,56.27258064516129,1.2280178684182992,FALSE,FALSE,TRUE,FALSE,1652.3616877618167,FALSE,FALSE,-157.74,21.41,590.750129699707,148.92369079589844,258.4014358520508,286.00159454345703,7,FALSE,2026-03-20,9
Maui,OA78,2026-03-29T17:59:00Z,20.89416667,-156.4677778,25.81,22.467,0.363,0.629,95.816,0.04,SITE_0149,Wailuku,Pūʻali Komohana,Maui,1434.4,0,0,12.489417054665482,0.2853041535596827,8.111989974975586,92,0.13595305383205414,0.4264885485172272,5.070305495307585,578,547.38,4.801702114224019,FALSE,FALSE,TRUE,FALSE,2513.6783505399394,FALSE,FALSE,-156.47,20.89,269.2633662223816,56.5976676940918,114.19533824920654,155.6435890197754,9,FALSE,2026-03-14,15
O'ahu,OA780,2026-03-29T02:24:00Z,21.6075,-157.907222,33.9,2.545,0,0.254,20.718,NA,SITE_0637,Hauʻula,Koʻolauloa,Oʻahu,25.4,69,248,120.85195161275377,0.1038088959857123,18.19135284423828,15,0.05846720561385155,5.363785894587636e-4,32.62412346336617,206,NA,NA,FALSE,FALSE,FALSE,FALSE,48.944587413880456,FALSE,FALSE,-157.91,21.61,469.9402885437012,161.4479522705078,246.78615188598633,268.1303482055664,6,FALSE,2026-03-20,9
O'ahu,OA781,2026-03-29T02:34:00Z,21.603639,-157.899292,33.68,0.428,0,0.183,13.041,NA,SITE_0636,Kapaka,Koʻolauloa,Oʻahu,70.6,66,125,120.98735612913964,0.12271892879693767,8.7831573486328125,54.3333333333333,0.12161533534526824,1.1164899478899316e-4,51.689348959150145,48,NA,NA,FALSE,FALSE,FALSE,FALSE,35.03698545100633,FALSE,FALSE,-157.9,21.6,469.9402885437012,161.4479522705078,246.78615188598633,268.1303482055664,6,FALSE,2026-03-20,9
O'ahu,OA782,2026-03-29T03:29:00Z,21.576275,-157.880333,31.74,NA,0,0.323,51.071,NA,SITE_0615,Punaluʻu,Koʻolauloa,Oʻahu,82.4,21,37,125.58048979469405,0.14063485478957552,19.798673629760746,5.64999997615814,0.01317828986793756,0.01342256180942058,2.123798547766395,32,59.12258064516129,1.5764406072473118,FALSE,FALSE,FALSE,FALSE,530.1865311603578,FALSE,FALSE,-157.88,21.58,552.1321449279785,161.7958221435547,284.6518783569336,309.4384117126465,6,FALSE,2026-03-20,9
O'ahu,OA783,2026-03-29T03:34:00Z,21.580212,-157.885756,20.67,3.531,0,0.418,NA,NA,SITE_0619,Waiʻono,Koʻolauloa,Oʻahu,51.9,23,68,126.27306461590769,1.5473000640990373,12.32318115234375,15,0.0522344633936882,0.1450914442539215,9.207338521152003,17,NA,NA,FALSE,FALSE,FALSE,FALSE,188.38171838666605,FALSE,FALSE,-157.89,21.58,552.1321449279785,161.7958221435547,284.6518783569336,309.4384117126465,6,FALSE,2026-03-20,9
O'ahu,OA784,2026-03-29T03:43:00Z,21.586568,-157.887554,34.57,0.871,0,0.151,9.84,NA,SITE_0628,Haleʻaha,Koʻolauloa,Oʻahu,71.1,26,67,113.18282508818844,0.1554608743487936,6.210747718811035,0.79999998708566,0.16884005069732666,0.04752874374389648,68.17527732673298,20,NA,NA,FALSE,FALSE,FALSE,FALSE,904.0530209896255,FALSE,FALSE,-157.89,21.59,552.1321449279785,161.7958221435547,284.6518783569336,309.4384117126465,6,FALSE,2026-03-20,9
O'ahu,OA785,2026-03-28T02:00:00Z,21.36788,-157.70919,34.18,0.06,0,0.245,4.351,0.255,SITE_0501,Waimānalo,Koʻolaupoko,Oʻahu,1373.5,0,0,82.41042705376972,0.6415866199103184,10.983854293823242,4.75,0.13318634033203125,0.07301303697749972,14.461485728371995,416,52.01903225806451,1.808347337989741,FALSE,FALSE,FALSE,FALSE,3698.980606650312,FALSE,FALSE,-157.71,21.37,1174.0900268554688,283.5859680175781,568.17193603515625,567.17193603515625,7,FALSE,2026-03-13,15
Maui,OA79,2026-03-29T16:08:00Z,20.69555556,-156.4441667,34.21,4.722,0,0.195,8.91,0.04,SITE_0023,Paeahu,Kula,Maui,618.5,0,12,56.00617256086225,0.4136031531076878,7.704814434051514,151.666666666667,0.09215500950813292,0.2532013952732086,28.66183815758901,630,NA,NA,FALSE,FALSE,TRUE,FALSE,32.83265068969833,FALSE,FALSE,-156.44,20.7,143.36831760406494,25.758237838745117,61.10255527496338,77.27471446990967,10,FALSE,2026-03-13,16
O'ahu,OA790,2026-03-28T02:05:00Z,21.36473,-157.70941,4.2,144.161,1.775,3.597,343.267,21.724,SITE_0500,Waimānalo,Koʻolaupoko,Oʻahu,1720.4,0,0,82.09944293211944,0.11324754997715354,10.983854293823242,4.75,0.13318634033203125,0.07301303697749972,14.461485728371995,416,52.01903225806451,1.808347337989741,FALSE,FALSE,FALSE,FALSE,4001.9590854704293,FALSE,FALSE,-157.71,21.36,1174.0900268554688,283.5859680175781,568.17193603515625,567.17193603515625,7,FALSE,2026-03-13,15
O'ahu,OA791,2026-03-28T20:14:59Z,21.28117,-157.71256,32.47,5.636,0.075,0.193,13.276,0.575,SITE_0400,Maunalua,Kona,Oʻahu,1049.6,0,0,77.62594699346683,0.1822808124384951,13.011834144592283,1.07333331306775,0.22234460711479187,0.00422320468351244,1.4529178927781965,44,NA,NA,FALSE,FALSE,FALSE,FALSE,981.3900947921727,FALSE,FALSE,-157.71,21.28,299.1968460083008,83.09566497802734,125.64349746704102,113.45630645751953,6,FALSE,2026-03-18,10
O'ahu,OA792,2026-03-28T20:45:00Z,21.29355,-157.65847,35.09,0.214,0,0.087,2.627,0.316,SITE_0443,Maunalua,Kona,Oʻahu,518.9,0,8,105.45227466234694,0.11003300790718848,13.011834144592283,1.07333331306775,0.22234460711479187,0.00422320468351244,1.4529178927781965,44,NA,NA,FALSE,FALSE,FALSE,FALSE,6540.260264017105,FALSE,FALSE,-157.66,21.29,302.9819669723511,72.1356430053711,118.59411334991455,117.59411334991455,7,FALSE,2026-03-22,6
O'ahu,OA793,2026-03-28T02:25:00Z,21.3509,-157.70552,2.73,265.982,9.721,5.983,472.048,18.608,SITE_0488,Waimānalo,Koʻolaupoko,Oʻahu,1177.2,0,0,119.89463048898244,0.18626450578011464,10.983854293823242,4.75,0.13318634033203125,0.07301303697749972,14.461485728371995,416,52.01903225806451,1.808347337989741,FALSE,FALSE,FALSE,FALSE,4390.490357811686,FALSE,FALSE,-157.71,21.35,1174.0900268554688,283.5859680175781,568.17193603515625,567.17193603515625,7,FALSE,2026-03-13,15
O'ahu,OA794,2026-03-28T02:14:59Z,21.36429,-157.71053,2.48,156.576,2.388,3.748,380.406,19.659,SITE_0499,Waimānalo,Koʻolaupoko,Oʻahu,1791.6,0,0,7.447837884794468,0.10866836966038682,10.983854293823242,4.75,0.13318634033203125,0.07301303697749972,14.461485728371995,416,52.01903225806451,1.808347337989741,FALSE,FALSE,FALSE,FALSE,3999.2777219632426,FALSE,FALSE,-157.71,21.36,1174.0900268554688,283.5859680175781,568.17193603515625,567.17193603515625,7,FALSE,2026-03-13,15
O'ahu,OA796,2026-03-28T21:15:00Z,21.32998,-157.69129,15.86,95.356,5.806,1.356,255.602,12.648,SITE_0479,Waimānalo,Koʻolaupoko,Oʻahu,130.1,18,104,81.63619636392929,0.1556660437855171,10.983854293823242,4.75,0.13318634033203125,0.07301303697749972,14.461485728371995,416,52.01903225806451,1.808347337989741,FALSE,FALSE,FALSE,FALSE,4439.100450900222,FALSE,FALSE,-157.69,21.33,663.2437725067139,145.96237182617188,292.9247341156006,291.9247341156006,7,FALSE,2026-03-13,15
O'ahu,OA797,2026-03-28T20:50:00Z,21.29401,-157.66082,32.29,8.022,0.259,0.298,38.141,3.277,SITE_0444,Maunalua,Kona,Oʻahu,273.2,8,8,5.608160872600829,0.27019762350795506,13.011834144592283,1.07333331306775,0.22234460711479187,0.00422320468351244,1.4529178927781965,44,NA,NA,FALSE,FALSE,FALSE,FALSE,6302.153623927026,FALSE,FALSE,-157.66,21.29,302.9819669723511,72.1356430053711,118.59411334991455,117.59411334991455,7,FALSE,2026-03-22,6
O'ahu,OA798,2026-03-28T21:19:59Z,21.33024,-157.69093,32.64,12.678,0.488,0.353,22.967,2.42,SITE_0481,Waimānalo,Koʻolaupoko,Oʻahu,177.2,20,103,117.57948280830556,0.17839289581209242,10.983854293823242,4.75,0.13318634033203125,0.07301303697749972,14.461485728371995,416,52.01903225806451,1.808347337989741,FALSE,FALSE,FALSE,FALSE,4482.1439500651995,FALSE,FALSE,-157.69,21.33,663.2437725067139,145.96237182617188,292.9247341156006,291.9247341156006,7,FALSE,2026-03-13,15
O'ahu,OA799,2026-03-28T20:05:00Z,21.28438,-157.71872,33.15,NA,NA,NA,NA,NA,SITE_0422,Maunalua,Kona,Oʻahu,376.6,1,3,84.7444357684607,0.7223107902342454,13.011834144592283,1.07333331306775,0.22234460711479187,0.00422320468351244,1.4529178927781965,44,NA,NA,FALSE,FALSE,FALSE,FALSE,295.7269033763679,FALSE,FALSE,-157.72,21.28,299.1968460083008,83.09566497802734,125.64349746704102,113.45630645751953,6,FALSE,2026-03-18,10
O'ahu,OA8,2026-03-29T21:23:00Z,21.423614,-157.781356,23.85,0.077,0,0.176,35.48,NA,SITE_0543,Kāneʻohe,Koʻolaupoko,Oʻahu,1272.7,0,0,39.84005879241095,0.8434946239126148,9.1135406494140625,7.76249998807907,0.2794608473777771,3.246975247748196e-4,4.493726612531857,148,127.4041935483871,3.868375777679436,FALSE,FALSE,FALSE,FALSE,1288.465366849487,FALSE,FALSE,-157.78,21.42,590.2633419036865,143.74887084960938,303.7656002044678,302.7656002044678,5,FALSE,2026-03-18,11
Maui,OA80,2026-03-29T18:31:59Z,20.89194444,-156.47,26.97,64.71,0.375,1.256,195.51,0.473,SITE_0145,Wailuku,Pūʻali Komohana,Maui,1289.1,0,0,12.337458652349165,0.10208693401934581,8.111989974975586,92,0.13595305383205414,0.4264885485172272,5.070305495307585,578,547.38,4.801702114224019,FALSE,FALSE,FALSE,FALSE,2549.879589009163,FALSE,FALSE,-156.47,20.89,269.2633662223816,56.5976676940918,114.19533824920654,155.6435890197754,9,FALSE,2026-03-14,15
O'ahu,OA81,2026-03-29T21:08:00Z,21.3,-157.8725,20.2,1.1679,0,0.003,0.3641,0.4787,SITE_0451,Honolulu,Kona,Oʻahu,1542.4,0,0,115.19718452311076,1.110763296697056,12.08728313446045,4.60999999940395,0.33621343970298767,0,11.68595542825743,393,NA,NA,FALSE,TRUE,FALSE,FALSE,1635.7866077146414,FALSE,FALSE,-157.87,21.3,220.86332654953003,43.7715950012207,92.19539833068848,104.59934759140015,8,FALSE,2026-03-18,11
Lāna‘i,OA82,2026-04-05T21:22:00Z,20.77373333,-156.9939167,35.77,0.2701,0,0.0931,0.0346,0.8143,SITE_0073,Kalulu,Lāhainā,Lānaʻi,NA,0,0,131.04710675809758,0.6817583454813575,10.68370532989502,4.64999997615814,0.01459349785000085,0,NA,NA,NA,NA,FALSE,FALSE,FALSE,FALSE,613.6015642736295,FALSE,FALSE,-156.99,20.77,178.2690200805664,38.12482833862305,67.71844863891602,85.78086280822754,7,FALSE,2026-03-13,23
O'ahu,OA83,2026-03-29T21:06:59Z,21.3,-157.8725,36.53,0.457,0,0.003,2.9481,0.9605,SITE_0451,Honolulu,Kona,Oʻahu,1542.4,0,0,115.19718452311076,1.110763296697056,12.08728313446045,4.60999999940395,0.33621343970298767,0,11.68595542825743,393,NA,NA,FALSE,TRUE,FALSE,FALSE,1635.7866077146414,FALSE,FALSE,-157.87,21.3,220.86332654953003,43.7715950012207,92.19539833068848,104.59934759140015,8,FALSE,2026-03-18,11
Lāna‘i,OA84,2026-04-07T13:29:59Z,20.74194444,-156.8880556,35.65,0.4421,0,0.2051,1.345,1.4631,SITE_0044,Pālāwai,Lāhainā,Lānaʻi,NA,0,0,12.349938436459446,0.11586699704618918,10.108283996582031,18.7399999996026,0.02020805142819881,0.00239575188606977,NA,NA,NA,NA,FALSE,FALSE,FALSE,FALSE,160.11033661456446,FALSE,FALSE,-156.89,20.74,174.5133514404297,29.227596282958984,59.45519256591797,80.37589073181152,9,FALSE,2026-03-13,25
Lāna‘i,OA85,2026-04-07T13:29:59Z,20.74194444,-156.8880556,35.74,0.762,0,0.4669,0.9495,2.2373,SITE_0044,Pālāwai,Lāhainā,Lānaʻi,NA,0,0,12.349938436459446,0.11586699704618918,10.108283996582031,18.7399999996026,0.02020805142819881,0.00239575188606977,NA,NA,NA,NA,FALSE,FALSE,FALSE,FALSE,160.11033661456446,FALSE,FALSE,-156.89,20.74,174.5133514404297,29.227596282958984,59.45519256591797,80.37589073181152,9,FALSE,2026-03-13,25
O'ahu,OA851,2026-03-30T02:18:00Z,21.7,-158.001218,35.42,0.539,0,0.099,4.209,NA,SITE_0694,Hanakaʻoe,Koʻolauloa,Oʻahu,652.2,0,2,83.1108742564889,0.837253420028952,8.165903091430664,5.64999997615814,0.04637295007705688,0.07775034010410309,NA,NA,NA,NA,FALSE,FALSE,FALSE,FALSE,5375.150447346596,FALSE,FALSE,-158,21.7,394.175950050354,118.13677978515625,185.96477890014648,236.66024112701416,7,FALSE,2026-03-20,10
O'ahu,OA852,2026-03-30T03:05:00Z,21.672932,-158.04243,34.37,1.178,0,0.107,5.044,NA,SITE_0675,Paumalū,Koʻolauloa,Oʻahu,53,64,198,122.70259396730118,0.32826503762498954,10.604402542114258,10.073333332936,0.04385028406977653,8.556274697184563e-4,18.150725673674177,163,NA,NA,FALSE,FALSE,FALSE,FALSE,1472.7907452528327,FALSE,FALSE,-158.04,21.67,375.33173847198486,118.12982177734375,190.00771713256836,224.95324039459229,7,FALSE,2026-03-13,17
O'ahu,OA853,2026-03-30T03:17:00Z,21.665341,-158.051759,34.54,0.507,0,0.184,2.897,NA,SITE_0670,Pūpūkea,Koʻolauloa,Oʻahu,98.9,28,97,123.32042716248326,1.387278336414902,7.717748165130615,25.5,0.11467483639717102,0.00534466188400983,53.962727779483345,446,NA,NA,FALSE,FALSE,FALSE,FALSE,442.0118077054557,FALSE,FALSE,-158.05,21.67,343.71367835998535,99.01165771484375,159.41865348815918,198.02331733703613,7,FALSE,2026-03-13,17
O'ahu,OA854,2026-03-30T03:40:00Z,21.651678,-158.062029,35.17,1.728,0,0.157,11.938,NA,SITE_0660,Pūpūkea,Koʻolauloa,Oʻahu,73.2,80,164,14.809847191582028,0.10746612123283558,7.717748165130615,25.5,0.11467483639717102,0.00534466188400983,53.962727779483345,446,NA,NA,FALSE,FALSE,FALSE,FALSE,189.28411660540203,FALSE,FALSE,-158.06,21.65,343.71367835998535,99.01165771484375,159.41865348815918,198.02331733703613,7,FALSE,2026-03-13,17
Lāna‘i,OA86,2026-04-03T04:23:00Z,20.7346,-156.9105833,35.54,0.1338,0,0.0775,0.005,1.3873,SITE_0038,Keāliaaupuni,Lāhainā,Lānaʻi,NA,0,0,85.23896416923934,0.21088315929379312,6.1399383544921875,9,0.01696723140776157,0,NA,NA,NA,NA,FALSE,FALSE,FALSE,TRUE,362.2840380912953,FALSE,FALSE,-156.91,20.73,173.63208198547363,32.446571350097656,58.53180980682373,81.116424560546875,9,FALSE,2026-03-13,21
O'ahu,OA860,2026-03-30T04:35:00Z,21.650776,-158.062494,33.37,1.568,0,0.152,8.404,NA,SITE_0658,Pūpūkea,Koʻolauloa,Oʻahu,105.9,69,153,91.10436015476886,0.5274656579992734,7.717748165130615,25.5,0.11467483639717102,0.00534466188400983,53.962727779483345,446,NA,NA,FALSE,FALSE,FALSE,FALSE,99.28619620871694,FALSE,FALSE,-158.06,21.65,343.71367835998535,99.01165771484375,159.41865348815918,198.02331733703613,7,FALSE,2026-03-13,17
O'ahu,OA865,2026-03-30T01:27:00Z,21.700131,-158.005441,35.42,0.952,0,0.164,4.663,NA,SITE_0695,Kawela,Koʻolauloa,Oʻahu,803.3,0,11,82.43502067240297,0.3577120649062563,7.554183006286621,3.83999998370806,0.03238402307033539,0.07015785574913025,NA,NA,NA,NA,FALSE,FALSE,FALSE,FALSE,5809.219557772994,FALSE,FALSE,-158.01,21.7,394.175950050354,118.13677978515625,185.96477890014648,236.66024112701416,7,FALSE,2026-03-20,10
O'ahu,OA866,2026-03-30T04:40:00Z,21.650337,-158.062772,35.41,1.187,0,0.139,5.341,NA,SITE_0657,Pūpūkea,Koʻolauloa,Oʻahu,117.8,62,147,91.10877392330892,0.5500146598271094,7.717748165130615,25.5,0.11467483639717102,0.00534466188400983,53.962727779483345,446,NA,NA,FALSE,FALSE,FALSE,FALSE,70.87762374059069,FALSE,FALSE,-158.06,21.65,343.71367835998535,99.01165771484375,159.41865348815918,198.02331733703613,7,FALSE,2026-03-13,17
O'ahu,OA867,2026-03-30T04:53:00Z,21.649267,-158.063359,35.35,0.841,0,0.137,4.684,NA,SITE_0656,Pūpūkea,Koʻolauloa,Oʻahu,177.5,48,138,123.81313157916114,0.8940880210031755,7.717748165130615,25.5,0.11467483639717102,0.00534466188400983,53.962727779483345,446,NA,NA,FALSE,FALSE,FALSE,FALSE,141.38903141341717,FALSE,FALSE,-158.06,21.65,343.71367835998535,99.01165771484375,159.41865348815918,198.02331733703613,7,FALSE,2026-03-13,17
O'ahu,OA88,2026-03-30T22:55:59Z,21.44305556,-157.8116667,20.58,0.202,0,1.8719,31.2715,1.1833,SITE_0562,Heʻeia,Koʻolaupoko,Oʻahu,540.7,0,7,83.34443243986297,0.3978900425940923,7.829522967338562,6.82499998807907,0.28910722583532333,4.1361484909430146e-4,10.90783598040597,186,34.65774193548387,2.032478303674722,FALSE,FALSE,FALSE,FALSE,3053.023798023485,FALSE,FALSE,-157.81,21.44,948.3805503845215,256.1871643066406,501.0530204772949,500.0530204772949,5,FALSE,2026-03-20,10
O'ahu,OA9,2026-03-29T21:32:59Z,21.431639,-157.782083,25.71,0.125,0,0.138,29.711,NA,SITE_0550,Kāneʻohe,Koʻolaupoko,Oʻahu,1141.6,0,0,40.59008624073194,1.129449893068852,9.1135406494140625,7.76249998807907,0.2794608473777771,3.246975247748196e-4,4.493726612531857,148,127.4041935483871,3.868375777679436,FALSE,FALSE,FALSE,FALSE,2157.559400732893,FALSE,FALSE,-157.78,21.43,590.2633419036865,143.74887084960938,303.7656002044678,302.7656002044678,5,FALSE,2026-03-18,11
Maui,OA90,2026-03-29T21:44:59Z,20.75861111,-156.46,32.91,6.403,0.131,0.344,32.148,0.877,SITE_0059,Waiohuli,Kula,Maui,1150.4,0,0,56.37331920601556,0.1937352248732932,8.908180236816406,151.666666666667,0.04713576287031174,0.00757841882295906,10.33108982437486,458,NA,NA,FALSE,FALSE,FALSE,FALSE,14.20468253974386,FALSE,FALSE,-156.46,20.76,139.66704750061035,25.185184478759766,59.76542949676514,75.55555057525635,10,FALSE,2026-03-13,16
Maui,OA91,2026-03-29T10:36:00Z,20.76527778,-156.4588889,32.1,11.773,0.135,0.311,50.005,0.759,SITE_0069,Kaʻonoʻulu,Kula,Maui,1353.5,0,0,19.776632968920055,0.10210293929897128,7.874063014984131,151.666666666667,0.02498784288764,0.04601293429732323,3.558171840832242,83,NA,NA,FALSE,FALSE,FALSE,FALSE,47.31606191353991,FALSE,FALSE,-156.46,20.77,139.66704750061035,25.185184478759766,59.76542949676514,75.55555057525635,10,FALSE,2026-03-13,16
Maui,OA92,2026-03-29T10:10:59Z,20.761579,-156.459757,32.64,4.963,0.139,0.26,32.401,0.982,SITE_0064,Waiohuli,Kula,Maui,1389.8,0,0,56.19207184165149,0.11187918883701786,8.908180236816406,151.666666666667,0.04713576287031174,0.00757841882295906,10.33108982437486,458,NA,NA,FALSE,FALSE,FALSE,FALSE,30.24457058005326,FALSE,FALSE,-156.46,20.76,139.66704750061035,25.185184478759766,59.76542949676514,75.55555057525635,10,FALSE,2026-03-13,16
O'ahu,OA938,2026-03-28T06:23:00Z,21.31905464,-157.6702365,31.17,0.03,0,0.153,4.231,0.105,SITE_0472,Waimānalo,Koʻolaupoko,Oʻahu,610.2,0,10,114.00473880715694,0.10181938844686374,10.983854293823242,4.75,0.13318634033203125,0.07301303697749972,14.461485728371995,416,52.01903225806451,1.808347337989741,TRUE,FALSE,FALSE,FALSE,6285.916886819831,FALSE,FALSE,-157.67,21.32,663.2437725067139,145.96237182617188,292.9247341156006,291.9247341156006,7,FALSE,2026-03-13,15
O'ahu,OA939,2026-03-28T06:29:00Z,21.31835862,-157.669574,25.85,0.03,0,0.108,2.317,0.04,SITE_0468,Waimānalo,Koʻolaupoko,Oʻahu,696.8,0,8,114.4292711161297,0.10933221441530624,10.983854293823242,4.75,0.13318634033203125,0.07301303697749972,14.461485728371995,416,52.01903225806451,1.808347337989741,TRUE,FALSE,TRUE,FALSE,6303.1102325068705,FALSE,FALSE,-157.67,21.32,663.2437725067139,145.96237182617188,292.9247341156006,291.9247341156006,7,FALSE,2026-03-13,15
O'ahu,OA94,2026-03-29T20:12:00Z,21.61888889,-158.0852778,30.762,27.623,0.087,1.812,168.5382,0.3608,SITE_0640,Kuikuiloloa,Waialua,Oʻahu,113.4,12,32,126.1399194314996,0.30877187706024256,6.576604843139648,12.6499999761581,0.02909529581665992,0.07281102240085602,1.1220984780698124,14,NA,NA,FALSE,FALSE,FALSE,FALSE,3206.718767848227,FALSE,FALSE,-158.09,21.62,287.53543853759766,78.56097412109375,138.48170471191406,157.1219482421875,7,FALSE,2026-03-13,16
O'ahu,OA940,2026-03-28T06:16:00Z,21.31603082,-157.6656051,33.84,0.153,0,0.225,2.836,0.04,SITE_0464,Waimānalo,Koʻolaupoko,Oʻahu,967.2,0,2,80.0031576285445,0.15733986660209484,10.983854293823242,4.75,0.13318634033203125,0.07301303697749972,14.461485728371995,416,52.01903225806451,1.808347337989741,FALSE,FALSE,TRUE,FALSE,6532.667658220251,FALSE,FALSE,-157.67,21.32,663.2437725067139,145.96237182617188,292.9247341156006,291.9247341156006,7,FALSE,2026-03-13,15
O'ahu,OA941,2026-03-28T06:09:00Z,21.31359696,-157.6603272,32.21,0.03,0,0.128,0.938,0.04,SITE_0462,Waimānalo,Koʻolaupoko,Oʻahu,1406,0,0,116.26080612592548,0.10160823894385249,10.983854293823242,4.75,0.13318634033203125,0.07301303697749972,14.461485728371995,416,52.01903225806451,1.808347337989741,TRUE,FALSE,TRUE,FALSE,6908.520529999365,FALSE,FALSE,-157.66,21.31,663.2437725067139,145.96237182617188,292.9247341156006,291.9247341156006,7,FALSE,2026-03-13,15
O'ahu,OA942,2026-03-28T05:52:00Z,21.31044849,-157.6593761,29.79,0.03,0,0.151,0.936,0.04,SITE_0456,Waimānalo,Koʻolaupoko,Oʻahu,1496.9,0,0,79.12886500087345,0.2867999193511205,10.983854293823242,4.75,0.13318634033203125,0.07301303697749972,14.461485728371995,416,52.01903225806451,1.808347337989741,TRUE,FALSE,TRUE,FALSE,6867.806259358466,FALSE,FALSE,-157.66,21.31,663.2437725067139,145.96237182617188,292.9247341156006,291.9247341156006,7,FALSE,2026-03-13,15
O'ahu,OA943,2026-03-28T05:58:00Z,21.31139511,-157.660272,34.26,0.03,0,0.221,0.989,0.04,SITE_0457,Waimānalo,Koʻolaupoko,Oʻahu,1397.5,0,0,78.90085259265639,0.11428100573517756,10.983854293823242,4.75,0.13318634033203125,0.07301303697749972,14.461485728371995,416,52.01903225806451,1.808347337989741,TRUE,FALSE,TRUE,FALSE,6819.302755809743,FALSE,FALSE,-157.66,21.31,663.2437725067139,145.96237182617188,292.9247341156006,291.9247341156006,7,FALSE,2026-03-13,15
O'ahu,OA944,2026-03-28T05:26:00Z,21.32595564,-157.6821093,33.64,5.719,0,1.247,9.751,1.241,SITE_0475,Waimānalo,Koʻolaupoko,Oʻahu,80.5,25,61,114.37417890830034,0.11052517957508098,10.983854293823242,4.75,0.13318634033203125,0.07301303697749972,14.461485728371995,416,52.01903225806451,1.808347337989741,FALSE,FALSE,FALSE,FALSE,5302.467113047901,FALSE,FALSE,-157.68,21.33,663.2437725067139,145.96237182617188,292.9247341156006,291.9247341156006,7,FALSE,2026-03-13,15
O'ahu,OA945,2026-03-28T05:14:59Z,21.33013452,-157.6910986,10.66,102.543,3.732,2.396,NA,5.817,SITE_0480,Waimānalo,Koʻolaupoko,Oʻahu,156.2,18,104,80.09848454174536,0.10873215784016066,10.983854293823242,4.75,0.13318634033203125,0.07301303697749972,14.461485728371995,416,52.01903225806451,1.808347337989741,FALSE,FALSE,FALSE,FALSE,4462.397883763831,FALSE,FALSE,-157.69,21.33,663.2437725067139,145.96237182617188,292.9247341156006,291.9247341156006,7,FALSE,2026-03-13,15
O'ahu,OA946,2026-03-28T05:04:00Z,21.33237889,-157.6933318,27.8,10.644,0.213,0.422,19.822,0.08,SITE_0482,Waimānalo,Koʻolaupoko,Oʻahu,257.9,30,156,118.48407108682804,0.11335504209209545,10.983854293823242,4.75,0.13318634033203125,0.07301303697749972,14.461485728371995,416,52.01903225806451,1.808347337989741,FALSE,FALSE,FALSE,FALSE,4305.754108910099,FALSE,FALSE,-157.69,21.33,663.2437725067139,145.96237182617188,292.9247341156006,291.9247341156006,7,FALSE,2026-03-13,15
O'ahu,OA947,2026-03-28T04:54:00Z,21.33884598,-157.6975104,26.05,11.706,0.178,0.36,19.337,0.194,SITE_0484,Waimānalo,Koʻolaupoko,Oʻahu,111.9,149,189,119.04428962061952,1.7905206734879149,10.983854293823242,4.75,0.13318634033203125,0.07301303697749972,14.461485728371995,416,52.01903225806451,1.808347337989741,FALSE,FALSE,FALSE,FALSE,4187.69846594448,FALSE,FALSE,-157.7,21.34,649.6811332702637,150.52645874023438,299.6985206604004,298.6985206604004,7,FALSE,2026-03-18,10
O'ahu,OA949,2026-03-28T04:42:59Z,21.34403,-157.7012759,27.32,12.734,0.207,0.384,22.765,0.445,SITE_0487,Waimānalo,Koʻolaupoko,Oʻahu,330.1,28,135,120.13404929276518,0.1986890846474206,10.983854293823242,4.75,0.13318634033203125,0.07301303697749972,14.461485728371995,416,52.01903225806451,1.808347337989741,FALSE,FALSE,FALSE,FALSE,4178.481761579613,FALSE,FALSE,-157.7,21.34,649.6811332702637,150.52645874023438,299.6985206604004,298.6985206604004,7,FALSE,2026-03-18,10
Maui,OA95,2026-03-29T21:21:00Z,20.74583333,-156.4577778,15.24,45.236,0.257,1.358,165.157,2.826,SITE_0048,Kēōkea,Kula,Maui,231.4,5,58,15.294529887634082,0.10271587837825064,7.258582592010498,116.5,0.0419861376285553,0.04322354681789875,3.731943171691977,79,NA,NA,FALSE,FALSE,FALSE,FALSE,41.69624571427417,FALSE,FALSE,-156.46,20.75,139.66704750061035,25.185184478759766,59.76542949676514,75.55555057525635,10,FALSE,2026-03-13,16
O'ahu,OA950,2026-03-28T04:32:00Z,21.35354248,-157.7066706,32.83,5.283,0,0.332,16.214,0.334,SITE_0489,Waimānalo,Koʻolaupoko,Oʻahu,1436.4,0,0,83.50106860339054,2.8322359238197095,10.983854293823242,4.75,0.13318634033203125,0.07301303697749972,14.461485728371995,416,52.01903225806451,1.808347337989741,FALSE,FALSE,FALSE,FALSE,4544.894947804207,FALSE,FALSE,-157.71,21.35,1174.0900268554688,283.5859680175781,568.17193603515625,567.17193603515625,7,FALSE,2026-03-13,15
O'ahu,OA953,2026-03-29T01:36:59Z,21.48527778,-157.8483333,11.41,5.675,0.148,0.867,NA,9.921,SITE_0594,Waiāhole,Koʻolaupoko,Oʻahu,89.6,27,56,13.379593253863291,0.12573355223649496,19.252286911010746,5.64999997615814,0.02097856439650058,0.03189190849661827,6.291887457669411,69,212.48275862068965,19.37561744835491,FALSE,FALSE,FALSE,FALSE,2003.1655495335078,FALSE,FALSE,-157.85,21.49,1079.9159622192383,340.6974182128906,522.4640159606934,568.8698348999023,6,FALSE,2026-03-20,9
O'ahu,OA954,2026-03-29T01:14:00Z,21.53555556,-157.8397222,34.49,0.404,0,1.199,4.661,0.04,SITE_0603,Kaʻaʻawa,Koʻolauloa,Oʻahu,195.9,6,32,84.02807424340476,0.13188228264357896,20.27684783935547,4.60999999940395,0.04028651863336563,0.00216841278597712,17.75970764307729,157,NA,NA,FALSE,FALSE,TRUE,FALSE,1146.8680927555642,FALSE,FALSE,-157.84,21.54,650.327522277832,206.6681365966797,341.3253173828125,340.3253173828125,5,FALSE,2026-03-20,9
O'ahu,OA955,2026-03-29T00:40:00Z,21.55666667,-157.8752778,23.94,0.673,0,0.39,92.071,0.214,SITE_0611,Kahana,Koʻolauloa,Oʻahu,566.3,0,7,51.2351605951257,0.12498831431234322,18.754497528076172,5.64999997615814,0.00899286940693855,2.9142628773115575e-4,0.46332275723265726,10,133.48387096774195,3.9303567163565414,FALSE,FALSE,FALSE,FALSE,85.34006422651302,FALSE,FALSE,-157.88,21.56,552.1321449279785,161.7958221435547,284.6518783569336,309.4384117126465,6,FALSE,2026-03-20,9
O'ahu,OA959,2026-03-29T01:21:00Z,21.52583333,-157.835,30.4,12.161,0.093,0.189,13.434,0.04,SITE_0602,Kualoa 2,Koʻolaupoko,Oʻahu,96.6,29,49,84.93762193274473,0.20987082906533033,22.72005844116211,4.75,0.08678089082241058,0,36.49517730998765,40,NA,NA,FALSE,FALSE,TRUE,FALSE,2315.082838869842,FALSE,FALSE,-157.84,21.53,650.327522277832,206.6681365966797,341.3253173828125,340.3253173828125,5,FALSE,2026-03-20,9
O'ahu,OA96,2026-03-28T19:52:00Z,21.28305556,-157.8455556,32.75,8.06,0.2151,0.2982,34.4529,0.8201,SITE_0414,Waikīkī,Kona,Oʻahu,1552.9,0,0,149.31487768090534,0.762594619435283,13.575106620788574,4.60999999940395,0.3248221278190613,9.451926598558202e-5,5.4256459144925815,409,266.7165497896213,3.5381651801800422,FALSE,FALSE,FALSE,FALSE,3879.05085474357,FALSE,FALSE,-157.85,21.28,229.63430309295654,46.83153533935547,94.66307067871094,101.46832656860352,8,FALSE,2026-03-11,17
O'ahu,OA960,2026-03-29T00:53:00Z,21.55805556,-157.8588889,26.81,12.337,0,0.196,12.284,0.04,SITE_0612,Makaua 1,Koʻolauloa,Oʻahu,18,37,101,8.862846618118809,0.102786041025538,24.64923095703125,4.75,0.14167816936969757,0,89.34703296666626,14,NA,NA,FALSE,FALSE,TRUE,FALSE,1622.112923927416,FALSE,FALSE,-157.86,21.56,552.1321449279785,161.7958221435547,284.6518783569336,309.4384117126465,6,FALSE,2026-03-20,9
O'ahu,OA963,2026-03-29T01:25:00Z,21.5175,-157.8366667,28.96,61.176,0.172,0.209,37.562,0.04,SITE_0601,Kualoa 1,Koʻolaupoko,Oʻahu,111.7,10,17,9.04765599431135,0.20126599831017664,11.394539833068848,4.75,0.06099339574575424,0,6.076877818075187,9,NA,NA,FALSE,FALSE,TRUE,FALSE,3083.665970129807,FALSE,FALSE,-157.84,21.52,650.327522277832,206.6681365966797,341.3253173828125,340.3253173828125,5,FALSE,2026-03-20,9
O'ahu,OA964,2026-03-29T00:57:59Z,21.55472222,-157.8508333,31.63,8.795,0.189,0.429,21.248,0.04,SITE_0610,Kaʻaʻawa,Koʻolauloa,Oʻahu,23.2,85,143,123.22802361786798,0.16472021389507346,20.27684783935547,4.60999999940395,0.04028651863336563,0.00216841278597712,17.75970764307729,157,NA,NA,FALSE,FALSE,TRUE,FALSE,1246.0236451872436,FALSE,FALSE,-157.85,21.55,552.1321449279785,161.7958221435547,284.6518783569336,309.4384117126465,6,FALSE,2026-03-20,9
O'ahu,OA965,2026-03-29T00:25:00Z,21.57805556,-157.8833333,7.1,3.73,<0.07,0.558,NA,0.714,SITE_0616,Punaluʻu,Koʻolauloa,Oʻahu,75.9,22,47,124.33344523928666,0.22492333447463608,19.798673629760746,5.64999997615814,0.01317828986793756,0.01342256180942058,2.123798547766395,32,59.12258064516129,1.5764406072473118,FALSE,FALSE,FALSE,FALSE,162.310228335232,FALSE,FALSE,-157.88,21.58,552.1321449279785,161.7958221435547,284.6518783569336,309.4384117126465,6,FALSE,2026-03-20,9
O'ahu,OA969,2026-03-29T01:08:00Z,21.54222222,-157.8427778,34.11,3.723,0,0.265,6.021,0.04,SITE_0605,Kaʻaʻawa,Koʻolauloa,Oʻahu,19.6,14,50,124.88417010786168,2.718634881070027,20.27684783935547,4.60999999940395,0.04028651863336563,0.00216841278597712,17.75970764307729,157,NA,NA,FALSE,FALSE,TRUE,FALSE,378.6488206228479,FALSE,FALSE,-157.84,21.54,650.327522277832,206.6681365966797,341.3253173828125,340.3253173828125,5,FALSE,2026-03-20,9
Moloka'i,OA97,2026-03-29T10:52:00Z,21.09138889,-157.2758333,34.342,2.301,0.115,0.171,6.406,NA,SITE_0270,Kaluako‘i,Kona,Molokaʻi,2511.7,0,0,4.645946771565965,0.10185995514830574,5.0969648361206055,13.4,0.00882116798311472,0.19001813663635403,0.37832328936549814,78,NA,NA,FALSE,FALSE,FALSE,FALSE,454.16503331690484,FALSE,FALSE,-157.28,21.09,249.51936435699463,40.59379196166992,85.84415531158447,113.66261577606201,10,FALSE,2026-03-11,18
O'ahu,OA970,2026-03-29T00:47:00Z,21.55861111,-157.8666667,29.11,2.334,0,0.416,17.745,5.323,SITE_0613,Kahana,Koʻolauloa,Oʻahu,142.7,4,25,46.52520353208549,0.11728775726677,18.754497528076172,5.64999997615814,0.00899286940693855,2.9142628773115575e-4,0.46332275723265726,10,133.48387096774195,3.9303567163565414,FALSE,FALSE,FALSE,FALSE,840.1386523677611,FALSE,FALSE,-157.87,21.56,552.1321449279785,161.7958221435547,284.6518783569336,309.4384117126465,6,FALSE,2026-03-20,9
O'ahu,OA973,2026-03-29T01:47:00Z,21.46,-157.8397222,2.46,51.357,0.409,0.895,NA,10.929,SITE_0584,Waiheʻe,Koʻolaupoko,Oʻahu,349.3,12,174,50.51988735247479,0.1945595554946928,19.813373565673828,5.64999997615814,0.04884158447384834,0.00809358526021242,16.481143069442016,87,18.607096774193547,0.592036115907482,FALSE,FALSE,FALSE,FALSE,510.13233100647403,FALSE,FALSE,-157.84,21.46,717.2883605957031,237.7274932861328,357.5912399291992,360.6971206665039,6,FALSE,2026-03-20,9
O'ahu,OA974,2026-03-29T01:03:00Z,21.54833333,-157.8466667,30.47,3.356,0,0.43,7.839,6.332,SITE_0608,Kaʻaʻawa,Koʻolauloa,Oʻahu,27.6,54,117,85.7927951899193,0.18268938213028013,20.27684783935547,4.60999999940395,0.04028651863336563,0.00216841278597712,17.75970764307729,157,NA,NA,FALSE,FALSE,FALSE,FALSE,422.3842433381198,FALSE,FALSE,-157.85,21.55,552.1321449279785,161.7958221435547,284.6518783569336,309.4384117126465,6,FALSE,2026-03-20,9
O'ahu,OA975,2026-03-29T00:31:59Z,21.56527778,-157.875,21.84,0.477,0,0.267,11.209,0.04,SITE_0614,Punaluʻu,Koʻolauloa,Oʻahu,90.3,7,12,124.97026310132276,0.9371807775860652,19.798673629760746,5.64999997615814,0.01317828986793756,0.01342256180942058,2.123798547766395,32,59.12258064516129,1.5764406072473118,FALSE,FALSE,TRUE,FALSE,970.3563691868306,FALSE,FALSE,-157.88,21.57,552.1321449279785,161.7958221435547,284.6518783569336,309.4384117126465,6,FALSE,2026-03-20,9
Moloka'i,OA98,2026-03-29T18:57:59Z,21.1094,-157.1378333,34.528,0.667,0.08,0.081,3.631,NA,SITE_0301,Kaluako‘i,Kona,Molokaʻi,3439.2,0,0,12.941682090237352,1.6858049064273946,5.0969648361206055,13.4,0.00882116798311472,0.19001813663635403,0.37832328936549814,78,NA,NA,FALSE,FALSE,FALSE,FALSE,1249.750391137336,FALSE,FALSE,-157.14,21.11,340.6454772949219,64.6652603149414,129.5407829284668,168.1296844482422,8,FALSE,2026-03-11,18
O'ahu,OA99,2026-03-29T22:44:00Z,21.45888889,-157.8319444,20.4,0.1365,0,0.2459,27.2946,1.0177,SITE_0580,Kahaluʻu,Koʻolaupoko,Oʻahu,559.5,0,12,5.015644925492196,0.19456582340607448,14.519304275512695,12.6499999761581,0.16553421318531036,0.01491424534469842,27.00060006709426,266,12.802903225806451,0.4200849862337652,FALSE,FALSE,FALSE,FALSE,701.1319442048991,FALSE,FALSE,-157.83,21.46,717.2883605957031,237.7274932861328,357.5912399291992,360.6971206665039,6,FALSE,2026-03-20,9
O'ahu,OA999,2026-04-01T05:56:00Z,21.45402778,-157.818,24.54,12.153,0,0.96,8.839,0.04,SITE_0576,Kahaluʻu,Koʻolaupoko,Oʻahu,233.6,19,21,80.95911020473935,0.23349660844285972,14.519304275512695,12.6499999761581,0.16553421318531036,0.01491424534469842,27.00060006709426,266,12.802903225806451,0.4200849862337652,FALSE,FALSE,TRUE,FALSE,2062.8226637502626,FALSE,FALSE,-157.82,21.45,717.2883605957031,237.7274932861328,357.5912399291992,360.6971206665039,6,FALSE,2026-03-20,12
