facility_name,permit_id,lat,lon,latlong_type,facility_type,program
KAHE GENERATING STATION (1),HI0000019,21.353333,-158.132722,Permitted Feature,Privately Owned Facility,NPDES
KAHE GENERATING STATION (1),HI0000019,21.353333,-158.1325,Permitted Feature,Privately Owned Facility,NPDES
KAHE GENERATING STATION (1),HI0000019,21.358056,-158.126389,Permitted Feature,Privately Owned Facility,NPDES
KAHE GENERATING STATION (1),HI0000019,21.358056,-158.126944,Permitted Feature,Privately Owned Facility,NPDES
KAHE GENERATING STATION (1),HI0000019,21.357778,-158.126944,Permitted Feature,Privately Owned Facility,NPDES
KAHE GENERATING STATION (1),HI0000019,21.358333,-158.128333,Permitted Feature,Privately Owned Facility,NPDES
KAHE GENERATING STATION (1),HI0000019,21.358333,-158.129167,Permitted Feature,Privately Owned Facility,NPDES
KAHE GENERATING STATION (1),HI0000019,21.358333,-158.129167,Permitted Feature,Privately Owned Facility,NPDES
KAHE GENERATING STATION (1),HI0000019,21.358333,-158.129722,Permitted Feature,Privately Owned Facility,NPDES
KAHE GENERATING STATION (1),HI0000019,21.354167,-158.13,Permitted Feature,Privately Owned Facility,NPDES
KAHE GENERATING STATION (1),HI0000019,21.358333,-158.128889,Permitted Feature,Privately Owned Facility,NPDES
KAHE GENERATING STATION (1),HI0000019,21.358333,-158.125833,Permitted Feature,Privately Owned Facility,NPDES
KAHE GENERATING STATION (1),HI0000019,21.35425,-158.130778,Permitted Feature,Privately Owned Facility,NPDES
KAHE GENERATING STATION (1),HI0000019,21.35425,-158.130778,Permitted Feature,Privately Owned Facility,NPDES
KAHE GENERATING STATION (1),HI0000019,21.35425,-158.130778,Permitted Feature,Privately Owned Facility,NPDES
HONOLULU GENERATING STATION,HI0000027,21.305722,-157.864111,Facility,Privately Owned Facility,NPDES
UNKNOWN,HI0000035,21.318826,-157.870278,Facility,Privately Owned Facility,NPDES
KAHULUI GENERATING STATION,HI0000094,20.896806,-156.462889,Facility,Privately Owned Facility,NPDES
KAHULUI GENERATING STATION,HI0000094,20.897417,-156.463725,Permitted Feature,Privately Owned Facility,NPDES
KAHULUI GENERATING STATION,HI0000094,20.897445,-156.463586,Permitted Feature,Privately Owned Facility,NPDES
KAHULUI GENERATING STATION,HI0000094,20.897417,-156.463447,Permitted Feature,Privately Owned Facility,NPDES
KAHULUI GENERATING STATION,HI0000094,20.89739,-156.463253,Permitted Feature,Privately Owned Facility,NPDES
KAHULUI GENERATING STATION,HI0000094,20.916667,-156.465278,Permitted Feature,Privately Owned Facility,NPDES
KAHULUI GENERATING STATION,HI0000094,20.916667,156.465278,Permitted Feature,Privately Owned Facility,NPDES
GAY & ROBINSON SUGAR PLANTATN,HI0000116,21.910972,-159.628222,Facility,Privately Owned Facility,NPDES
PEPEEKEO MILL POWER PLANT,HI0000191,19.844464,-155.089444,Facility,Privately Owned Facility,NPDES
SHIPMAN GENERATING STATION,HI0000264,19.723693,-155.06930500000001,Facility,NA,NPDES
WAIMANALO DAIRY,HI0000311,21.331275,-157.708368,Facility,Privately Owned Facility,NPDES
UNKNOWN,HI0000345,21.315895,-157.888665,Facility,Municipality,NPDES
PORT ALLEN GENERATING STATION,HI0000353,21.898833,-159.58625,Permitted Feature,Privately Owned Facility,NPDES
HAWAIIAN CEMENT  - HALAWA QUARRY,HI0000558,21.373972,-157.909167,Facility,Privately Owned Facility,NPDES
HAWAIIAN CEMENT  - HALAWA QUARRY,HI0000558,21.376611,-157.908,Permitted Feature,Privately Owned Facility,NPDES
HAWAIIAN CEMENT  - HALAWA QUARRY,HI0000558,21.375,-157.899444,Permitted Feature,Privately Owned Facility,NPDES
HECO WAIAU GENERATING STATION,HI0000604,21.387778,-157.962778,Permitted Feature,Privately Owned Facility,NPDES
HECO WAIAU GENERATING STATION,HI0000604,21.387778,-157.960556,Permitted Feature,Privately Owned Facility,NPDES
HECO WAIAU GENERATING STATION,HI0000604,21.387778,-157.960556,Permitted Feature,Privately Owned Facility,NPDES
HECO WAIAU GENERATING STATION,HI0000604,21.387778,-157.960556,Permitted Feature,Privately Owned Facility,NPDES
HECO WAIAU GENERATING STATION,HI0000604,21.387778,-157.960556,Permitted Feature,Privately Owned Facility,NPDES
HECO WAIAU GENERATING STATION,HI0000604,21.3875,-157.960556,Permitted Feature,Privately Owned Facility,NPDES
HECO WAIAU GENERATING STATION,HI0000604,21.390833,-157.963333,Permitted Feature,Privately Owned Facility,NPDES
HECO WAIAU GENERATING STATION,HI0000604,21.390556,-157.963333,Permitted Feature,Privately Owned Facility,NPDES
HECO WAIAU GENERATING STATION,HI0000604,21.390556,-157.963611,Permitted Feature,Privately Owned Facility,NPDES
HECO WAIAU GENERATING STATION,HI0000604,21.390556,-157.963889,Permitted Feature,Privately Owned Facility,NPDES
HECO WAIAU GENERATING STATION,HI0000604,21.390278,-157.964167,Permitted Feature,Privately Owned Facility,NPDES
HECO WAIAU GENERATING STATION,HI0000604,21.39,-157.964167,Permitted Feature,Privately Owned Facility,NPDES
HECO WAIAU GENERATING STATION,HI0000604,21.39,-157.964167,Permitted Feature,Privately Owned Facility,NPDES
HECO WAIAU GENERATING STATION,HI0000604,21.389444,-157.963889,Permitted Feature,Privately Owned Facility,NPDES
HECO WAIAU GENERATING STATION,HI0000604,21.388889,-157.963056,Permitted Feature,Privately Owned Facility,NPDES
HECO WAIAU GENERATING STATION,HI0000604,21.388056,-157.962778,Permitted Feature,Privately Owned Facility,NPDES
HECO WAIAU GENERATING STATION,HI0000604,21.387778,-157.962222,Permitted Feature,Privately Owned Facility,NPDES
HECO WAIAU GENERATING STATION,HI0000604,21.387778,-157.961389,Permitted Feature,Privately Owned Facility,NPDES
HECO WAIAU GENERATING STATION,HI0000604,21.387778,-157.960556,Permitted Feature,Privately Owned Facility,NPDES
HECO WAIAU GENERATING STATION,HI0000604,21.387222,-157.960556,Permitted Feature,Privately Owned Facility,NPDES
HECO WAIAU GENERATING STATION,HI0000604,21.387778,-157.961389,Permitted Feature,Privately Owned Facility,NPDES
HECO WAIAU GENERATING STATION,HI0000604,21.389722,-157.964167,Permitted Feature,Privately Owned Facility,NPDES
HECO WAIAU GENERATING STATION,HI0000604,21.388889,-157.963889,Permitted Feature,Privately Owned Facility,NPDES
HECO WAIAU GENERATING STATION,HI0000604,21.3875,-157.962778,Permitted Feature,Privately Owned Facility,NPDES
HECO WAIAU GENERATING STATION,HI0000604,21.389167,-157.963889,Permitted Feature,Privately Owned Facility,NPDES
HECO WAIAU GENERATING STATION,HI0000604,21.387611,-157.960278,Permitted Feature,Privately Owned Facility,NPDES
HECO WAIAU GENERATING STATION,HI0000604,21.387611,-157.960528,Permitted Feature,Privately Owned Facility,NPDES
US NAVY PEARL CITY FUEL ANNEX,HI0000647,21.384613,-157.974477,Facility,Federal Facility (U.S. Government),NPDES
UNKNOWN,HI0000663,21.310725,-157.872257,Facility,Privately Owned Facility,NPDES
UNKNOWN,HI0020036,21.360719,-157.765589,Facility,Municipal or Water District,NPDES
UNKNOWN,HI0020061,21.36589,-157.76878,Facility,Municipal or Water District,NPDES
C&CH WAIANAE WWTP,HI0020109,21.434222,-158.182222,Facility,Municipal or Water District,NPDES
C&CH SAND ISLAND WWTP,HI0020117,21.3045,-157.882056,Permitted Feature,Municipal or Water District,NPDES
C&CH SAND ISLAND WWTP,HI0020117,21.493611,-158.042778,Permitted Feature,Municipal or Water District,NPDES
UNKNOWN,HI0020176,19.740581,-155.0525,Facility,Municipal or Water District,NPDES
UNKNOWN,HI0020231,19.713905,-155.075009,Facility,Privately Owned Facility,NPDES
COUNTY OF KAUAI WAILUA WWTP,HI0020257,22.039463,-159.333525,Permitted Feature,Municipal or Water District,NPDES
COUNTY OF KAUAI WAILUA WWTP,HI0020257,22.041667,-157.336111,Permitted Feature,Municipal or Water District,NPDES
UNKNOWN,HI0020265,21.898812,-159.587209,Facility,Municipal or Water District,NPDES
EAST HONOLULU WASTEWATER TREATMENT PLANT,HI0020303,21.287333,-157.671833,Facility,Privately Owned Facility,NPDES
EAST HONOLULU WASTEWATER TREATMENT PLANT,HI0020303,21.288194,-157.67225,Permitted Feature,Privately Owned Facility,NPDES
EAST HONOLULU WASTEWATER TREATMENT PLANT,HI0020303,21.289278,-157.673,Permitted Feature,Privately Owned Facility,NPDES
YACHT HARBOR TOWERS AOUO,HI0020346,21.293611,-157.846667,Permitted Feature,Privately Owned Facility,NPDES
UNKNOWN,HI0020389,19.782802,-155.095556,Facility,Privately Owned Facility,NPDES
WAIKIKI AQUARIUM,HI0020630,21.26575,-157.821528,Facility,State Government,NPDES
WAIKIKI AQUARIUM,HI0020630,21.265528,-157.822639,Permitted Feature,State Government,NPDES
CAMPBELL INDUSTRIAL PARK,HI0020656,21.305174,-158.097255,Facility,Privately Owned Facility,NPDES
"PACIFIC SHIPYARDS INTERNATIONAL, LLC",HI0020753,21.319278,-157.883528,Facility,Municipality,NPDES
KULAIMANO WASTEWATER TREATMENT PLANT,HI0020770,19.836667,-155.086389,Permitted Feature,County Government,NPDES
AMERON HAWAII KAPAA QUARRY,HI0020796,21.390056,-157.775889,Permitted Feature,Privately Owned Facility,NPDES
AMERON HAWAII KAPAA QUARRY,HI0020796,21.389917,-157.776028,Permitted Feature,Privately Owned Facility,NPDES
HALFWAY BRIDGE ROCK QUARRY AND CRUSHER,HI0020842,21.966944,-159.465222,Facility,NA,NPDES
UNKNOWN,HI0020885,20.738302,-156.449167,Facility,Municipal or Water District,NPDES
KAUNAKAKAI TERMINAL,HI0020966,21.088889000000002,-157.025278,Facility,Privately Owned Facility,NPDES
UNKNOWN,HI0020982,21.884073,-159.588333,Facility,Privately Owned Facility,NPDES
UNKNOWN,HI0020991,21.314104,-157.878333,Facility,Privately Owned Facility,NPDES
AKANA PETROLEUM INC. KAWAIHAE,HI0021008,20.03508,-155.825301,Facility,Privately Owned Facility,NPDES
UNKNOWN,HI0021041,21.364102,-157.741111,Facility,Privately Owned Facility,NPDES
KAHUKU SHRIMP FARM,HI0021059,21.695056,-157.961667,Facility,Privately Owned Facility,NPDES
"HAWAIIAN CEMENT, PIER 34",HI0021083,21.314614,-157.87559,Facility,Privately Owned Facility,NPDES
COUNTY OF HAWAII PAPAIKOU-PAUKAA WWTP,HI0021113,19.783,-155.085972,Permitted Feature,Municipal or Water District,NPDES
COUNTY OF HAWAII PAPAIKOU-PAUKAA WWTP,HI0021113,19.782806,-155.087194,Permitted Feature,Municipal or Water District,NPDES
UNKNOWN,HI0021148,21.327715,-158.091667,Facility,Municipality,NPDES
MARISCO SHIPYARD,HI0021199,21.321444,-158.117694,Facility,Privately Owned Facility,NPDES
C&CH KAILUA REGIONAL WWTP,HI0021296,21.458889,-157.715556,Permitted Feature,Municipality,NPDES
KAMEHAMEHA HWY RECONSTRUCTION,HI0021326,21.37824,-157.93562,Facility,Municipality,NPDES
HAWAII COUNTY HILO WWTP,HI0021377,19.71375,-155.019278,Facility,Municipal or Water District,NPDES
HAWAII COUNTY HILO WWTP,HI0021377,19.715333,-155.019083,Permitted Feature,Municipal or Water District,NPDES
HAWAII COUNTY HILO WWTP,HI0021377,19.714278,-155.019056,Permitted Feature,Municipal or Water District,NPDES
HANALEI NAT'L WILDLIFE REFUGE,HI0021385,22.203889,-159.470833,Facility,Municipality,NPDES
MAHAULEPU QUARRY,HI0021491,21.904028,-159.413944,Facility,NA,NPDES
MAUI OCEAN CENTER,HI0021504,20.792056,-156.510917,Permitted Feature,Privately Owned Facility,NPDES
MAUI OCEAN CENTER,HI0021504,20.792889,-156.51225,Permitted Feature,Privately Owned Facility,NPDES
KAPAA LANDFILL,HI0021563,21.395278,-157.771944,Facility,Municipality,NPDES
HAWAII INSTITUTE OF MARINE BIOLOGY,HI0021644,21.429694,-157.791917,Facility,NA,NPDES
HAWAII INSTITUTE OF MARINE BIOLOGY,HI0021644,21.433333,-157.786583,Permitted Feature,NA,NPDES
HAWAII INSTITUTE OF MARINE BIOLOGY,HI0021644,21.433167,-157.787111,Permitted Feature,NA,NPDES
HAWAII INSTITUTE OF MARINE BIOLOGY,HI0021644,21.432306,-157.787667,Permitted Feature,NA,NPDES
HAWAII INSTITUTE OF MARINE BIOLOGY,HI0021644,21.433417,-157.786722,Permitted Feature,NA,NPDES
HAWAII INSTITUTE OF MARINE BIOLOGY,HI0021644,21.433278,-157.786778,Permitted Feature,NA,NPDES
HAWAII INSTITUTE OF MARINE BIOLOGY,HI0021644,21.433306,-157.786583,Permitted Feature,NA,NPDES
HAWAII INSTITUTE OF MARINE BIOLOGY,HI0021644,21.433389,-157.787194,Permitted Feature,NA,NPDES
HAWAII INSTITUTE OF MARINE BIOLOGY,HI0021644,21.433333,-157.787194,Permitted Feature,NA,NPDES
HAWAII INSTITUTE OF MARINE BIOLOGY,HI0021644,21.433306,-157.787167,Permitted Feature,NA,NPDES
HAWAII INSTITUTE OF MARINE BIOLOGY,HI0021644,21.432833,-157.787583,Permitted Feature,NA,NPDES
HAWAII INSTITUTE OF MARINE BIOLOGY,HI0021644,21.432528,-157.787583,Permitted Feature,NA,NPDES
HAWAII INSTITUTE OF MARINE BIOLOGY,HI0021644,21.433306,-157.786583,Permitted Feature,NA,NPDES
HAWAII INSTITUTE OF MARINE BIOLOGY,HI0021644,21.43225,-157.787639,Permitted Feature,NA,NPDES
HAWAII INSTITUTE OF MARINE BIOLOGY,HI0021644,21.431444,-157.788139,Permitted Feature,NA,NPDES
HAWAII INSTITUTE OF MARINE BIOLOGY,HI0021644,21.431528,-157.788167,Permitted Feature,NA,NPDES
HAWAII INSTITUTE OF MARINE BIOLOGY,HI0021644,21.431583,-157.788194,Permitted Feature,NA,NPDES
HAWAII INSTITUTE OF MARINE BIOLOGY,HI0021644,21.432417,-157.787583,Permitted Feature,NA,NPDES
HAWAII INSTITUTE OF MARINE BIOLOGY,HI0021644,21.432556,-157.788944,Permitted Feature,NA,NPDES
HAWAII INSTITUTE OF MARINE BIOLOGY,HI0021644,21.432917,-157.787333,Permitted Feature,NA,NPDES
HAWAII INSTITUTE OF MARINE BIOLOGY,HI0021644,21.434056000000002,-157.787417,Permitted Feature,NA,NPDES
ALOUN KAUAI FARMING LLC,HI0021654,21.994944,-159.753639,Facility,Privately Owned Facility,NPDES
ALOUN KAUAI FARMING LLC,HI0021654,22.016944,-159.788889,Permitted Feature,Privately Owned Facility,NPDES
NAPILI WELL A GRANULAR ACTIVATED CARBON (GAC) TREATMENT FACILITY (1),HI0021661,20.973944,-156.643111,Permitted Feature,NA,NPDES
NAPILI WELL A GRANULAR ACTIVATED CARBON (GAC) TREATMENT FACILITY (1),HI0021661,20.973778,-156.642944,Permitted Feature,NA,NPDES
TOPA FINANCIAL CENTER,HI0021768,21.309097,-157.864453,Permitted Feature,NA,NPDES
TOPA FINANCIAL CENTER,HI0021768,21.309083,-157.864444,Permitted Feature,NA,NPDES
"KAMEHAMEHA HIGHWAY RESURFACING, WAIAHOLE VALLEY ROAD TO CROUCHING LION INN",HI0021789,21.484028,-157.844278,Facility,NA,NPDES
MOKAPU SADDLE ROAD RESURFACE,HI0021790,21.41251,-157.77368,Facility,Municipality,NPDES
US ARMY CORPS OF ENGINEERS,HI0021799,20.787611,-156.991139,Facility,Federal Facility (U.S. Government),NPDES
"HAWAIIAN EARTH PRODUCTS,",HI0021801,21.402333,-157.766528,Facility,Privately Owned Facility,NPDES
HUALALAI DEVELOPMENT COMPANY,HI0021802,19.814306,-155.979194,Facility,NA,NPDES
CENTREX REAL ESTATE CORP,HI0021804,19.918472,-155.884167,Facility,NA,NPDES
OFF MAMALAHOA HIGHWAY,HI0021806,19.4075,-155.904722,Facility,Privately Owned Facility,NPDES
"ROYAL SYSTEMS HAWAII, INC.",HI0021813,21.413417,-157.788028,Facility,NA,NPDES
"WB KD ACQUISTION, LLC",HI0021815,21.275603,-157.814265,Facility,Privately Owned Facility,NPDES
MANINIOWALI SUBDIVISION & QUEEN KAAHUMANU IMPROVEMENTS,HI0021821,19.794083,-156.005444,Facility,Privately Owned Facility,NPDES
HONUA LA'II WAI'ULA'ULA,HI0021823,20.011306,-155.822139,Facility,Privately Owned Facility,NPDES
GROVE FARM WATER TREATMENT FACILITY (1),HI0021824,22.020861,-159.396889,Facility,Privately Owned Facility,NPDES
KEAHOLE POINT FISH LLC,HI0021825,19.743056,-156.0625,Permitted Feature,Privately Owned Facility,NPDES
KEAHOLE POINT FISH LLC,HI0021825,19.743056,-156.0625,Permitted Feature,Privately Owned Facility,NPDES
KEAHOLE POINT FISH LLC,HI0021825,19.743056,-156.0625,Permitted Feature,Privately Owned Facility,NPDES
"KAILUA ROAD SEWERS, IMPROVEMENT DISTRICT NO. 276 PROJECT",HI0021831,21.392778,-157.745278,Facility,NA,NPDES
"HONOLULU MARINE, LLC",HI0021835,21.309139,-157.869694,Facility,Municipality,NPDES
HALEIWA WELLS GRANULAR ACTIVATED CARBON (GAC) FACILITY,HI0021839,21.577556,-158.093167,Facility,Municipality,NPDES
HAWAII OCEANIC TECHNOLOGY INC - AHI AQUACULTURE PROJECT,HI0021840,20.094444,-155.927778,Facility,NA,NPDES
KAWELA BRIDGE REPLACEMENT (1),HI0021841,21.063055,-156.949166,Facility,NA,NPDES
PHASE 1 - KAUMUALII HIGHWAY LIHUE MILL BRIDGE TO RICE STREET,HI0021852,21.976389,-159.374722,Facility,Municipal or Water District,NPDES
MANOA STREAM TRIBUTARY RETAINING WALL,HI0021855,21.313889,-157.804167,Facility,Municipal or Water District,NPDES
KAKAINA SUBDIVISION (1),HI0021860,21.34495,-157.72197,Facility,Municipal or Water District,NPDES
"HONOLULU HIGH-CAPACITY TRANSIT CORRIDOR PROJECT, FARRINGTON GUIDEWAY SECTION (1)",HI0021863,21.378098,-158.015971,Facility,Municipal or Water District,NPDES
"FY13 OMA REPLACE WATER VALVES EAST RANGE, SCHOFIELD BARRACKS, OAHU, HAWAII",HI0021864,21.4883,-158.0083,Facility,Federal Facility (U.S. Government),NPDES
KUKUIULA LARGE LOT 32 PHASE 1 (1),HI0021866,21.885833,-159.487778,Facility,Privately Owned Facility,NPDES
WOODLAWN DRIVE: 8-INCH WATER MAINS,HI0021868,21.313657,-157.806386,Facility,Municipal or Water District,NPDES
PRESSURE-WASHING OF FUEL TRANSFER PIPELINE AT THE KAUNAKAKAI HARBOR,HI0021872,21.08572,-157.02347,Facility,Privately Owned Facility,NPDES
MANELE REVERSE OSMOSIS DESALINATION FACILITY PILOT PLANT TESTING PROJECT,HI0021874,20.745475,-156.897472,Facility,Privately Owned Facility,NPDES
"KAMEHAMEHA HIGHWAY- HALEIWA WATER SYSTEM IMPROVEMENTS, PART II",HI0021877,21.605261,-158.097953,Facility,Municipality,NPDES
"PACIFIC SHIPYARDS INTERNATIONAL, LLC (1)",HI0021878,21.311389,-157.87,Facility,Privately Owned Facility,NPDES
"PACIFIC SHIPYARDS INTERNATIONAL, LLC (1)",HI0021878,21.311389,-157.87,Permitted Feature,Privately Owned Facility,NPDES
"PACIFIC SHIPYARDS INTERNATIONAL, LLC (1)",HI0021878,21.309722,-157.869444,Permitted Feature,Privately Owned Facility,NPDES
"PACIFIC SHIPYARDS INTERNATIONAL, LLC (1)",HI0021878,21.310556,-157.87,Permitted Feature,Privately Owned Facility,NPDES
"PACIFIC SHIPYARDS INTERNATIONAL, LLC (1)",HI0021878,21.312222,-157.870556,Permitted Feature,Privately Owned Facility,NPDES
"PACIFIC SHIPYARDS INTERNATIONAL, LLC (1)",HI0021878,21.310833,-157.871111,Permitted Feature,Privately Owned Facility,NPDES
ALII DRIVE CULVERT REPLACEMENT (1),HI0021883,19.624167,-155.985833,Facility,Municipal or Water District,NPDES
IAO SURFACE WATER TREATMENT PLANT,HI0021885,20.88282,-156.512,Facility,Municipal or Water District,NPDES
MARISCO LTD.,HI0021893,21.327083,-158.111611,Permitted Feature,Privately Owned Facility,NPDES
MARISCO LTD.,HI0021893,21.327778,-158.111,Permitted Feature,Privately Owned Facility,NPDES
MARISCO LTD.,HI0021893,21.327389,-158.11125,Permitted Feature,Privately Owned Facility,NPDES
MARISCO LTD.,HI0021893,21.322083,-158.117861,Permitted Feature,Privately Owned Facility,NPDES
MARISCO LTD.,HI0021893,21.322333,-158.118139,Permitted Feature,Privately Owned Facility,NPDES
MARISCO LTD.,HI0021893,21.322222,-158.118833,Permitted Feature,Privately Owned Facility,NPDES
MARISCO LTD.,HI0021893,21.322861,-158.118417,Permitted Feature,Privately Owned Facility,NPDES
MARISCO LTD.,HI0021893,21.322861,-158.118417,Permitted Feature,Privately Owned Facility,NPDES
MARISCO LTD.,HI0021893,21.322861,-158.117889,Permitted Feature,Privately Owned Facility,NPDES
MARISCO LTD.,HI0021893,21.324611,-158.111806,Permitted Feature,Privately Owned Facility,NPDES
MARISCO LTD.,HI0021893,21.324611,-158.111806,Permitted Feature,Privately Owned Facility,NPDES
MARISCO LTD.,HI0021893,21.324056,-158.112361,Permitted Feature,Privately Owned Facility,NPDES
WAIAHI SURFACE WATER TREATMENT PLANT,HI0021894,22.020861,-159.396889,Facility,Privately Owned Facility,NPDES
WAIAHI SURFACE WATER TREATMENT PLANT,HI0021894,22.02,-159.396389,Permitted Feature,Privately Owned Facility,NPDES
AHUIMANU WASTEWATER PRE-TREATMENT FACILITY FORCE MAIN  HAIKU ROAD BYPASS SEWER,HI0021896,21.417083,-157.808194,Facility,Municipal or Water District,NPDES
HALONA STREET BRIDGE REPLACEMENT PROJECT - PROJECT NO. HI STP H1(1),HI0021898,21.327554,-157.867152,Facility,Federal Facility (U.S. Government),NPDES
MAILIILII ROAD: 20-INCH WATER MAIN REPLACEMENT CROSSING MAILIILII STREAM,HI0021899,21.432778,-158.17,Facility,Municipal or Water District,NPDES
ANOI ROAD WATER SYSTEM IMPROVEMENTS (1),HI0021902,21.417575,-157.792931,Facility,Municipal or Water District,NPDES
HNL CONSOLIDATED CAR RENTAL FACILITY (2),HI0021906,21.327791,-157.898937,Facility,State Government,NPDES
MANOA ESTATES WATER SYSTEM IMPROVEMENTS,HI0021908,21.325818,-157.800443,Facility,Municipality,NPDES
AWA STREET WASTEWATER PUMP STATION FORCE MAIN AND SEWER SYSTEM IMPROVEMENTS - WA,HI0021910,21.331085,-157.866512,Facility,Municipal or Water District,NPDES
KAPALAMA JET FUEL PIPELINE - ROAD PACKAGE,HI0021915,21.315118,-157.888188,Facility,Privately Owned Facility,NPDES
KALAHEO WATER SYSTEM IMPROVEMENTS,HI0021916,21.944076,-159.528741,Facility,Municipal or Water District,NPDES
HOOPILI OFFSITE POTABLE WATER SYSTEM,HI0021924,21.3847,-158.05444,Permitted Feature,Privately Owned Facility,NPDES
HOOPILI OFFSITE POTABLE WATER SYSTEM,HI0021924,21.37777,-158.047222,Permitted Feature,Privately Owned Facility,NPDES
HOOPILI OFFSITE POTABLE WATER SYSTEM,HI0021924,21.375833,-158.04333,Permitted Feature,Privately Owned Facility,NPDES
KAPALAMA TERMINAL JET FUEL PIPELINE-ROAD PACKAGE,HI0021927,21.315025,-157.888332,Facility,Privately Owned Facility,NPDES
KAMEHAMEHA HIGHWAY WASTEWATER PUMP STATION 36  FORCE MAIN REPLACEMENT,HI0021930,21.333532,-157.89385,Facility,Municipal or Water District,NPDES
LUALUALEI LINE BOOSTER SYSTEM IMPROVEMENTS,HI0021931,21.395116,-158.158783,Permitted Feature,Municipality,NPDES
LUALUALEI LINE BOOSTER SYSTEM IMPROVEMENTS,HI0021931,21.395116,-158.158783,Facility,Municipality,NPDES
WAI'AHA WATER SYSTEM IMPROVEMENTS - TRANSMISSION,HI0021932,19.633713,-155.95743,Facility,Municipality,NPDES
GENKI ALA WAI PROJECT,HI0021938,21.275361,-157.817925,Facility,Privately Owned Facility,NPDES
"PIER 26, HONOLULU HARBOR",HI0021939,21.310923,-158.103352,Facility,Privately Owned Facility,NPDES
"PIER 26, HONOLULU HARBOR",HI0021939,21.317444,-157.882278,Permitted Feature,Privately Owned Facility,NPDES
"PIER 26, HONOLULU HARBOR",HI0021939,21.317444,-157.882222,Permitted Feature,Privately Owned Facility,NPDES
KAHALA HOTEL & RESORT,HI0021942,21.271111,-157.774167,Permitted Feature,NA,NPDES
KAHALA HOTEL & RESORT,HI0021942,21.271389,-157.772778,Permitted Feature,NA,NPDES
IAO SURFACE WATER TREATMENT PLANT,HI0021946,20.88282,-156.512,Facility,Municipal or Water District,NPDES
IAO SURFACE WATER TREATMENT PLANT,HI0021946,20.88216,-156.51377,Permitted Feature,Municipal or Water District,NPDES
HALEIWA WELLS GRANULAR ACTIVATED CARBON (GAC) WATER TREATMENT FACILITY,HI0021950,21.580556,-158.101111,Permitted Feature,Municipality,NPDES
HALEIWA WELLS GRANULAR ACTIVATED CARBON (GAC) WATER TREATMENT FACILITY,HI0021950,21.580556,-158.101111,Permitted Feature,Municipality,NPDES
HAWAIIAN CEMENT - HALAWA QUARRY LOWER AREA,HI0021951,21.375417,-157.909028,Permitted Feature,NA,NPDES
OUTFALLS OF THE MANA PLAIN DRAINAGE DITCH SYSTEM,HI0021952,22.0115,-159.781944,Permitted Feature,State Government,NPDES
OUTFALLS OF THE MANA PLAIN DRAINAGE DITCH SYSTEM,HI0021952,22.013611,-159.783778,Permitted Feature,State Government,NPDES
OUTFALLS OF THE MANA PLAIN DRAINAGE DITCH SYSTEM,HI0021952,22.053222,-159.784083,Permitted Feature,State Government,NPDES
OUTFALLS OF THE MANA PLAIN DRAINAGE DITCH SYSTEM,HI0021952,21.959722,-159.692778,Permitted Feature,State Government,NPDES
OUTFALLS OF THE MANA PLAIN DRAINAGE DITCH SYSTEM,HI0021952,21.960722,-159.702278,Permitted Feature,State Government,NPDES
OUTFALLS OF THE MANA PLAIN DRAINAGE DITCH SYSTEM,HI0021952,21.97175,-159.732611,Permitted Feature,State Government,NPDES
OUTFALLS OF THE MANA PLAIN DRAINAGE DITCH SYSTEM,HI0021952,21.97375,-159.737167,Permitted Feature,State Government,NPDES
OUTFALLS OF THE MANA PLAIN DRAINAGE DITCH SYSTEM,HI0021952,21.96525,-159.712194,Permitted Feature,State Government,NPDES
C&CH WAIANAE WWTP,HI0021953,21.423889,-158.198333,Permitted Feature,Federal Facility (U.S. Government),NPDES
C&CH HONOULIULI WWTP,HI0021954,21.279722,-158.027778,Permitted Feature,Municipal or Water District,NPDES
C&CH HONOULIULI WWTP,HI0021954,21.329694,-158.035611,Permitted Feature,Municipal or Water District,NPDES
MARINE CORPS BASE HAWAII KANEOHE BAY WATER RECLAMATION FACILITY,HI0110078,21.438639,-157.758472,Facility,Federal Facility (U.S. Government),NPDES
MARINE CORPS BASE HAWAII KANEOHE BAY WATER RECLAMATION FACILITY,HI0110078,21.438111,-157.758889,Permitted Feature,Federal Facility (U.S. Government),NPDES
MARINE CORPS BASE HAWAII KANEOHE BAY WATER RECLAMATION FACILITY,HI0110078,21.438639,-157.758472,Permitted Feature,Federal Facility (U.S. Government),NPDES
JOINT BASE PEARL HARBOR-HICKAM WASTEWATER TREATMENT PLANT,HI0110086,21.326167,-157.963917,Permitted Feature,Federal Facility (U.S. Government),NPDES
JOINT BASE PEARL HARBOR-HICKAM WASTEWATER TREATMENT PLANT,HI0110086,21.327806,-157.963139,Permitted Feature,Federal Facility (U.S. Government),NPDES
JOINT BASE PEARL HARBOR-HICKAM WASTEWATER TREATMENT PLANT,HI0110086,21.327361,-157.962972,Permitted Feature,Federal Facility (U.S. Government),NPDES
SCHOFIELD BARRACKS WASTEWATER TREATMENT PLANT,HI0110141,21.475222,-158.044583,Facility,Privately Owned Facility,NPDES
SCHOFIELD BARRACKS WASTEWATER TREATMENT PLANT,HI0110141,21.500278,-158.050556,Permitted Feature,Privately Owned Facility,NPDES
SCHOFIELD BARRACKS WASTEWATER TREATMENT PLANT,HI0110141,21.476389,-158.0445,Permitted Feature,Privately Owned Facility,NPDES
PEARL HARBOR NAVAL SHIPYARD & INTERMEDIATE MAINTENANCE FACILITY DRYDOCKS 1-4,HI0110230,21.352528,-157.958167,Permitted Feature,NA,NPDES
PEARL HARBOR NAVAL SHIPYARD & INTERMEDIATE MAINTENANCE FACILITY DRYDOCKS 1-4,HI0110230,21.352528,-157.958167,Permitted Feature,NA,NPDES
PEARL HARBOR NAVAL SHIPYARD & INTERMEDIATE MAINTENANCE FACILITY DRYDOCKS 1-4,HI0110230,21.352528,-157.958167,Permitted Feature,NA,NPDES
PEARL HARBOR NAVAL SHIPYARD & INTERMEDIATE MAINTENANCE FACILITY DRYDOCKS 1-4,HI0110230,21.352528,-157.958167,Permitted Feature,NA,NPDES
PEARL HARBOR NAVAL SHIPYARD & INTERMEDIATE MAINTENANCE FACILITY DRYDOCKS 1-4,HI0110230,21.352528,-157.958167,Permitted Feature,NA,NPDES
PEARL HARBOR NAVAL SHIPYARD & INTERMEDIATE MAINTENANCE FACILITY DRYDOCKS 1-4,HI0110230,21.352528,-157.958167,Permitted Feature,NA,NPDES
PEARL HARBOR NAVAL SHIPYARD & INTERMEDIATE MAINTENANCE FACILITY DRYDOCKS 1-4,HI0110230,21.352514,-157.958166,Permitted Feature,NA,NPDES
PEARL HARBOR NAVAL SHIPYARD & INTERMEDIATE MAINTENANCE FACILITY DRYDOCKS 1-4,HI0110230,21.352514,-157.958166,Permitted Feature,NA,NPDES
PEARL HARBOR NAVAL SHIPYARD & INTERMEDIATE MAINTENANCE FACILITY DRYDOCKS 1-4,HI0110230,21.352361,-157.959167,Permitted Feature,NA,NPDES
PEARL HARBOR NAVAL SHIPYARD & INTERMEDIATE MAINTENANCE FACILITY DRYDOCKS 1-4,HI0110230,21.352361,-157.959167,Permitted Feature,NA,NPDES
PEARL HARBOR NAVAL SHIPYARD & INTERMEDIATE MAINTENANCE FACILITY DRYDOCKS 1-4,HI0110230,21.352361,-157.959167,Permitted Feature,NA,NPDES
PEARL HARBOR NAVAL SHIPYARD & INTERMEDIATE MAINTENANCE FACILITY DRYDOCKS 1-4,HI0110230,21.352361,-157.959167,Permitted Feature,NA,NPDES
PEARL HARBOR NAVAL SHIPYARD & INTERMEDIATE MAINTENANCE FACILITY DRYDOCKS 1-4,HI0110230,21.352361,-157.959167,Permitted Feature,NA,NPDES
PEARL HARBOR NAVAL SHIPYARD & INTERMEDIATE MAINTENANCE FACILITY DRYDOCKS 1-4,HI0110230,21.352361,-157.959167,Permitted Feature,NA,NPDES
PEARL HARBOR NAVAL SHIPYARD & INTERMEDIATE MAINTENANCE FACILITY DRYDOCKS 1-4,HI0110230,21.352361,-157.959167,Permitted Feature,NA,NPDES
PEARL HARBOR NAVAL SHIPYARD & INTERMEDIATE MAINTENANCE FACILITY DRYDOCKS 1-4,HI0110230,21.352361,-157.959167,Permitted Feature,NA,NPDES
PEARL HARBOR NAVAL SHIPYARD & INTERMEDIATE MAINTENANCE FACILITY DRYDOCKS 1-4,HI0110230,21.352361,-157.959167,Permitted Feature,NA,NPDES
PEARL HARBOR NAVAL SHIPYARD & INTERMEDIATE MAINTENANCE FACILITY DRYDOCKS 1-4,HI0110230,21.352361,-157.959167,Permitted Feature,NA,NPDES
PEARL HARBOR NAVAL SHIPYARD & INTERMEDIATE MAINTENANCE FACILITY DRYDOCKS 1-4,HI0110230,21.352361,-157.959167,Permitted Feature,NA,NPDES
PEARL HARBOR NAVAL SHIPYARD & INTERMEDIATE MAINTENANCE FACILITY DRYDOCKS 1-4,HI0110230,21.352361,-157.959167,Permitted Feature,NA,NPDES
PEARL HARBOR NAVAL SHIPYARD & INTERMEDIATE MAINTENANCE FACILITY DRYDOCKS 1-4,HI0110230,21.352361,-157.959167,Permitted Feature,NA,NPDES
PEARL HARBOR NAVAL SHIPYARD & INTERMEDIATE MAINTENANCE FACILITY DRYDOCKS 1-4,HI0110230,21.352361,-157.959167,Permitted Feature,NA,NPDES
PEARL HARBOR NAVAL SHIPYARD & INTERMEDIATE MAINTENANCE FACILITY DRYDOCKS 1-4,HI0110230,21.352361,-157.959167,Permitted Feature,NA,NPDES
PEARL HARBOR NAVAL SHIPYARD & INTERMEDIATE MAINTENANCE FACILITY DRYDOCKS 1-4,HI0110230,21.352361,-157.959167,Permitted Feature,NA,NPDES
PEARL HARBOR NAVAL SHIPYARD & INTERMEDIATE MAINTENANCE FACILITY DRYDOCKS 1-4,HI0110230,21.352361,-157.959167,Permitted Feature,NA,NPDES
PEARL HARBOR NAVAL SHIPYARD & INTERMEDIATE MAINTENANCE FACILITY DRYDOCKS 1-4,HI0110230,21.352361,-157.959167,Permitted Feature,NA,NPDES
PEARL HARBOR NAVAL SHIPYARD & INTERMEDIATE MAINTENANCE FACILITY DRYDOCKS 1-4,HI0110230,21.352361,-157.959167,Permitted Feature,NA,NPDES
PEARL HARBOR NAVAL SHIPYARD & INTERMEDIATE MAINTENANCE FACILITY DRYDOCKS 1-4,HI0110230,21.352361,-157.959167,Permitted Feature,NA,NPDES
PEARL HARBOR NAVAL SHIPYARD & INTERMEDIATE MAINTENANCE FACILITY DRYDOCKS 1-4,HI0110230,21.352361,-157.959167,Permitted Feature,NA,NPDES
PEARL HARBOR NAVAL SHIPYARD & INTERMEDIATE MAINTENANCE FACILITY DRYDOCKS 1-4,HI0110230,21.352361,-157.959167,Permitted Feature,NA,NPDES
PEARL HARBOR NAVAL SHIPYARD & INTERMEDIATE MAINTENANCE FACILITY DRYDOCKS 1-4,HI0110230,21.351944,-157.9605,Permitted Feature,NA,NPDES
PEARL HARBOR NAVAL SHIPYARD & INTERMEDIATE MAINTENANCE FACILITY DRYDOCKS 1-4,HI0110230,21.351944,-157.9605,Permitted Feature,NA,NPDES
PEARL HARBOR NAVAL SHIPYARD & INTERMEDIATE MAINTENANCE FACILITY DRYDOCKS 1-4,HI0110230,21.351944,-157.9605,Permitted Feature,NA,NPDES
PEARL HARBOR NAVAL SHIPYARD & INTERMEDIATE MAINTENANCE FACILITY DRYDOCKS 1-4,HI0110230,21.351944,-157.9605,Permitted Feature,NA,NPDES
PEARL HARBOR NAVAL SHIPYARD & INTERMEDIATE MAINTENANCE FACILITY DRYDOCKS 1-4,HI0110230,21.351944,-157.9605,Permitted Feature,NA,NPDES
PEARL HARBOR NAVAL SHIPYARD & INTERMEDIATE MAINTENANCE FACILITY DRYDOCKS 1-4,HI0110230,21.351944,-157.9605,Permitted Feature,NA,NPDES
PEARL HARBOR NAVAL SHIPYARD & INTERMEDIATE MAINTENANCE FACILITY DRYDOCKS 1-4,HI0110230,21.351944,-157.9605,Permitted Feature,NA,NPDES
PEARL HARBOR NAVAL SHIPYARD & INTERMEDIATE MAINTENANCE FACILITY DRYDOCKS 1-4,HI0110230,21.351944,-157.9605,Permitted Feature,NA,NPDES
PEARL HARBOR NAVAL SHIPYARD & INTERMEDIATE MAINTENANCE FACILITY DRYDOCKS 1-4,HI0110230,21.345833,-157.966389,Permitted Feature,NA,NPDES
PEARL HARBOR NAVAL SHIPYARD & INTERMEDIATE MAINTENANCE FACILITY DRYDOCKS 1-4,HI0110230,21.345833,-157.966389,Permitted Feature,NA,NPDES
PEARL HARBOR NAVAL SHIPYARD & INTERMEDIATE MAINTENANCE FACILITY DRYDOCKS 1-4,HI0110230,21.345833,-157.966389,Permitted Feature,NA,NPDES
PEARL HARBOR NAVAL SHIPYARD & INTERMEDIATE MAINTENANCE FACILITY DRYDOCKS 1-4,HI0110230,21.345833,-157.966389,Permitted Feature,NA,NPDES
PEARL HARBOR NAVAL SHIPYARD & INTERMEDIATE MAINTENANCE FACILITY DRYDOCKS 1-4,HI0110230,21.345833,-157.966389,Permitted Feature,NA,NPDES
PEARL HARBOR NAVAL SHIPYARD & INTERMEDIATE MAINTENANCE FACILITY DRYDOCKS 1-4,HI0110230,21.345833,-157.966389,Permitted Feature,NA,NPDES
PEARL HARBOR NAVAL SHIPYARD & INTERMEDIATE MAINTENANCE FACILITY DRYDOCKS 1-4,HI0110230,21.345833,-157.966389,Permitted Feature,NA,NPDES
PEARL HARBOR NAVAL SHIPYARD & INTERMEDIATE MAINTENANCE FACILITY DRYDOCKS 1-4,HI0110230,21.345833,-157.966389,Permitted Feature,NA,NPDES
PEARL HARBOR NAVAL SHIPYARD & INTERMEDIATE MAINTENANCE FACILITY DRYDOCKS 1-4,HI0110230,21.345833,-157.966389,Permitted Feature,NA,NPDES
PEARL HARBOR NAVAL SHIPYARD & INTERMEDIATE MAINTENANCE FACILITY DRYDOCKS 1-4,HI0110230,21.345833,-157.966389,Permitted Feature,NA,NPDES
PEARL HARBOR NAVAL SHIPYARD & INTERMEDIATE MAINTENANCE FACILITY DRYDOCKS 1-4,HI0110230,21.345833,-157.966389,Permitted Feature,NA,NPDES
PEARL HARBOR NAVAL SHIPYARD & INTERMEDIATE MAINTENANCE FACILITY DRYDOCKS 1-4,HI0110230,21.345833,-157.966389,Permitted Feature,NA,NPDES
PEARL HARBOR NAVAL SHIPYARD & INTERMEDIATE MAINTENANCE FACILITY DRYDOCKS 1-4,HI0110230,21.345833,-157.966389,Permitted Feature,NA,NPDES
PEARL HARBOR NAVAL SHIPYARD & INTERMEDIATE MAINTENANCE FACILITY DRYDOCKS 1-4,HI0110230,21.345833,-157.966389,Permitted Feature,NA,NPDES
PEARL HARBOR NAVAL SHIPYARD & INTERMEDIATE MAINTENANCE FACILITY DRYDOCKS 1-4,HI0110230,21.345833,-157.966389,Permitted Feature,NA,NPDES
PEARL HARBOR NAVAL SHIPYARD & INTERMEDIATE MAINTENANCE FACILITY DRYDOCKS 1-4,HI0110230,21.345833,-157.966389,Permitted Feature,NA,NPDES
PEARL HARBOR NAVAL SHIPYARD & INTERMEDIATE MAINTENANCE FACILITY DRYDOCKS 1-4,HI0110230,21.345833,-157.966389,Permitted Feature,NA,NPDES
PEARL HARBOR NAVAL SHIPYARD & INTERMEDIATE MAINTENANCE FACILITY DRYDOCKS 1-4,HI0110230,21.345833,-157.966389,Permitted Feature,NA,NPDES
PEARL HARBOR NAVAL SHIPYARD & INTERMEDIATE MAINTENANCE FACILITY DRYDOCKS 1-4,HI0110230,21.345833,-157.966389,Permitted Feature,NA,NPDES
PEARL HARBOR NAVAL SHIPYARD & INTERMEDIATE MAINTENANCE FACILITY DRYDOCKS 1-4,HI0110230,21.345833,-157.966389,Permitted Feature,NA,NPDES
PEARL HARBOR NAVAL SHIPYARD & INTERMEDIATE MAINTENANCE FACILITY DRYDOCKS 1-4,HI0110230,21.345833,-157.966389,Permitted Feature,NA,NPDES
PEARL HARBOR NAVAL SHIPYARD & INTERMEDIATE MAINTENANCE FACILITY DRYDOCKS 1-4,HI0110230,21.345833,-157.966389,Permitted Feature,NA,NPDES
PEARL HARBOR NAVAL SHIPYARD & INTERMEDIATE MAINTENANCE FACILITY DRYDOCKS 1-4,HI0110230,21.345833,-157.966389,Permitted Feature,NA,NPDES
PEARL HARBOR NAVAL SHIPYARD & INTERMEDIATE MAINTENANCE FACILITY DRYDOCKS 1-4,HI0110230,21.345833,-157.966389,Permitted Feature,NA,NPDES
PEARL HARBOR NAVAL SHIPYARD & INTERMEDIATE MAINTENANCE FACILITY DRYDOCKS 1-4,HI0110230,21.345833,-157.966389,Permitted Feature,NA,NPDES
PEARL HARBOR NAVAL SHIPYARD & INTERMEDIATE MAINTENANCE FACILITY DRYDOCKS 1-4,HI0110230,21.347193999999998,-157.943556,Permitted Feature,NA,NPDES
THE FRIENDS OF HOKULE'A AND HAWAI'I LOA,HI02BB297,21.320615,-157.891089,Facility,NA,NPDES
"MCCABE, HAMILTON & RENNY CO., LTD. - HONOLULU HARBOR PIER 23",HI02BB307,21.31245,-157.869993,Permitted Feature,Privately Owned Facility,NPDES
KEEHI REFUSE BASEYARD,HI02BB310,21.336036,-157.892668,Facility,Municipal or Water District,NPDES
REYNOLDS RECYCLING NAWILIWILI HARBOR REDEMPTION CENTER,HI04BB942,21.956599,-159.355899,Facility,Privately Owned Facility,NPDES
HONSADOR LUMBER DOOR SHOP,HI05BC373,21.295277,-158.086388,Permitted Feature,Privately Owned Facility,NPDES
HONSADOR LUMBER DOOR SHOP (1),HI05BC374,20.897778,-156.46,Permitted Feature,Privately Owned Facility,NPDES
"MCCABE, HAMILTON & RENNY CO., LTD. [KAHULUI HARBOR]",HI08BD063,20.898055,-156.466111,Facility,Privately Owned Facility,NPDES
ISLAND SASH & DOOR LLC,HI08BD197,21.373054,-158.018888,Permitted Feature,NA,NPDES
ISLAND SASH & DOOR LLC,HI08BD197,21.373054,-158.018888,Facility,NA,NPDES
UNIFAB INDUSTRIES LLC,HI09BD301,21.326388,-157.901666,Permitted Feature,Privately Owned Facility,NPDES
FEDEX GROUND - HILO,HI09BD316,19.728888,-155.055277,Permitted Feature,Privately Owned Facility,NPDES
"MCCABE, HAMILTON & RENNY CO., LTD.",HI09BD345,21.954444,-159.356111,Permitted Feature,Privately Owned Facility,NPDES
"MCCABE, HAMILTON & RENNY CO., LTD.",HI09BD345,21.954444,-159.356111,Facility,Privately Owned Facility,NPDES
"CONTAINER STORAGE COMPANY OF HAWAII, LTD.",HI09BD354,21.325832,-157.89361,Permitted Feature,Privately Owned Facility,NPDES
"PACIFIC LEGEND APPAREL, INC.",HI09BD539,21.322499,-157.882499,Permitted Feature,Privately Owned Facility,NPDES
TOTAL BUILDING PRODUCTS LLC,HI09BD542,21.423888,-157.995555,Permitted Feature,Privately Owned Facility,NPDES
"WINDOW WORLD, INC.",HI10BD709,21.332499,-156.099084,Permitted Feature,Privately Owned Facility,NPDES
DHL EXPRESS - HNL,HI10BD718,21.564722,-155.469723,Permitted Feature,Privately Owned Facility,NPDES
PHNSY&IMF DOCKSIDE CHLORINATOR UNITS AND CHLORINATOR/DECHLORINATOR UNITS,HI1120801,21.354611,-157.947778,Permitted Feature,Federal Facility (U.S. Government),NPDES
PHNSY&IMF DOCKSIDE CHLORINATOR UNITS AND CHLORINATOR/DECHLORINATOR UNITS,HI1120801,21.354611,-157.947778,Permitted Feature,Federal Facility (U.S. Government),NPDES
PHNSY&IMF DOCKSIDE CHLORINATOR UNITS AND CHLORINATOR/DECHLORINATOR UNITS,HI1120801,21.354611,-157.947778,Permitted Feature,Federal Facility (U.S. Government),NPDES
PHNSY&IMF DOCKSIDE CHLORINATOR UNITS AND CHLORINATOR/DECHLORINATOR UNITS,HI1120801,21.354611,-157.947778,Permitted Feature,Federal Facility (U.S. Government),NPDES
UNKNOWN,HI1121016,21.361602,-157.944444,Facility,Federal Facility (U.S. Government),NPDES
NAVAL INFORMATION OPERATIONS CMD HAWAII FKA NAVAL SECURITY GROUP ACTIVITY,HI1121156,21.476278,-158.051778,Facility,NA,NPDES
KANEOHE BAY,HI1121423,21.454167,-157.775,Facility,Privately Owned Facility,NPDES
STORMWATER SYSTEM,HI1121431,21.482889,-158.04175,Facility,Federal Facility (U.S. Government),NPDES
WDB CORPORATION,HI13BE277,21.410833,-157.990957,Permitted Feature,Privately Owned Facility,NPDES
"ISLAND PLASTIC BAGS, INC.",HI13BE280,21.371444,-157.901255,Permitted Feature,Privately Owned Facility,NPDES
KIESELBACH WOODWORKS,HI14BE308,21.29825,-157.856818,Permitted Feature,Privately Owned Facility,NPDES
AIR CANADA MAINTENANCE,HI14BE418,21.327872,-157.929252,Permitted Feature,State Government,NPDES
"PLEASANT AIRCRAFT LEASING, LLC",HI14BE450,21.321173,-157.909042,Permitted Feature,Privately Owned Facility,NPDES
ALOHA CONTRACT SERVICES,HI14BE461,21.327862,-157.92925,Permitted Feature,Privately Owned Facility,NPDES
ALOHA CONTRACT SERVICES,HI14BE461,21.327862,-157.92925,Facility,Privately Owned Facility,NPDES
"HAGADONE PRINTING COMPANY, INC.",HI14BE551,21.325724,-157.88684,Permitted Feature,Privately Owned Facility,NPDES
"HAGADONE PRINTING COMPANY, INC.",HI14BE551,21.321646,-157.893406,Permitted Feature,Privately Owned Facility,NPDES
"ABF FREIGHT SYSTEM, INC. (1)",HI15BE656,21.328382,-157.890353,Permitted Feature,Privately Owned Facility,NPDES
T HANGAR 105 AND 422-113,HI15BE671,21.313195,-157.919363,Facility,Privately Owned Facility,NPDES
ISLAND SLIPPER FACTORY LTD.,HI15BE708,21.383373,-157.952979,Permitted Feature,Privately Owned Facility,NPDES
"SAUSE BROS., INC. - PIER 27 AND PIER 28",HI15BE819,21.309646,-157.870907,Permitted Feature,Privately Owned Facility,NPDES
"HNL T-HANGAR, #422-114",HI15BE862,21.31322,-157.919363,Facility,Privately Owned Facility,NPDES
ANDROS ENGINEERING,HI15BE863,21.969274,-159.708326,Permitted Feature,Privately Owned Facility,NPDES
BEAR MACHINERY INC.,HI16BE885,21.418239,-157.804277,Permitted Feature,Privately Owned Facility,NPDES
CLARKDIETRICH BUILDING SYSTEMS,HI16BE904,21.295658,-158.103852,Permitted Feature,Privately Owned Facility,NPDES
"REFRIGERANT RECYCLING, INC.",HI16BE905,21.315561,-158.118931,Permitted Feature,Privately Owned Facility,NPDES
"REFRIGERANT RECYCLING, INC. (1)",HI16BE906,21.295346,-158.098104,Permitted Feature,Privately Owned Facility,NPDES
"REFRIGERANT RECYCLING, INC. (1)",HI16BE906,21.295346,-158.098104,Facility,Privately Owned Facility,NPDES
CENTRAL SELF STORAGE,HI16BE911,21.418185,-157.80394,Permitted Feature,Privately Owned Facility,NPDES
HNL T-HANGAR 422-117,HI16BF036,21.31322,-157.919363,Permitted Feature,Privately Owned Facility,NPDES
HNL T-HANGAR 422-117,HI16BF036,21.31322,-157.919363,Facility,Privately Owned Facility,NPDES
VALENTI PRINT GROUP,HI16BF111,21.293228,-157.855116,Permitted Feature,Privately Owned Facility,NPDES
HNL T-HANGAR 137,HI16BF112,21.31322,-157.919363,Permitted Feature,Privately Owned Facility,NPDES
HNL T-HANGAR 421-130,HI16BF137,21.31322,-157.919363,Permitted Feature,Privately Owned Facility,NPDES
"POLYNESIAN ADVENTURE TOURS, LLC - KONA",HI17BF182,19.686832,-156.032955,Permitted Feature,Privately Owned Facility,NPDES
"POLYNESIAN ADVENTURE TOURS, LLC - KONA",HI17BF182,19.683597,-156.034873,Permitted Feature,Privately Owned Facility,NPDES
"POLYNESIAN ADVENTURE TOURS, LLC - HILO",HI17BF183,19.731603,-155.053314,Permitted Feature,Privately Owned Facility,NPDES
"POLYNESIAN ADVENTURE TOURS, LLC - HILO",HI17BF183,19.732339,-155.051475,Permitted Feature,Privately Owned Facility,NPDES
PACIFIC TRANSFER LLC - KENAI,HI17BF212,21.316093,-158.117113,Permitted Feature,Privately Owned Facility,NPDES
PACIFIC TRANSFER LLC - KENAI,HI17BF212,21.316093,-158.117113,Facility,Privately Owned Facility,NPDES
"CONTAINER STORAGE CO. OF HAWAII, LTD.",HI17BF240,21.324096,-157.894482,Permitted Feature,Privately Owned Facility,NPDES
U.S. POSTAL SERVICE HONOLULU VEHICLE MAINTENANCE FACILITY,HI17BF273,21.320419,-157.891322,Permitted Feature,Federal Facility (U.S. Government),NPDES
FEDEX,HI17BF295,20.885871,-156.455244,Permitted Feature,Privately Owned Facility,NPDES
MAKANI KAI AIR (1),HI17BF309,21.3214,-157.9077,Permitted Feature,Privately Owned Facility,NPDES
EXCLUSIVE AIR LLC,HI17BF314,21.31979,-157.912354,Permitted Feature,Privately Owned Facility,NPDES
EXCLUSIVE AIR LLC,HI17BF314,21.31979,-157.912354,Facility,Privately Owned Facility,NPDES
HNL HANGAR BLDG #421 UNIT #129,HI17BF317,21.312467,-157.919299,Permitted Feature,Privately Owned Facility,NPDES
HNL HANGAR BLDG #421 UNIT #129,HI17BF317,21.312467,-157.919299,Facility,Privately Owned Facility,NPDES
HNL T-HANGAR BUILDING 420 #107,HI17BF318,21.31322,-157.919363,Permitted Feature,Privately Owned Facility,NPDES
HNL T-HANGAR BUILDING 420 #107,HI17BF318,21.31322,-157.919363,Facility,Privately Owned Facility,NPDES
HNL T-HANGAR. 421-139,HI17BF322,21.313219,-157.919363,Facility,Privately Owned Facility,NPDES
KAHALA SURF CORPORATION (1),HI17BF344,21.318476,-157.91187300000001,Permitted Feature,Privately Owned Facility,NPDES
HANGER 421-125,HI17BF346,21.333044,-157.926657,Facility,Privately Owned Facility,NPDES
JOHN MANGANARO - HANGAR #116,HI17BF376,21.31322,-157.91936,Permitted Feature,Municipality,NPDES
HNL T-HANGAR 420-112,HI17BF420,21.31322,-157.919363,Permitted Feature,Municipality,NPDES
BRIDGESTONE HAWAII DISTRIBUTION CENTER,HI17BF431,21.295816,-158.103892,Facility,Municipality,NPDES
MCCABE HAMILTON RENNY CO. - MAUI FACILITY,HI17BF434,20.898056,-156.466111,Permitted Feature,Privately Owned Facility,NPDES
MCCABE HAMILTON RENNY CO. - MAUI FACILITY,HI17BF434,20.897456,-156.463271,Permitted Feature,Privately Owned Facility,NPDES
MCCABE HAMILTON RENNY CO. - MAUI FACILITY,HI17BF434,20.896366,-156.465406,Permitted Feature,Privately Owned Facility,NPDES
MCCABE HAMILTON RENNY CO. - MAUI FACILITY,HI17BF434,20.896761,-156.466004,Permitted Feature,Privately Owned Facility,NPDES
MCCABE HAMILTON RENNY CO. - MAUI FACILITY,HI17BF434,20.898077,-156.468173,Permitted Feature,Privately Owned Facility,NPDES
MCCABE HAMILTON RENNY CO. - MAUI FACILITY,HI17BF434,20.898056,-156.466111,Facility,Privately Owned Facility,NPDES
PICTURES PLUS,HI17BF442,21.309812,-158.103127,Permitted Feature,Privately Owned Facility,NPDES
PICTURES PLUS,HI17BF442,21.309812,-158.103127,Facility,Privately Owned Facility,NPDES
HNL T-HANGAR 421-114,HI18BF456,21.31322,-157.919363,Permitted Feature,Privately Owned Facility,NPDES
HNL T-HANGAR 422.120-124,HI18BF457,21.31322,-157.919363,Permitted Feature,Municipality,NPDES
"WASHIN AIR, INC.",HI18BF461,21.31863,-157.911555,Facility,Privately Owned Facility,NPDES
HAWAIIAN SUN PRODUCTS,HI18BF480,21.31994,-157.882696,Permitted Feature,Privately Owned Facility,NPDES
HAWAIIAN KING CANDIES FACTORY,HI18BF488,21.335544,-157.916307,Permitted Feature,Privately Owned Facility,NPDES
HNL T-HANGAR 210-101 & 210-104 THROUGH 210-112 AND HANGAR 244,HI18BF506,21.3132,-157.9194,Permitted Feature,Municipality,NPDES
ISLAND MAID INC,HI18BF512,21.3757,-158.019,Permitted Feature,Privately Owned Facility,NPDES
"CHOICE SHEETMETAL, LLC.",HI18BF520,21.374614,-158.02218,Permitted Feature,Privately Owned Facility,NPDES
THE CAR STORE INC DBA HAWAIIAN AIR CHARTER,HI18BF535,21.3132,-157.9194,Facility,Privately Owned Facility,NPDES
"LOVE'S BAKERY, LLC",HI18BF537,21.3345,-157.8852,Permitted Feature,Privately Owned Facility,NPDES
1807 HONOLULU - AHUA STREET SITE,HI18BF538,21.335862,-157.898563,Permitted Feature,Privately Owned Facility,NPDES
WENDELL DAVENPORT T-HANGAR 421-107,HI18BF553,21.313386,-157.921686,Permitted Feature,Privately Owned Facility,NPDES
WENDELL DAVENPORT T-HANGAR 421-107,HI18BF553,21.312873,-157.919473,Permitted Feature,Privately Owned Facility,NPDES
WENDELL DAVENPORT T-HANGAR 421-107,HI18BF553,21.313386,-157.921686,Facility,Privately Owned Facility,NPDES
FEDEX GROUND - HONOLULU,HI18BF555,21.312541,-157.919575,Facility,State Government,NPDES
"KAMAKA HAWAII, INC.",HI18BF575,21.303556,-157.863616,Permitted Feature,Privately Owned Facility,NPDES
ASIA PACIFIC AIRLINES,HI18BF583,21.3189,-157.9121,Permitted Feature,Privately Owned Facility,NPDES
ASIA PACIFIC AIRLINES,HI18BF583,21.3189,-157.9121,Facility,Privately Owned Facility,NPDES
SOUL GRAFFIX,HI18BF591,21.415899,-157.805609,Permitted Feature,Privately Owned Facility,NPDES
SOUL GRAFFIX,HI18BF591,21.415899,-157.805609,Facility,Privately Owned Facility,NPDES
SAKUTORI DESIGNS LLC,HI18BF609,21.293151,-157.855054,Permitted Feature,Privately Owned Facility,NPDES
HAWAIIAN CHIP COMPANY,HI18BF618,21.321,-157.891,Permitted Feature,Privately Owned Facility,NPDES
HAWAIIAN CHIP COMPANY,HI18BF618,21.321,-157.891,Facility,Privately Owned Facility,NPDES
HAMAKUA LLC DBA KAILUA MINI STORAGE,HI18BF626,21.39168,-157.74283,Facility,Privately Owned Facility,NPDES
ISHIHARAYA INC.,HI18BF643,21.381897,-158.005618,Facility,Privately Owned Facility,NPDES
MOKULELE AIRLINES,HI19BF782,21.331662,-157.910858,Permitted Feature,Privately Owned Facility,NPDES
MOKULELE AIRLINES,HI19BF782,21.331662,-157.910858,Permitted Feature,Privately Owned Facility,NPDES
MOKULELE AIRLINES,HI19BF782,21.331662,-157.910858,Facility,Privately Owned Facility,NPDES
"HAWAII EMULSION, INC.",HI19BF787,20.808946,-156.452906,Permitted Feature,Municipality,NPDES
"HAWAII EMULSION, INC.",HI19BF787,20.808946,-156.452906,Facility,Municipality,NPDES
HNL T-HANGAR 422-119,HI19BF800,21.314549,-157.91416,Permitted Feature,Privately Owned Facility,NPDES
134 NAKOLO PLACE,HI19BF831,21.318861,-157.912076,Permitted Feature,Privately Owned Facility,NPDES
134 NAKOLO PLACE,HI19BF831,21.318861,-157.912076,Facility,Privately Owned Facility,NPDES
GEORGE'S AVIATION SERVICES,HI19BF832,21.312125,-157.921547,Permitted Feature,Privately Owned Facility,NPDES
WALMART DISTRIBUTION CENTER #6285,HI19BF835,21.424022,-157.995613,Permitted Feature,Privately Owned Facility,NPDES
WALMART DISTRIBUTION CENTER #6285,HI19BF835,21.414435,-157.993049,Permitted Feature,Privately Owned Facility,NPDES
WALMART DISTRIBUTION CENTER #6285,HI19BF835,21.424022,-157.995613,Facility,Privately Owned Facility,NPDES
DILLINGHAM SELF STORAGE (2),HI19BF932,21.321895,-157.873109,Permitted Feature,Privately Owned Facility,NPDES
OMNI AIR INTERNATIONAL BLDG 152 (2),HI19BF933,21.31322,-157.919363,Facility,Privately Owned Facility,NPDES
SKY RIVER HANGAR,HI19BF934,21.321413,-157.909721,Permitted Feature,Privately Owned Facility,NPDES
SKY RIVER HANGAR,HI19BF934,21.321413,-157.909721,Facility,Privately Owned Facility,NPDES
HANGAR 622-108,HI19BF966,21.32646,-157.899064,Facility,Privately Owned Facility,NPDES
HNL T-HANGAR 421-122,HI19BF967,21.31322,-157.919363,Permitted Feature,Privately Owned Facility,NPDES
127,HI19BF968,21.312281,-157.922895,Facility,Privately Owned Facility,NPDES
"HNL T-HANGAR, BUILDING #429, HANGAR #127 (1)",HI19BF974,21.31322,-157.919363,Permitted Feature,Privately Owned Facility,NPDES
"HNL T-HANGAR, BUILDING #429, HANGAR #127 (1)",HI19BF974,21.31322,-157.919363,Facility,Privately Owned Facility,NPDES
"MANUIWA AIRWAYS, INC.",HI19BF975,21.319051,-157.910823,Permitted Feature,Privately Owned Facility,NPDES
"MANUIWA AIRWAYS, INC.",HI19BF975,21.319051,-157.910823,Facility,Privately Owned Facility,NPDES
HNL T-HANGAR 105 (2),HI19BF981,21.313096,-157.921802,Permitted Feature,Privately Owned Facility,NPDES
422-107,HI19BF994,21.31322,-157.919363,Permitted Feature,Privately Owned Facility,NPDES
422-107,HI19BF994,21.31322,-157.919363,Facility,Privately Owned Facility,NPDES
HNL T-HANGAR 420-108(2),HI20BG028,21.312318,-157.916827,Permitted Feature,Privately Owned Facility,NPDES
UNITED AIRLINES AIRCRAFT MAINTENANCE HANGER AND KOOLAU SHOP,HI21BG383,21.315202,-157.916564,Facility,Privately Owned Facility,NPDES
"SAMURAI, INC.",HI21BG396,21.334089,-157.882576,Permitted Feature,Privately Owned Facility,NPDES
"SAMURAI, INC.",HI21BG396,21.334089,-157.882576,Facility,Privately Owned Facility,NPDES
FRESHPOINT HAWAII LLC DBA ARMSTRONG PRODUCE,HI21BG409,21.340665,-157.900137,Facility,Privately Owned Facility,NPDES
"BLDG 6886, BLDG 6814, AND BLDG 1284",HI21BG421,21.442754,-157.773403,Permitted Feature,Federal Facility (U.S. Government),NPDES
"BLDG 6886, BLDG 6814, AND BLDG 1284",HI21BG421,21.442754,-157.773403,Facility,Federal Facility (U.S. Government),NPDES
KAMAKA AIR T-HANGER,HI21BG435,21.31322,-157.919363,Permitted Feature,Privately Owned Facility,NPDES
DILLINGHAM BLVD. SELF STORAGE (2),HI21BG441,21.321936,-157.873045,Permitted Feature,Privately Owned Facility,NPDES
WAI WAI LOOP,HI21BG452,21.332806,-157.901343,Permitted Feature,Privately Owned Facility,NPDES
HNL T-HANGAR 420-109,HI21BG459,21.31322,-157.919363,Permitted Feature,Privately Owned Facility,NPDES
HNL T-HANGAR 420-109,HI21BG459,21.31322,-157.919363,Facility,Privately Owned Facility,NPDES
2 G GROUP 422-105/107,HI21BG475,21.313462,-157.921984,Facility,Privately Owned Facility,NPDES
HNL T-HANGAR 420-121 AND 421-132,HI21BG488,21.31322,-157.919363,Permitted Feature,Federal Facility (U.S. Government),NPDES
DAVE'S ICE CREAM,HI21BG518,21.410666,-157.976117,Permitted Feature,Privately Owned Facility,NPDES
DAVE'S ICE CREAM,HI21BG518,21.410666,-157.976117,Facility,Privately Owned Facility,NPDES
MIKOLE,HI21BG529,21.304225,-157.877424,Permitted Feature,Privately Owned Facility,NPDES
MIKOLE,HI21BG529,21.304225,-157.877424,Facility,Privately Owned Facility,NPDES
HNL T-HANGAR 422.116,HI21BG543,21.31322,-157.919363,Permitted Feature,Privately Owned Facility,NPDES
"HNL T-HANGAR BUILDING 420, HANGAR 118",HI21BG550,21.31322,-157.919363,Permitted Feature,Privately Owned Facility,NPDES
HNL T-HANGAR 421.108,HI21BG554,21.31322,-157.919363,Permitted Feature,Privately Owned Facility,NPDES
HYAK AVIATION,HI22BG557,21.191326,-157.543316,Permitted Feature,Privately Owned Facility,NPDES
SCHUMAN AVIATION - T-HANGAR,HI22BG560,21.313055,-157.919324,Facility,Privately Owned Facility,NPDES
HNL T-HANGAR 421.112,HI22BG569,21.31322,-157.919363,Permitted Feature,Privately Owned Facility,NPDES
HNL T-HANGAR 421.112,HI22BG569,21.31322,-157.919363,Facility,Privately Owned Facility,NPDES
HNL T-HANGER 421-117,HI22BG574,21.31322,-157.919363,Permitted Feature,Privately Owned Facility,NPDES
HNL AIRPORT T-HANGAR 421-120,HI22BG589,21.31322,-157.919363,Permitted Feature,Privately Owned Facility,NPDES
HNL HANGAR 420-119,HI22BG598,21.312076,-157.922711,Permitted Feature,Privately Owned Facility,NPDES
"SEASTAR HAWAII (HNL T-HANGAR, BLDG. 421, HANGAR 110)",HI22BG609,21.31322,-157.919363,Permitted Feature,Privately Owned Facility,NPDES
"SEASTAR HAWAII (HNL T-HANGAR, BLDG. 421, HANGAR 110)",HI22BG609,21.31322,-157.919363,Facility,Privately Owned Facility,NPDES
ATLANTIS MAINTENANCE (2),HI22BG645,21.310541,-157.871494,Permitted Feature,Privately Owned Facility,NPDES
ATLANTIS MAINTENANCE (2),HI22BG645,21.309921,-157.871895,Permitted Feature,Privately Owned Facility,NPDES
ATLANTIS MAINTENANCE (2),HI22BG645,21.310884,-157.871404,Permitted Feature,Privately Owned Facility,NPDES
ATLANTIS MAINTENANCE (2),HI22BG645,21.310168,-157.871213,Permitted Feature,Privately Owned Facility,NPDES
"CHOPPER DOCTOR, INC.",HI22BG658,21.313877,-157.919477,Permitted Feature,Privately Owned Facility,NPDES
"CHOPPER DOCTOR, INC.",HI22BG658,21.313877,-157.919477,Facility,Privately Owned Facility,NPDES
ROYAL HAWAIIAN MOVERS - 2999 UALENA STREET,HI22BG670,21.331361,-157.905444,Facility,Privately Owned Facility,NPDES
"JCS ENTERPRISES, INC.",HI22BG692,21.372808,-157.90334,Permitted Feature,Privately Owned Facility,NPDES
"JCS ENTERPRISES, INC.",HI22BG692,21.372808,-157.90334,Facility,Privately Owned Facility,NPDES
MOKULELE AIRLINES (1),HI22BG708,20.892867,-156.4426,Permitted Feature,Privately Owned Facility,NPDES
MOKULELE AIRLINES (1),HI22BG708,20.892867,-156.4426,Facility,Privately Owned Facility,NPDES
PACIFIC HELICOPTER TOURS INC,HI22BG713,20.5404,-156.2658,Permitted Feature,Privately Owned Facility,NPDES
PACIFIC HELICOPTER TOURS INC,HI22BG713,20.5412,-156.2608,Permitted Feature,Privately Owned Facility,NPDES
PACIFIC HELICOPTER TOURS INC,HI22BG713,20.5432,-156.2604,Permitted Feature,Privately Owned Facility,NPDES
PACIFIC HELICOPTER TOURS INC,HI22BG713,21.295421,-157.858766,Facility,Privately Owned Facility,NPDES
HNL T-HANGAR 111,HI22BG726,21.31322,-157.919363,Permitted Feature,Federal Facility (U.S. Government),NPDES
"GEORGE'S AVIATION SERVICES, INC.",HI22BG728,21.311965,-157.921901,Facility,Privately Owned Facility,NPDES
OFFSHORE HELICOPTERS (2),HI22BG740,21.31322,-157.919363,Permitted Feature,Privately Owned Facility,NPDES
JACK HARTER HELICOPTERS MAINTENENCE FACILITY,HI22BG743,21.986724,-159.333476,Facility,Privately Owned Facility,NPDES
HNL T-HANGAR BLDG 422 HANGAR 112 (1),HI22BG751,21.318982,-157.911934,Permitted Feature,Privately Owned Facility,NPDES
HNL T-HANGAR 421-139 (2),HI22BG767,21.313219,-157.919363,Permitted Feature,Privately Owned Facility,NPDES
PACIFIC TRANSFER LLC - WAIPIO GENTRY (2),HI22BG768,21.4239,-157.9955,Permitted Feature,Privately Owned Facility,NPDES
HANSEN HOUSEWARES,HI22BG774,21.40993,-157.9751,Permitted Feature,Privately Owned Facility,NPDES
HANSEN HOUSEWARES,HI22BG774,21.411064,-157.974403,Permitted Feature,Privately Owned Facility,NPDES
HANSEN HOUSEWARES,HI22BG774,21.41067,-157.97526,Permitted Feature,Privately Owned Facility,NPDES
HANSEN HOUSEWARES,HI22BG774,21.40993,-157.9751,Facility,Privately Owned Facility,NPDES
HAWAIIAN AIRLINES INC - LIHUE GSE,HI22BG787,21.986944,-159.333333,Permitted Feature,Privately Owned Facility,NPDES
HAWAIIAN AIRLINES INC - OGG GSE MAINTENANCE FACILITY,HI22BG789,20.899167,-156.435701,Permitted Feature,Privately Owned Facility,NPDES
HNL T-HANGAR 421-130 (2),HI22BG798,21.312439,-157.92268,Permitted Feature,Privately Owned Facility,NPDES
WORLDWIDE FLIGHT SERVICES (2),HI22BG803,21.33015,-157.9258,Permitted Feature,Privately Owned Facility,NPDES
KALITTA AIR,HI22BG928,21.316914,-157.914043,Permitted Feature,Privately Owned Facility,NPDES
LANAI RESORTS LLC DBA PULAMA LANAI,HI22BG959,20.79662,-156.987832,Facility,Privately Owned Facility,NPDES
"RAINBOW HELICOPTERS (HNL T-HANGAR BLDG. 421, HANGAR 138)",HI22BH052,21.31322,-157.919363,Permitted Feature,Privately Owned Facility,NPDES
"RAINBOW HELICOPTERS (HNL T-HANGAR BLDG. 421, HANGAR 138)",HI22BH052,21.31322,-157.919363,Facility,Privately Owned Facility,NPDES
THE CAR STORE HNL T-HANGAR 422.121,HI23BH195,21.312878,-157.92283,Facility,Privately Owned Facility,NPDES
BUILDING 5 NAVAL MAGAZINE WEST LOCH,HI23BH346,21.352954,-157.997175,Facility,Federal Facility (U.S. Government),NPDES
BUILDING 61 BISHOP POINT,HI23BH347,21.330079,-157.965824,Facility,Federal Facility (U.S. Government),NPDES
HANGAR 004-143B,HI24BH592,21.985868,-159.338365,Facility,Privately Owned Facility,NPDES
KOOLAU AVIATION SERVICES,HI24BH696,21.318802,-157.92572,Facility,Privately Owned Facility,NPDES
"BEEP, INC.",HI24BH705,21.318662,-157.925402,Facility,Privately Owned Facility,NPDES
LONG'S DRUG DISTRIBUTION CENTER,HI24BH708,21.321167,-158.095388,Facility,Privately Owned Facility,NPDES
OGG T-HANGAR 411-104,HI25BH721,20.898089,-156.425949,Facility,Privately Owned Facility,NPDES
"OAHU PUBLICATIONS, INC. DBA HONOLULU STAR-ADVERTISER",HI25BH741,21.327768,-158.091561,Facility,Privately Owned Facility,NPDES
KEAAHALA ROAD WIDENING,HIF000500,21.41356,-157.8036,Facility,NA,NPDES
WAIKIKI WATER SYSTEM,HIF000506,21.28081,-157.82774,Facility,NA,NPDES
INTERSTATE ROUTE H-1 SEISMIC,HIF000507,21.29388,-157.84427,Facility,NA,NPDES
KEEHI REFUSE BASEYARD,HIF000529,21.334572,-157.888572,Facility,NA,NPDES
JOB NO 01-86 FARRINGTON HWY,HIF000539,21.39768,-158.1621,Facility,NA,NPDES
NAPILI WELL A GAC FACILITY,HIF000540,20.99341,-156.66722,Facility,NA,NPDES
MAILIILII STREAM SLOPE LINING,HIF000545,21.43109,-158.17334,Facility,NA,NPDES
PUULOA ROAD IMPROVEMENTS,HIF000550,21.33303,-157.88836,Facility,NA,NPDES
E NOA CORPORATION,HIF000551,21.313392,-157.872718,Facility,NA,NPDES
NYC HAUL OUTTENT,HIF000556,21.94784,-159.36425,Facility,NA,NPDES
EWA SHAFT RENOVATION,HIF000562,21.38232,-157.79389,Facility,NA,NPDES
WAHIAWA-WHITMORE VILLAGE,HIF000566,21.49346,-158.02881,Facility,NA,NPDES
FARRINGTON HIGHWAY,HIF000570,21.39966,-158.17341,Facility,NA,NPDES
HONOLULU HARBOR,HIF000573,21.299444,-157.867499,Permitted Feature,Municipal or Water District,NPDES
KEWALO BASIN,HIF000574,21.295833,-157.858333,Permitted Feature,NA,NPDES
KALAELOA BARBERS POINT HARBOR,HIF000575,21.324721,-157.139999,Permitted Feature,Municipal or Water District,NPDES
UNIVERSITY OF HAWAII,HIF000576,21.313611,-157.821102,Permitted Feature,Municipal or Water District,NPDES
JW MARRIOTT IHILANI RESORT AND SPA,HIF000578,21.338888,-158.141944,Permitted Feature,Privately Owned Facility,NPDES
"REYNOLDS RECYCLING, INC",HIF000583,21.96162,-159.36566,Facility,NA,NPDES
HALAWA DRIVE 8-IN WATER MAIN,HIF000590,21.37898,-157.91156,Facility,NA,NPDES
KAIMUKI WATER SYSTEM IMPROVE,HIF000591,21.27664,-157.79504,Facility,NA,NPDES
CYPRESS AVENUE,HIF000596,21.49289,-158.03169,Facility,NA,NPDES
KAMEHAMEHA HIGHWAY WATER MAIN,HIF000598,21.59822,-158.103,Facility,NA,NPDES
NIMITZ HIGHWAY RECONSTRUCTED,HIF000607,21.3019,-157.86327,Facility,NA,NPDES
WAIALUA WELLS,HIF000611,21.51543,-158.04032,Facility,NA,NPDES
DILLINGHAM BOULEVARD,HIF000617,21.32021,-157.86988,Facility,NA,NPDES
DILLINGHAM BOULEVARD 42-INCH,HIF000619,21.32021,-157.86988,Facility,NA,NPDES
"KAMEHAMEHA HIGHWAY 36  WATER MAIN, KAAAWA TO PUNALUU, PH I",HIF000620,21.60753,-157.90811,Facility,NA,NPDES
FY01 FHNC PN 48456,HIF000624,21.32474,-157.85464,Facility,NA,NPDES
KULAMALU COMMERCIAL VILLAGE,HIF000629,20.88888,-156.47864,Facility,NA,NPDES
SEA COUNTRY SUBDIVISION,HIF000631,21.417777,-158.175554,Facility,Privately Owned Facility,NPDES
"BROOKFIELD HOMES KO OLINA,INC",HIF000633,21.38232,-157.79389,Facility,NA,NPDES
KOHALA PRESERVE - MAHUKONA,HIF000634,20.201944,-155.902777,Permitted Feature,Privately Owned Facility,NPDES
KOHALA PRESERVE - MAHUKONA,HIF000634,20.179166,-155.901111,Permitted Feature,Privately Owned Facility,NPDES
KOHALA PRESERVE - MAHUKONA,HIF000634,20.193333,-155.890555,Permitted Feature,Privately Owned Facility,NPDES
KOHALA PRESERVE - MAHUKONA,HIF000634,20.91488,-156.38137,Facility,Privately Owned Facility,NPDES
LIKELIKE HIGHWAY RESURFACING,HIF000636,21.33103,-157.98334,Facility,NA,NPDES
FY00-05 WBR PHASE 2A-2E,HIF000637,21.38024,-157.92852,Facility,NA,NPDES
"HOKULI`A (1250 OCEANSIDE, LLC)",HIF000642,19.518332,-155.941388,Permitted Feature,Privately Owned Facility,NPDES
KILOHANA SUBDIVISION (MAUKA),HIF000643,20.779136,-156.461127,Facility,NA,NPDES
NIMITZ HIGHWAY REHABILITATION,HIF000644,21.30886,-157.86417,Facility,NA,NPDES
THE RENAISSANCE,HIF000649,21.29512,-157.86164,Facility,NA,NPDES
CONSTRUCT GRASSED PARACHUTE,HIF000653,21.3503,-158.09051,Facility,NA,NPDES
KULANA MALAMA,HIF000654,21.31563,-157.83306,Facility,NA,NPDES
WEST SIDE RESOURCE CENTER,HIF000676,20.91278,-156.300749,Facility,NA,NPDES
QUEEN KAAHUMANU HIGHWAY WIDEN,HIF000679,21.35378,-158.0057,Facility,NA,NPDES
KAMEHAMEHA HIGHWAY,HIF000681,21.3593,-158.08581,Facility,NA,NPDES
"LANAI RESIDENCE LOTS, PHASE 1",HIF000686,20.8254,-156.9184,Facility,NA,NPDES
PUALANI ESTATES SUBDIVISION,HIF000687,19.622444,-155.966889,Facility,NA,NPDES
BACHELOR ENLISTED QUARTERS,HIF000694,21.34895,-158.03062,Facility,NA,NPDES
"MOKULELE HIGHWAY WIDENING, MAUI HUMANE SOCIETY TO VICINITY OF KOLALOA BRIDGE",HIF000703,19.98573,-155.23962,Facility,NA,NPDES
"KAUMUALII HWY, GUARDRAIL",HIF000704,22.04168,-159.33882,Facility,NA,NPDES
KEWALO CORPORATION YARD,HIF000710,21.29161,-157.84993,Facility,NA,NPDES
MISCELLANEOUS BIKE PATH IMPRV,HIF000711,21.31912,-157.84493,Facility,NA,NPDES
TOYOTA/CHEVROLET WAIPAHU AUTO,HIF000715,21.383646,-158.005762,Facility,NA,NPDES
PARKER RANCH - SCHULER HOMES,HIF000716,21.30579,-157.81563,Facility,NA,NPDES
KONA SEA VILLAS,HIF000720,19.73145,-155.97845,Facility,NA,NPDES
"CASE MIDDLE SCHOOL, PHASE 3",HIF000721,21.37824,-157.93562,Facility,NA,NPDES
FARRINGTON HIGHWAY IMPROVEM,HIF000730,21.39966,-158.17341,Facility,NA,NPDES
WAIANAE COAST EMERGENCY,HIF000739,21.43109,-158.17334,Facility,NA,NPDES
WAIALUA BEACH ROAD BIKEWAY,HIF000746,21.33297,-158.08135,Facility,NA,NPDES
RENOVATION OF BALLFIELDS,HIF000752,21.317512,-157.875564,Facility,NA,NPDES
WEST MAUI SENIOR CENTER,HIF000757,21.09762,-157.04021,Facility,NA,NPDES
SITE IMPROVEMENTS - PHASE 1,HIF000760,21.318211,-157.852325,Facility,NA,NPDES
NANAKULI SCATTERED LOTS,HIF000769,21.295421,-157.858766,Facility,NA,NPDES
KAMEHAMEHA HIGHWAY BIKEWAY,HIF000771,21.28467,-157.71749,Facility,NA,NPDES
VILLAGE PARK CONNECTOR ROAD,HIF000775,21.29891,-157.8527,Facility,NA,NPDES
KALAHEO AVENUE RECONSTRUCTED,HIF000776,21.42319,-157.99741,Facility,NA,NPDES
"CYCLE CITY, LIMITED",HIF000779,21.335578,-157.90547,Facility,NA,NPDES
NATIONAL MEMORIAL CEMETERY,HIF000780,21.40515,-158.164,Facility,NA,NPDES
"HECO, KAHE 8 FUEL OIL PIPELIN",HIF000786,21.384321,-158.148542,Facility,NA,NPDES
KUAKINI HIGHWAY IMPROVEMENTS,HIF000787,19.54732,-155.93371,Facility,NA,NPDES
KAISER PERMANENTE WAIPIO CLIN,HIF000791,21.340258,-157.999945,Facility,NA,NPDES
GRACE FELLOWSHIP CHURCH,HIF000793,21.01775,-156.60877,Facility,NA,NPDES
CONSTRUCTION OF PLAYCOURTS,HIF000801,21.25775,-157.79186,Facility,NA,NPDES
LAUNIUPOKO SHORE PROTECTION PROJECT,HIF000806,20.844444,-156.655555,Permitted Feature,Municipal or Water District,NPDES
EWA SHAFT RENOVATION,HIF000815,21.38232,-157.79389,Facility,NA,NPDES
BISHOP MUSEUM SCIENCE LEARNIN,HIF000821,21.333051,-157.869234,Facility,NA,NPDES
PEARL HARBOR HISTORIC TRAIL,HIF000828,21.35094,-157.94599,Facility,NA,NPDES
BAYVIEW GOLF COURSE SUBDIV,HIF000830,21.405798,-157.790014,Facility,NA,NPDES
HAWAII BELT ROAD GUARDRAIL,HIF000837,19.58164,-155.06125,Facility,NA,NPDES
PROPOSED MALAWAINA COURT,HIF000841,19.718322,-155.0781,Facility,NA,NPDES
KAUMUALII HIGHWAY RESURFACING,HIF000846,22.21904,-159.47371,Facility,NA,NPDES
NANEA GOLF COURSE QUEEN,HIF000856,20.10012,-155.7898,Facility,NA,NPDES
WAHIAWA-WHITMORE VILLAGE,HIF000857,21.314089,-157.869024,Facility,NA,NPDES
NORTH WAIHEE SOURCE DEVELOPME,HIF000862,21.1587,-157.04192,Facility,NA,NPDES
MILILANI HILLSIDE,HIF000879,21.33994,-157.70142,Facility,NA,NPDES
SUNSET RIDGE AT WAIKALOA,HIF000882,19.57629,-155.04463,Facility,NA,NPDES
OCEAN POINTE - GRADING AND SITE IMPROVEMENTS FOR AREA III AND FUTURE DEVELOPMENT,HIF000884,21.305833,-158.027777,Permitted Feature,Privately Owned Facility,NPDES
AIEA HEIGHTS WATER SYSTEM IMP,HIF000888,21.39071,-157.91233,Facility,NA,NPDES
KUHIO HWY SHOULDER IMPROVEMEN,HIF000895,19.72109,-156.01258,Facility,NA,NPDES
KAWAIHAE ROAD - GUARDRAIL,HIF000901,20.00972,-155.81357,Facility,NA,NPDES
RESURFACING OF A PORTION,HIF000910,21.43428,-157.82489,Facility,NA,NPDES
REHABILITATION OF STREETS,HIF000911,21.30503,-157.85811,Facility,NA,NPDES
248 SAND ISLAND ACCESS ROAD,HIF000916,21.43428,-157.82489,Facility,NA,NPDES
KAMEHAMEHA SCHOOLS MAUI CAMPU,HIF000919,20.823025,-156.335592,Facility,NA,NPDES
HILTON GRAND VACATIONS CLUB,HIF000921,20.04043,-155.83122,Facility,NA,NPDES
THE VILLAS AT PUALI,HIF000922,21.960027,-159.392623,Facility,NA,NPDES
INSTITUTE OF PACIFIC ISLAND,HIF000923,21.36531,-157.73767,Facility,NA,NPDES
LAIE WASTEWATER COLLECTION,HIF000926,21.64613,-157.91991,Facility,NA,NPDES
KUKUINUI SUBDIVISION,HIF000927,19.726558,-155.086798,Facility,NA,NPDES
"OCEAN POINTE DEVELOPMENT, EWA MARINA BORROW SITE GRADING PLAN",HIF000928,21.3075,-158.040277,Permitted Feature,Privately Owned Facility,NPDES
CURB RAMPS AT VARIOUS LOCAT,HIF000936,21.39071,-157.91233,Facility,NA,NPDES
REHABILITATION OF STREETS,HIF000941,21.304488,-157.824757,Facility,NA,NPDES
INTERSTATE ROUTE H-1 ZIPPER,HIF000944,21.57055,-158.13979,Facility,NA,NPDES
ORI ANUENUE HALE AT ALOHA GRD,HIF000947,21.45672,-158.003547,Facility,NA,NPDES
BUS RAPID TRANSIT,HIF000961,21.4068,-157.82471,Facility,NA,NPDES
MISSION SUPPORT TRAINING FAC,HIF000963,21.497476,-158.029903,Facility,NA,NPDES
"FY03 OMA PKG A-127, CONSTRUCT",HIF000965,21.30848,-157.86149,Facility,NA,NPDES
SITE 20 AT KEHALANI,HIF000967,20.884793,-156.505609,Facility,NA,NPDES
PROJECT P-444 RELIGIOUS,HIF000971,21.53645,-158.02123,Facility,NA,NPDES
SIC WAIEHU TO PUUNENE,HIF000973,20.90778,-156.49085,Facility,NA,NPDES
KAMEHAMEHA IV ROAD,HIF000977,21.27664,-157.79504,Facility,NA,NPDES
WAIALO ROAD RESURFACING,HIF000988,21.90111,-159.58714,Facility,NA,NPDES
KUHIO BEACH SAND REPLENISHMT,HIF000990,21.27961,-157.82642,Facility,NA,NPDES
LOTS 157-C & 157-E,HIF000993,20.727796,-156.442057,Facility,NA,NPDES
PEDESTRIAN FACILITIES,HIF001006,21.295421,-157.858766,Facility,NA,NPDES
PEDESTRIAN FACILITIES,HIF001010,19.700761,-155.077489,Facility,NA,NPDES
SANDHILLS ESTATES,HIF001017,21.43109,-158.17334,Facility,NA,NPDES
CONSTRUCTION OF PIER 2,HIF001021,21.43428,-157.82489,Facility,NA,NPDES
OFFICE BUILDING FOR DR TAKASE,HIF001023,19.97325,-155.54859,Facility,NA,NPDES
KAMALI'I ALAYNA SUBDIVISION,HIF001025,20.88722,-156.47037,Facility,NA,NPDES
DOLE PLANTATION STORE EXPANSN,HIF001036,21.29075,-157.69031,Facility,NA,NPDES
WAI'AHA PRODUCTION WELL,HIF001039,19.72772,-155.03865,Facility,NA,NPDES
MAUI LANI LOT 1-D,HIF001045,21.3251,-157.88958,Facility,NA,NPDES
HAWAII COMMUNITY COLLEGES,HIF001047,19.72192,-155.07421,Facility,NA,NPDES
ANIMAL ENCOUNTER,HIF001050,21.31652,-157.8558,Facility,NA,NPDES
HOKULANI GOLF VILLAS,HIF001054,20.785151,-156.462577,Facility,NA,NPDES
THE VILLAS AT KAHOMA STREAM,HIF001061,20.89216,-156.4756,Facility,NA,NPDES
KALAMAULA TO ALII FISH POND,HIF001062,20.896403,-156.463892,Facility,NA,NPDES
LANAKILA PUBLIC HOUSING,HIF001063,19.676569,-155.056925,Facility,NA,NPDES
WAIAKEA STREAM CHANNEL EXCAV,HIF001065,19.71904,-155.083002,Facility,NA,NPDES
HAWAII BELT ROAD DRAINAGE IMP,HIF001072,19.707869,-155.075444,Facility,NA,NPDES
KAHE INTAKE DREDGING,HIF001077,21.36095,-157.927,Facility,NA,NPDES
KILOHANA KAI PHASE II,HIF001081,19.64159,-155.97112,Facility,NA,NPDES
WAIPAHU INTERMEDIATE SCH CAFE,HIF001090,21.347955,-157.965871,Facility,NA,NPDES
ALII GARDENS MARKETPLACE,HIF001092,19.728636,-155.054018,Facility,NA,NPDES
KULANA SUBDIVISION,HIF001096,22.057886,-159.388645,Facility,NA,NPDES
HILOLANI SUBDIVISION,HIF001101,19.69019,-155.06291,Facility,NA,NPDES
HOKULANI GOLF VILLAS,HIF001103,20.752777,-156.461111,Facility,Privately Owned Facility,NPDES
KAANAPALI OCEAN RESORT VILLAS EXPANSION,HIF001104,20.943306,-156.69025,Facility,NA,NPDES
THE VILLAS AT KAHOMA STREAM,HIF001110,20.882609,-156.680903,Facility,Privately Owned Facility,NPDES
FARRINGTON HIGHWAY,HIF001113,21.2607,-157.70975,Facility,NA,NPDES
WAIMANALO WELL III,HIF001115,21.303742,-157.818899,Facility,NA,NPDES
KAI MALU AT WAILEA,HIF001116,19.70266,-155.05946,Facility,NA,NPDES
HANAULA VILLAGE SUBDIVISION,HIF001119,19.983537,-155.232663,Facility,NA,NPDES
MEADOW GOLD DAIRIES - HAWAII,HIF001123,21.293143,-157.861227,Facility,NA,NPDES
"LALAMILO HOUSING WEST SUBDIVISION - PHASE 1, LALAMILO HOUSING EAST SUBDIVISION -",HIF001132,21.346841,-157.963922,Facility,NA,NPDES
AMERON HAWAII HONOKOWAI BATCHP,HIF001135,20.87281,-156.67839,Facility,NA,NPDES
AMERON INTERNATIONAL CORP,HIF001136,21.37874,-157.92665,Facility,NA,NPDES
BEI HAWAII - BARBERS POINT PL,HIF001144,21.32889,-158.02054,Facility,NA,NPDES
WEYERHAEUSER COMPANY,HIF001151,21.315298,-157.874269,Facility,NA,NPDES
HANA SANITARY LANDFILL,HIF001165,20.78344,-156.02442,Facility,NA,NPDES
MAKANI SANITARY LANDFILL,HIF001168,20.915142,-156.380937,Facility,NA,NPDES
OLOWALU SANITARY LANDFILL,HIF001169,20.672182,-156.438361,Facility,NA,NPDES
PRINCEVILLE C&D LANDFILL,HIF001170,22.21959,-159.470078,Facility,NA,NPDES
HAWAII PLANING MILL - WOOD PROTECTION CO.,HIF001177,19.725858,-155.060683,Permitted Feature,Privately Owned Facility,NPDES
"HAWAIIAN AQUA PRODUCTS, INC.",HIF001179,21.324999,-157.891666,Permitted Feature,Privately Owned Facility,NPDES
ANGEL'S 24 HOUR TOWING,HIF001183,21.321219,-158.120319,Facility,NA,NPDES
HAWAIIAN CEMENT - CAMPBELL INDUSTRIAL PARK CEMENT PLANT,HIF001186,21.298544,-158.108155,Facility,Privately Owned Facility,NPDES
HAWAIIAN CEMENT - HONOKOWAI BATCH PLANT,HIF001188,20.947381,-156.686713,Facility,Privately Owned Facility,NPDES
GRACE PACIFIC CORPORATION,HIF001191,21.895833,-159.544444,Facility,NA,NPDES
"PACIFIC ALLIED PRODUCTS, LTD.",HIF001196,20.255,-158.151666,Permitted Feature,Privately Owned Facility,NPDES
AMERON HAWAII CAMP 10 QUARRY,HIF001202,20.86575,-156.420722,Facility,NA,NPDES
"MCCABE, HAMILTON & RENNY CO",HIF001204,20.851096,-156.504387,Facility,NA,NPDES
HAWAII STEVEDORES MAINTENANCE,HIF001205,21.400075,-157.771813,Facility,NA,NPDES
KEKAHA LANDFILL PHASE I,HIF001212,21.33059,-157.88168,Facility,NA,NPDES
MAUI EKO SYSTEMS,HIF001222,20.861333,-156.419222,Permitted Feature,Municipal or Water District,NPDES
HONOLULU DISPOSAL SERVICE,HIF001224,21.30483,-157.871005,Permitted Feature,Privately Owned Facility,NPDES
TESORO HAWAII CORPORATION,HIF001229,21.326642,-157.891425,Facility,NA,NPDES
ANGEL'S 24 HOUR TOWING AND USED AUTO PARTS,HIF001232,21.465436,-158.164883,Facility,NA,NPDES
"YOUNG BROTHERS, LIMITED",HIF001249,21.396666,-157.983054,Facility,Privately Owned Facility,NPDES
"YOUNG BROTHERS, LIMITED",HIF001252,20.90477,-156.68483,Facility,NA,NPDES
HAWAII STEVEDORES MAINTENANCE SHOP,HIF001254,21.31615,-157.876722,Permitted Feature,Privately Owned Facility,NPDES
"KAUAI COMMERCIAL COMPANY, INC.",HIF001255,21.966943,-159.397777,Permitted Feature,Privately Owned Facility,NPDES
"KAUAI COMMERCIAL COMPANY, INC.",HIF001255,21.967221,-159.398055,Permitted Feature,Privately Owned Facility,NPDES
"SHERMAN ENTERPRISES, INC",HIF001266,21.316394,-157.875461,Facility,NA,NPDES
HT&T COMPANY,HIF001270,19.724911,-155.05431,Facility,NA,NPDES
"ISLAND MOVERS, INC.",HIF001273,21.319925,-157.882325,Permitted Feature,Privately Owned Facility,NPDES
"MOANA PA'A KAI, INC. DBA HAWAIIAN TUG AND BARGE / YOUNG BROTHERS, LIMITED",HIF001286,21.310127,-157.868833,Permitted Feature,Privately Owned Facility,NPDES
"MOANA PA'A KAI, INC. DBA HAWAIIAN TUG AND BARGE / YOUNG BROTHERS, LIMITED",HIF001286,21.310127,-157.868833,Facility,Privately Owned Facility,NPDES
WIKI-WIKI FACILITY,HIF001290,21.416566,-157.948433,Facility,NA,NPDES
LIHUE-PUHI WASTEWATER TREATMENT PLANT (WWTP),HIF001305,21.951388,-159.368054,Facility,Privately Owned Facility,NPDES
MAUI COUNTY KIHEI WW RECLAMATION FACILITY,HIF001309,20.7372,-156.444255,Permitted Feature,Municipal or Water District,NPDES
MAUI COUNTY KIHEI WW RECLAMATION FACILITY,HIF001309,20.734727,-156.444097,Permitted Feature,Municipal or Water District,NPDES
MAUI MATERIALS RECOVERY FACILI,HIF001314,20.838097,-156.462975,Facility,NA,NPDES
NANAKULI TO KILI DRIVE FIBER O,HIF001318,21.39966,-158.17341,Facility,NA,NPDES
LOT 1572 BORROW SITE,HIF001327,21.295421,-157.858766,Facility,NA,NPDES
"STATE OF HAWAII, DEPARTMENT OF",HIF001329,21.96162,-159.36566,Facility,NA,NPDES
KAHAKAI PLACE PLANNED UNIT DEV,HIF001331,21.295421,-157.858766,Facility,NA,NPDES
MILILANI MAUKA DISTRICT PARK,HIF001334,21.45,-158,Permitted Feature,Municipal or Water District,NPDES
LOKAHI KUHUA SUBDIVISION,HIF001335,20.822543,-156.916848,Facility,NA,NPDES
"REHABILITATION OF STREETS, UNI",HIF001344,21.26906,-157.78927,Facility,NA,NPDES
PARADISE MEMORIAL PARK,HIF001353,21.306944,-157.694444,Facility,Privately Owned Facility,NPDES
REHABILITATION OF STREETS - UN,HIF001354,21.38952,-158.00163,Facility,NA,NPDES
HOOLU LANDING,HIF001356,21.36241,-158.08991,Facility,NA,NPDES
MAINTENANCE CONTRACT FOR PAVEMENT REPAIRS AT MATSON TERMINALS CONTAINER YARD,HIF001361,21.31,-157.31,Permitted Feature,Municipal or Water District,NPDES
MAINTENANCE CONTRACT FOR PAVEMENT REPAIRS AT MATSON TERMINALS CONTAINER YARD,HIF001361,21.310277,-157.875832,Permitted Feature,Municipal or Water District,NPDES
MAINTENANCE CONTRACT FOR PAVEMENT REPAIRS AT MATSON TERMINALS CONTAINER YARD,HIF001361,21.311111,-157.876666,Permitted Feature,Municipal or Water District,NPDES
NUU AINA,HIF001362,20.747221,-156.444444,Facility,Privately Owned Facility,NPDES
KING WINDWARD NISSAN,HIF001364,21.400289,-157.799321,Facility,NA,NPDES
WAIKAPU AFFORDABLE HOUSING PRO,HIF001366,20.81037,-156.6138,Facility,NA,NPDES
LOKAHI MAKAI SUBDIVISION - OFF,HIF001380,19.71789,-155.98139,Facility,NA,NPDES
KAIOLINO CONDO. & KEALA ULA HO,HIF001382,21.901003,-159.58722,Facility,NA,NPDES
GENERAL PURPOSE APRON & A.S.A.,HIF001384,20.888153,-156.451231,Facility,NA,NPDES
"KUHIO HIGHWAY RESURFACING, INI",HIF001385,22.08031,-159.31398,Facility,NA,NPDES
E PAEPAE KA PUKOA SUBDIVISION,HIF001386,20.91987,-156.37646,Facility,NA,NPDES
HALEAKALA CRATER ROAD RESURFAC,HIF001388,20.77072,-156.29653,Facility,NA,NPDES
PALAI PLACE SUBDIVISION,HIF001389,19.758033,-155.090754,Facility,NA,NPDES
KALIHI WATER SYSTEM IMPROVEMEN,HIF001390,21.30014,-157.85463,Facility,NA,NPDES
FARRINGTON HWY: PART IV LAWAIA,HIF001391,21.295421,-157.858766,Facility,NA,NPDES
KAISER PERMANENTE MOANALUA MED,HIF001396,21.363074,-157.900906,Facility,NA,NPDES
WAILEA MF-9 SUBDIVISION (HO'OL,HIF001397,20.886093,-156.487524,Facility,NA,NPDES
"REHABILITATION OF STREETS, UNI",HIF001399,21.41412,-157.96128,Facility,NA,NPDES
KO OLINA PARCEL 50 MULTI-FAMIL,HIF001401,21.339547,-158.118853,Facility,NA,NPDES
KALANIANAOLE HIGHWAY PAVEMENT,HIF001404,21.27653,-157.68753,Facility,NA,NPDES
KAI MAKANI,HIF001405,20.73767,-156.45381,Facility,NA,NPDES
"REHABILITATION OF STREETS, UNI",HIF001409,21.28105,-157.79969,Facility,NA,NPDES
WAIPIO GENTRY RETAIL & AUTOMOT,HIF001414,21.426269,-158.002273,Facility,NA,NPDES
"HALEAKALA HIGHWAY WIDENING, HA",HIF001415,20.82754,-156.31813,Facility,NA,NPDES
MOANALUA CENTER REDEVELOPMENT,HIF001417,21.343299,-157.92937,Facility,NA,NPDES
MULTIPLE DEPLOYMENT FACILITY C,HIF001425,21.33992,-157.889894,Facility,NA,NPDES
HONOAPIILANI HIGHWAY RESURFACI,HIF001426,20.879373,-156.504611,Facility,NA,NPDES
KEAAHALA ROAD 16-INCH WATER MA,HIF001428,21.30128,-157.818,Facility,NA,NPDES
KAILUA VIEW NURSERY,HIF001432,19.690611,-155.976222,Facility,NA,NPDES
"PORTIONS OF TMK 2-1-12SA:070,",HIF001435,19.725818,-155.067403,Facility,NA,NPDES
THE SHORES AT KOHANAIKI,HIF001440,19.690555,-156.032221,Permitted Feature,Privately Owned Facility,NPDES
CURB RAMPS AT VARIOUS LOCATION,HIF001443,21.295421,-157.858766,Facility,NA,NPDES
WAIKOLOA BEACH VILLAS,HIF001445,19.91744,-155.88373,Facility,NA,NPDES
"SCHOFIELD BARRACKS, EXPAND SHO",HIF001446,21.476366,-158.09857,Facility,NA,NPDES
UNVERSITY OF HAWAII AT HILO -,HIF001449,19.695013,-155.067016,Facility,NA,NPDES
LOWER HONOAPIILANI ROAD IMPROV,HIF001453,20.980141,-156.67461,Facility,NA,NPDES
KUALAPA LOOP PHASE II,HIF001459,20.92252,-156.68238,Facility,NA,NPDES
LAHAINA  5 & 6  - WASTEWATER P,HIF001462,20.87545,-156.67997,Facility,NA,NPDES
KIAHUNA MAKAI,HIF001465,21.879270000000002,-159.46303,Facility,NA,NPDES
AIEA HEIGHTS WATER SYSTEM IMPR,HIF001472,21.38642,-157.93076,Facility,NA,NPDES
KEEHI SMALL HARBOR PUMP-OUT FA,HIF001474,21.295421,-157.858766,Facility,NA,NPDES
SIC OAHU FIBER OPTICS DUCTLINE PROJECT - PHASE 1 TO PHASE 12,HIF001475,21.37611,-158.139721,Permitted Feature,Privately Owned Facility,NPDES
SIC OAHU FIBER OPTICS DUCTLINE PROJECT - PHASE 1 TO PHASE 12,HIF001475,21.367777,-158.135277,Permitted Feature,Privately Owned Facility,NPDES
SIC OAHU FIBER OPTICS DUCTLINE PROJECT - PHASE 1 TO PHASE 12,HIF001475,21.359444,-158.131388,Permitted Feature,Privately Owned Facility,NPDES
SIC OAHU FIBER OPTICS DUCTLINE PROJECT - PHASE 1 TO PHASE 12,HIF001475,21.37611,-158.139721,Facility,Privately Owned Facility,NPDES
WAIKO ROAD TO HONOKOWAI FIBER OPTICS DUCTLINE,HIF001479,20.958388,-156.682304,Permitted Feature,Privately Owned Facility,NPDES
WAIKO ROAD TO HONOKOWAI FIBER OPTICS DUCTLINE,HIF001479,20.948971,-156.686944,Permitted Feature,Privately Owned Facility,NPDES
WAIKO ROAD TO HONOKOWAI FIBER OPTICS DUCTLINE,HIF001479,20.913055,-156.689249,Permitted Feature,Privately Owned Facility,NPDES
WAIKO ROAD TO HONOKOWAI FIBER OPTICS DUCTLINE,HIF001479,20.958388,-156.682304,Facility,Privately Owned Facility,NPDES
KALAKAUA AVENUE WATER SYSTEM I,HIF001483,21.27442,-157.82427,Facility,NA,NPDES
MAUI BEACH HOTEL ADDITION PROJECT,HIF001487,20.89111,-156.472221,Permitted Feature,Privately Owned Facility,NPDES
MAUI BEACH HOTEL ADDITION PROJECT,HIF001487,20.891388,-156.470832,Permitted Feature,Privately Owned Facility,NPDES
MAUI BEACH HOTEL ADDITION PROJECT,HIF001487,20.891388,-156.470832,Facility,Privately Owned Facility,NPDES
FORT DERUSSY SEWER FORCE MAIN,HIF001491,21.27442,-157.82427,Facility,NA,NPDES
"KUHIO HIGHWAY RESURFACING, VIC",HIF001493,22.20262,-159.40759,Facility,NA,NPDES
KALAHEOI AVE. RECONSTRUCTION S,HIF001495,21.40876,-157.74358,Facility,NA,NPDES
KIKIAOLA LIGHT DRAFT HARBOR -,HIF001505,21.972291,-159.715305,Facility,NA,NPDES
MAUI PREPARATORY ACADEMY SUBDI,HIF001506,20.980278,-156.675834,Facility,NA,NPDES
KANANI WAILEA,HIF001507,20.69733,-156.43662,Facility,NA,NPDES
"FY06 MCA PN58143, URBAN ASSAUL",HIF001511,21.476366,-158.09857,Facility,NA,NPDES
KANEPU'U,HIF001512,20.82328,-156.92054,Facility,NA,NPDES
CALVARY CHAPEL WEST OAHU - GRU,HIF001514,21.31985,-158.01483,Facility,NA,NPDES
HAWAIIAN HOME LANDS SUBDIVISIO,HIF001515,20.785591,-156.307749,Facility,NA,NPDES
QUEENS' MARKETPLACE AND CULTUR,HIF001519,19.91796,-155.88355,Facility,NA,NPDES
"JAS. W. GLOVER, LTD.",HIF001522,21.901389000000002,-159.415278,Facility,NA,NPDES
PFLUEGER MAUI INC. DBA PFLUEGE,HIF001524,20.88661,-156.45235,Facility,NA,NPDES
OCEAN POINTE GOLF COURSE,HIF001527,21.307222,-158.036388,Permitted Feature,Privately Owned Facility,NPDES
PAHOA FIRE STATION,HIF001531,19.52305,-154.96881,Facility,NA,NPDES
BEI HAWAII - BARBERS POINT PLANT,HIF001534,21.30478,-158.113722,Permitted Feature,Privately Owned Facility,NPDES
BASSAN SUBDIVISION 05-024,HIF001537,21.295421,-157.858766,Facility,NA,NPDES
KAMEHAMEHA HIGHWAY 8    WATER,HIF001567,21.59822,-158.103,Facility,NA,NPDES
LOWER HALAWA HEIGHTS WATER,HIF001572,21.3773,-157.92323,Facility,NA,NPDES
GEIGER ROAD RECYCLED WATER,HIF001573,21.328539,-158.036877,Facility,NA,NPDES
VILLAGES OF KAPOLEI,HIF001581,21.33785,-158.0793,Facility,NA,NPDES
"KALAPANA ROAD REALIGNMENT,",HIF001587,19.367795,-154.9648,Facility,NA,NPDES
KUKUIPAHU RANCH LLC.,HIF001588,20.204166,-155.8625,Permitted Feature,Privately Owned Facility,NPDES
KUKUIPAHU RANCH LLC.,HIF001588,20.204166,-155.8625,Facility,Privately Owned Facility,NPDES
WAILEA UPPER LEVEL WATER,HIF001590,20.689712,-156.440592,Facility,NA,NPDES
MAINTENANCE CONTRACT FOR PAVEMENT REPAIRS AT HORIZON TERMINALS CONTAINER YARD,HIF001592,21.313611,-157.882499,Permitted Feature,Municipal or Water District,NPDES
MAINTENANCE CONTRACT FOR PAVEMENT REPAIRS AT HORIZON TERMINALS CONTAINER YARD,HIF001592,21.313611,-157.882499,Facility,Municipal or Water District,NPDES
KA MAHUNA SUBDIVISION,HIF001598,22.06358,-159.36395,Facility,NA,NPDES
HILO TO MAKUU FIBER OPTICS,HIF001602,19.67871,-155.05053,Facility,NA,NPDES
STATE ROUTE 200 - SADDLE,HIF001606,21.295421,-157.858766,Facility,NA,NPDES
OCEAN POINTE - AREA IV AND FUTURE DEVELOPMENT AREA (1),HIF001608,21.315555,-158.02861,Permitted Feature,Privately Owned Facility,NPDES
OCEAN POINTE - AREA IV AND FUTURE DEVELOPMENT AREA (1),HIF001608,21.304444,-158.037499,Permitted Feature,Privately Owned Facility,NPDES
OCEAN POINTE - AREA IV AND FUTURE DEVELOPMENT AREA (1),HIF001608,21.315555,-158.02861,Facility,Privately Owned Facility,NPDES
WAIANAE HIGH SCHOOL IMPROVE,HIF001611,21.45917,-158.20389,Facility,NA,NPDES
KAPOLEI SPECTRUM BUSINESS PARK,HIF001615,21.31987,-158.08965799999999,Facility,NA,NPDES
"KUHIO HIGHWAY, GUARDRAIL",HIF001616,22.2042,-159.49055,Facility,NA,NPDES
"WAIEHU KOU RESIDENCE LOTS,",HIF001617,20.95427,-156.525064,Facility,NA,NPDES
"STATE OF HAWAII, DEPARTMENT",HIF001620,20.0235,-155.73856,Facility,NA,NPDES
SAND ISLAND WASTE WATER TREATMENT PLANT,HIF001622,21.310555,-157.875832,Permitted Feature,Municipal or Water District,NPDES
KEOPUOLANI PARK PAPA ANI,HIF001625,20.890037,-156.470671,Facility,NA,NPDES
STOCKPILE ON WAILEA MF-12,HIF001632,20.69758,-156.4414,Facility,NA,NPDES
OCEAN VIEW MARKET PROJECT,HIF001635,19.084765,-155.775735,Facility,NA,NPDES
WARD VILLAGE SHOPS,HIF001636,21.290833,-157.844999,Permitted Feature,Privately Owned Facility,NPDES
WARD VILLAGE SHOPS,HIF001636,21.295833,-157.858055,Permitted Feature,Privately Owned Facility,NPDES
EAST HAWAII REGIONAL SORT,HIF001647,19.70946,-155.06568,Facility,NA,NPDES
KEONE ULA BOULEVARD EXTENSION,HIF001648,21.31942,-158.02552,Facility,NA,NPDES
DESIGN OF WASTEWATER DIPOSAL,HIF001651,19.57667,-155.00386,Facility,NA,NPDES
LOKAHI MAKAI SUBDIVISION,HIF001656,19.7189,-156.01328,Facility,NA,NPDES
MEHANA AT KAPOLEI - STOCKPILE,HIF001664,21.337755,-158.079781,Facility,NA,NPDES
SITE 11 AT KEHALANI,HIF001667,20.875252,-156.503963,Facility,NA,NPDES
"REHABILITATION OF STREETS,",HIF001669,21.29953,-157.84332,Facility,NA,NPDES
KUKUI`ULA - `OMA`O WATER,HIF001670,21.915875,-159.478366,Facility,NA,NPDES
"REHABILITATION OF STREETS,",HIF001683,21.29778,-157.84053,Facility,NA,NPDES
MILLYARD GRADING PLAN,HIF001684,20.871299,-156.675713,Facility,NA,NPDES
MAUNA LOA GARDENS PLANNED,HIF001687,19.558468,-155.961478,Facility,NA,NPDES
LAULE A AT MAUNA LANI RESORT,HIF001689,19.94164,-155.87353,Facility,NA,NPDES
"REHABILITATION OF STREETS,",HIF001691,21.46531,-157.99431,Facility,NA,NPDES
OCEAN POINTE GOLF COURSE - EAST,HIF001692,21.308888,-158.030832,Permitted Feature,Privately Owned Facility,NPDES
SPECIAL PROJECT R34-03 REPAIRS,HIF001696,21.34829,-157.9642,Facility,NA,NPDES
STODDARD FARM GRADING,HIF001698,21.57531,-157.87919,Facility,NA,NPDES
MEHANA AT KAPOLEI,HIF001699,21.295833,-158.086388,Facility,Privately Owned Facility,NPDES
KALAELOA STORAGE AND BUILDING FACILITIES,HIF001705,21.323888,-158.11861,Permitted Feature,Privately Owned Facility,NPDES
KALAELOA STORAGE AND BUILDING FACILITIES,HIF001705,21.323888,-158.11861,Facility,Privately Owned Facility,NPDES
DILLINGHAM PROPERTY,HIF001708,21.577037,-158.173142,Facility,NA,NPDES
GEIGER ROAD RECYCLED WATER,HIF001713,21.328539,-158.036877,Facility,NA,NPDES
KAPAHULU SAFEWAY SITE IMPROVE,HIF001719,21.35903,-157.89929,Facility,NA,NPDES
"ANAHOLA RESIDENCE LOTS, UNIT",HIF001721,22.13958,-159.30184,Facility,NA,NPDES
KAPALAWAI RESORT,HIF001723,21.94784,-159.65369,Facility,NA,NPDES
WAIKOLOA KINGS  LAND - HILTON,HIF001726,19.922222,-155.870556,Facility,NA,NPDES
HOONANEA,HIF001729,20.883333,-156.686388,Facility,Privately Owned Facility,NPDES
KEA AU HOLIDAY INN (KEAAU,HIF001733,19.620794,-155.040573,Facility,NA,NPDES
KEAUNUI DRIVE (KAPOLEI PARKWAY,HIF001737,21.31606,-157.870851,Facility,NA,NPDES
KUHIO HIGHWAY EMERGENCY REPAIR,HIF001741,22.21362,-159.43697,Facility,NA,NPDES
CROSSROADS AT KAPOLEI,HIF001750,21.332236,-158.083746,Facility,NA,NPDES
MAKALEI HAWAII SUBDIVISION,HIF001751,19.744207,-155.974733,Facility,NA,NPDES
KEALAKEKUA ARMORY,HIF001761,19.516019,-155.917219,Facility,Municipal or Water District,NPDES
"PVT LAND COMPANY, LTD.",HIF001765,21.395155,-158.152797,Permitted Feature,Privately Owned Facility,NPDES
"PVT LAND COMPANY, LTD.",HIF001765,21.396613,-158.147438,Permitted Feature,Privately Owned Facility,NPDES
"PVT LAND COMPANY, LTD.",HIF001765,21.395402,-158.149852,Permitted Feature,Privately Owned Facility,NPDES
"PVT LAND COMPANY, LTD.",HIF001765,21.398286,-158.146883,Permitted Feature,Privately Owned Facility,NPDES
"PVT LAND COMPANY, LTD.",HIF001765,21.401266,-158.145644,Permitted Feature,Privately Owned Facility,NPDES
"PVT LAND COMPANY, LTD.",HIF001765,21.403108,-158.144502,Permitted Feature,Privately Owned Facility,NPDES
"BIG ISLAND SCRAP METAL, LLC (1)",HIF001766,19.663333,-156.007222,Facility,Privately Owned Facility,NPDES
"BIG ISLAND SCRAP METAL, LLC",HIF001767,19.731667,-155.046111,Facility,Privately Owned Facility,NPDES
ROLLOFFS HAWAII INC,HIF001769,21.2953,-158.098013,Permitted Feature,Privately Owned Facility,NPDES
HU HONUA BIOENERGY FACILITY,HIF001770,19.842275,-155.08498,Permitted Feature,Privately Owned Facility,NPDES
HILO COAST POWER COMPANY,HIF001771,19.841667,-155.084722,Facility,NA,NPDES
KUALONO SUBDIVISION,HIF001777,20.827777,-156.341666,Facility,Privately Owned Facility,NPDES
SEASCAPE SUBDIVISION & LOKAHI KA'U ROAD,HIF001778,19.713611,-156.0135,Facility,NA,NPDES
KEEHI INDUSTRIAL LOTS DUST MITIGATION,HIF001789,21.308575,-157.864379,Facility,NA,NPDES
POHOIKI ROAD BYPASS,HIF001806,19.46129,-154.84467,Facility,NA,NPDES
HELIPORT IMPROVEMENTS,HIF001812,21.97818,-159.35087,Facility,NA,NPDES
MOKU'ULA RESTORATION PHASE I,HIF001819,20.823054,-156.330277,Permitted Feature,Privately Owned Facility,NPDES
SAND ISLAND EXTENSION PROPERTY,HIF001820,21.321133,-157.891417,Facility,NA,NPDES
KAPOLEI SPECTRUM II BUISNESS PARK,HIF001824,21.320815,-158.09174,Facility,NA,NPDES
"ALOHA TOOL & RENTAL INC. DBA HONOLULU RECOVERY SYSTEMS, INC. MATERIAL RECOVERY F",HIF001827,21.320555,-157.891388,Permitted Feature,Privately Owned Facility,NPDES
PUNAHOU WATER SYSTEM IMPROVEMENTS PART 1,HIF001829,21.29905,-157.82656,Facility,NA,NPDES
KALIHIWAI PONDS,HIF001856,22.195277,-159.428055,Permitted Feature,Privately Owned Facility,NPDES
WAIHEE RIDGE EXCAVATION,HIF001858,21.4575,-157.8525,Permitted Feature,Privately Owned Facility,NPDES
KAMANU STREET EXTENSION,HIF001866,19.6854,-156.01549,Facility,NA,NPDES
PEARL HARBOR NAVAL SHIPYARD & INTERMEDIATE MAINTENANCE FACILITY (1),HIF001868,21.352222,-157.960833,Permitted Feature,Federal Facility (U.S. Government),NPDES
"YOUNG BROTHERS, LIMITED (5)",HIF001878,21.952777,-159.359166,Facility,Privately Owned Facility,NPDES
ALEWA WATER SYSTEMS IMPROVEMENTS,HIF001879,21.33631,-157.85146,Facility,NA,NPDES
EUGUENE KUNITAKE,HIF001880,19.62291,-155.948445,Facility,NA,NPDES
FORT DERUSSY SEWER FORCE MAIN EXTENSION - KAPIOLANI BOULEVARD TO KANUNU STREET,HIF001892,21.25922,-157.81889,Facility,NA,NPDES
GROVE RANCH AGRICULTURAL SUBDIVISION NO. 2,HIF001897,20.86896,-156.337,Facility,NA,NPDES
MIKI BASIN PAVING & FENCING,HIF001911,20.76427,-156.92395,Facility,Privately Owned Facility,NPDES
ARMY HAWAII FAMILY HOUSING -- RED HILL MAUKA (COAST GUARD),HIF001913,21.370832,-157.905555,Facility,Privately Owned Facility,NPDES
BALI LOFTS SUBDIVISION,HIF001915,21.29228,-157.6999,Facility,NA,NPDES
FARRINGTON HWY: PART IV LAWAIA ST. TO JADE ST. 24-INCH AND 8-INCH WATER MAINS,HIF001916,21.39966,-158.17341,Facility,NA,NPDES
KAWAIAHA'O CHURCH - NEW MULTI-PURPOSE CENTER,HIF001926,21.304722,-157.857777,Permitted Feature,Privately Owned Facility,NPDES
ANDAZ RESORT & RESIDENCES,HIF001929,20.695277,-156.446944,Permitted Feature,Privately Owned Facility,NPDES
EWA SHAFT GAC TREATMENT FACILITY & 36  TRANSMISSION MAIN,HIF001932,21.377499,-158.047499,Permitted Feature,Municipal or Water District,NPDES
EWA SHAFT GAC TREATMENT FACILITY & 36  TRANSMISSION MAIN,HIF001933,21.377499,-158.047499,Permitted Feature,Municipal or Water District,NPDES
"KALIHI WATER SYSTEM IMPROVEMENTS, PART I",HIF001936,21.33277,-157.87885,Facility,NA,NPDES
HONOULIULI 228' RESERVOIR NO. 3,HIF001946,21.387221,-158.065833,Permitted Feature,Municipal or Water District,NPDES
HONOULIULI 228' RESERVOIR NO. 3,HIF001946,21.387221,-158.065833,Facility,Municipal or Water District,NPDES
"EAST KAPOLEI 215' 4.0 MG RESERVOIR, ACCESS ROAD AND TRANSMISSION MAINS",HIF001947,21.33785,-158.0793,Facility,NA,NPDES
MAKAU STREET WATER SYSTEM IMPROVEMENTS,HIF001949,21.48053,-158.22792,Facility,NA,NPDES
TILECO INC,HIF001951,21.294722,-158.101,Permitted Feature,Privately Owned Facility,NPDES
TILECO INC,HIF001951,21.295666,-158.103611,Permitted Feature,Privately Owned Facility,NPDES
"NIUMALU LOOP WATER SYSTEM IMPROVEMENTS, PART I",HIF001953,21.2968,-157.69407,Facility,NA,NPDES
"REHABILITATION OF A PORTION OF DILLINGHAM BOULEVARD, WAIAKAMILO ROAD TO MIDDLE S",HIF001959,21.319896,-157.849152,Facility,NA,NPDES
HAWAIIAN ACRES MOHO ROAD,HIF001963,19.53004,-155.03447,Facility,NA,NPDES
PRIVITIZATION OF FAMILY HSG FOR NAVY REGION HAWAII-PH. 3 - CATLIN PARK,HIF001964,21.33656,-157.91311,Facility,NA,NPDES
CASTLE & COOKE PROPERTIES INC,HIF001967,21.48144,-158.01655,Facility,NA,NPDES
COUNTY WORKFORCE HOUSING PROJECT IN WAIKOLOA,HIF001976,19.958333,-155.791666,Permitted Feature,Municipal or Water District,NPDES
COUNTY WORKFORCE HOUSING PROJECT IN WAIKOLOA,HIF001976,19.955555,-155.791666,Permitted Feature,Municipal or Water District,NPDES
COUNTY WORKFORCE HOUSING PROJECT IN WAIKOLOA,HIF001976,19.954166,-155.791666,Permitted Feature,Municipal or Water District,NPDES
THE KONA COFFEE & TEA COMPANY VISITOR CENTER,HIF001981,19.67303,-156.016394,Facility,NA,NPDES
MILILANI MAUKA COMMERCIAL B,HIF001985,21.458333,-158.027221,Facility,Privately Owned Facility,NPDES
EASTER SEALS HAWAII,HIF001989,21.344498,-158.079742,Facility,NA,NPDES
LUALUALEI GOLF COURSE,HIF001992,21.41479,-158.1377,Facility,NA,NPDES
MAHINUI PLACE,HIF001993,21.396944,-157.806111,Permitted Feature,Privately Owned Facility,NPDES
THE PINES AT KOELE,HIF001998,20.82371,-156.91208,Facility,NA,NPDES
"CASTLE & COOKE COMMERCIAL, INC.",HIF002002,21.322238,-157.877157,Permitted Feature,Privately Owned Facility,NPDES
MAKENA BAY CLUB (PARCEL H-1),HIF002005,20.644721,-156.444721,Facility,Privately Owned Facility,NPDES
EDWARD H. ING,HIF002006,21.660555,-158.054444,Permitted Feature,Privately Owned Facility,NPDES
EDWARD H. ING,HIF002006,21.660833,-158.051666,Permitted Feature,Privately Owned Facility,NPDES
TEMPORARY OFF-SITE PARKING,HIF002009,20.946013,-156.687482,Facility,NA,NPDES
LONGS DRUGS AT KULAMALU VILLAGE LOT 5,HIF002016,20.8221,-156.33015,Facility,NA,NPDES
CONSTRUCTION PLANS FOR EAST KAPOLEI I DEVELOPMENT,HIF002023,21.324999,-158.066666,Permitted Feature,Municipal or Water District,NPDES
CONSTRUCTION PLANS FOR EAST KAPOLEI I DEVELOPMENT,HIF002023,21.343888,-158.054722,Permitted Feature,Municipal or Water District,NPDES
HONOKOHAU DEVELOPMENTS,HIF002025,19.668889,-156.021389,Facility,NA,NPDES
KAHULUI TOWN CENTER,HIF002026,20.89111,-156.473332,Permitted Feature,Privately Owned Facility,NPDES
KAHULUI TOWN CENTER,HIF002026,20.89111,-156.473332,Facility,Privately Owned Facility,NPDES
KO'OLINA CENTER,HIF002029,21.342878,-158.126712,Facility,NA,NPDES
KOHALA RANCH WELL NO. 3 AND 1859.5' 0.5 MG RESERVOIR,HIF002039,20.10012,-155.7898,Facility,NA,NPDES
"NORTH-SOUTH ROAD PHASE 1B, FAP NO. STP-8930(2) & NORTH-SOUTH ROAD PHASE 1C, FAP",HIF002041,21.342777,-158.055,Facility,Municipal or Water District,NPDES
"WAILEA GATEWAY CENTER, LLC",HIF002049,20.687407,-156.432397,Facility,NA,NPDES
DIAMOND HEAD WATER SYSTEM IMPROVEMENTS,HIF002052,21.305725,-157.854038,Facility,NA,NPDES
"IRRIGATION SYSTEMS, INC.",HIF002057,21.3977,-157.97594,Facility,NA,NPDES
RESIDENCE OF EDWARD H. ING,HIF002058,21.681166,-158.032384,Facility,NA,NPDES
"REHABILITATION OF STREETS, UNIT 49 - JOB NO. 05-07",HIF002061,21.33631,-157.85146,Facility,NA,NPDES
DROGIN-HOLUALOA SUBDIVISION,HIF002070,19.615242,-155.949355,Facility,NA,NPDES
ALAE CEMETRY EXPANSION 2007,HIF002076,21.348608,-157.823784,Facility,NA,NPDES
HALEILI SUBDIVISION - ROADWAY EXTENSION,HIF002077,19.11151,-155.82921,Facility,NA,NPDES
NU'UANU STREAM CHANNEL REPAIRS,HIF002079,21.334617,-157.836248,Facility,NA,NPDES
FORT WEAVER ROAD WIDENING VICINITY OF AAWA DRIVE TO GEIGER ROAD,HIF002092,21.364722,-158.026943,Facility,Municipal or Water District,NPDES
PIER 60 PROJECT: SITE MODIFICATIONS,HIF002094,21.322777,-157.89361,Permitted Feature,Privately Owned Facility,NPDES
EWA VILLAGES AREA  H  MASS GRADING,HIF002095,21.338333,-158.03805500000001,Permitted Feature,Privately Owned Facility,NPDES
EWA VILLAGES AREA  H  MASS GRADING,HIF002095,21.338333,-158.03805500000001,Facility,Privately Owned Facility,NPDES
"KAMEHAMEHA HIGHWAY 16-INCH WATER MAIN, PART IV, JOB 05-028",HIF002099,21.63789,-158.0658,Facility,NA,NPDES
BROSNAN PROPERTY,HIF002103,22.205833,-159.549722,Permitted Feature,Privately Owned Facility,NPDES
BROSNAN PROPERTY,HIF002103,22.20636,-159.55156,Facility,Privately Owned Facility,NPDES
"MCON PROJECT #P-817, CONSTRUCT NEW FIRE STATION",HIF002106,21.383056,-157.908333,Facility,NA,NPDES
"KUHIO HIGHWAY, SHORT-TERM IMPROVEMENTS WAILUA CANE HAUL BRIDGE WIDENING - FED. A",HIF002109,22.044722,-159.336389,Facility,NA,NPDES
PAPIPI ROAD IMPROVEMENTS (INCREMENT II),HIF002111,21.309166,-158.029443,Permitted Feature,Privately Owned Facility,NPDES
PAPIPI ROAD IMPROVEMENTS (INCREMENT II),HIF002111,21.309444,-158.026388,Permitted Feature,Privately Owned Facility,NPDES
KAPOLEI COMMONS,HIF002114,21.295833,-158.086388,Permitted Feature,Privately Owned Facility,NPDES
KAPOLEI COMMONS,HIF002114,21.295833,-158.086388,Facility,Privately Owned Facility,NPDES
PAPIPI ROAD IMPROVEMENTS (INCREMENT II),HIF002121,21.309166,-158.029443,Permitted Feature,Privately Owned Facility,NPDES
PAPIPI ROAD IMPROVEMENTS (INCREMENT II),HIF002121,21.309444,-158.026388,Permitted Feature,Privately Owned Facility,NPDES
PAPIPI ROAD IMPROVEMENTS (INCREMENT II),HIF002121,21.309166,-158.029443,Facility,Privately Owned Facility,NPDES
KAPOLEI PACIFIC CENTER,HIF002125,21.33421,-158.07922,Facility,NA,NPDES
"FY06 MCON PROJECT P-113, PACIFIC WARFIGHTING CENTER",HIF002126,21.34829,-157.9642,Facility,NA,NPDES
"KAUMUALII HIGHWAY AND RICE STREET, EMERGENCY REPAIRS AND SLOPE STABILIZATION AT",HIF002127,21.960833,-159.352778,Facility,NA,NPDES
PEARL CITY GATEWAY - ONSITE & OFFSITE IMPROVEMENTS,HIF002129,21.4,-157.98111,Permitted Feature,Privately Owned Facility,NPDES
PEARL CITY GATEWAY - ONSITE & OFFSITE IMPROVEMENTS,HIF002129,21.4,-157.98111,Facility,Privately Owned Facility,NPDES
HELLSTERN SUBDIVISION,HIF002130,19.456998,-154.940691,Facility,NA,NPDES
MAKILA RIDGE SUBDIVISION,HIF002131,20.86019,-156.65153,Facility,NA,NPDES
RECONSTRUCTION OF LUSITANA STREET,HIF002132,21.31391,-157.85263,Facility,NA,NPDES
ISLAND REDEMPTION AND RECYCLING CENTER (1),HIF002136,20.9,-156.480555,Permitted Feature,Privately Owned Facility,NPDES
KO'OLINA STATION,HIF002137,21.341937,-158.123688,Facility,NA,NPDES
MERIDITH MCDOWELL SUBDIVISION,HIF002138,19.97385,-155.222445,Facility,Privately Owned Facility,NPDES
KAWAIHAU RIDGE SUBDIVISION PHASE I,HIF002140,22.10006,-159.33823,Facility,NA,NPDES
HAWAII BELT ROAD GUARDRAIL & SHOULDER IMPROVEMENTS PAAUHAU ROAD TO PAKALANA ROAD,HIF002145,20.0623,-155.52829,Facility,NA,NPDES
HILO SCATTERED LOTS,HIF002146,19.73336,-155.01278,Facility,NA,NPDES
KAMOLE WEIR WTF CLEARWELL STORAGE TANK REPLACEMENT PROJECT,HIF002154,20.877778,-156.335222,Facility,NA,NPDES
SEAWINDS APARTMENT FOR HSI,HIF002163,21.44995,-158.19118,Facility,Privately Owned Facility,NPDES
PAILOLO PLACE,HIF002167,20.996666,-156.666111,Permitted Feature,Privately Owned Facility,NPDES
PAILOLO PLACE,HIF002167,20.996944,-156.663333,Permitted Feature,Privately Owned Facility,NPDES
PAILOLO PLACE,HIF002167,20.996666,-156.666111,Facility,Privately Owned Facility,NPDES
SUNSET BEACH RECREATION CENTER AT KAHAWAI BEACH SUPPORT PARK,HIF002168,21.657072,-158.0582,Facility,NA,NPDES
"MAKENA ALANUI ROAD WIDENING, PHASE 2",HIF002173,20.6597,-156.44035,Facility,NA,NPDES
SUNSET RIDGE AT WAIKOLOA,HIF002175,19.941389,-155.805,Facility,NA,NPDES
HONOULIULI 228' RESERVOIR NO. 3-- QUADRUPLE BOX CULVERT,HIF002176,21.378445,-158.048027,Facility,NA,NPDES
NUU AINA,HIF002181,20.747222,-156.444444,Facility,NA,NPDES
VILLAS AT ROYAL LAHAINA RESORT,HIF002182,20.932784,-156.691968,Facility,NA,NPDES
"KAUMUALII HIGHWAY RESURFACING, LIHUE MILL BRIDGE TO PUHI ROAD, PROJECT NO. 50DE-",HIF002183,21.96309,-159.41382,Facility,NA,NPDES
BEACHWALK WASTEWATER PUMP STATION TO ALA MOANA PARK SEWER: PHASE 1 - FORCE MAIN,HIF002194,21.287499,-157.84111,Permitted Feature,Municipal or Water District,NPDES
BEACHWALK WASTEWATER PUMP STATION TO ALA MOANA PARK SEWER: PHASE 1 - FORCE MAIN,HIF002194,21.282221,-157.825832,Permitted Feature,Municipal or Water District,NPDES
BEACHWALK WASTEWATER PUMP STATION TO ALA MOANA PARK SEWER: PHASE 1 - FORCE MAIN,HIF002194,21.287499,-157.84111,Facility,Municipal or Water District,NPDES
KAOLEI SPECTRUM II BUSINESS PARK,HIF002195,21.320815,-158.09174,Facility,NA,NPDES
KILAUEA BRIDGE REPLACEMENT,HIF002197,22.203819,-159.408042,Facility,NA,NPDES
KALAELOA HARBOR PONDS STOCKPILE (REFER TO FIGURE 1 FOR LOCATION),HIF002206,21.326228,-158.109633,Facility,NA,NPDES
KAPOLEI CITY - RESTORATION OF KAPOLEI ROADWAYS,HIF002207,21.32848,-158.09003,Facility,NA,NPDES
HOKU O WAILEA,HIF002208,20.695277,-156.444444,Permitted Feature,Privately Owned Facility,NPDES
KAPOLEI CITY URBAN CORE 3 ROADS,HIF002209,21.295833,-158.086388,Permitted Feature,Privately Owned Facility,NPDES
KAPOLEI CITY URBAN CORE 3 ROADS,HIF002209,21.295833,-158.086388,Facility,Privately Owned Facility,NPDES
BEST BUY - AIEA,HIF002220,21.384835,-157.94947,Facility,NA,NPDES
INSTALL EROSION CONTROL BEST MANAGEMENT PRACTICES AT ULUPA`U CRATER,HIF002225,21.451667,-157.725278,Facility,NA,NPDES
"UNIVERSITY OF HAWAII AT HILO - COLLEGE OF PHARMACY, INTERIM FACILITIES",HIF002226,19.700278,-155.083333,Facility,NA,NPDES
KUKUI'ULA WORKFORCE HOUSING,HIF002227,21.892777,-159.465556,Facility,NA,NPDES
"FARRINGTON HIGHWAY: 30- AND 24-INCH TRANSMISSION MAINS-PHASE 1, EWA, OAHU, HAWAI",HIF002230,21.57055,-158.13979,Facility,NA,NPDES
LAUNIUPOKO SHORE PROTECTION PROJECT,HIF002232,20.94262,-156.68911,Facility,NA,NPDES
"IR H-2 REHAB, WAIPIO I.C. & MILILANI I.C. ON/OFF RAMPS, KA UKA BLVD & MEHEULA PK",HIF002234,21.461667,-157.993333,Facility,NA,NPDES
"HONOAPIILANI HIGHWAY WIDENING, LAHAINALUNA ROAD TO 'AHOLO ROAD",HIF002235,20.887255,-156.684804,Facility,NA,NPDES
HALEIWA ROAD WATER SYSTEM IMPROVEMENTS,HIF002236,21.58788,-158.11135,Facility,NA,NPDES
HIGHWAY DIVISION MATERIAL TESTING AND RESEARCH FACILITY,HIF002237,20.883803,-156.499093,Facility,NA,NPDES
WILHELMINA RISE SEWER REHABILITATION,HIF002239,21.2889,-157.79373,Facility,NA,NPDES
NIU VALLEY FORCE MAIN RECONSTRUCTION-PHASE 3,HIF002242,21.279999,-157.738055,Permitted Feature,Municipal or Water District,NPDES
NIU VALLEY FORCE MAIN RECONSTRUCTION-PHASE 3,HIF002242,21.276943,-157.750277,Permitted Feature,Municipal or Water District,NPDES
NIU VALLEY FORCE MAIN RECONSTRUCTION-PHASE 3,HIF002242,21.278492,157.745894,Permitted Feature,Municipal or Water District,NPDES
"MAPUNAPUNA WATER SYSTEM IMPROVEMENTS, PART II - BOARD OF WATER SUPPLY",HIF002244,21.342499,-157.894166,Permitted Feature,Municipal or Water District,NPDES
"MAPUNAPUNA WATER SYSTEM IMPROVEMENTS, PART II - BOARD OF WATER SUPPLY",HIF002244,21.344166,-157.893888,Permitted Feature,Municipal or Water District,NPDES
"MAPUNAPUNA WATER SYSTEM IMPROVEMENTS, PART II - BOARD OF WATER SUPPLY",HIF002244,21.344444,-157.894166,Permitted Feature,Municipal or Water District,NPDES
"MAPUNAPUNA WATER SYSTEM IMPROVEMENTS, PART II - BOARD OF WATER SUPPLY",HIF002244,21.344444,-157.894166,Facility,Municipal or Water District,NPDES
TRI-L CONSTRUCTION INC. - MAINTENANCE SHOP AND CONCRETE BATCH PLANT,HIF002253,21.123944,-157.056005,Facility,Privately Owned Facility,NPDES
"ARMY HAWAII FAMILY HOUSING - FORT SHAFTER:  SIMPSON-WISSER, RADAR HILL, HAUOLI H",HIF002257,21.341816,-157.886502,Facility,NA,NPDES
LALAKEA RESERVOIR DAM DECOMMISSIONING,HIF002258,20.121064,-155.576909,Facility,NA,NPDES
KUMAKUA AFFORDABLE HOUSING,HIF005560,20.23791,-155.83257,Facility,NA,NPDES
"MAPUNAPUNA WATER SYSTEM IMPROVEMENTS, PART II - BOARD OF WATER SUPPLY",HIF005566,21.342499,-157.894166,Permitted Feature,Municipal or Water District,NPDES
"MAPUNAPUNA WATER SYSTEM IMPROVEMENTS, PART II - BOARD OF WATER SUPPLY",HIF005566,21.344166,-157.893888,Permitted Feature,Municipal or Water District,NPDES
"MAPUNAPUNA WATER SYSTEM IMPROVEMENTS, PART II - BOARD OF WATER SUPPLY",HIF005566,21.344444,-157.894166,Permitted Feature,Municipal or Water District,NPDES
KAWAIHAE 1.0 MG TANK (BOOSTER PUMP STATION),HIF005567,20.043333,-155.835277,Facility,NA,NPDES
"KUHIO HIGHWAY RESURFACING, ANINI VISTA DRIVE TO M.P. 27.0, PROJECT NO. 56D-03-08",HIF005570,22.21307,-159.47174,Facility,NA,NPDES
PUUKAPU PINES,HIF005573,20.032221,-155.634999,Permitted Feature,Privately Owned Facility,NPDES
PUUKAPU PINES,HIF005573,20.031666,-155.633888,Permitted Feature,Privately Owned Facility,NPDES
PUUKAPU PINES,HIF005573,20.031943,-155.633888,Permitted Feature,Privately Owned Facility,NPDES
CONSTRUCTION PLANS FOR EAST KAPOLEI II DEVELOPMENT,HIF005575,21.335833,-158.040833,Facility,Municipal or Water District,NPDES
"KAMEHAMEHA HIGHWAY IMPROVEMENTS, MEDIAN FENCING, VICINITY OF ACACIA ROAD TO SALT",HIF005578,21.37824,-157.93562,Facility,NA,NPDES
THE MANELE BAY PROJECT,HIF005579,20.7434,-156.8914,Facility,NA,NPDES
"KAPULE HIGHWAY RESURFACING, RICE STREET TO AHUKINI ROAD, PROJECT NO. 51B-01-08M",HIF005582,21.96987,-159.35559,Facility,NA,NPDES
"PRIVATIZATION OF FAMILY HOUSING  FOR NAVY REGION HAWAII, PPV INCREMENT 3 - NCTAM",HIF005584,21.511794,-158.000878,Facility,NA,NPDES
SCHOFIELD BARRACKS - MACOMB ROUNDABOUT,HIF005586,21.501388,-158.058055,Facility,Federal Facility (U.S. Government),NPDES
MAUI LANI PARKWAY AND KUIKAHI DRIVE EXTENSION,HIF005587,20.890833,-156.473334,Facility,NA,NPDES
PRIVATIZATION OF FAMILY HOUSING FOR NAVY REGION HAWAII - MAKALAPA UTILITY REPLAC,HIF005596,21.35764,-157.93585,Facility,NA,NPDES
JW MARRIOTT IHILANI RESORT AND SPA,HIF005597,21.338842,-158.12715,Permitted Feature,NA,NPDES
CAMPBELL INDUSTRIAL PARK UNIT 1,HIF005601,21.323158,-158.105657,Facility,NA,NPDES
KAPOLEI CITY URBAN CORE (4-7) ROADS,HIF005602,21.295833,-158.086389,Facility,NA,NPDES
TONY MTP STAGING LOT,HIF005604,21.483071,-158.012641,Facility,Privately Owned Facility,NPDES
DISNEY'S GRAND HAWAIIAN RESORT AND SPA AT KO OLINA,HIF005607,21.345555,-158.128332,Facility,Privately Owned Facility,NPDES
MATSON CAMPBELL YARD (MATSON WEST OAHU LOGISTICS PARK),HIF005608,21.313389,-158.103855,Facility,NA,NPDES
KIHEI - UPCOUNTRY HIGHWAY,HIF005615,20.79,-156.385833,Facility,NA,NPDES
PRIVATIZATION OF FAMILY HOUSING FOR NAVY REGION HAWAII - FORD ISLAND NOB HILL UT,HIF005616,21.363889,-157.952222,Facility,NA,NPDES
HEALTHCARE REALTY TRUST MEDICAL OFFICE BUILDING,HIF005617,21.288055,-157.841666,Facility,NA,NPDES
"REHABILITATION OF STREETS, UNIT 61 - JOB NO. 07-07",HIF005618,21.389166,-157.921389,Facility,NA,NPDES
KALIHI/NUUANU SEWER REHABILITATION PHASE 1I (AREA 9),HIF005626,21.330556,-157.848333,Facility,NA,NPDES
"ISLAND RECYCLING, INC. KAPOLEI SITE PARCEL 32 DEVELOPMENT (PHASE I) (1)",HIF005629,21.300555,-158.110555,Permitted Feature,Privately Owned Facility,NPDES
"KUHIO HIGHWAY RESURFACING, M.P. 27.0 TO PRINCEVILLE, PROJECT NO. 56D-01-08M",HIF005632,22.21307,-159.47174,Facility,NA,NPDES
HOLD CARGO BLDG/LIGHT INDUSTRIAL FACILITIES (PROJECT NO. AH-1061-13),HIF005633,19.732221,-155.051388,Permitted Feature,Municipal or Water District,NPDES
HOLD CARGO BLDG/LIGHT INDUSTRIAL FACILITIES (PROJECT NO. AH-1061-13),HIF005633,19.732221,-155.051388,Facility,Municipal or Water District,NPDES
AKOLEA HEIGHTS SUBDIVISION IMPROVEMENTS,HIF005635,19.691666,-155.116666,Permitted Feature,Privately Owned Facility,NPDES
AKOLEA HEIGHTS SUBDIVISION IMPROVEMENTS,HIF005635,19.713888,-155.101388,Permitted Feature,Privately Owned Facility,NPDES
AKOLEA HEIGHTS SUBDIVISION IMPROVEMENTS,HIF005635,19.691666,-155.116666,Facility,Privately Owned Facility,NPDES
TEMPORARY RETENTION BASIN / KAPOLEI HARBORSIDE DRAINAGE CHANNEL,HIF005640,21.314166,-158.118888,Facility,Privately Owned Facility,NPDES
KOMOHANA HEIGHTS LARGE CAPACITY CESSPOOL REPLACEMENT,HIF005644,19.713889000000002,-155.098889,Facility,NA,NPDES
"FY06 RM 14-06, RENOVATE BUILDINGS 1923 AND 1924",HIF005647,21.3325,-157.905556,Facility,NA,NPDES
KALIHI/NUUANU SEWER REHABILITATION PHASE 1G (AREA 5C),HIF005648,21.315278,-157.855556,Facility,NA,NPDES
KALIHI/NUUANU SEWER REHABILITATION PHASE 1E (AREA 5A),HIF005649,21.318611,-157.857222,Facility,NA,NPDES
"FY00-07 MCA WBR PHASES 2A-2G, WHOLE BARRACKS RENEWAL INFANTRY BRIGADE COMPLEX (I",HIF005650,21.502778,-158.059167,Facility,NA,NPDES
FY 2008 MCON P-173 CONSTRUCT COMMUNICATIONS CENTER,HIF005653,21.517778,-158.002778,Facility,NA,NPDES
"LALAMILO DISTRIBUTION PIPELINE REPLACEMENT, PHASE 2",HIF005661,20.021667,-155.655278,Facility,NA,NPDES
TRADEWINDS FOREST PRODUCTS O'OKALA VENEER MILL,HIF005663,20.017499,-155.283888,Permitted Feature,Privately Owned Facility,NPDES
QUALIFICATION TRAINING RANGE (QTR) - 2,HIF005664,21.484722,-158.083889,Facility,NA,NPDES
KALIHI/NUUANU SEWER REHABILITATION PHASE 1F (AREA 5B),HIF005669,21.32,-157.854167,Facility,NA,NPDES
KALIHI/NUUANU SEWER REHABILITATION PHASE 1H (AREA 6),HIF005670,21.315278,-157.855,Facility,NA,NPDES
"THE CITY OF KAPOLEI, MAKAI DRAINAGE CHANNEL AND KO OLINA RELIEF INTERCEPTOR SEWE",HIF005671,21.295833,-158.086388,Facility,Privately Owned Facility,NPDES
ALAKONA CORP.  RECYCLING FACILITY,HIF005672,21.315316,-158.118966,Permitted Feature,Privately Owned Facility,NPDES
PUALANI MAKAI DEVELOPMENT,HIF005676,19.621666,-155.976943,Permitted Feature,Privately Owned Facility,NPDES
PUALANI MAKAI DEVELOPMENT,HIF005676,19.621666,-155.976943,Facility,Privately Owned Facility,NPDES
OCEAN POINTE DEVELOPMENT - KAILEOLEA BRIDGE AND RELATED IMPROVEMENTS,HIF005677,21.308888,-158.030832,Permitted Feature,Privately Owned Facility,NPDES
MANANA VILLAGE SHOPPING CENTER,HIF005678,21.3977,-157.97594,Facility,NA,NPDES
"TRAFFIC SIGNAL MODERNIZATION, VARIOUS LOCATIONS - OAHU",HIF005680,21.372499,-158.02861,Facility,Municipal or Water District,NPDES
KALOI DRAINAGEWAY IMPROVEMENTS AT ONEULA BEACH PARK AND ONEULA BEACH PARK ACCESS,HIF005682,21.308888,-158.030832,Permitted Feature,Privately Owned Facility,NPDES
CELL #3 AT CONFINED DISPOSAL FACILITY FOR MAINTENANCE DREDGING PROJECT ST3-97,HIF005685,21.348055,-157.972778,Facility,NA,NPDES
"HAWAIIAN STEAM, INC. BASEYARD",HIF005689,21.404722,-157.981943,Permitted Feature,Privately Owned Facility,NPDES
MOTORCYCLE TRAINING AREA,HIF005692,21.50204,-158.07744,Facility,NA,NPDES
KAMEHAMEHA SCHOOL KAPALAMA CAMPUS P.E./ATHLETICS CENTER & MALALO PARKING STRUCTU,HIF005693,21.339721,-157.859444,Permitted Feature,Privately Owned Facility,NPDES
KAMEHAMEHA SCHOOL KAPALAMA CAMPUS P.E./ATHLETICS CENTER & MALALO PARKING STRUCTU,HIF005693,21.339722,-157.859444,Facility,Privately Owned Facility,NPDES
KAWAIHAE SMALL BOAT HARBOR (SOUTH),HIF005696,20.029166,-155.829166,Permitted Feature,Municipal or Water District,NPDES
KAWAIHAE SMALL BOAT HARBOR (SOUTH),HIF005696,20.027499,-155.825832,Permitted Feature,Municipal or Water District,NPDES
KAMEHAME CLUSTER,HIF005700,21.30147,-157.68038,Facility,NA,NPDES
ACCESS AND ELECTRICAL IMPROVEMENTS - KALAELOA BARBERS POINT HARBOR,HIF005704,21.32861,-158.116111,Facility,Municipal or Water District,NPDES
"LONG RANGE DEVELOPMENT PLAN UNIVERSITY OF HAWAII, MANOA CAMPUS",HIF005708,21.303856,-157.813422,Facility,NA,NPDES
KEALANANI ABOVE KE&#257;LIA BEACH (SEE FIGURE 1),HIF005714,22.115403,-159.319982,Facility,NA,NPDES
"TOKUNAGA MASONRY, INC. - WAIHONA STREET BASEYARD",HIF005715,21.403333,-157.983054,Facility,Privately Owned Facility,NPDES
PI'IHONUA RESERVOIR NO. 2 REPLACEMENT,HIF005716,19.71609,-155.12162,Facility,NA,NPDES
WAIMALU SEWER REHABILITATION/RECONSTRUCTION PHASE,HIF005718,21.385703,-157.951009,Facility,NA,NPDES
"FY07 MCA PN 60695, CHILD DEVELOPMENT CENTER",HIF005719,21.48667,-158.067691,Facility,NA,NPDES
KAPOLEI CITY - PALAILAI MALL,HIF005720,21.295833,-158.086388,Permitted Feature,Privately Owned Facility,NPDES
KAPOLEI CITY - PALAILAI MALL,HIF005720,21.295833,-158.086388,Facility,Privately Owned Facility,NPDES
MOLOAA VALLEY PROJECT CONDOMINIUM,HIF005721,22.186388,-159.343333,Permitted Feature,Privately Owned Facility,NPDES
MOLOAA VALLEY PROJECT CONDOMINIUM,HIF005721,22.186388,-159.343333,Facility,Privately Owned Facility,NPDES
KAONOULU ESTATES - PHASE V SUBDIVISION,HIF005725,20.773542,-156.457167,Facility,NA,NPDES
"OCEAN POINTE - AREA II, AREA II RETENTION BASIN, FUTURE PARK SITE, KALOI CHANNEL",HIF005729,21.305833,-158.027777,Permitted Feature,Privately Owned Facility,NPDES
"HALE WAI VISTA, PHASE 1",HIF005732,21.50001,-158.22957,Facility,NA,NPDES
WEST KALAELOA BUSINESS PARK,HIF005733,21.298333,-158.100833,Facility,NA,NPDES
WEST KALAELOA BUSINESS PARK STUDIOS,HIF005734,21.298333,-158.100833,Facility,NA,NPDES
KUMANU SUBSTATION,HIF005736,21.896389,-159.489722,Facility,NA,NPDES
WAIPAHU ASH LANDFILL (WALF) CLOSURE,HIF005741,21.37,-158.003333,Facility,NA,NPDES
TASK B: TRAFFIC LIGHT IMPROVEMENTS - MAIN ENTRANCE,HIF005745,19.699722,-155.078611,Facility,NA,NPDES
WAIKOLOA TANK 1000S & CONNECTING PIPELINES,HIF005748,19.910556,-155.812222,Facility,NA,NPDES
FUEL STORAGE SITE DEVELOPMENT,HIF005754,20.888153,-156.451231,Facility,NA,NPDES
WAIMEA MAUKA STORM DRAINAGE CHANNEL AND CPR DEVELOPMENT,HIF005758,21.964722,-159.671389,Facility,NA,NPDES
KAUAI LAGOONS AFFORDABLE HOUSING,HIF005759,21.9625,-159.357778,Facility,NA,NPDES
NORTH KOHALA PUBLIC LIBRARY,HIF005761,20.248055,-155.806389,Facility,NA,NPDES
GROVE FARMS HATCHERY,HIF005768,21.295555,-158.084166,Permitted Feature,Privately Owned Facility,NPDES
"HONOKAIA PASTORAL LOTS SUBDIVISION, STATE OF HAWAII, DEPT. OF HAWAIIAN HOMELANDS",HIF005769,19.69367,-155.97588,Facility,NA,NPDES
WAIKOLOA QUARRY BASE YARD,HIF005771,19.925,-155.79659,Facility,NA,NPDES
KIHEI SEVENTH-DAY ADVENTIST CHURCH AND PRE-SCHOOL,HIF005772,20.766111,-156.453611,Permitted Feature,Privately Owned Facility,NPDES
FRITO-LAY HAWAII DISTRIBUTION CENTER,HIF005777,21.385555,-158.012778,Facility,NA,NPDES
HONOAPIILANI HIGHWAY PHASE 1A FUTURE KEAWE STREET EXTENSION TO LAHAINALUNA ROAD,HIF005779,20.886666,-156.670277,Permitted Feature,Municipal or Water District,NPDES
HONOAPIILANI HIGHWAY PHASE 1A FUTURE KEAWE STREET EXTENSION TO LAHAINALUNA ROAD,HIF005779,20.859166,-153.669999,Permitted Feature,Municipal or Water District,NPDES
HONOAPIILANI HIGHWAY PHASE 1A FUTURE KEAWE STREET EXTENSION TO LAHAINALUNA ROAD,HIF005779,20.886666,-156.670277,Facility,Municipal or Water District,NPDES
KALAMA PARK,HIF005785,20.73767,-156.45381,Facility,NA,NPDES
PIER 2A SHED DEMOLITION AND CONTAINER YARD IMPROVEMENTS AT KAWAIHAE HARBOR,HIF005788,20.0235,-155.73856,Facility,NA,NPDES
MAKENA SOUTH GOLF COURSE (17TH RENOVATIONS),HIF005791,20.646944,-156.443027,Permitted Feature,Privately Owned Facility,NPDES
MAKENA SOUTH GOLF COURSE,HIF005792,20.639166,-156.444444,Permitted Feature,Privately Owned Facility,NPDES
MAKENA SOUTH GOLF COURSE,HIF005792,20.639166,-156.444444,Permitted Feature,Privately Owned Facility,NPDES
MAKENA SOUTH GOLF COURSE,HIF005792,20.635277,-156.444444,Permitted Feature,Privately Owned Facility,NPDES
MAKENA SOUTH GOLF COURSE (10TH-14TH RENOVATIONS),HIF005794,20.639166,-156.444399,Permitted Feature,Privately Owned Facility,NPDES
MAKENA SOUTH GOLF COURSE (10TH-14TH RENOVATIONS),HIF005794,20.637183,-156.444383,Permitted Feature,Privately Owned Facility,NPDES
MAKENA SOUTH GOLF COURSE (10TH-14TH RENOVATIONS),HIF005794,20.635399,-156.444349,Permitted Feature,Privately Owned Facility,NPDES
HENRY STREET PROPERTY  TMK (3)7-5-004:013,HIF005798,19.640555,-155.992222,Facility,NA,NPDES
1.0 MILLION GALLON STABLE TANK,HIF005801,22.094944,-159.324885,Facility,NA,NPDES
WAI`NANI AT KIAHUNA,HIF005802,21.886763,-159.457379,Facility,NA,NPDES
HONOLULU INTERNATIONAL AIRPORT - INTERISLAND MAINTENANCE FACILITY (STATE PROJECT,HIF005806,21.33,-157.9325,Facility,NA,NPDES
"KAMEHAMEHA V HIGHWAY, GUARDRAIL AND SHOULDER IMPROVEMENTS, FEDERAL-AID PROJECT N",HIF005807,20.88738,-156.46975,Facility,NA,NPDES
"RUNWAY SAFETY AREA (RSA) IMPROVEMENTS, PHASE II AT KAHULUI AIRPORT, STATE PROJEC",HIF005808,20.8929,-156.44106,Facility,NA,NPDES
"MAPUNAPUNA WATER SYSTEM IMPROVEMENTS, PART II, HONOLULU, OAHU, HAWAII",HIF005809,21.342499,-157.894166,Permitted Feature,Municipal or Water District,NPDES
"MAPUNAPUNA WATER SYSTEM IMPROVEMENTS, PART II, HONOLULU, OAHU, HAWAII",HIF005809,21.344166,-157.893888,Permitted Feature,Municipal or Water District,NPDES
"MAPUNAPUNA WATER SYSTEM IMPROVEMENTS, PART II, HONOLULU, OAHU, HAWAII",HIF005809,21.344444,-157.894166,Permitted Feature,Municipal or Water District,NPDES
HONOULIULI 228' RESERVOIR NO. 3,HIF005810,21.387221,-158.065833,Permitted Feature,Municipal or Water District,NPDES
KAPOLEI VILLAGE CENTER,HIF005812,21.295555,-158.086388,Permitted Feature,Privately Owned Facility,NPDES
KAPOLEI VILLAGE CENTER,HIF005812,21.295555,-158.086388,Facility,Privately Owned Facility,NPDES
WIDEBAND SATCOM OPERATION CENTER (WSOC),HIF005813,21.51491,-158.00154,Facility,NA,NPDES
HANSEN ROAD REALIGNMENT,HIF005816,20.86951,-156.45433,Facility,NA,NPDES
KALAELOA HARBOR PONDS (SEE FIGURE 1),HIF005817,21.326111,-158.109722,Facility,NA,NPDES
CONNECTOR ROAD & PUKALANI ROAD EXTENSION,HIF005821,20.02542,-155.65898,Facility,NA,NPDES
"INTERSTATE ROUTE H-3, H-3 FINISH UNIT VIIB",HIF005822,21.369445,-157.919723,Facility,NA,NPDES
"REHABILITATION OF STREETS-UNIT 46, KAILUA ROAD & KUULEI ROAD",HIF005823,21.39376,-157.74439,Facility,NA,NPDES
CAPTAIN COOK RANCH SUBDIVISION,HIF005827,19.48861,-155.92611,Permitted Feature,Privately Owned Facility,NPDES
CAPTAIN COOK RANCH SUBDIVISION,HIF005827,19.486944,-155.923888,Permitted Feature,Privately Owned Facility,NPDES
CAPTAIN COOK RANCH SUBDIVISION,HIF005827,19.48861,-155.92611,Facility,Privately Owned Facility,NPDES
FEDEX PACKAGE DISTRIBUTION CENTER,HIF005833,21.315556,-157.922223,Facility,NA,NPDES
JACARANDA HEIGHTS,HIF005836,19.73357,-155.97805,Facility,NA,NPDES
KAUMUALII HIGHWAY WIDENING,HIF005838,21.96438,-159.401276,Permitted Feature,Municipal or Water District,NPDES
KAUMUALII HIGHWAY WIDENING,HIF005838,21.966011,-159.397341,Permitted Feature,Municipal or Water District,NPDES
KAUMUALII HIGHWAY WIDENING,HIF005838,21.967777,-159.392163,Permitted Feature,Municipal or Water District,NPDES
KAUMUALII HIGHWAY WIDENING,HIF005838,21.96438,-159.401276,Facility,Municipal or Water District,NPDES
HALEIWA SMALL BOAT HARBOR MAINTENANCE DREDGING,HIF005839,21.594166,-158.106111,Facility,NA,NPDES
MASS GRADING PLANS FOR EAST KAPOLEI I DEVELOPMENT,HIF005842,21.325,-158.066667,Facility,NA,NPDES
KAUAI COUNTY HANALEI TRANSFER STATION,HIF005843,22.207777,-159.454166,Permitted Feature,Municipal or Water District,NPDES
KEAUKAHA MILITARY RESERVATION,HIF005844,19.711654,-155.06422800000001,Facility,NA,NPDES
PULEHU FARM SUBDIVISION,HIF005845,20.82587,-156.33013,Facility,NA,NPDES
"KAMEHAMEHA HIGHWAY 8  WATER MAINS, PART B",HIF005846,21.593333,-158.103333,Facility,NA,NPDES
"METHANE MITIGATION, PIERS 36-38 HONOLULU HARBOR",HIF005850,21.345086,-157.900775,Facility,NA,NPDES
"NEW GYMNASIUM, PARKING LOT AND BALL COURTS AT EWA MAHIKO DISTRICT PARK",HIF005854,21.306111,-158.0275,Facility,NA,NPDES
SHOPS AT KOLOA TOWN PROJECT SITE & BORROW SITE,HIF005857,21.90515,-159.46547,Facility,NA,NPDES
BARKING SANDS UNDERWATER RANGE EXTENSION (BSURE) REFURBISHMENT,HIF005863,22.047394,-159.783983,Facility,NA,NPDES
"MAPUNAPUNA WATER SYSTEM IMPROVEMENTS, PART I",HIF005864,21.324007,-157.894252,Permitted Feature,Municipal or Water District,NPDES
"MAPUNAPUNA WATER SYSTEM IMPROVEMENTS, PART I",HIF005864,21.334688,-157.893919,Permitted Feature,Municipal or Water District,NPDES
"MAPUNAPUNA WATER SYSTEM IMPROVEMENTS, PART I",HIF005864,21.33483,-157.896291,Permitted Feature,Municipal or Water District,NPDES
"MAPUNAPUNA WATER SYSTEM IMPROVEMENTS, PART I",HIF005864,21.33483,-157.896291,Facility,Municipal or Water District,NPDES
"R.H.S. LEE, INC.",HIF005869,21.405,-157.98111,Facility,Privately Owned Facility,NPDES
"FY08 NEW BARRACKS COMPLEX AT SCHOFIELD BARRACKS, OAHU, HAWAII",HIF005870,21.484155,-158.052823,Facility,NA,NPDES
GREEN ENERGY HAWAII,HIF005872,21.965,-159.459166,Facility,Privately Owned Facility,NPDES
DRIVEWAY PLANS FOR FARM DWELLINGS OF EDWARD H. ING AT 58-121 B & C KAUNALA STREE,HIF005877,21.681166,-158.032384,Facility,NA,NPDES
"NIMITZ HWY/ALA MOANA BLVD RESURFACING AND HIGHWAY LIGHTING REPLACEMENT, FORT ST.",HIF005878,21.308158,-157.865769,Facility,Municipal or Water District,NPDES
SARALOU RESIDENCE,HIF005879,22.1075,-159.301667,Facility,NA,NPDES
CONSTRUCTION OF PIER 29 CONTAINER YARD,HIF005882,21.313115,-157.871498,Facility,NA,NPDES
ANAINA HOU,HIF005883,22.210277,-159.417777,Permitted Feature,Privately Owned Facility,NPDES
ANAINA HOU,HIF005883,22.210277,-159.417499,Permitted Feature,Privately Owned Facility,NPDES
ANAINA HOU,HIF005883,22.209166,-159.416666,Permitted Feature,Privately Owned Facility,NPDES
"STATE ROUTE 200 - SADDLE ROAD, EAST SECTION (MP19-11)",HIF005884,19.708888,-155.234721,Facility,Federal Facility (U.S. Government),NPDES
MAMALAHOA HIGHWAY WIDENING (NORTH HAWAII COMMUNITY HOSPITAL TO THE 56 MILE MARKE,HIF005885,19.71976,-155.07926,Facility,NA,NPDES
HOKULANI GOLF VILLAS,HIF005886,20.74961,-156.44349,Facility,NA,NPDES
ALA MOANA BOULEVARD SEWER RECONSTRUCTION,HIF005887,21.287777,-157.842222,Facility,NA,NPDES
KAKAAKO COMMUNITY DEVELOPMENT DISTRICT,HIF005888,21.294721,-157.866666,Permitted Feature,NA,NPDES
KAKAAKO COMMUNITY DEVELOPMENT DISTRICT,HIF005888,21.302777,-157.864444,Permitted Feature,NA,NPDES
KAKAAKO COMMUNITY DEVELOPMENT DISTRICT,HIF005888,21.292777,-157.855277,Permitted Feature,NA,NPDES
KAMEHAMEHA SCHOOLS WAIPA FOUNDATION COMMUNITY CULTURAL CENTER,HIF005889,22.200263,-159.511944,Facility,Privately Owned Facility,NPDES
DEPARTMENT OF TRANSPORTATION SERVICES - TRAFFIC SIGNAL MAINTENANCE BUILDING,HIF005890,21.395555,-157.978332,Permitted Feature,Municipal or Water District,NPDES
"FY11 MCA PN 65650 COMMAND AND CONTROL FACILITY, PHASES 1- 4",HIF005891,21.337499,-157.888333,Facility,Federal Facility (U.S. Government),NPDES
"PACIFIC HEIGHTS WSI, PART 1",HIF005892,21.32407,-157.84287,Facility,NA,NPDES
KIHEI BIKEWAY AT PI'IKEA AVENUE (FROM WAIPUILANI ST. TO LIPOA ST.),HIF005897,20.74826,-156.44943,Facility,NA,NPDES
"EAST MOOMOMI ROAD, HOOLEHUA, MOLOKAI",HIF005898,21.160833,-157.072917,Facility,NA,NPDES
WARD AVENUE:12-INCH AND 8-INCH WATER MAINS - BOARD OF WATER SUPPLY,HIF005904,21.293055,-157.858611,Permitted Feature,Municipal or Water District,NPDES
WARD AVENUE:12-INCH AND 8-INCH WATER MAINS - BOARD OF WATER SUPPLY,HIF005904,21.293055,-157.858611,Facility,Municipal or Water District,NPDES
KALAELOA STORAGE AND BUILDING FACILITIES,HIF005906,21.31319,-158.11187,Facility,NA,NPDES
"EMERGENCY ROADWAY IMPROVEMENTS, AIEA HEIGHTS DRIVE",HIF005910,21.395555,-157.908056,Facility,NA,NPDES
"KAPAHULU WATER SYSTEM IMPROVEMENTS, PART III",HIF005913,21.26976,-157.81324,Facility,NA,NPDES
THE RIDGE AT KEALAKEKUA,HIF005915,19.483888,-155.884444,Permitted Feature,Privately Owned Facility,NPDES
THE RIDGE AT KEALAKEKUA,HIF005915,19.487221,-155.890833,Permitted Feature,Privately Owned Facility,NPDES
THE RIDGE AT KEALAKEKUA,HIF005915,19.483888,-155.884444,Facility,Privately Owned Facility,NPDES
"KUHIO HIGHWAY INTERSECTION IMPROVEMENTS AT WAIAKALUA ST. & NORTH WAIAKALUA ST.,",HIF005919,22.203,-159.40888,Facility,NA,NPDES
FRANCISCAN VISTAS EWA,HIF005920,21.338333,-158.040555,Permitted Feature,Privately Owned Facility,NPDES
"FY08 OMA PACKAGE A-016, KTA DIP POND",HIF005927,21.385555,-158.012778,Facility,NA,NPDES
UHH STUDENT SERVICE BUILDING #338 EXPANSION,HIF005930,19.706305,-155.073196,Permitted Feature,Privately Owned Facility,NPDES
UHH STUDENT SERVICE BUILDING #338 EXPANSION,HIF005930,19.706667,-155.073889,Permitted Feature,Privately Owned Facility,NPDES
UHH STUDENT SERVICE BUILDING #338 EXPANSION,HIF005930,19.706305,-155.073196,Facility,Privately Owned Facility,NPDES
"NIMITZ HWY/ALA MOANA BLVD RESURFACING AND HIGHWAY LIGHTING REPLACEMENT, FORT ST.",HIF005932,21.308056,-157.865833,Permitted Feature,Municipal or Water District,NPDES
"NIMITZ HWY/ALA MOANA BLVD RESURFACING AND HIGHWAY LIGHTING REPLACEMENT, FORT ST.",HIF005932,21.305556,-157.866111,Permitted Feature,Municipal or Water District,NPDES
"NIMITZ HWY/ALA MOANA BLVD RESURFACING AND HIGHWAY LIGHTING REPLACEMENT, FORT ST.",HIF005932,21.305,-157.865,Permitted Feature,Municipal or Water District,NPDES
"NIMITZ HWY/ALA MOANA BLVD RESURFACING AND HIGHWAY LIGHTING REPLACEMENT, FORT ST.",HIF005932,21.303611,-157.864722,Permitted Feature,Municipal or Water District,NPDES
"NIMITZ HWY/ALA MOANA BLVD RESURFACING AND HIGHWAY LIGHTING REPLACEMENT, FORT ST.",HIF005932,21.3025,-157.864444,Permitted Feature,Municipal or Water District,NPDES
"NIMITZ HWY/ALA MOANA BLVD RESURFACING AND HIGHWAY LIGHTING REPLACEMENT, FORT ST.",HIF005932,21.301944,-157.865278,Permitted Feature,Municipal or Water District,NPDES
"NIMITZ HWY/ALA MOANA BLVD RESURFACING AND HIGHWAY LIGHTING REPLACEMENT, FORT ST.",HIF005932,21.300556,-157.866111,Permitted Feature,Municipal or Water District,NPDES
"NIMITZ HWY/ALA MOANA BLVD RESURFACING AND HIGHWAY LIGHTING REPLACEMENT, FORT ST.",HIF005932,21.299444,-157.866944,Permitted Feature,Municipal or Water District,NPDES
"NIMITZ HWY/ALA MOANA BLVD RESURFACING AND HIGHWAY LIGHTING REPLACEMENT, FORT ST.",HIF005932,21.294444,-157.866944,Permitted Feature,Municipal or Water District,NPDES
"NIMITZ HWY/ALA MOANA BLVD RESURFACING AND HIGHWAY LIGHTING REPLACEMENT, FORT ST.",HIF005932,21.291389,-157.860278,Permitted Feature,Municipal or Water District,NPDES
"NIMITZ HWY/ALA MOANA BLVD RESURFACING AND HIGHWAY LIGHTING REPLACEMENT, FORT ST.",HIF005932,21.293333,-157.858889,Permitted Feature,Municipal or Water District,NPDES
"NIMITZ HWY/ALA MOANA BLVD RESURFACING AND HIGHWAY LIGHTING REPLACEMENT, FORT ST.",HIF005932,21.294167,-157.8575,Permitted Feature,Municipal or Water District,NPDES
"NIMITZ HWY/ALA MOANA BLVD RESURFACING AND HIGHWAY LIGHTING REPLACEMENT, FORT ST.",HIF005932,21.294444,-157.8575,Permitted Feature,Municipal or Water District,NPDES
"NIMITZ HWY/ALA MOANA BLVD RESURFACING AND HIGHWAY LIGHTING REPLACEMENT, FORT ST.",HIF005932,21.294167,-157.856944,Permitted Feature,Municipal or Water District,NPDES
"NIMITZ HWY/ALA MOANA BLVD RESURFACING AND HIGHWAY LIGHTING REPLACEMENT, FORT ST.",HIF005932,21.293611,-157.856111,Permitted Feature,Municipal or Water District,NPDES
"NIMITZ HWY/ALA MOANA BLVD RESURFACING AND HIGHWAY LIGHTING REPLACEMENT, FORT ST.",HIF005932,21.293611,-157.855833,Permitted Feature,Municipal or Water District,NPDES
"NIMITZ HWY/ALA MOANA BLVD RESURFACING AND HIGHWAY LIGHTING REPLACEMENT, FORT ST.",HIF005932,21.293333,-157.855278,Permitted Feature,Municipal or Water District,NPDES
"NIMITZ HWY/ALA MOANA BLVD RESURFACING AND HIGHWAY LIGHTING REPLACEMENT, FORT ST.",HIF005932,21.292778,-157.855278,Permitted Feature,Municipal or Water District,NPDES
"NIMITZ HWY/ALA MOANA BLVD RESURFACING AND HIGHWAY LIGHTING REPLACEMENT, FORT ST.",HIF005932,21.2925,-157.853889,Permitted Feature,Municipal or Water District,NPDES
"NIMITZ HWY/ALA MOANA BLVD RESURFACING AND HIGHWAY LIGHTING REPLACEMENT, FORT ST.",HIF005932,21.291944,-157.8525,Permitted Feature,Municipal or Water District,NPDES
"NIMITZ HWY/ALA MOANA BLVD RESURFACING AND HIGHWAY LIGHTING REPLACEMENT, FORT ST.",HIF005932,21.291667,-157.851667,Permitted Feature,Municipal or Water District,NPDES
"NIMITZ HWY/ALA MOANA BLVD RESURFACING AND HIGHWAY LIGHTING REPLACEMENT, FORT ST.",HIF005932,21.291389,-157.850556,Permitted Feature,Municipal or Water District,NPDES
"NIMITZ HWY/ALA MOANA BLVD RESURFACING AND HIGHWAY LIGHTING REPLACEMENT, FORT ST.",HIF005932,21.291389,-157.849444,Permitted Feature,Municipal or Water District,NPDES
"NIMITZ HWY/ALA MOANA BLVD RESURFACING AND HIGHWAY LIGHTING REPLACEMENT, FORT ST.",HIF005932,21.291111,-157.849167,Permitted Feature,Municipal or Water District,NPDES
"NIMITZ HWY/ALA MOANA BLVD RESURFACING AND HIGHWAY LIGHTING REPLACEMENT, FORT ST.",HIF005932,21.290556,-157.847778,Permitted Feature,Municipal or Water District,NPDES
"NIMITZ HWY/ALA MOANA BLVD RESURFACING AND HIGHWAY LIGHTING REPLACEMENT, FORT ST.",HIF005932,21.290556,-157.8475,Permitted Feature,Municipal or Water District,NPDES
"NIMITZ HWY/ALA MOANA BLVD RESURFACING AND HIGHWAY LIGHTING REPLACEMENT, FORT ST.",HIF005932,21.289722,-157.845,Permitted Feature,Municipal or Water District,NPDES
"NIMITZ HWY/ALA MOANA BLVD RESURFACING AND HIGHWAY LIGHTING REPLACEMENT, FORT ST.",HIF005932,21.287778,-157.842222,Permitted Feature,Municipal or Water District,NPDES
"NIMITZ HWY/ALA MOANA BLVD RESURFACING AND HIGHWAY LIGHTING REPLACEMENT, FORT ST.",HIF005932,21.287778,-157.842222,Permitted Feature,Municipal or Water District,NPDES
"NIMITZ HWY/ALA MOANA BLVD RESURFACING AND HIGHWAY LIGHTING REPLACEMENT, FORT ST.",HIF005932,21.287778,-157.842222,Permitted Feature,Municipal or Water District,NPDES
"NIMITZ HWY/ALA MOANA BLVD RESURFACING AND HIGHWAY LIGHTING REPLACEMENT, FORT ST.",HIF005932,21.287778,-157.842222,Permitted Feature,Municipal or Water District,NPDES
"NIMITZ HWY/ALA MOANA BLVD RESURFACING AND HIGHWAY LIGHTING REPLACEMENT, FORT ST.",HIF005932,21.288056,-157.841389,Permitted Feature,Municipal or Water District,NPDES
"NIMITZ HWY/ALA MOANA BLVD RESURFACING AND HIGHWAY LIGHTING REPLACEMENT, FORT ST.",HIF005932,21.2875,-157.840833,Permitted Feature,Municipal or Water District,NPDES
"NIMITZ HWY/ALA MOANA BLVD RESURFACING AND HIGHWAY LIGHTING REPLACEMENT, FORT ST.",HIF005932,21.283889,-157.839167,Permitted Feature,Municipal or Water District,NPDES
"NIMITZ HWY/ALA MOANA BLVD RESURFACING AND HIGHWAY LIGHTING REPLACEMENT, FORT ST.",HIF005932,21.280833,-157.8375,Permitted Feature,Municipal or Water District,NPDES
"MAKUU OFFSITE WATER SYSTEM PHASE 2: PRODUCTION WELL, RESERVOIR, AND SUPPORTING F",HIF005933,19.504444,-154.955555,Permitted Feature,Municipal or Water District,NPDES
KAMEHAMEHA HIGHWAY: 8 - INCH WATER MAINS,HIF005934,21.420278,-157.801944,Facility,NA,NPDES
KAANAPALI ALI'I,HIF005937,20.918804,-156.693381,Facility,NA,NPDES
PARKING LOT  D  NORTHSIDE IMPROVEMENTS,HIF005939,21.357222,-157.952778,Facility,NA,NPDES
KAHULUI AIRPORT - APRON PAVEMENT STRUCTURAL IMPROVEMENTS,HIF005940,20.897777,-156.447221,Permitted Feature,Municipal or Water District,NPDES
"REHABILITATION OF STREETS, UNIT 62 - JOB NO. 23-08",HIF005949,21.28431,-157.82888,Facility,NA,NPDES
JOINT FORCES DEPLOYMENT STAGING AREA,HIF005952,21.365,-157.938333,Facility,NA,NPDES
PALANI WELL NO. 1 ACCESS ROAD AND SITE GRADING (1),HIF005960,19.679166,-156.030832,Permitted Feature,Privately Owned Facility,NPDES
OFFICES & MAINTENANCE FACILITY,HIF005961,21.336029,-157.909376,Facility,NA,NPDES
KEALIA FIRE STATION - NEW BUILDING,HIF005969,22.09,-159.311111,Facility,NA,NPDES
"WAIMEA CANYON DRIVE/KOKEE ROAD IMPROVEMENTS, PHASE 1",HIF005971,21.96044,-159.66964,Facility,NA,NPDES
KAKAAKO COMMUNITY DEVELOPMENT DISTRICT - QUEEN STREET PARKS,HIF005977,21.30425,-157.85981,Facility,NA,NPDES
KALANIANAOLE HIGHWAY BICYCLE IMPROVEMENTS VICINITY OF WAIMANALO BEACH PARK TO MA,HIF005982,21.34587,-157.71099,Facility,NA,NPDES
GRADING PLAN FOR THE HROMOKO RESIDENCE,HIF005983,22.22,-159.391944,Facility,NA,NPDES
"INTERSTATE ROUTE H-1 KINAU STREET OFF-RAMP IMPROVEMENTS, VICINITY OF QUEEN'S MED",HIF005985,21.294722,-157.866667,Facility,NA,NPDES
HONOKAA WASTEWATER COLLECTION SYSTEM FOR THE LARGE CAPACITY CESSPOOL CLOSURE,HIF005988,19.692278,-155.066083,Facility,NA,NPDES
"FY09 MCON P-200, REPLACE FUEL PIPELINES",HIF005991,21.365,-157.938055,Facility,NA,NPDES
"HAWAII BELT ROAD, KAWAILII STREAM BRIDGE REPLACEMENT",HIF005994,20.033611,-155.355556,Facility,NA,NPDES
"CASTLE HILLS ACCESS ROAD, DRAINAGE IMPROVEMENTS, PROJECT NO. HWY-O-04-98",HIF005996,21.403555,-157.810138,Facility,Municipal or Water District,NPDES
INTERSTATE ROUTE H-1 PEARL CITY AND WAIMALU VIADUCT IMPROVEMENTS,HIF006001,21.393444,-157.978139,Facility,NA,NPDES
QUEEN KAAHUMANU HIGHWAY IMPROVEMENTS AT KAWAIHAE ROAD,HIF006003,20.022999,-155.822499,Facility,Municipal or Water District,NPDES
EARTHQUAKE REPAIRS STATE OF HAWAII ROUTE 190,HIF006010,19.86865,-155.728745,Facility,NA,NPDES
EARTHQUAKE REPAIRS STATE OF HAWAII ROUTE 19 (HAWAII BELT ROAD),HIF006012,19.873945,-155.107556,Facility,NA,NPDES
N.O.A.A. PACIFIC REGIONAL CENTER,HIF006017,21.34829,-157.9642,Facility,NA,NPDES
OCEAN POINTE - GRADING AND SITE IMPROVEMENTS FOR AREA III AND FUTURE DEVELOPMENT,HIF006021,21.32172,-158.01989,Facility,NA,NPDES
"FY09 TOMMA PKG A-107, CORRECT DRAINAGE B692",HIF006023,21.49732,-158.05728,Facility,NA,NPDES
EARTHQUAKE REPAIRS STATE OF HAWAII ROUTES 250 (KAHALA MOUNTAIN ROAD) AND 270 (AK,HIF006024,20.029545,-155.701308,Facility,NA,NPDES
KAUAI BIBLE CHURCH HIGHWAY ACCESS,HIF006025,21.927066,-159.489621,Permitted Feature,Privately Owned Facility,NPDES
KAUAI BIBLE CHURCH HIGHWAY ACCESS,HIF006025,21.927066,-159.489621,Facility,Privately Owned Facility,NPDES
HIGHWAYS KAHULUI BASEYARD,HIF006030,20.889166,-156.449166,Facility,Municipal or Water District,NPDES
CVS/LONGS DISTRIBUTION CENTER,HIF006036,21.321629,-158.095371,Facility,NA,NPDES
MOKAUEA STREET IMPROVEMENTS,HIF006039,21.330554,-157.890833,Facility,Municipal or Water District,NPDES
OMAO RESERVOIR (HI-00113/KA-0113),HIF006046,21.920832,-159.483054,Permitted Feature,Privately Owned Facility,NPDES
THE VILLAGES OF AINA LE`A PHASE 1,HIF006048,19.935555,-155.841666,Facility,NA,NPDES
"FY08 MCON P-302 DRYDOCKS 1 AND 2 SHIP SUPPORT SERVICES, PEARL HARBOR",HIF006049,21.35126,-157.93124,Facility,NA,NPDES
HIGHWAYS LANAI BASEYARD,HIF006050,20.787499,-156.984999,Facility,Municipal or Water District,NPDES
HIGHWAYS KEANAE BASEYARD,HIF006051,20.859722,-156.14861,Permitted Feature,Municipal or Water District,NPDES
HIGHWAYS KEANAE BASEYARD,HIF006051,20.859722,-156.14861,Facility,Municipal or Water District,NPDES
HIGHWAYS HONOKAA BASEYARD,HIF006052,20.071388,-155.451944,Permitted Feature,Municipal or Water District,NPDES
HIGHWAYS HONOKAA BASEYARD,HIF006052,20.071388,-155.451944,Facility,Municipal or Water District,NPDES
HIGHWAYS MOLOKAI BASEYARD,HIF006053,21.110277,-157.056944,Permitted Feature,Municipal or Water District,NPDES
HIGHWAYS MOLOKAI BASEYARD,HIF006053,21.110277,-157.056944,Facility,Municipal or Water District,NPDES
HIGHWAYS PUHI BASEYARD,HIF006054,21.958333,-159.396666,Permitted Feature,Municipal or Water District,NPDES
HIGHWAYS PUHI BASEYARD,HIF006054,21.958333,-159.396666,Facility,Municipal or Water District,NPDES
"FY07 OMA PKG A-12, REPAIR/EXPAND REAR PRKG LOT FERNANDEZ HALL (BLDG. 580). SB, O",HIF006055,21.482778,-158.0475,Facility,NA,NPDES
"KALIHI VALLEY HOMES - SITE AND DWELLING IMPROVEMENTS, PHASE 4",HIF006056,21.360555,-157.867777,Permitted Feature,Municipal or Water District,NPDES
"YOUTH CENTER, MARINE CORPS BASE HAWAII",HIF006057,21.445833,-157.750278,Facility,NA,NPDES
HALE KIPA,HIF006058,21.367499,-158.03111,Permitted Feature,Privately Owned Facility,NPDES
HALE KIPA,HIF006058,21.367499,-158.03111,Facility,Privately Owned Facility,NPDES
LALAMILO OFF-SITE WATER SYSTEM (1),HIF006061,20.020554,-155.701388,Permitted Feature,Municipal or Water District,NPDES
LALAMILO OFF-SITE WATER SYSTEM (1),HIF006061,20.020554,-155.701388,Permitted Feature,Municipal or Water District,NPDES
QUEEN LILIUOKALANI VILLAGE-ON-SITE COLLECTION SYSTEM AND PRIVATE SEWER LATERAL C,HIF006068,19.658889,-155.985277,Facility,NA,NPDES
HONOLULU HIGH-CAPACITY TRANSIT CORRIDOR PROJECT (1),HIF006069,21.335555,-158.04111,Facility,Municipal or Water District,NPDES
OHANA KAI VILLAGE - RETENTION BASIN GRADING,HIF006072,20.81037,-156.6138,Facility,NA,NPDES
"HONOAPIILANI HIGHWAY REALIGNMENT PHASE 1B1, LAHAINALUNA ROAD TO HOKIOKIO PLACE",HIF006073,20.853611,-156.6625,Facility,Municipal or Water District,NPDES
KENOLIO ROAD,HIF006076,20.77462,-156.45764,Facility,NA,NPDES
LALAMILO OFF-SITE WATER SYSTEM,HIF006080,20.020554,-155.701388,Permitted Feature,Municipal or Water District,NPDES
LALAMILO OFF-SITE WATER SYSTEM,HIF006080,20.020554,-155.701388,Facility,Municipal or Water District,NPDES
KULANA SUBDIVISION,HIF006081,22.086621,-159.342544,Facility,Privately Owned Facility,NPDES
KAMEHAMEHA SCHOOL KAPALAMA CAMPUS MIDDLE SCHOOL,HIF006084,21.32611,-157.867499,Permitted Feature,Privately Owned Facility,NPDES
QUEEN LILI`UOKALANI VILLAGE (QLV) OFFSITE SEWER PROJECT,HIF006085,19.668611,-156.021389,Facility,NA,NPDES
SIC BIG ISLAND FIBER OPTICS DUCTLINE PROJECT - WAIMEA TO HILO FIBER OPTIC DUCTLI,HIF006087,19.7433,-155.09041,Facility,NA,NPDES
OLA'A PRODUCTION WELL AND RESERVOIR,HIF006088,19.556944,-155.062222,Facility,NA,NPDES
SIC KAHULUI TO KULA LOTS FIBER OPTICS DUCTLINE PROJECT,HIF006094,20.879166,-156.432499,Permitted Feature,Privately Owned Facility,NPDES
SIC KAHULUI TO KULA LOTS FIBER OPTICS DUCTLINE PROJECT,HIF006094,20.882777,-156.42861,Permitted Feature,Privately Owned Facility,NPDES
SIC KAHULUI TO KULA LOTS FIBER OPTICS DUCTLINE PROJECT,HIF006094,20.883333,-156.418054,Permitted Feature,Privately Owned Facility,NPDES
SIC KAHULUI TO KULA LOTS FIBER OPTICS DUCTLINE PROJECT,HIF006094,20.879166,-156.432499,Facility,Privately Owned Facility,NPDES
REPAIR AND IMPROVE PARKING LOT F,HIF006096,21.345339,-157.966014,Facility,NA,NPDES
FORT SHAFTER FUNSTON ROAD,HIF006098,21.34299,-157.88812,Facility,NA,NPDES
"CHILD DEVELOPMENT CENTER, MARINE CORPS BASE HAWAII",HIF006100,21.448611,-157.746666,Facility,NA,NPDES
"ADVANCED RADAR DETECTION LABORATORY (ARDL), FY 09 MCON P-422",HIF006101,22.053333,-159.784166,Facility,NA,NPDES
"REHABILITATION OF LOCALIZED STREETS, PHASE 5A",HIF006103,21.256389,-157.798889,Facility,NA,NPDES
WAIAWA,HIF006104,21.404167,-157.9825,Facility,NA,NPDES
"PRIVATIZATION OF FAMILY HOUSING FOR NAVY REGION HAWAII, PPV INCREMENT 2 - OFFICE",HIF006105,21.44966,-157.7381,Facility,NA,NPDES
FORT SHAFTER POST EXCHANGE,HIF006107,21.34299,-157.88812,Facility,NA,NPDES
"PIER 24, STATE OF HAWAII DEPARTMENT OF TRANSPORTATION, HARBORS DIVISION",HIF006109,21.31366,-157.87324,Facility,NA,NPDES
KUKUI'ULA WASTEWATER TREATMENT PLANT,HIF006110,21.888055,-159.49,Facility,NA,NPDES
"SLOPE MAINTENANCE FOR EROSION CONTROL AT VARIOUS SITES ON OAHU, PHASE 3",HIF006112,21.433702,-157.8195,Facility,NA,NPDES
SCHOFIELD BARRACKS VARIOUS ROADWAYS,HIF006117,21.481964,-158.05225,Facility,NA,NPDES
"KAHANU STREET, SCHOOL STREET AND UMI STREET RELIEF SEWERS",HIF006118,21.336389,-157.876667,Facility,NA,NPDES
SIC OAHU KAPIOLANI TO BOWL O DROME FIBER OPTICS DUCTLINE PROJECT,HIF006120,21.290471,-157.834683,Permitted Feature,Privately Owned Facility,NPDES
SIC OAHU KAPIOLANI TO BOWL O DROME FIBER OPTICS DUCTLINE PROJECT,HIF006120,21.287333,-157.831066,Permitted Feature,Privately Owned Facility,NPDES
SIC OAHU KAPIOLANI TO BOWL O DROME FIBER OPTICS DUCTLINE PROJECT,HIF006120,21.287658,-157.827832,Permitted Feature,Privately Owned Facility,NPDES
SIC OAHU KAPIOLANI TO BOWL O DROME FIBER OPTICS DUCTLINE PROJECT,HIF006120,21.290471,-157.834683,Facility,Privately Owned Facility,NPDES
AHFH - ALIAMANU MILITARY RESERVATION - VALLEY VIEW NEIGHBORHOOD,HIF006126,21.355555,-157.909166,Facility,Privately Owned Facility,NPDES
KAIPAPAU STREAM BRIDGE REPLACEMENT (PROJECT NO. BR-083-1(48)),HIF006127,21.617221,-157.914166,Facility,Municipal or Water District,NPDES
4433 KAHALA AVENUE,HIF006129,21.261157999999998,-157.78913,Facility,NA,NPDES
COMPUTERIZED TRAFFIC CONTROL SYSTEM PHASE XII,HIF006131,21.410556,-157.990833,Facility,NA,NPDES
MAUI LANI MEDICAL CENTER OFFICE BUILDINGS III & IV,HIF006137,20.897777,-156.480556,Facility,NA,NPDES
NORTH SOUTH ROAD DUCTLINE,HIF006143,21.34543,-157.95496,Facility,NA,NPDES
KAHEKILI HIGHWAY RESURFACING PROJECT,HIF006144,20.918056,-156.498055,Facility,NA,NPDES
916 MAUNAWILI RESIDENCE,HIF006145,21.374445,-157.769722,Facility,NA,NPDES
MAUI ECONOMIC OPPORTUNITY TRAINING CENTER,HIF006149,20.898055,-156.447499,Permitted Feature,Privately Owned Facility,NPDES
MAUI ECONOMIC OPPORTUNITY TRAINING CENTER,HIF006149,20.898055,-156.447499,Facility,Privately Owned Facility,NPDES
"VILLAGES OF LAI OPUA AUPAKA PRESERVE, UHIUHI PRESERVE, AND ARCHAEOLOGICAL PRESER",HIF006150,19.669166,-156.020832,Permitted Feature,Municipal or Water District,NPDES
KALOPA SAND GULCH BYPASS ROAD,HIF006152,20.055556,-155.418889,Facility,NA,NPDES
KAUAI COUNTY HANAPEPE TRANSFER STATION,HIF006154,21.905833,-159.597499,Permitted Feature,Municipal or Water District,NPDES
"JOB NO. 05-06 AKAHI, EIWA, ELUA, HARDY AND UMI STREETS - 8 INCH MAIN REPLACEMENT",HIF006155,21.973334,-159.369167,Facility,NA,NPDES
KAPAA REFUSE TRANSFER STATION,HIF006158,22.082499,-159.321943,Permitted Feature,Municipal or Water District,NPDES
HUI ULILI STREET: 12-INCH AND 8-INCH MAINS,HIF006160,21.434116,-157.837891,Permitted Feature,Municipal or Water District,NPDES
HUI ULILI STREET: 12-INCH AND 8-INCH MAINS,HIF006160,21.434671,-157.836208,Permitted Feature,Municipal or Water District,NPDES
HUI ULILI STREET: 12-INCH AND 8-INCH MAINS,HIF006160,21.435755,-157.835858,Permitted Feature,Municipal or Water District,NPDES
HUI ULILI STREET: 12-INCH AND 8-INCH MAINS,HIF006160,21.435755,-157.835858,Facility,Municipal or Water District,NPDES
HUI ULILI STREET: 12-INCH AND 8-INCH MAINS,HIF006161,21.434116,-157.837891,Permitted Feature,Municipal or Water District,NPDES
HUI ULILI STREET: 12-INCH AND 8-INCH MAINS,HIF006161,21.434671,-157.836208,Permitted Feature,Municipal or Water District,NPDES
HUI ULILI STREET: 12-INCH AND 8-INCH MAINS,HIF006161,21.435755,-157.835858,Permitted Feature,Municipal or Water District,NPDES
KALAWAO STREET:  8-INCH MAIN,HIF006164,21.30586,-157.8082,Facility,NA,NPDES
REPAVE ROADWAYS ALONG MARINE BARRACKS QUICK FIELD,HIF006168,21.345277,-157.966111,Facility,NA,NPDES
"HI0920013M & HI0920014M INSTALL EROSION CONTROL BMP,  ULUPA`U CRATER, N-FACE SLO",HIF006169,21.446111,-157.734444,Facility,NA,NPDES
DEMOLITION FOR BERETANIA SAFEWAY,HIF006170,21.290833,-157.845,Facility,NA,NPDES
"CHILD DEVELOPMENT CENTER (CDC),  WAHIAWA",HIF006173,21.531389,-158.013889,Facility,NA,NPDES
AKAKA FALLS SUBDIVISION,HIF006175,19.85302,-155.15153,Facility,NA,NPDES
REPAVE CUSHING STREET,HIF006177,21.352228,-157.960733,Facility,NA,NPDES
KAIOLOHIA PLACE AND WAY: 8-INCH MAINS,HIF006179,21.285749,-157.709341,Permitted Feature,Municipal or Water District,NPDES
KAIOLOHIA PLACE AND WAY: 8-INCH MAINS,HIF006179,21.288185,-157.708455,Permitted Feature,Municipal or Water District,NPDES
KAIOLOHIA PLACE AND WAY: 8-INCH MAINS,HIF006179,21.288571,-157.708052,Permitted Feature,Municipal or Water District,NPDES
KAIOLOHIA PLACE AND WAY: 8-INCH MAINS,HIF006180,21.285749,-157.709341,Permitted Feature,Municipal or Water District,NPDES
KAIOLOHIA PLACE AND WAY: 8-INCH MAINS,HIF006180,21.288185,-157.708455,Permitted Feature,Municipal or Water District,NPDES
KAIOLOHIA PLACE AND WAY: 8-INCH MAINS,HIF006180,21.288571,-157.708052,Permitted Feature,Municipal or Water District,NPDES
KAIOLOHIA PLACE AND WAY: 8-INCH MAINS,HIF006181,21.285749,-157.709341,Permitted Feature,Municipal or Water District,NPDES
KAIOLOHIA PLACE AND WAY: 8-INCH MAINS,HIF006181,21.288185,-157.708455,Permitted Feature,Municipal or Water District,NPDES
KAIOLOHIA PLACE AND WAY: 8-INCH MAINS,HIF006181,21.288571,-157.708052,Permitted Feature,Municipal or Water District,NPDES
WAIMANO TRAINING SCHOOL AND HOSPITAL,HIF006182,21.41674,-157.951209,Facility,NA,NPDES
LAKEVIEW ESTATES,HIF006183,19.706111,-155.105,Facility,NA,NPDES
FY10 PN 55281 TACTICAL EQUIPMENT MAINTENANCE FACILITY,HIF006186,21.526943,-158.041944,Facility,Federal Facility (U.S. Government),NPDES
CENTRAL MAUI MSW LANDFILL - PHASE V-B,HIF006189,20.772523,-156.327405,Facility,NA,NPDES
UNIVERSITY OF HAWAII - WEST OAHU OFF-SITE 440' WATER IMPROVEMENTS,HIF006190,21.380556,-158.061389,Facility,NA,NPDES
HONOLULU FIRE DEPARTMENT - EAST KAPOLEI FIRE STATION(NO. 43),HIF006198,21.334444,-158.055277,Permitted Feature,Municipal or Water District,NPDES
HONOLULU FIRE DEPARTMENT - EAST KAPOLEI FIRE STATION(NO. 43),HIF006198,21.334444,-158.055277,Facility,Municipal or Water District,NPDES
FORMER AHUKINI DUMP SITE RESTORATION AT LIHUE AIRPORT,HIF006200,21.980682,-159.33361,Permitted Feature,Municipal or Water District,NPDES
FORMER AHUKINI DUMP SITE RESTORATION AT LIHUE AIRPORT,HIF006200,21.978332,-159.33361,Permitted Feature,Municipal or Water District,NPDES
FORMER AHUKINI DUMP SITE RESTORATION AT LIHUE AIRPORT,HIF006200,21.977568,-159.334541,Permitted Feature,Municipal or Water District,NPDES
FORMER AHUKINI DUMP SITE RESTORATION AT LIHUE AIRPORT,HIF006200,21.980682,-159.33361,Facility,Municipal or Water District,NPDES
"JOINT TRAFFIC MANAGEMENT CENTER PARKING PHASES 1 & 2, ALAPAI TRANSIT CENTER RENO",HIF006203,21.303379,-157.854111,Facility,NA,NPDES
THE VILLAGES OF AINA LEA PHASE 1  SITE DEVELOPMENT,HIF006204,19.924443,-155.826666,Facility,Privately Owned Facility,NPDES
HAWAIIAN OCEAN VIEW ESTATES WELL DEVELOPMENT AND FILL SITE,HIF006205,19.024723,-155.815,Facility,NA,NPDES
WHEELER ARMY AIRFIELD CW2 LATCHUM ROAD,HIF006206,21.475717,-158.049866,Facility,NA,NPDES
"REHABILITATION OF STREETS-UNIT 58, CALIFORNIA AVENUE",HIF006207,21.492499,-158.028332,Permitted Feature,Municipal or Water District,NPDES
"REHABILITATION OF STREETS-UNIT 58, CALIFORNIA AVENUE",HIF006207,21.492499,-158.027777,Permitted Feature,Municipal or Water District,NPDES
"REHABILITATION OF STREETS-UNIT 58, CALIFORNIA AVENUE",HIF006207,21.500555,-158.028054,Permitted Feature,Municipal or Water District,NPDES
"REHABILITATION OF STREETS-UNIT 58, CALIFORNIA AVENUE",HIF006207,21.492499,-158.028332,Facility,Municipal or Water District,NPDES
"FY09 MCON P-578, FITNESS CENTER, PEARL HARBOR",HIF006208,21.35,-157.942777,Facility,NA,NPDES
PIPELINE REPLACEMENT FOR VIVIAN HEIGHTS AND KANAELE ROAD,HIF006211,22.081586,-159.329789,Facility,NA,NPDES
HOKULEI VILLAGE,HIF006212,21.955277,-159.373611,Facility,Privately Owned Facility,NPDES
CHEVRON PRODUCTS COMPANY,HIF006213,21.314166,-157.876388,Permitted Feature,Privately Owned Facility,NPDES
PUHI METALS RECYCLING CENTER,HIF006214,21.954166,-159.395833,Facility,Municipal or Water District,NPDES
WAILUKU II ELEMENTARY SCHOOL - DOE PROJECT NO. Q51003-07,HIF006216,20.875327,-156.506921,Facility,Municipal or Water District,NPDES
"MOANALUA FREEWAY RESURFACING, M.P. 0.00 TO M.P. 0.74",HIF006217,21.376807,-157.934471,Facility,Municipal or Water District,NPDES
"LYDGATE PARK TO KAPAA BIKE/PEDESTRIAN PATH PHASE B, PROJECT NO. STP-0700 (61) (1",HIF006223,22.063611,-159.318332,Facility,Municipal or Water District,NPDES
MASS GRADING OF TMK: (2) 3-6-001: 018,HIF006229,20.81037,-156.6138,Facility,NA,NPDES
FY10 MILCON UPGRADE AIR SUPPORT OPERATIONS CENTER (ASOC) COMPLEX WHEELER ADMINIS,HIF006230,21.480278,-158.047222,Facility,NA,NPDES
"FORD ISLAND VENTURES, LLC (1)",HIF006231,21.295555,-158.08611,Permitted Feature,Privately Owned Facility,NPDES
"FORD ISLAND VENTURES, LLC (1)",HIF006231,21.310833,-158.02861,Permitted Feature,Privately Owned Facility,NPDES
"FORD ISLAND VENTURES, LLC (1)",HIF006231,21.295555,-158.08611,Facility,Privately Owned Facility,NPDES
THE VILLAGES OF AINA LE'A PHASE 1 - VERTICAL CONSTRUCTION,HIF006233,19.925554,-155.826943,Facility,Privately Owned Facility,NPDES
"FY07 PN 57415 TACTICAL VEHICLE WASH FACILITY, KTA",HIF006234,21.67459,-157.99209,Facility,NA,NPDES
UNIVERSITY OF HAWAI'I WEST OAHU PHASE 1,HIF006235,21.355555,-158.054722,Facility,Municipal or Water District,NPDES
ORCHIDLAND TRADE CENTER,HIF006236,19.615277,-154.988055,Permitted Feature,Privately Owned Facility,NPDES
PUUKAPU HYBRID WATER SYSTEM,HIF006238,19.980278,-155.625556,Facility,NA,NPDES
GRADING AND CONSTRUCTION PLANS FOR LALAMILO HOUSING PHASE 2A,HIF006239,20.020554,-155.701388,Permitted Feature,Municipal or Water District,NPDES
GRADING AND CONSTRUCTION PLANS FOR LALAMILO HOUSING PHASE 2A,HIF006239,20.025277,-155.699721,Permitted Feature,Municipal or Water District,NPDES
GRADING AND CONSTRUCTION PLANS FOR LALAMILO HOUSING PHASE 2A,HIF006239,20.020554,-155.701388,Facility,Municipal or Water District,NPDES
PIER 1 MOBILE HARBOR CRANE,HIF006240,21.296388,-157.8525,Facility,Privately Owned Facility,NPDES
"FARRINGTON HIGHWAY MEDIAN IMPROVEMENTS, MILEPOST 3.50 TO MILEPOST 4.36",HIF006241,21.364722,-158.134471,Facility,Municipal or Water District,NPDES
"FY08 MCA PN 50950 BARRACKS PH 6B,  WHEELER ARMY AIR FIELD",HIF006244,21.475832,-158.05,Facility,Federal Facility (U.S. Government),NPDES
F22 RAPTOR BEDDOWN PROJECTS,HIF006245,21.317778,-157.958611,Facility,Federal Facility (U.S. Government),NPDES
CONSTRUCTION OF THE PAPAIKOU TRANSITE AND G.I. PIPELINE REPLACEMENT,HIF006246,19.779445,-155.089722,Facility,NA,NPDES
HELEMANU 11 RESERVOIR DAM BREACH PLAN,HIF006248,21.55459,-157.98866,Facility,NA,NPDES
"TRAFFIC CONTROL SIGNALIZATION AT VARIOUS LOCATIONS, PHASE 12",HIF006250,21.575832,-158.119999,Permitted Feature,Municipal or Water District,NPDES
"TRAFFIC CONTROL SIGNALIZATION AT VARIOUS LOCATIONS, PHASE 12",HIF006250,21.498333,-158.022499,Permitted Feature,Municipal or Water District,NPDES
"TRAFFIC CONTROL SIGNALIZATION AT VARIOUS LOCATIONS, PHASE 12",HIF006250,21.320554,-157.891666,Permitted Feature,Municipal or Water District,NPDES
C&CH WAHIAWA WWTP,HIF006254,21.491658,-158.03918,Permitted Feature,Municipal or Water District,NPDES
CANCER RESEARCH CENTER OF HAWAII,HIF006255,21.294444,-157.864722,Facility,Municipal or Water District,NPDES
"KUHIO HIGHWAY INTERSECTION IMPROVEMENTS AT KAPULE HIGHWAY, PROJECT HSIP-056-1(54",HIF006256,22.003888,-159.346388,Permitted Feature,Municipal or Water District,NPDES
"KUHIO HIGHWAY INTERSECTION IMPROVEMENTS AT KAPULE HIGHWAY, PROJECT HSIP-056-1(54",HIF006256,22.003888,-159.346388,Facility,Municipal or Water District,NPDES
BAK NORTH,HIF006257,20.648333,-156.442499,Permitted Feature,Privately Owned Facility,NPDES
BAK NORTH,HIF006257,20.648333,-156.442499,Facility,Privately Owned Facility,NPDES
KINAU STREET / WILDER AVENUE / DOLE STREET,HIF006263,21.294999,-157.866388,Permitted Feature,Municipal or Water District,NPDES
KINAU STREET / WILDER AVENUE / DOLE STREET,HIF006263,21.294166,-157.8575,Permitted Feature,Municipal or Water District,NPDES
KINAU STREET / WILDER AVENUE / DOLE STREET,HIF006263,21.292221,-157.854444,Permitted Feature,Municipal or Water District,NPDES
KINAU STREET / WILDER AVENUE / DOLE STREET,HIF006263,21.294999,-157.866388,Facility,Municipal or Water District,NPDES
ALA MOANA TRUNK SEWER REHABILITATION,HIF006264,21.296055,-157.865139,Facility,NA,NPDES
"KAHEAWA WIND POWER II, LLC",HIF006266,20.938632,-156.690028,Facility,NA,NPDES
AHFH - ALIAMANU MILITARY RESERVATION - HIBISCUS AND RED HILL MAKAI NEIGHBORHOODS,HIF006268,21.355555,-157.909166,Facility,Privately Owned Facility,NPDES
REPAIR SCHOFIELD BARRACKS SOUTH RANGE ROADS,HIF006269,21.484444,-158.084722,Facility,NA,NPDES
FORD ISLAND CHILD DEVELOPMENT CENTER,HIF006270,21.362778,-157.954167,Facility,NA,NPDES
COLLEGE OF HAWAIIAN LANGUAGE UH HILO,HIF006272,19.699721,-155.084444,Permitted Feature,Municipal or Water District,NPDES
COLLEGE OF HAWAIIAN LANGUAGE UH HILO,HIF006272,19.700555,-155.08361,Permitted Feature,Municipal or Water District,NPDES
BOBBY'S UNION 76 SS,HIF006274,21.377956,-157.930297,Permitted Feature,Privately Owned Facility,NPDES
MALAMA LEARNING CENTER,HIF006275,21.325157,-158.066133,Permitted Feature,Privately Owned Facility,NPDES
"THE VIRGIL A. PLACE ARBORETUM & BOTANICAL GARDENS, INC.",HIF006276,20.07575,-155.83647,Facility,NA,NPDES
"HONUA POWER, LLC",HIF006277,21.295833,-158.103888,Permitted Feature,Privately Owned Facility,NPDES
"REPAIR AND IMPROVE PARKING LOTS I AND K,  PEARL HARBOR, HAWAII",HIF006278,21.349722,-157.967223,Facility,NA,NPDES
LYDGATE POND,HIF006281,22.040452,-159.33483,Permitted Feature,Municipal or Water District,NPDES
LYDGATE POND,HIF006281,22.041388,-159.334444,Permitted Feature,Municipal or Water District,NPDES
LYDGATE POND,HIF006281,22.040452,-159.33483,Facility,Municipal or Water District,NPDES
WAIMANALO IRRIGATION SYSTEM,HIF006287,21.35,-157.777221,Permitted Feature,Municipal or Water District,NPDES
WAIMANALO IRRIGATION SYSTEM,HIF006287,21.35,-157.77611,Permitted Feature,Municipal or Water District,NPDES
WAIMANALO IRRIGATION SYSTEM,HIF006287,21.352222,-157.775554,Permitted Feature,Municipal or Water District,NPDES
MARINE CORPS TRAINING AREA BELLOWS,HIF006288,21.35722,-157.70985,Facility,NA,NPDES
"SLOPE MAINTENANCE FOR EROSION CONTROL AT VARIOUS SITES ON OAHU, PHASE 4",HIF006290,21.34408,-158.1183,Facility,NA,NPDES
"HAWI NO. 3 RESERVOIR, MAINTENANCE AND REMEDIATION IMPROVEMENTS",HIF006292,20.265578,-155.846727,Facility,NA,NPDES
KONA COFFEE AND TEA COMPANY FLOOD CHANNEL,HIF006294,19.626666,-155.974443,Permitted Feature,Privately Owned Facility,NPDES
KAUAI AGGREGATES QUARRY,HIF006295,21.90028,-159.57381,Facility,NA,NPDES
HONOLULU HIGH-CAPACITY TRANSIT CORRIDOR PROJECT,HIF006296,21.379166,-158.020832,Permitted Feature,Municipal or Water District,NPDES
HONOLULU HIGH-CAPACITY TRANSIT CORRIDOR PROJECT,HIF006296,21.377777,-158.014722,Permitted Feature,Municipal or Water District,NPDES
HONOLULU HIGH-CAPACITY TRANSIT CORRIDOR PROJECT,HIF006296,21.383054,-158.011111,Permitted Feature,Municipal or Water District,NPDES
HONOLULU HIGH-CAPACITY TRANSIT CORRIDOR PROJECT,HIF006296,21.379166,-158.020832,Facility,Municipal or Water District,NPDES
HELCO ACCESS ROAD FOR THE AHUALOA WELL DEVELOPMENT,HIF006300,20.063611,-155.515556,Facility,NA,NPDES
HALE MOHALU II AFFORDABLE SENIOR AND FAMILY RENTAL HOUSING PROJECT,HIF006303,21.390555,-157.966666,Permitted Feature,Privately Owned Facility,NPDES
HALE MOHALU II AFFORDABLE SENIOR AND FAMILY RENTAL HOUSING PROJECT,HIF006303,21.393055,-157.966666,Permitted Feature,Privately Owned Facility,NPDES
LOT 1518-C,HIF006304,21.96162,-159.36566,Facility,NA,NPDES
KAPIOLANI BOULEVARD,HIF006305,21.294444,-157.8575,Facility,Municipal or Water District,NPDES
LOWER MAIN STREET RECONSTRUCTION,HIF006306,20.89519,-156.49291,Facility,NA,NPDES
NOAA PACIFIC REGIONAL CENTER MAIN FACILITY (CONTRACT # N62742-10-C-1301),HIF006308,21.365833,-157.965555,Permitted Feature,Federal Facility (U.S. Government),NPDES
NOAA PACIFIC REGIONAL CENTER MAIN FACILITY (CONTRACT # N62742-10-C-1301),HIF006308,21.367638,-157.962888,Permitted Feature,Federal Facility (U.S. Government),NPDES
NOAA PACIFIC REGIONAL CENTER MAIN FACILITY (CONTRACT # N62742-10-C-1301),HIF006308,21.360486,-157.958733,Permitted Feature,Federal Facility (U.S. Government),NPDES
NOAA PACIFIC REGIONAL CENTER MAIN FACILITY (CONTRACT # N62742-10-C-1301),HIF006308,21.367638,-157.962888,Facility,Federal Facility (U.S. Government),NPDES
KAPIOLANI MEDICAL CENTER - FOR WOMEN & CHILDREN: NEW BINGHAM PARKING GARAGE,HIF006317,21.290555,-157.834721,Permitted Feature,Privately Owned Facility,NPDES
"MAALAEA SMALL BOAT HARBOR IMPROVEMENTS, FERRY SYSTEM & UTILITY AND PIER",HIF006320,20.790894,-156.513527,Permitted Feature,Municipal or Water District,NPDES
"MAALAEA SMALL BOAT HARBOR IMPROVEMENTS, FERRY SYSTEM & UTILITY AND PIER",HIF006320,20.791144,-156.512772,Permitted Feature,Municipal or Water District,NPDES
"MAALAEA SMALL BOAT HARBOR IMPROVEMENTS, FERRY SYSTEM & UTILITY AND PIER",HIF006320,20.790421,-156.511391,Permitted Feature,Municipal or Water District,NPDES
REHABILITATION OF STREETS - UNIT 54,HIF006321,21.276666,-157.787777,Facility,Municipal or Water District,NPDES
FY10/FY11 WAIKIKI IMPROVEMENTS - KALAKAUA AVENUE,HIF006322,21.291389,-157.835555,Facility,NA,NPDES
MAILI SELF-HELP PROJECT III,HIF006330,21.418611,-158.174445,Facility,NA,NPDES
MILILANI SOLAR PARK ACCESS ROAD,HIF006331,21.409444,-158.019849,Permitted Feature,Privately Owned Facility,NPDES
HALEKAUWILA PLACE,HIF006332,21.294555,-157.866693,Permitted Feature,Privately Owned Facility,NPDES
HALEKAUWILA PLACE,HIF006332,21.294555,-157.866693,Facility,Privately Owned Facility,NPDES
HAWAI'I BIO ENERGY-KAUA`I ALGAE FARM,HIF006333,21.992222,-159.373334,Facility,NA,NPDES
HI DOE HILO HIGH SCHOOL,HIF006336,19.723416,-155.09408,Permitted Feature,Municipal or Water District,NPDES
HI DOE HILO HIGH SCHOOL,HIF006336,19.725282,-155.092105,Permitted Feature,Municipal or Water District,NPDES
DOW AGROSCIENCES - PROJECT KAUAI,HIF006337,21.925554,-159.622499,Facility,Privately Owned Facility,NPDES
WAILUA-KAPA`A WATER SYSTEM,HIF006338,22.065278,-159.318056,Facility,NA,NPDES
USAG POHAKULOA TRAINING AREA,HIF006340,19.71863,-155.09991,Facility,NA,NPDES
DATE STREET,HIF006351,21.284722,-157.820556,Facility,Municipal or Water District,NPDES
AIEA KOREAN UNITED METHODIST CHURCH,HIF006352,21.379444,-157.926389,Permitted Feature,Privately Owned Facility,NPDES
EMERGENCY POWER FACILITY AT HONOLULU INTERNATIONAL,HIF006355,21.333889,157.914722,Permitted Feature,Municipal or Water District,NPDES
EMERGENCY POWER FACILITY AT HONOLULU INTERNATIONAL,HIF006355,21.333889,-157.914722,Facility,Municipal or Water District,NPDES
"KAHUAPAANI STREET PAVEMENT RESURFACING, MOANALUA F",HIF006364,21.37459,-157.91924,Facility,Municipal or Water District,NPDES
"HONOLULU HIGH-CAPACITY TRANSIT CORRIDOR PROJECT, KAMEHAMEHA HIGHWAY SECTION GUID",HIF006370,21.396111,-157.978333,Facility,Municipal or Water District,NPDES
"REHABILITATION OF STREETS, UNIT 25",HIF006372,21.277222,-157.709444,Facility,Municipal or Water District,NPDES
VOLCANO ROAD (STATE HIGHWAY ROUTE 11),HIF006376,19.623611,-154.999722,Permitted Feature,Municipal or Water District,NPDES
VOLCANO ROAD (STATE HIGHWAY ROUTE 11),HIF006376,19.623333,-154.998889,Permitted Feature,Municipal or Water District,NPDES
VOLCANO ROAD (STATE HIGHWAY ROUTE 11),HIF006376,19.623611,-154.999722,Facility,Municipal or Water District,NPDES
JOINT POW/MIA ACCOUNTING COMMAND (JPAC),HIF006377,21.322222,-157.929722,Permitted Feature,Federal Facility (U.S. Government),NPDES
JOINT POW/MIA ACCOUNTING COMMAND (JPAC),HIF006377,21.338889000000002,-157.9675,Permitted Feature,Federal Facility (U.S. Government),NPDES
JOINT POW/MIA ACCOUNTING COMMAND (JPAC),HIF006377,21.33,-157.966389,Permitted Feature,Federal Facility (U.S. Government),NPDES
JOINT POW/MIA ACCOUNTING COMMAND (JPAC),HIF006377,21.328333,-157.961944,Permitted Feature,Federal Facility (U.S. Government),NPDES
JOINT POW/MIA ACCOUNTING COMMAND (JPAC),HIF006377,21.328333,-157.949444,Permitted Feature,Federal Facility (U.S. Government),NPDES
JOINT POW/MIA ACCOUNTING COMMAND (JPAC),HIF006377,21.3275,-157.946389,Permitted Feature,Federal Facility (U.S. Government),NPDES
JOINT POW/MIA ACCOUNTING COMMAND (JPAC),HIF006377,21.322222,-157.929722,Facility,Federal Facility (U.S. Government),NPDES
"REHABILITATION OF STREETS, UNIT 57 - JOB NO. 09-10",HIF006378,21.286944,-157.806944,Facility,Municipal or Water District,NPDES
"REHABILITATION OF STREETS, UNIT 64 BERETANIA - JOB",HIF006379,21.287439,-157.816389,Facility,Municipal or Water District,NPDES
MILILANI COMMUNITY CHURCH,HIF006384,21.470556,-157.995556,Permitted Feature,Privately Owned Facility,NPDES
MILILANI COMMUNITY CHURCH,HIF006384,21.47344,-157.99619,Facility,Privately Owned Facility,NPDES
ALAMO RENT A CAR,HIF006389,21.337709,-157.919414,Facility,NA,NPDES
HONOLULU HIGH-CAPACITY TRANSIT CORRIDOR PROJECT (2),HIF006392,21.379167,-158.020833,Facility,Municipal or Water District,NPDES
TED MAKALENA GOLF COURSE,HIF006394,21.382194,158.002056,Permitted Feature,Municipal or Water District,NPDES
"FACILITY REPAIR AND RESTORATION, BARBERS POINT 215' RESERVOIR NO. 1, NO. 2, AND",HIF006439,21.3375,-158.099167,Facility,Municipal or Water District,NPDES
"KAPOLEI PARKWAY, URBAN CORE 5, KAMAAHA AVENUE TO KAMOKILA BOULEVARD",HIF006449,21.295833,-158.086389,Facility,Municipal or Water District,NPDES
DORIS DUKE FOUNDATION FOR ISLAMIC ART,HIF006929,21.256666,-157.795277,Permitted Feature,Privately Owned Facility,NPDES
AOAO WAIAKEA VILLAS,HIF006944,19.716943,-155.077777,Permitted Feature,Privately Owned Facility,NPDES
"FY08 DLA MILCON (DESC0899) REPLACE HYDRANT FUEL SYSTEM, HAFB",HIF006964,21.3275,-157.946389,Facility,NA,NPDES
PACIFIC BEACH HOTEL,HIF006971,21.275,-157.829167,Permitted Feature,NA,NPDES
PUAINAKO HEIGHTS SUBDIVISION,HIF008024,19.681943,-155.133888,Permitted Feature,Privately Owned Facility,NPDES
PUAINAKO HEIGHTS SUBDIVISION,HIF008024,19.679443,-155.132499,Permitted Feature,Privately Owned Facility,NPDES
PUAINAKO HEIGHTS SUBDIVISION,HIF008024,19.679443,-155.130554,Permitted Feature,Privately Owned Facility,NPDES
PUAINAKO HEIGHTS SUBDIVISION,HIF008024,19.681943,-155.133888,Facility,Privately Owned Facility,NPDES
GBI BASEYARD,HIF008037,20.731943,-156.444444,Permitted Feature,Privately Owned Facility,NPDES
GBI BASEYARD,HIF008037,20.731943,-156.444444,Facility,Privately Owned Facility,NPDES
DAVE WALTERS AUTO BARN,HIF008061,22.21667,-159.43886,Facility,NA,NPDES
PETERSON LANE AND PUA LANE SEWER REHABILITAION,HIF008082,21.32168,-157.86706,Facility,NA,NPDES
NISHIDA/NAKAMURA SUBDIVISION,HIF008086,22.069166,-159.363333,Permitted Feature,Privately Owned Facility,NPDES
NISHIDA/NAKAMURA SUBDIVISION,HIF008086,22.069166,-159.363333,Facility,Privately Owned Facility,NPDES
"KALAELOA BOULEVARD IMPROVEMENTS, OVERALL PROJECT",HIF008090,21.298333,-158.100833,Permitted Feature,Privately Owned Facility,NPDES
"KALAELOA BOULEVARD IMPROVEMENTS, OVERALL PROJECT",HIF008090,21.298333,-158.100833,Facility,Privately Owned Facility,NPDES
REDWATER PARK SUBDIVISION,HIF008093,20.022705,-155.677678,Facility,NA,NPDES
MAUI HYATT VACATION CLUB,HIF008094,20.912583,-156.693388,Permitted Feature,Privately Owned Facility,NPDES
OPAEULA RESERVOIR NO 1 IMPROVEMENTS,HIF008097,21.570834,-158.028334,Facility,NA,NPDES
KAPOLEI INLINE HOCKEY ARENAS,HIF008100,21.295555,-158.08611,Permitted Feature,Privately Owned Facility,NPDES
KAONOULU MARKET PLACE,HIF008106,20.770832,-156.45,Permitted Feature,Privately Owned Facility,NPDES
KAONOULU MARKET PLACE,HIF008106,20.766943,-156.451111,Permitted Feature,Privately Owned Facility,NPDES
KAONOULU MARKET PLACE,HIF008106,20.766944,-156.435,Permitted Feature,Privately Owned Facility,NPDES
CONSTRUCT ROAD - SCHOFIELD BARRACKS TO HELEMANO MILITARY RESERVATION,HIF008112,21.4893,-158.04321,Facility,NA,NPDES
"MAPUNAPUNA WATER SYSTEM IMPROVEMENTS, PART I",HIF008114,21.324007,-157.894252,Permitted Feature,Municipal or Water District,NPDES
"MAPUNAPUNA WATER SYSTEM IMPROVEMENTS, PART I",HIF008114,21.334688,-157.893919,Permitted Feature,Municipal or Water District,NPDES
"MAPUNAPUNA WATER SYSTEM IMPROVEMENTS, PART I",HIF008114,21.33483,-157.896291,Permitted Feature,Municipal or Water District,NPDES
"MAPUNAPUNA WATER SYSTEM IMPROVEMENTS, PART I",HIF008114,21.324007,-157.894252,Facility,Municipal or Water District,NPDES
SIC AKAKA FALLS FIBER OPTICS DUCTLINE PROJECT,HIF008130,19.859056,-155.12365,Facility,NA,NPDES
WAINIHA BOOSTER PUMP AND HAENA STEEL TANK RENOVATIONS (1),HIF008139,22.211944,-159.545555,Facility,Municipal or Water District,NPDES
MANOA LANE,HIF008143,21.325556,-157.800833,Facility,NA,NPDES
"NAWILIWILI, NIUMALU, AND KUPOLO 6-INCH, 8-INCH, AND 12-INCH MAIN REPLACEMENTS PH",HIF008148,21.946944,-159.363055,Facility,Municipal or Water District,NPDES
"NEW COMMUNITY CENTER, LAO BUDDHIST FOUNDATION OF HAWAII",HIF008157,21.600833,-157.900278,Permitted Feature,Privately Owned Facility,NPDES
"NEW COMMUNITY CENTER, LAO BUDDHIST FOUNDATION OF HAWAII",HIF008157,21.598333,-157.898333,Permitted Feature,Privately Owned Facility,NPDES
"NEW COMMUNITY CENTER, LAO BUDDHIST FOUNDATION OF HAWAII",HIF008157,21.600833,-157.900278,Facility,Privately Owned Facility,NPDES
PEARL CITY BUS FACILITY SITE PAVING PHASE 2,HIF008160,21.395555,-157.978332,Permitted Feature,Municipal or Water District,NPDES
PEARL CITY BUS FACILITY SITE PAVING PHASE 2,HIF008160,21.394721,-157.96861,Permitted Feature,Municipal or Water District,NPDES
"RELOCATE IIT MAINTENANCE FACILITY, SUPPORT FACILITY PREP - ELLIOTT STREET, AND R",HIF008162,21.330277,-157.929443,Facility,Municipal or Water District,NPDES
"REHABILITATION OF STREETS, UNIT 51",HIF008163,21.408333,-157.945556,Facility,Municipal or Water District,NPDES
WAIPAHU TO MILILANI FIBER OPTICS DUCTLINE,HIF008168,21.463602,-158.024167,Permitted Feature,Privately Owned Facility,NPDES
WAIPAHU TO MILILANI FIBER OPTICS DUCTLINE,HIF008168,21.461667,-158.023611,Permitted Feature,Privately Owned Facility,NPDES
WAIPAHU TO MILILANI FIBER OPTICS DUCTLINE,HIF008168,21.450555,-158.0163,Permitted Feature,Privately Owned Facility,NPDES
LIHUE SUGAR MILL DECOMISSIONING,HIF008177,21.96309,-159.41382,Facility,NA,NPDES
HAWAII TRACKING A-SIDE ANTENNA REMOTE BLOCK CHANGE UPGRADE,HIF008178,21.572778,-158.240833,Facility,NA,NPDES
SIXTY PARKSIDE - THE CONDO'S AT WAIKALANI,HIF008180,21.465,-158.021388,Permitted Feature,Privately Owned Facility,NPDES
SIXTY PARKSIDE - THE CONDO'S AT WAIKALANI,HIF008180,21.464444,-158.0225,Permitted Feature,Privately Owned Facility,NPDES
AAHOAKA RESERVOIR,HIF008181,22.063333,-158.600279,Permitted Feature,Municipal or Water District,NPDES
HAHAIONE WATER SYSTEM IMPROVEMENTS,HIF008182,21.293263,-157.708683,Permitted Feature,Municipal or Water District,NPDES
HAHAIONE WATER SYSTEM IMPROVEMENTS,HIF008182,21.293263,-157.708683,Facility,Municipal or Water District,NPDES
KO`OLAA`ULA,HIF008185,21.335833,-158.040833,Facility,Municipal or Water District,NPDES
KAPOLEI WEST GOLF COURSE GRADING & KAPOLEI WEST GOLF COURSE GRADING 2,HIF008188,21.314166,-158.118888,Facility,Privately Owned Facility,NPDES
PRINCE JONAH KUHIO KALANIANAOLE FEDERAL BUILDING & U.S. COURTHOUSE,HIF008189,21.303611,-157.863611,Permitted Feature,Federal Facility (U.S. Government),NPDES
PRINCE JONAH KUHIO KALANIANAOLE FEDERAL BUILDING & U.S. COURTHOUSE,HIF008189,21.303611,-157.863611,Permitted Feature,Federal Facility (U.S. Government),NPDES
SOUTH PROJECT AREA,HIF008191,20.896388,-156.44611,Permitted Feature,Privately Owned Facility,NPDES
SOUTH PROJECT AREA,HIF008191,20.877778,-156.432222,Permitted Feature,Privately Owned Facility,NPDES
SOUTH PROJECT AREA,HIF008191,20.896388,-156.44611,Facility,Privately Owned Facility,NPDES
"PRIVATIZATION OF MARINE CORPS BASE HAWAII FAMILY HOUSING, PPV INCREMENT 5 - ULUP",HIF008192,21.444166,-157.736388,Permitted Feature,Federal Facility (U.S. Government),NPDES
"PRIVATIZATION OF MARINE CORPS BASE HAWAII FAMILY HOUSING, PPV INCREMENT 5 - ULUP",HIF008192,21.453611,-157.741666,Permitted Feature,Federal Facility (U.S. Government),NPDES
KING STREET RECONSTRUCTION,HIF008194,21.313611,-157.864166,Facility,Municipal or Water District,NPDES
"UPCOUNTRY MAUI WATERSHED PROJECT, DISTRIBUTION PIPELINE,PHASE 7",HIF008197,20.760555,-156.314722,Permitted Feature,Municipal or Water District,NPDES
"UPCOUNTRY MAUI WATERSHED PROJECT, DISTRIBUTION PIPELINE,PHASE 7",HIF008197,20.75285,-156.302027,Permitted Feature,Municipal or Water District,NPDES
"UPCOUNTRY MAUI WATERSHED PROJECT, DISTRIBUTION PIPELINE,PHASE 7",HIF008197,20.751944,-156.327222,Permitted Feature,Municipal or Water District,NPDES
"UPCOUNTRY MAUI WATERSHED PROJECT, DISTRIBUTION PIPELINE,PHASE 7",HIF008197,20.745,-156.315833,Permitted Feature,Municipal or Water District,NPDES
"REHABILITATION OF STREETS - RENTON ROAD, BETWEEN KAPOLEI PARKWAY AND ASING PARK",HIF008205,21.351111,-158.023054,Permitted Feature,Municipal or Water District,NPDES
"REHABILITATION OF STREETS - RENTON ROAD, BETWEEN KAPOLEI PARKWAY AND ASING PARK",HIF008205,21.339166,-158.024999,Permitted Feature,Municipal or Water District,NPDES
"REHABILITATION OF STREETS - RENTON ROAD, BETWEEN KAPOLEI PARKWAY AND ASING PARK",HIF008205,21.335277,-158.040277,Permitted Feature,Municipal or Water District,NPDES
"REHABILITATION OF STREETS - RENTON ROAD, BETWEEN KAPOLEI PARKWAY AND ASING PARK",HIF008205,21.334722,-158.040278,Permitted Feature,Municipal or Water District,NPDES
"REHABILITATION OF STREETS - RENTON ROAD, BETWEEN KAPOLEI PARKWAY AND ASING PARK",HIF008205,21.351111,-158.023054,Facility,Municipal or Water District,NPDES
NORTH PROJECT AREA,HIF008206,20.896388,-156.44611,Permitted Feature,Privately Owned Facility,NPDES
KAUAI RESOURCE CENTER AND LIHUE TRANSFER STATION,HIF008273,21.989166,-159.33361,Permitted Feature,Municipal or Water District,NPDES
"ROLLOFFS HAWAII, LLC",HIF008382,21.303889,-157.870556,Permitted Feature,Privately Owned Facility,NPDES
"ROLLOFFS HAWAII, LLC MAKEPONO TRANSFER STATION",HIF008386,21.309722,-157.875124,Permitted Feature,Privately Owned Facility,NPDES
GRADING AND UTILITIES FOR KAUKAMANA HALE 201H AFFORDABLE HOUSING SUBDIVISION,HIF009484,21.426667,158.177778,Permitted Feature,Privately Owned Facility,NPDES
ADVANCED TECHNOLOGY SOLAR TELESCOPE,HIF009485,20.681111,-156.253889,Permitted Feature,Federal Facility (U.S. Government),NPDES
ADVANCED TECHNOLOGY SOLAR TELESCOPE,HIF009485,20.720833,-15.271944,Permitted Feature,Federal Facility (U.S. Government),NPDES
ADVANCED TECHNOLOGY SOLAR TELESCOPE,HIF009485,20.665,-156.248056,Permitted Feature,Federal Facility (U.S. Government),NPDES
ADVANCED TECHNOLOGY SOLAR TELESCOPE,HIF009485,20.681111,-156.253889,Facility,Federal Facility (U.S. Government),NPDES
LAULANI VILLAGE,HIF009490,21.322778,-158.029722,Permitted Feature,Privately Owned Facility,NPDES
LAULANI VILLAGE,HIF009490,21.318056,-158.027222,Permitted Feature,Privately Owned Facility,NPDES
LAULANI VILLAGE,HIF009490,21.322778,-158.029722,Facility,Privately Owned Facility,NPDES
MILILANI HIGH SCHOOL SYNTHETIC TURF/STADIUM IMPROVEMENTS,HIF009495,21.4522,-158.0096,Facility,NA,NPDES
"HONOLULU HIGH-CAPACITY TRANSIT CORRIDOR PROJECT, KAMEHAMEHA HIGHWAY ARCHAEOLOGIC",HIF009502,21.381944,-157.946667,Facility,Municipal or Water District,NPDES
UHH WATER INFRASTRUCTURE IMPROVEMENTS,HIF009503,19.703611,155.091389,Permitted Feature,Municipal or Water District,NPDES
UHH WATER INFRASTRUCTURE IMPROVEMENTS,HIF009503,19.693056,155.095,Permitted Feature,Municipal or Water District,NPDES
UHH WATER INFRASTRUCTURE IMPROVEMENTS,HIF009503,19.703611,-155.091389,Facility,Municipal or Water District,NPDES
"LAHAINA MAUI, THE CHURCH OF JESUS CHRIST OF LATTER-DAY SAINTS",HIF009511,20.884444,156.679444,Permitted Feature,Privately Owned Facility,NPDES
CHEVRON PRODUCTS COMPANY HILO TERMINAL,HIF009513,19.718889,-155.051111,Permitted Feature,Privately Owned Facility,NPDES
"FY09 GROW THE ARMY PROJECTS: PN 69301, PN 68786, PN 68821, PN 68822 (1)",HIF009515,21.485278,-158.085278,Facility,Federal Facility (U.S. Government),NPDES
MALAKOLE INDUSTRIAL PARK-MALAKOLE STREET FRONTAGE IMPROVEMENTS,HIF009518,21.314722,-158.118889,Permitted Feature,Privately Owned Facility,NPDES
MALAKOLE INDUSTRIAL PARK-MALAKOLE STREET FRONTAGE IMPROVEMENTS,HIF009518,21.314722,-158.118889,Facility,Privately Owned Facility,NPDES
"FY12 PN 69489 - COMBAT AVIATION BRIGADE INFRASTRUCTURE, WHEELER ARMY AIR FIELD",HIF009520,21.469167,-158.039167,Facility,Federal Facility (U.S. Government),NPDES
HONOLULU HIGH-CAPACITY TRANSIT CORRIDOR PROJECT - CITY CENTER ARCHAEOLOGICAL INV,HIF009523,21.333056,-157.888611,Permitted Feature,Municipal or Water District,NPDES
HONOLULU HIGH-CAPACITY TRANSIT CORRIDOR PROJECT - CITY CENTER ARCHAEOLOGICAL INV,HIF009523,21.333056,-157.888889,Permitted Feature,Municipal or Water District,NPDES
HONOLULU HIGH-CAPACITY TRANSIT CORRIDOR PROJECT - CITY CENTER ARCHAEOLOGICAL INV,HIF009523,21.333056,-157.8875,Permitted Feature,Municipal or Water District,NPDES
HONOLULU HIGH-CAPACITY TRANSIT CORRIDOR PROJECT - CITY CENTER ARCHAEOLOGICAL INV,HIF009523,21.332778,-157.888056,Permitted Feature,Municipal or Water District,NPDES
HONOLULU HIGH-CAPACITY TRANSIT CORRIDOR PROJECT - CITY CENTER ARCHAEOLOGICAL INV,HIF009523,21.332778,-157.888333,Permitted Feature,Municipal or Water District,NPDES
HONOLULU HIGH-CAPACITY TRANSIT CORRIDOR PROJECT - CITY CENTER ARCHAEOLOGICAL INV,HIF009523,21.3325,-157.888611,Permitted Feature,Municipal or Water District,NPDES
HONOLULU HIGH-CAPACITY TRANSIT CORRIDOR PROJECT - CITY CENTER ARCHAEOLOGICAL INV,HIF009523,21.330556,-157.890833,Permitted Feature,Municipal or Water District,NPDES
HONOLULU HIGH-CAPACITY TRANSIT CORRIDOR PROJECT - CITY CENTER ARCHAEOLOGICAL INV,HIF009523,21.320556,-157.891389,Permitted Feature,Municipal or Water District,NPDES
HONOLULU HIGH-CAPACITY TRANSIT CORRIDOR PROJECT - CITY CENTER ARCHAEOLOGICAL INV,HIF009523,21.322222,-157.873333,Permitted Feature,Municipal or Water District,NPDES
HONOLULU HIGH-CAPACITY TRANSIT CORRIDOR PROJECT - CITY CENTER ARCHAEOLOGICAL INV,HIF009523,21.322083,-157.873333,Permitted Feature,Municipal or Water District,NPDES
HONOLULU HIGH-CAPACITY TRANSIT CORRIDOR PROJECT - CITY CENTER ARCHAEOLOGICAL INV,HIF009523,21.321944,-157.873611,Permitted Feature,Municipal or Water District,NPDES
HONOLULU HIGH-CAPACITY TRANSIT CORRIDOR PROJECT - CITY CENTER ARCHAEOLOGICAL INV,HIF009523,21.32222,-157.8725,Permitted Feature,Municipal or Water District,NPDES
HONOLULU HIGH-CAPACITY TRANSIT CORRIDOR PROJECT - CITY CENTER ARCHAEOLOGICAL INV,HIF009523,21.321944,-157.873056,Permitted Feature,Municipal or Water District,NPDES
HONOLULU HIGH-CAPACITY TRANSIT CORRIDOR PROJECT - CITY CENTER ARCHAEOLOGICAL INV,HIF009523,21.321667,-157.873056,Permitted Feature,Municipal or Water District,NPDES
HONOLULU HIGH-CAPACITY TRANSIT CORRIDOR PROJECT - CITY CENTER ARCHAEOLOGICAL INV,HIF009523,21.318889,-157.874444,Permitted Feature,Municipal or Water District,NPDES
HONOLULU HIGH-CAPACITY TRANSIT CORRIDOR PROJECT - CITY CENTER ARCHAEOLOGICAL INV,HIF009523,21.313611,-157.865278,Permitted Feature,Municipal or Water District,NPDES
HONOLULU HIGH-CAPACITY TRANSIT CORRIDOR PROJECT - CITY CENTER ARCHAEOLOGICAL INV,HIF009523,21.313333,-157.864722,Permitted Feature,Municipal or Water District,NPDES
HONOLULU HIGH-CAPACITY TRANSIT CORRIDOR PROJECT - CITY CENTER ARCHAEOLOGICAL INV,HIF009523,21.313056,-157.865278,Permitted Feature,Municipal or Water District,NPDES
HONOLULU HIGH-CAPACITY TRANSIT CORRIDOR PROJECT - CITY CENTER ARCHAEOLOGICAL INV,HIF009523,21.311944,-157.865278,Permitted Feature,Municipal or Water District,NPDES
HONOLULU HIGH-CAPACITY TRANSIT CORRIDOR PROJECT - CITY CENTER ARCHAEOLOGICAL INV,HIF009523,21.311111,-157.865,Permitted Feature,Municipal or Water District,NPDES
HONOLULU HIGH-CAPACITY TRANSIT CORRIDOR PROJECT - CITY CENTER ARCHAEOLOGICAL INV,HIF009523,21.310833,-157.864722,Permitted Feature,Municipal or Water District,NPDES
HONOLULU HIGH-CAPACITY TRANSIT CORRIDOR PROJECT - CITY CENTER ARCHAEOLOGICAL INV,HIF009523,21.31,-157.864444,Permitted Feature,Municipal or Water District,NPDES
HONOLULU HIGH-CAPACITY TRANSIT CORRIDOR PROJECT - CITY CENTER ARCHAEOLOGICAL INV,HIF009523,21.309167,-157.864444,Permitted Feature,Municipal or Water District,NPDES
HONOLULU HIGH-CAPACITY TRANSIT CORRIDOR PROJECT - CITY CENTER ARCHAEOLOGICAL INV,HIF009523,21.306389,-157.864722,Permitted Feature,Municipal or Water District,NPDES
HONOLULU HIGH-CAPACITY TRANSIT CORRIDOR PROJECT - CITY CENTER ARCHAEOLOGICAL INV,HIF009523,21.305556,-157.864167,Permitted Feature,Municipal or Water District,NPDES
HONOLULU HIGH-CAPACITY TRANSIT CORRIDOR PROJECT - CITY CENTER ARCHAEOLOGICAL INV,HIF009523,21.305278,-157.864167,Permitted Feature,Municipal or Water District,NPDES
HONOLULU HIGH-CAPACITY TRANSIT CORRIDOR PROJECT - CITY CENTER ARCHAEOLOGICAL INV,HIF009523,21.303611,-157.863611,Permitted Feature,Municipal or Water District,NPDES
HONOLULU HIGH-CAPACITY TRANSIT CORRIDOR PROJECT - CITY CENTER ARCHAEOLOGICAL INV,HIF009523,21.296111,-157.865,Permitted Feature,Municipal or Water District,NPDES
HONOLULU HIGH-CAPACITY TRANSIT CORRIDOR PROJECT - CITY CENTER ARCHAEOLOGICAL INV,HIF009523,21.294444,-157.857222,Permitted Feature,Municipal or Water District,NPDES
HONOLULU HIGH-CAPACITY TRANSIT CORRIDOR PROJECT - CITY CENTER ARCHAEOLOGICAL INV,HIF009523,21.2925,-157.853889,Permitted Feature,Municipal or Water District,NPDES
HONOLULU HIGH-CAPACITY TRANSIT CORRIDOR PROJECT - CITY CENTER ARCHAEOLOGICAL INV,HIF009523,21.291389,-157.849444,Permitted Feature,Municipal or Water District,NPDES
HONOLULU HIGH-CAPACITY TRANSIT CORRIDOR PROJECT - CITY CENTER ARCHAEOLOGICAL INV,HIF009523,21.290833,-157.847778,Permitted Feature,Municipal or Water District,NPDES
HONOLULU HIGH-CAPACITY TRANSIT CORRIDOR PROJECT - CITY CENTER ARCHAEOLOGICAL INV,HIF009523,21.33444,-157.894167,Permitted Feature,Municipal or Water District,NPDES
HONOLULU HIGH-CAPACITY TRANSIT CORRIDOR PROJECT - CITY CENTER ARCHAEOLOGICAL INV,HIF009523,21.31,-157.864444,Facility,Municipal or Water District,NPDES
BRIGHAM YOUNG UNIVERSITY - HAWAII (BYU-H) MULTI-USE AND MARRIED STUDENT BUILDING,HIF009550,21.6425,157.920833,Permitted Feature,Privately Owned Facility,NPDES
BRIGHAM YOUNG UNIVERSITY - HAWAII (BYU-H) MULTI-USE AND MARRIED STUDENT BUILDING,HIF009550,21.6425,-157.920833,Facility,Privately Owned Facility,NPDES
LILIHA WATER SYSTEM IMPROVEMENTS PHASE A,HIF009552,21.313826,-157.861111,Facility,Municipal or Water District,NPDES
LILIHA WATER SYSTEM IMPROVEMENTS PHASE A,HIF009553,21.313826,-157.861111,Facility,Municipal or Water District,NPDES
WAILUA HOUSELOTS WATER MAIN REPLACEMENT,HIF009561,22.062778,159.341111,Permitted Feature,Municipal or Water District,NPDES
WAILUA HOUSELOTS WATER MAIN REPLACEMENT,HIF009561,22.062222,159.339722,Permitted Feature,Municipal or Water District,NPDES
WAILUA HOUSELOTS WATER MAIN REPLACEMENT,HIF009561,22.0525,159.334722,Permitted Feature,Municipal or Water District,NPDES
WAILUA HOUSELOTS WATER MAIN REPLACEMENT,HIF009561,22.062778,-159.341111,Facility,Municipal or Water District,NPDES
ULEHAWA STREAM FLOOD CONTROL IMPROVEMENTS,HIF009568,21.394167,-158.155556,Facility,Municipal or Water District,NPDES
ALIAMANU MILITARY RESERVATION - VALLEY VIEW PHASE II NEIGHBORHOOD - DEMOLITION,HIF009570,21.36143,-157.90077,Facility,Privately Owned Facility,NPDES
F-22 RAPTOR BEDDOWN PROJECTS # 3 & 4: SQUAD OPS AMU & INFRASTRUCTURE,HIF009574,21.320528,157.950946,Permitted Feature,Federal Facility (U.S. Government),NPDES
ANAHOLA CONCRETE BATCH PLANT,HIF009576,22.1367,-159.2936,Facility,Privately Owned Facility,NPDES
FY11 MCA PN67258 TAMC WBR BRIGADE COMPLEX PH 7A,HIF009577,21.364444,-157.894444,Permitted Feature,Federal Facility (U.S. Government),NPDES
FY11 MCA PN67258 TAMC WBR BRIGADE COMPLEX PH 7A,HIF009577,21.323889,-157.899167,Permitted Feature,Federal Facility (U.S. Government),NPDES
FY11 MCA PN67258 TAMC WBR BRIGADE COMPLEX PH 7A,HIF009577,21.364444,-157.894444,Facility,Federal Facility (U.S. Government),NPDES
HONOAPIILANI HIGHWAY SHORELINE PROTECTION FOR TSUNAMI DAMAGE IN UKUMEHAME,HIF009579,20.84925,-156.657389,Facility,Municipal or Water District,NPDES
"FLAGLER ROAD (SCHOFIELD BARRACKS), SANTOS DUMONT ROAD & WRIGHT AVENUE (WHEELER A",HIF009580,21.316111,-158.051667,Facility,Federal Facility (U.S. Government),NPDES
FY12 MCA PN 59581/CENTRAL VEHICLE WASH FACILITY,HIF009582,21.486389,-158.086111,Facility,Federal Facility (U.S. Government),NPDES
POHAKULOA TRAINING AREA - AHI QUARRY,HIF009589,19.666668,-155.53334,Facility,Federal Facility (U.S. Government),NPDES
"HONOLULU HIGH-CAPACITY TRANSIT CORRIDOR, AIRPORT SECTION, ARCHAEOLOGICAL INVENTO",HIF009592,21.36556,-157.9375,Facility,Municipal or Water District,NPDES
"VINEYARD BOULEVARD RESURFACING, VICINITY OF PALAMA STREET TO END OF H-1 ON AND O",HIF009607,21.31155,-157.85545,Facility,Municipal or Water District,NPDES
"KOHALA KAI, LLC (1)",HIF009608,20.065278,-155.8525,Facility,Privately Owned Facility,NPDES
HELEMANO MILITARY RESERVATION INFILLS,HIF009643,21.54,-158.024722,Facility,Federal Facility (U.S. Government),NPDES
MOHOULI SENIOR PHASE 1,HIF009654,19.703611,-155.091667,Facility,Privately Owned Facility,NPDES
TRI-L CONSTRUCTION INC.,HIF009666,21.095278,-157.237222,Facility,Privately Owned Facility,NPDES
MALAKOLE INDUSTRIAL PARK DRAINAGE DITCH,HIF009676,21.295833,-158.086389,Permitted Feature,Privately Owned Facility,NPDES
"KAMAKANA VILLAGES PHASE 1A, MASS GRADING",HIF009677,19.658611,-155.994722,Facility,Privately Owned Facility,NPDES
"REPAVE SOUTH RAMP AREAS 22-24, 26, 27, 29 AND 30 AT JOINT BASE PEARL HARBOR HICK",HIF009683,21.328217,-157.949317,Permitted Feature,Federal Facility (U.S. Government),NPDES
"REPAVE SOUTH RAMP AREAS 22-24, 26, 27, 29 AND 30 AT JOINT BASE PEARL HARBOR HICK",HIF009683,21.328492,-157.949122,Permitted Feature,Federal Facility (U.S. Government),NPDES
"REPAVE SOUTH RAMP AREAS 22-24, 26, 27, 29 AND 30 AT JOINT BASE PEARL HARBOR HICK",HIF009683,21.327358,-157.946481,Permitted Feature,Federal Facility (U.S. Government),NPDES
"REPAVE SOUTH RAMP AREAS 22-24, 26, 27, 29 AND 30 AT JOINT BASE PEARL HARBOR HICK",HIF009683,21.328217,-157.949317,Permitted Feature,Federal Facility (U.S. Government),NPDES
"REPAVE SOUTH RAMP AREAS 22-24, 26, 27, 29 AND 30 AT JOINT BASE PEARL HARBOR HICK",HIF009683,21.324019,-157.951644,Permitted Feature,Federal Facility (U.S. Government),NPDES
"REPAVE SOUTH RAMP AREAS 22-24, 26, 27, 29 AND 30 AT JOINT BASE PEARL HARBOR HICK",HIF009683,21.327133,-157.957317,Permitted Feature,Federal Facility (U.S. Government),NPDES
"REPAVE SOUTH RAMP AREAS 22-24, 26, 27, 29 AND 30 AT JOINT BASE PEARL HARBOR HICK",HIF009683,21.326406,-157.957086,Permitted Feature,Federal Facility (U.S. Government),NPDES
"REPAVE SOUTH RAMP AREAS 22-24, 26, 27, 29 AND 30 AT JOINT BASE PEARL HARBOR HICK",HIF009683,21.327133,-157.957317,Permitted Feature,Federal Facility (U.S. Government),NPDES
"REPAVE SOUTH RAMP AREAS 22-24, 26, 27, 29 AND 30 AT JOINT BASE PEARL HARBOR HICK",HIF009683,21.326089,-157.956844,Permitted Feature,Federal Facility (U.S. Government),NPDES
"HONOLULU HIGH-CAPACITY TRANSIT CORRIDOR PROJECT, AIRPORT SECTION, PRE-CONSTRUCTI",HIF009686,21.365278,-157.9375,Facility,Municipal or Water District,NPDES
FARRINGTON HIGHWAY REPLACEMENT OF MAIPALAOA BRIDGE FEDERAL AID PROJECT NO. BR-09,HIF009689,21.409444,-158.177222,Facility,Municipal or Water District,NPDES
"REPAVE SOUTH RAMP AREAS 3, 5, 6- 10, 14, 15, 19- 21, 25, AND 28 AT JOINT BASE PE",HIF009693,21.328217,157.949317,Permitted Feature,Federal Facility (U.S. Government),NPDES
"REPAVE SOUTH RAMP AREAS 3, 5, 6- 10, 14, 15, 19- 21, 25, AND 28 AT JOINT BASE PE",HIF009693,21.328492,157.949122,Permitted Feature,Federal Facility (U.S. Government),NPDES
"REPAVE SOUTH RAMP AREAS 3, 5, 6- 10, 14, 15, 19- 21, 25, AND 28 AT JOINT BASE PE",HIF009693,21.327358,157.946481,Permitted Feature,Federal Facility (U.S. Government),NPDES
"REPAVE SOUTH RAMP AREAS 3, 5, 6- 10, 14, 15, 19- 21, 25, AND 28 AT JOINT BASE PE",HIF009693,21.328217,157.949317,Permitted Feature,Federal Facility (U.S. Government),NPDES
"REPAVE SOUTH RAMP AREAS 3, 5, 6- 10, 14, 15, 19- 21, 25, AND 28 AT JOINT BASE PE",HIF009693,21.327133,157.957317,Permitted Feature,Federal Facility (U.S. Government),NPDES
"REPAVE SOUTH RAMP AREAS 3, 5, 6- 10, 14, 15, 19- 21, 25, AND 28 AT JOINT BASE PE",HIF009693,21.326406,157.957086,Permitted Feature,Federal Facility (U.S. Government),NPDES
"REPAVE SOUTH RAMP AREAS 3, 5, 6- 10, 14, 15, 19- 21, 25, AND 28 AT JOINT BASE PE",HIF009693,21.327133,157.957317,Permitted Feature,Federal Facility (U.S. Government),NPDES
WAKEA AVENUE PAVEMENT REHABILITATION (KAAHUMANU AVENUE TO PUUNENE AVENUE),HIF009701,20.88483,-156.47714,Facility,Municipal or Water District,NPDES
WAIHONUA AT KEWALO,HIF009702,21.287778,157.842222,Permitted Feature,Privately Owned Facility,NPDES
WAIHONUA AT KEWALO,HIF009702,21.291389,157.85,Permitted Feature,Privately Owned Facility,NPDES
"UNIVERSITY AVENUE: 12-INCH MAIN, PART II",HIF009713,21.285,-157.828333,Permitted Feature,Municipal or Water District,NPDES
"UNIVERSITY AVENUE: 12-INCH MAIN, PART II",HIF009713,21.285,-157.828333,Facility,Municipal or Water District,NPDES
KAMEHAMEHA AVENUE RECONSTRUCTION WAILOA BRIDGE TO PONAHAWAI STREET,HIF009714,19.71834,-155.0806,Facility,Municipal or Water District,NPDES
"PIPELINE REPLACEMENT ALONG WAIPOULI ROAD AND OLOHENA ROAD, WAILUA-KAPAA WATER SY",HIF009729,22.076667,-159.355833,Facility,Municipal or Water District,NPDES
UNIVERSITY OF HAWAII WEST OAHU TECHNOLOGY PARK,HIF009736,21.344444,-158.053056,Permitted Feature,Municipal or Water District,NPDES
UNIVERSITY OF HAWAII WEST OAHU TECHNOLOGY PARK,HIF009736,21.344444,-158.053056,Facility,Municipal or Water District,NPDES
AIEA PUBLIC LIBRARY REPLACEMENT FACILITY,HIF009741,21.379167,-157.926667,Facility,Municipal or Water District,NPDES
KIWC HONOLULU RAPID TRANSIT CASTING FACILITY,HIF009746,21.34444,-158.119167,Facility,Privately Owned Facility,NPDES
"WAIMEA CANYON DRIVE/KOKEE ROAD RESURFACING, MP6.0 TO MP 8.5, , 8.5, FED-AID PROJ",HIF009749,22.048611,-159.655556,Facility,Municipal or Water District,NPDES
POAMOHO CAMP WATER SYSTEM AND ROADWAY IMPROVEMENTS,HIF009759,21.518611,-158.039722,Facility,Privately Owned Facility,NPDES
"NUNU STREET: 8-INCH MAIN, KAILUA (KOOLAUPOKO), OAHU, HAWAII",HIF009777,21.425556,157.740278,Permitted Feature,Municipal or Water District,NPDES
"NUNU STREET: 8-INCH MAIN, KAILUA (KOOLAUPOKO), OAHU, HAWAII",HIF009777,21.425556,-157.740278,Facility,Municipal or Water District,NPDES
SOUTH KIHEI RD. PAVEMENT REHABILITATION - ALANUI KEALII DR. TO KAMAOLE BEACH PAR,HIF009779,20.723611,-156.448333,Facility,Municipal or Water District,NPDES
ALA MOANA BOULEVARD/AUAHI STREET SEWER REHABILITATION PHASE 2,HIF009780,21.294722,-157.866667,Permitted Feature,Municipal or Water District,NPDES
ALA MOANA BOULEVARD/AUAHI STREET SEWER REHABILITATION PHASE 2,HIF009780,21.294167,-157.8575,Permitted Feature,Municipal or Water District,NPDES
ALA MOANA BOULEVARD/AUAHI STREET SEWER REHABILITATION PHASE 2,HIF009780,21.294444,-157.857222,Permitted Feature,Municipal or Water District,NPDES
ALA MOANA BOULEVARD/AUAHI STREET SEWER REHABILITATION PHASE 2,HIF009780,21.293056,-157.858889,Permitted Feature,Municipal or Water District,NPDES
ALA MOANA BOULEVARD/AUAHI STREET SEWER REHABILITATION PHASE 2,HIF009780,21.291389,-157.860278,Permitted Feature,Municipal or Water District,NPDES
ALA MOANA BOULEVARD/AUAHI STREET SEWER REHABILITATION PHASE 2,HIF009780,21.294167,-157.856944,Permitted Feature,Municipal or Water District,NPDES
HAWAIIAN EARTH RECYCLING LLC,HIF009795,21.490968,-158.029757,Facility,Privately Owned Facility,NPDES
KA`U HIGH/PAHALA ELEMENTARY GYM AND SHELTER,HIF009799,19.201222,155.479139,Permitted Feature,Municipal or Water District,NPDES
KA`U HIGH/PAHALA ELEMENTARY GYM AND SHELTER,HIF009799,19.201222,-155.479139,Facility,Municipal or Water District,NPDES
"KAMAKANA VILLAGES PHASE 1A, SITE DEVELOPMENT",HIF009814,19.666612,-155.989246,Facility,Privately Owned Facility,NPDES
MOLOKAI HIGH SCHOOL SOFTBALL FIELD IMPROVEMENTS,HIF009832,21.16201,-157.04734,Facility,Municipal or Water District,NPDES
"B T KUWAHARA, LLC",HIF009833,19.507778,-154.9575,Permitted Feature,Privately Owned Facility,NPDES
"KAHULUI AIRPORT ACCESS ROAD, PHASE 1",HIF009851,20.878333,-156.4575,Facility,Municipal or Water District,NPDES
KUMAU STREET ENTRANCE IMPROVEMENTS AT PIER 4 INTER-ISLAND CARGO TERMINAL,HIF009855,19.73,-155.054444,Permitted Feature,Municipal or Water District,NPDES
KUMAU STREET ENTRANCE IMPROVEMENTS AT PIER 4 INTER-ISLAND CARGO TERMINAL,HIF009855,19.728611,-155.056944,Permitted Feature,Municipal or Water District,NPDES
"MAPUNAPUNA WATER SYSTEM IMPROVEMENTS, PART I",HIF009859,21.34051,-157.89595,Facility,Municipal or Water District,NPDES
WAIMALU WWPS PUMP STATION FORCE MAIN/WAIAU AREA SEWER REHABILITATION/RECONSTRUCT,HIF009868,21.386111,-157.952778,Permitted Feature,Municipal or Water District,NPDES
WAIMALU WWPS PUMP STATION FORCE MAIN/WAIAU AREA SEWER REHABILITATION/RECONSTRUCT,HIF009868,21.387222,-157.959167,Permitted Feature,Municipal or Water District,NPDES
WAIMALU WWPS PUMP STATION FORCE MAIN/WAIAU AREA SEWER REHABILITATION/RECONSTRUCT,HIF009868,21.386111,-157.952778,Facility,Municipal or Water District,NPDES
WALGREENS #15115 AT MAUI LANI VILLAGE CENTER,HIF009873,20.891389,-156.473333,Permitted Feature,Privately Owned Facility,NPDES
WALGREENS #15115 AT MAUI LANI VILLAGE CENTER,HIF009873,20.891389,-156.473333,Facility,Privately Owned Facility,NPDES
FORMER MAUI SCRAP METAL STORAGE YARD LICENSE AREA,HIF009874,20.851667,-156.496111,Facility,Privately Owned Facility,NPDES
"FARRINGTON HIGHWAY, REPLACEMENT OF MAKAHA BRIDGES",HIF009883,21.479444,-158.221667,Facility,Municipal or Water District,NPDES
"REHABILITATION OF STREETS, PEARL CITY",HIF009885,21.386308,-157.966291,Facility,Municipal or Water District,NPDES
WR 131093 REPAVE HELICOPTER PAD B544,HIF009889,21.330278,157.9725,Permitted Feature,Federal Facility (U.S. Government),NPDES
WR 131093 REPAVE HELICOPTER PAD B544,HIF009889,21.330278,-157.9725,Facility,Federal Facility (U.S. Government),NPDES
HO`OLUANA AT KOHEA LOA,HIF009892,21.996922,-159.348047,Facility,Privately Owned Facility,NPDES
AINA LEA HELCO CORRIDOR,HIF009895,20.007946,-155.813929,Facility,Privately Owned Facility,NPDES
ROYAL STAR HAWAII MOTORCOACH TOURS & DESTINATION SERVICES,HIF009905,21.317222,-157.886111,Permitted Feature,Privately Owned Facility,NPDES
IRRIGATION DITCHES AND RESERVOIRS IN EAST MAUI BETWEEN MAKAPIPI STREAM AND MALIK,HIF009980,20.804836,-156.137225,Permitted Feature,Privately Owned Facility,NPDES
IRRIGATION DITCHES AND RESERVOIRS IN EAST MAUI BETWEEN MAKAPIPI STREAM AND MALIK,HIF009980,20.862136,-156.190969,Permitted Feature,Privately Owned Facility,NPDES
IRRIGATION DITCHES AND RESERVOIRS IN EAST MAUI BETWEEN MAKAPIPI STREAM AND MALIK,HIF009980,20.861975,-156.179878,Permitted Feature,Privately Owned Facility,NPDES
IRRIGATION DITCHES AND RESERVOIRS IN EAST MAUI BETWEEN MAKAPIPI STREAM AND MALIK,HIF009980,20.911558,-156.3277,Permitted Feature,Privately Owned Facility,NPDES
IRRIGATION DITCHES AND RESERVOIRS IN EAST MAUI BETWEEN MAKAPIPI STREAM AND MALIK,HIF009980,20.804836,-156.137225,Facility,Privately Owned Facility,NPDES
FORMER SUGAR PLANTATION SURFACE WATER DITCH SYSTEM,HIF010179,20.939347,-156.513092,Permitted Feature,Privately Owned Facility,NPDES
FORMER SUGAR PLANTATION SURFACE WATER DITCH SYSTEM,HIF010179,20.81885,-156.513092,Permitted Feature,Privately Owned Facility,NPDES
CITY AND COUNTY OF HONOLULU STREAMS,HIF010285,21.278557,-157.750866,Permitted Feature,Municipality,NPDES
CITY AND COUNTY OF HONOLULU STREAMS,HIF010285,21.299441,-157.75612,Permitted Feature,Municipality,NPDES
CITY AND COUNTY OF HONOLULU STREAMS,HIF010285,21.283236,-157.77825,Permitted Feature,Municipality,NPDES
CITY AND COUNTY OF HONOLULU STREAMS,HIF010285,21.285639,-157.775809,Permitted Feature,Municipality,NPDES
CITY AND COUNTY OF HONOLULU STREAMS,HIF010285,21.289336,-157.834231,Permitted Feature,Municipality,NPDES
CITY AND COUNTY OF HONOLULU STREAMS,HIF010285,21.297065,-157.836701,Permitted Feature,Municipality,NPDES
CITY AND COUNTY OF HONOLULU STREAMS,HIF010285,21.34719,-157.891606,Permitted Feature,Municipality,NPDES
CITY AND COUNTY OF HONOLULU STREAMS,HIF010285,21.35415,-157.885422,Permitted Feature,Municipality,NPDES
CITY AND COUNTY OF HONOLULU STREAMS,HIF010285,21.344119,-157.894242,Permitted Feature,Municipality,NPDES
CITY AND COUNTY OF HONOLULU STREAMS,HIF010285,21.367453,-157.890311,Permitted Feature,Municipality,NPDES
CITY AND COUNTY OF HONOLULU STREAMS,HIF010285,21.411603,-157.799304,Permitted Feature,Municipality,NPDES
CITY AND COUNTY OF HONOLULU STREAMS,HIF010285,21.411076,-157.785055,Permitted Feature,Municipality,NPDES
CITY AND COUNTY OF HONOLULU STREAMS,HIF010285,21.412802,-157.802522,Permitted Feature,Municipality,NPDES
CITY AND COUNTY OF HONOLULU STREAMS,HIF010285,21.414515,-157.800593,Permitted Feature,Municipality,NPDES
CITY AND COUNTY OF HONOLULU STREAMS,HIF010285,21.405833,-157.790556,Permitted Feature,Municipality,NPDES
CITY AND COUNTY OF HONOLULU STREAMS,HIF010285,21.401694,-157.791056,Permitted Feature,Municipality,NPDES
CITY AND COUNTY OF HONOLULU STREAMS,HIF010285,21.396853,-157.791901,Permitted Feature,Municipality,NPDES
CITY AND COUNTY OF HONOLULU STREAMS,HIF010285,21.400837,-157.788372,Permitted Feature,Municipality,NPDES
CITY AND COUNTY OF HONOLULU STREAMS,HIF010285,21.295553,-158.098109,Permitted Feature,Municipality,NPDES
CITY AND COUNTY OF HONOLULU STREAMS,HIF010285,21.300933,-158.11133,Permitted Feature,Municipality,NPDES
CITY AND COUNTY OF HONOLULU STREAMS,HIF010285,21.409987,-157.953815,Permitted Feature,Municipality,NPDES
CITY AND COUNTY OF HONOLULU STREAMS,HIF010285,21.404006,-157.963801,Permitted Feature,Municipality,NPDES
CITY AND COUNTY OF HONOLULU STREAMS,HIF010285,21.38217,-157.936988,Permitted Feature,Municipality,NPDES
CITY AND COUNTY OF HONOLULU STREAMS,HIF010285,21.380542,-157.942055,Permitted Feature,Municipality,NPDES
CITY AND COUNTY OF HONOLULU STREAMS,HIF010285,21.386944,-158.025275,Permitted Feature,Municipality,NPDES
CITY AND COUNTY OF HONOLULU STREAMS,HIF010285,21.375833,-158.018889,Permitted Feature,Municipality,NPDES
CITY AND COUNTY OF HONOLULU STREAMS,HIF010285,21.575602,-158.120019,Permitted Feature,Municipality,NPDES
CITY AND COUNTY OF HONOLULU STREAMS,HIF010285,21.565342,-158.120445,Permitted Feature,Municipality,NPDES
CITY AND COUNTY OF HONOLULU STREAMS,HIF010285,21.290747,-157.814753,Permitted Feature,Municipality,NPDES
CITY AND COUNTY OF HONOLULU STREAMS,HIF010285,21.299566,-157.794093,Permitted Feature,Municipality,NPDES
CITY AND COUNTY OF HONOLULU STREAMS,HIF010285,21.3925,-157.804722,Permitted Feature,Municipality,NPDES
CITY AND COUNTY OF HONOLULU STREAMS,HIF010285,21.411603,-157.799304,Permitted Feature,Municipality,NPDES
LONGS DRUGS KAPAA,HIF010294,22.057338,-159.320876,Facility,Privately Owned Facility,NPDES
UH WEST OAHU CAMPUS,HIF010298,21.35556,-158.05472,Permitted Feature,Municipal or Water District,NPDES
UH WEST OAHU CAMPUS,HIF010298,21.35306,-158.05528,Permitted Feature,Municipal or Water District,NPDES
UH WEST OAHU CAMPUS,HIF010298,21.35444,-158.055,Permitted Feature,Municipal or Water District,NPDES
UH WEST OAHU CAMPUS,HIF010298,21.34611,-158.05556,Permitted Feature,Municipal or Water District,NPDES
UH WEST OAHU CAMPUS,HIF010298,21.34611,-158.05556,Permitted Feature,Municipal or Water District,NPDES
UH WEST OAHU CAMPUS,HIF010298,21.35222,-158.05556,Permitted Feature,Municipal or Water District,NPDES
UH WEST OAHU CAMPUS,HIF010298,21.35167,-158.05556,Permitted Feature,Municipal or Water District,NPDES
HARRIS REBAR SOUTH PACIFIC STEEL INC.,HIF010300,21.296059,-158.098181,Permitted Feature,Privately Owned Facility,NPDES
HANSEN ROAD PAVEMENT RECONSTRUCTION (SPANISH ROAD TO VICINITY OF HANA HIGHWAY) F,HIF010307,20.897743,-156.447582,Facility,Municipal or Water District,NPDES
"CONSTRUCT KILAUEA 466' TANK, 1.0 MG",HIF010308,22.209895,-159.381194,Permitted Feature,Municipal or Water District,NPDES
"CONSTRUCT KILAUEA 466' TANK, 1.0 MG",HIF010308,22.209895,-159.381194,Facility,Municipal or Water District,NPDES
"HAWAII FILM STUDIO, VARIOUS IMPROVEMENTS, PHASE 1 (1)",HIF010313,21.26703,-157.778767,Permitted Feature,State Government,NPDES
"HAWAII FILM STUDIO, VARIOUS IMPROVEMENTS, PHASE 1 (1)",HIF010313,21.26703,-157.778767,Facility,State Government,NPDES
WEST HAWAII SENIOR LIVING,HIF010315,19.625652,-155.979638,Facility,Privately Owned Facility,NPDES
WAINANI SUBDIVISION,HIF010318,21.891746,-159.460308,Facility,Privately Owned Facility,NPDES
HARDY STREET IMPROVEMENTS,HIF010319,21.97582,-159.37188,Facility,Municipal or Water District,NPDES
EXPANSION TO AMERICAN SAVINGS BANK - MILILANI TECHNOLOGY PARK,HIF010322,21.475105,-158.015852,Permitted Feature,Privately Owned Facility,NPDES
25 METER FULLY CONTAINED SDZ RANGE,HIF010326,19.725697,-154.994555,Permitted Feature,State Government,NPDES
25 METER FULLY CONTAINED SDZ RANGE,HIF010326,19.71455,-155.05013,Facility,State Government,NPDES
KAPOLEI II ELEMENTARY SCHOOL,HIF010327,21.3,-158.09,Permitted Feature,State Government,NPDES
GRADING PLAN FOR THE ANUHEA ESTATE,HIF010328,22.11265,-159.24406,Permitted Feature,Privately Owned Facility,NPDES
GRADING PLAN FOR THE ANUHEA ESTATE,HIF010328,22.11214,-159.24305,Permitted Feature,Privately Owned Facility,NPDES
NEW MOON FOUNDATION,HIF010330,20.212428,-155.798503,Permitted Feature,Privately Owned Facility,NPDES
NEW MOON FOUNDATION,HIF010330,20.214108,-155.794528,Permitted Feature,Privately Owned Facility,NPDES
NEW MOON FOUNDATION,HIF010330,20.214281,-155.794539,Permitted Feature,Privately Owned Facility,NPDES
NEW MOON FOUNDATION,HIF010330,20.220292,-155.795439,Permitted Feature,Privately Owned Facility,NPDES
NEW MOON FOUNDATION,HIF010330,20.220583,-155.796036,Permitted Feature,Privately Owned Facility,NPDES
NEW MOON FOUNDATION,HIF010330,20.221453,-155.795783,Permitted Feature,Privately Owned Facility,NPDES
NEW MOON FOUNDATION,HIF010330,20.233592,-155.790383,Permitted Feature,Privately Owned Facility,NPDES
"MQ000052J, REPAIR ALPHA AND BRAVO PADS, BRADSHAW ARMY AIRFIELD, POHAKULOA TRAINI",HIF010331,19.7586,-155.5569,Facility,Federal Facility (U.S. Government),NPDES
WAIULAULA AT MAUNA KEA,HIF010334,20.006717,-155.813534,Facility,Privately Owned Facility,NPDES
"MANONO STREET IMPROVEMENTS, LANIKAULA STREET TO KEKUANAOA STREET, FAP NO. STP-27",HIF010335,19.710693,-155.069993,Facility,Municipality,NPDES
MCDONALD'S PAIEA STREET,HIF010340,21.32774,-157.898966,Permitted Feature,Privately Owned Facility,NPDES
WAIAHOLE WATER SYSTEM IMPROVEMENTS REHABILITATION OF STEEL SIPHONS,HIF010341,21.447222,-157.984444,Facility,State Government,NPDES
NORTH/SOUTH COLLECTOR EXTENTION FROM WALUA PLACE TO KEONEKAI ROAD,HIF010343,20.723321,-156.447232,Permitted Feature,Privately Owned Facility,NPDES
NORTH/SOUTH COLLECTOR EXTENTION FROM WALUA PLACE TO KEONEKAI ROAD,HIF010343,20.717288,-156.442619,Permitted Feature,Privately Owned Facility,NPDES
NORTH/SOUTH COLLECTOR EXTENTION FROM WALUA PLACE TO KEONEKAI ROAD,HIF010343,20.714629,-156.441985,Permitted Feature,Privately Owned Facility,NPDES
NORTH/SOUTH COLLECTOR EXTENTION FROM WALUA PLACE TO KEONEKAI ROAD,HIF010343,20.723321,-156.447232,Facility,Privately Owned Facility,NPDES
MCCABE HAMILTON & RENNY CO. LTD. PIER 29,HIF010346,21.31065,-157.871593,Permitted Feature,Privately Owned Facility,NPDES
MCCABE HAMILTON & RENNY CO. LTD. PIER 29,HIF010346,21.31065,-157.871593,Facility,Privately Owned Facility,NPDES
KAI MAUKA IKE,HIF010348,20.8833,-156.6789,Permitted Feature,Privately Owned Facility,NPDES
RUNWAY 4R PAVEMENT REPAIRS,HIF010349,21.31014,-157.936639,Permitted Feature,State Government,NPDES
RUNWAY 4R PAVEMENT REPAIRS,HIF010349,21.311778,-157.926306,Permitted Feature,State Government,NPDES
RUNWAY 4R PAVEMENT REPAIRS,HIF010349,21.313972,-157.918444,Permitted Feature,State Government,NPDES
RUNWAY 4R PAVEMENT REPAIRS,HIF010349,21.315222,-157.916639,Permitted Feature,State Government,NPDES
RUNWAY 4R PAVEMENT REPAIRS,HIF010349,21.315722,-157.915722,Permitted Feature,State Government,NPDES
RUNWAY 4R PAVEMENT REPAIRS,HIF010349,21.31775,-157.912806,Permitted Feature,State Government,NPDES
RUNWAY 4R PAVEMENT REPAIRS,HIF010349,21.319139,-157.910694,Permitted Feature,State Government,NPDES
RUNWAY 4R PAVEMENT REPAIRS,HIF010349,21.31014,-157.936639,Permitted Feature,State Government,NPDES
AMERON HAWAII LLC HONOKOWAI READY-MIX PLANT,HIF010354,20.947188,-156.685839,Facility,Privately Owned Facility,NPDES
KAWAIHAE SMALL BOAT HARBOR (SOUTH) ROADWAY AND WATERLINE SYSTEM IMPROVEMENTS,HIF010355,20.032009,-155.82568,Permitted Feature,State Government,NPDES
KALIHI WATER SYSTEM IMPROVEMENTS PART III,HIF010358,21.3331,-157.8875,Permitted Feature,Municipality,NPDES
KALIHI WATER SYSTEM IMPROVEMENTS PART III,HIF010358,21.3328,-157.8825,Permitted Feature,Municipality,NPDES
KALIHI WATER SYSTEM IMPROVEMENTS PART III,HIF010358,21.3303,-157.8908,Permitted Feature,Municipality,NPDES
HONOLULU FACILITY (2),HIF010364,21.287199,-157.840567,Permitted Feature,Privately Owned Facility,NPDES
KAHULUI AIRPORT (1),HIF010368,20.897746,-156.447265,Permitted Feature,NA,NPDES
KAHULUI AIRPORT (1),HIF010368,20.898107,-156.447415,Permitted Feature,NA,NPDES
KAHULUI AIRPORT (1),HIF010368,20.909894,-156.423597,Permitted Feature,NA,NPDES
KAHULUI AIRPORT (1),HIF010368,20.897746,-156.447265,Facility,NA,NPDES
BRIGHAM YOUNG UNIVERSITY - HAWAII (BYU-H) STUDENT HOUSING - INCREMENTS 1B AND 1C,HIF010369,21.643,-157.921,Permitted Feature,Privately Owned Facility,NPDES
"KAUMUALII HIGHWAY RESURFACING, KIPU ROAD TO HULEIA BRIDGE",HIF010375,21.9625,-159.4428,Facility,State Government,NPDES
QUEENS MEDICAL CENTER WEST,HIF010377,21.222247,-158.014117,Permitted Feature,Privately Owned Facility,NPDES
QUEENS MEDICAL CENTER WEST,HIF010377,21.221687,-158.014004,Permitted Feature,Privately Owned Facility,NPDES
KAMEHAMEHA SCHOOLS HAWAII CAMPUS KAMEEIAMOKU BASEBALL FIELD IMPROVEMENTS,HIF010392,19.615082,-155.056441,Permitted Feature,Privately Owned Facility,NPDES
KULA I`O,HIF010403,20.79005,-156.339569,Facility,Privately Owned Facility,NPDES
WATER MAIN REPLACEMENT AT VARIOUS STREETS,HIF010412,21.294408,-157.857368,Permitted Feature,Municipality,NPDES
WATER MAIN REPLACEMENT AT VARIOUS STREETS,HIF010412,21.294235,-157.857566,Permitted Feature,Municipality,NPDES
WATER MAIN REPLACEMENT AT VARIOUS STREETS,HIF010412,21.293398,-157.812461,Permitted Feature,Municipality,NPDES
WATER MAIN REPLACEMENT AT VARIOUS STREETS,HIF010412,21.276809,-157.788042,Permitted Feature,Municipality,NPDES
WATER MAIN REPLACEMENT AT VARIOUS STREETS,HIF010412,21.327722,-157.866886,Permitted Feature,Municipality,NPDES
WATER MAIN REPLACEMENT AT VARIOUS STREETS,HIF010412,21.282729,-157.752814,Permitted Feature,Municipality,NPDES
WATER MAIN REPLACEMENT AT VARIOUS STREETS,HIF010412,21.284573,-157.753667,Permitted Feature,Municipality,NPDES
WATER MAIN REPLACEMENT AT VARIOUS STREETS,HIF010412,21.311132,-157.808824,Permitted Feature,Municipality,NPDES
WATER MAIN REPLACEMENT AT VARIOUS STREETS,HIF010412,21.311132,-157.808824,Facility,Municipality,NPDES
TJ MAXX,HIF010414,20.893875,-156.467883,Permitted Feature,Privately Owned Facility,NPDES
TJ MAXX,HIF010414,20.894737,-156.465804,Permitted Feature,Privately Owned Facility,NPDES
GRACE PACIFIC MANAWAINUI FACILITY,HIF010421,21.125152,-157.054938,Facility,Privately Owned Facility,NPDES
"MOLOKAI INTEGRATED SOLID WASTE FACILITY, PHASE 4 DISPOSAL CELL AND DRAINAGE IMPR",HIF010424,21.145598,-157.119369,Facility,Municipal or Water District,NPDES
"MIDDLE STREET PAVEMENT RECONSTRUCTION, NORTH KING STREET TO KAMEHAMEHA HIGHWAY",HIF010425,21.333056,-157.888333,Facility,Municipality,NPDES
SERVCO KAUAI TOYOTA,HIF010431,21.969086,-159.382677,Facility,Privately Owned Facility,NPDES
"KOLOA WELLS 16A & 16B WELL, SITE AND BUILDING IMPROVEMENTS",HIF010439,21.9118,-159.4603,Facility,Municipal or Water District,NPDES
KALANIANAOLE HIGHWAY RESURFACING WEST HIND DRIVE TO VICINITY OF HANAUMA BAY ROAD,HIF010441,21.282397,-157.736378,Facility,State Government,NPDES
HALE MAHAOLU EWALU,HIF010470,20.897743,-156.447582,Facility,Privately Owned Facility,NPDES
MAUI BUSINESS PARK HOOKELE CONDOMINIUMS LOTS B-1 & B-2,HIF010471,20.876389,-156.454556,Facility,Privately Owned Facility,NPDES
HONOLULU RAIL TRANSIT PROJECT - WEST OAHU/FARRINGTON HIGHWAY GUIDEWAY,HIF010473,21.379037,-158.020727,Permitted Feature,Municipality,NPDES
HONOLULU RAIL TRANSIT PROJECT - WEST OAHU/FARRINGTON HIGHWAY GUIDEWAY,HIF010473,21.37901,-158.020721,Permitted Feature,Municipality,NPDES
HONOLULU RAIL TRANSIT PROJECT - WEST OAHU/FARRINGTON HIGHWAY GUIDEWAY,HIF010473,21.379146,-158.020797,Permitted Feature,Municipality,NPDES
HONOLULU RAIL TRANSIT PROJECT - WEST OAHU/FARRINGTON HIGHWAY GUIDEWAY,HIF010473,21.379287,-158.020902,Permitted Feature,Municipality,NPDES
HONOLULU RAIL TRANSIT PROJECT - WEST OAHU/FARRINGTON HIGHWAY GUIDEWAY,HIF010473,21.378114,-158.020211,Permitted Feature,Municipality,NPDES
HONOLULU RAIL TRANSIT PROJECT - WEST OAHU/FARRINGTON HIGHWAY GUIDEWAY,HIF010473,21.378779,-158.02066,Permitted Feature,Municipality,NPDES
HONOLULU RAIL TRANSIT PROJECT - WEST OAHU/FARRINGTON HIGHWAY GUIDEWAY,HIF010473,21.380691,-158.022667,Permitted Feature,Municipality,NPDES
HONOLULU RAIL TRANSIT PROJECT - WEST OAHU/FARRINGTON HIGHWAY GUIDEWAY,HIF010473,21.364561,-158.026436,Permitted Feature,Municipality,NPDES
HONOLULU RAIL TRANSIT PROJECT - WEST OAHU/FARRINGTON HIGHWAY GUIDEWAY,HIF010473,21.374599,-158.033458,Permitted Feature,Municipality,NPDES
HONOLULU RAIL TRANSIT PROJECT - WEST OAHU/FARRINGTON HIGHWAY GUIDEWAY,HIF010473,21.374265,-158.033336,Permitted Feature,Municipality,NPDES
HONOLULU RAIL TRANSIT PROJECT - WEST OAHU/FARRINGTON HIGHWAY GUIDEWAY,HIF010473,21.366379,-158.022303,Permitted Feature,Municipality,NPDES
HONOLULU RAIL TRANSIT PROJECT - WEST OAHU/FARRINGTON HIGHWAY GUIDEWAY,HIF010473,21.343824,-158.052775,Permitted Feature,Municipality,NPDES
HONOLULU RAIL TRANSIT PROJECT - WEST OAHU/FARRINGTON HIGHWAY GUIDEWAY,HIF010473,21.344276,-158.052178,Permitted Feature,Municipality,NPDES
HONOLULU RAIL TRANSIT PROJECT - WEST OAHU/FARRINGTON HIGHWAY GUIDEWAY,HIF010473,21.360758,-158.053022,Permitted Feature,Municipality,NPDES
HONOLULU RAIL TRANSIT PROJECT - WEST OAHU/FARRINGTON HIGHWAY GUIDEWAY,HIF010473,21.383739,-158.006662,Permitted Feature,Municipality,NPDES
HONOLULU RAIL TRANSIT PROJECT - WEST OAHU/FARRINGTON HIGHWAY GUIDEWAY,HIF010473,21.387591,-157.991404,Permitted Feature,Municipality,NPDES
HONOLULU RAIL TRANSIT PROJECT - WEST OAHU/FARRINGTON HIGHWAY GUIDEWAY,HIF010473,21.388056,-157.986945,Permitted Feature,Municipality,NPDES
HONOLULU RAIL TRANSIT PROJECT - WEST OAHU/FARRINGTON HIGHWAY GUIDEWAY,HIF010473,21.378652,-158.014963,Permitted Feature,Municipality,NPDES
HONOLULU RAIL TRANSIT PROJECT - WEST OAHU/FARRINGTON HIGHWAY GUIDEWAY,HIF010473,21.380815,-158.002864,Permitted Feature,Municipality,NPDES
HONOLULU RAIL TRANSIT PROJECT - WEST OAHU/FARRINGTON HIGHWAY GUIDEWAY,HIF010473,21.392886,-157.977972,Permitted Feature,Municipality,NPDES
HONOLULU RAIL TRANSIT PROJECT - WEST OAHU/FARRINGTON HIGHWAY GUIDEWAY,HIF010473,21.393799,-157.978239,Permitted Feature,Municipality,NPDES
HONOLULU RAIL TRANSIT PROJECT - WEST OAHU/FARRINGTON HIGHWAY GUIDEWAY,HIF010473,21.395721,-157.978345,Permitted Feature,Municipality,NPDES
HONOLULU RAIL TRANSIT PROJECT - WEST OAHU/FARRINGTON HIGHWAY GUIDEWAY,HIF010473,21.39584,-157.978541,Permitted Feature,Municipality,NPDES
HONOLULU RAIL TRANSIT PROJECT - WEST OAHU/FARRINGTON HIGHWAY GUIDEWAY,HIF010473,21.396437,-157.979973,Permitted Feature,Municipality,NPDES
HONOLULU RAIL TRANSIT PROJECT - WEST OAHU/FARRINGTON HIGHWAY GUIDEWAY,HIF010473,21.398214,-157.984816,Permitted Feature,Municipality,NPDES
HONOLULU RAIL TRANSIT PROJECT - WEST OAHU/FARRINGTON HIGHWAY GUIDEWAY,HIF010473,21.382968,-158.011026,Permitted Feature,Municipality,NPDES
HONOLULU RAIL TRANSIT PROJECT - WEST OAHU/FARRINGTON HIGHWAY GUIDEWAY,HIF010473,21.384985,-158.000908,Permitted Feature,Municipality,NPDES
HONOLULU RAIL TRANSIT PROJECT - WEST OAHU/FARRINGTON HIGHWAY GUIDEWAY,HIF010473,21.384941,-158.000903,Permitted Feature,Municipality,NPDES
HONOLULU RAIL TRANSIT PROJECT - WEST OAHU/FARRINGTON HIGHWAY GUIDEWAY,HIF010473,21.385007,-158.000788,Permitted Feature,Municipality,NPDES
HONOLULU RAIL TRANSIT PROJECT - WEST OAHU/FARRINGTON HIGHWAY GUIDEWAY,HIF010473,21.384653,-158.000802,Permitted Feature,Municipality,NPDES
HONOLULU RAIL TRANSIT PROJECT - WEST OAHU/FARRINGTON HIGHWAY GUIDEWAY,HIF010473,21.38471,-158.000691,Permitted Feature,Municipality,NPDES
HONOLULU RAIL TRANSIT PROJECT - WEST OAHU/FARRINGTON HIGHWAY GUIDEWAY,HIF010473,21.379037,-158.020727,Facility,Municipality,NPDES
HFFC SAND ISLAND FUEL TERMINAL,HIF010480,21.317233,-157.890566,Facility,Privately Owned Facility,NPDES
WAIMALU WASTEWATER PUMP STATION FORCE MAIN AND WAIAU AREA SEWER REHABILITATION/R,HIF010485,21.386735,-157.952875,Permitted Feature,Municipality,NPDES
WAIMALU WASTEWATER PUMP STATION FORCE MAIN AND WAIAU AREA SEWER REHABILITATION/R,HIF010485,21.387189,-157.959162,Permitted Feature,Municipality,NPDES
WAIMALU WASTEWATER PUMP STATION FORCE MAIN AND WAIAU AREA SEWER REHABILITATION/R,HIF010485,21.386735,-157.952875,Facility,Municipality,NPDES
BLUE HAWAIIAN HELICOPTERS HONOLULU AIRPORT FACILITY,HIF010487,21.321385,-157.907691,Permitted Feature,Privately Owned Facility,NPDES
LODGE AT KOELE GOLF COURSE RENOVATION GRADING & DRAINAGE IMPROVEMENTS (1),HIF010501,20.818,-156.91,Permitted Feature,Privately Owned Facility,NPDES
LODGE AT KOELE GOLF COURSE RENOVATION GRADING & DRAINAGE IMPROVEMENTS (1),HIF010501,20.818,-156.91,Facility,Privately Owned Facility,NPDES
MASS GRADING PLANS FOR EWA BY GENTRY-WEST AREA 51-52,HIF010505,21.319847,-158.086389,Facility,Privately Owned Facility,NPDES
"RANGE ONE, ULUPAU RANGE TRAINING FACILITY, MARINE CORPS BASE HAWAII",HIF010510,21.454716,-157.724914,Permitted Feature,Federal Facility (U.S. Government),NPDES
"RANGE ONE, ULUPAU RANGE TRAINING FACILITY, MARINE CORPS BASE HAWAII",HIF010510,21.450512,-157.726185,Permitted Feature,Federal Facility (U.S. Government),NPDES
"RANGE ONE, ULUPAU RANGE TRAINING FACILITY, MARINE CORPS BASE HAWAII",HIF010510,21.454716,-157.724914,Facility,Federal Facility (U.S. Government),NPDES
MALAEKAHANA SRA KAHUKU SECTION PARK IMPROVEMENTS AND REPAIRS,HIF010511,21.672963,-157.935574,Permitted Feature,State Government,NPDES
MALAEKAHANA SRA KAHUKU SECTION PARK IMPROVEMENTS AND REPAIRS,HIF010511,21.668601,-157.936717,Permitted Feature,State Government,NPDES
MALAEKAHANA SRA KAHUKU SECTION PARK IMPROVEMENTS AND REPAIRS,HIF010511,21.672504,-157.941078,Permitted Feature,State Government,NPDES
MALAEKAHANA SRA KAHUKU SECTION PARK IMPROVEMENTS AND REPAIRS,HIF010511,21.672963,-157.935574,Permitted Feature,State Government,NPDES
MENEHUNE ROAD ROCKFALL MITIGATION,HIF010512,21.957999,-159.665436,Permitted Feature,State Government,NPDES
MENEHUNE ROAD ROCKFALL MITIGATION,HIF010512,21.956127,-159.664911,Permitted Feature,State Government,NPDES
MENEHUNE ROAD ROCKFALL MITIGATION,HIF010512,21.954032,-159.664091,Permitted Feature,State Government,NPDES
MENEHUNE ROAD ROCKFALL MITIGATION,HIF010512,21.952651,-159.665706,Permitted Feature,State Government,NPDES
MENEHUNE ROAD ROCKFALL MITIGATION,HIF010512,21.956127,-159.664911,Facility,State Government,NPDES
KONA STREET 8-INCH WATER MAIN (1),HIF010516,21.290694,-157.847861,Facility,Municipality,NPDES
ALIAMANU MILITARY RESERVATION (AMR) #1 SEWER PUMP STATION (SPS) REPLACEMENT (1),HIF010519,21.355378,-157.909047,Facility,Privately Owned Facility,NPDES
EWA BEACH WATER SYSTEM IMPROVEMENTS PART 11,HIF010521,21.309007,-158.018734,Permitted Feature,Municipality,NPDES
WAILEA RESIDENCE INN: PIILANI SUITES HOTEL,HIF010527,20.686814,-156.433439,Facility,Municipality,NPDES
"UPCOUNTRY MAUI WATERSHED, WAIAKOA LATERAL",HIF010528,20.741111,-156.311111,Permitted Feature,State Government,NPDES
"UPCOUNTRY MAUI WATERSHED, WAIAKOA LATERAL",HIF010528,20.748333,-156.321944,Permitted Feature,State Government,NPDES
"HNL NDWP WIDEN TAXILANES G AND L, PHASE 1",HIF010532,21.32787,-157.92938,Permitted Feature,Municipality,NPDES
"DIAMOND HEAD WATER SYSTEM IMPROVEMENTS, PART II",HIF010537,21.257262,-157.796623,Facility,Municipality,NPDES
"DIAMOND HEAD WATER SYSTEM IMPROVEMENT, PART II",HIF010538,21.25698,-157.798154,Permitted Feature,Municipality,NPDES
"DIAMOND HEAD WATER SYSTEM IMPROVEMENT, PART II",HIF010538,21.257262,-157.796623,Permitted Feature,Municipality,NPDES
"DIAMOND HEAD WATER SYSTEM IMPROVEMENT, PART II",HIF010538,21.267028,-157.7787,Permitted Feature,Municipality,NPDES
SMART POWER INFRASTRUCTURE DEMONSTRATION FOR ENERGY RELIABILITY AND SECURITY (SP,HIF010541,21.382,-157.909,Permitted Feature,Privately Owned Facility,NPDES
SMART POWER INFRASTRUCTURE DEMONSTRATION FOR ENERGY RELIABILITY AND SECURITY (SP,HIF010541,21.382,-157.909,Facility,Privately Owned Facility,NPDES
U OF N CAMPUS DEVELOPMENT (UNIVERSITY OF THE NATIONS),HIF010544,19.634504,-155.989755,Permitted Feature,Privately Owned Facility,NPDES
NATIONAL OCEANIC AND ATMOSPHERIC ADMINISTRATION (NOAA) PACIFIC REGIONAL CHILD DE,HIF010551,21.3325,-157.9056,Permitted Feature,Federal Facility (U.S. Government),NPDES
NATIONAL OCEANIC AND ATMOSPHERIC ADMINISTRATION (NOAA) PACIFIC REGIONAL CHILD DE,HIF010551,21.3325,-157.9056,Facility,Federal Facility (U.S. Government),NPDES
WEST LAGOON ACCESS ROAD (PROPOSED PUBLIC ROAD),HIF010553,21.305,-158.036,Permitted Feature,Privately Owned Facility,NPDES
WEST LAGOON ACCESS ROAD (PROPOSED PUBLIC ROAD),HIF010553,21.305,-158.036,Facility,Privately Owned Facility,NPDES
LYMAN ROAD SEWER UPGRADE PHASE III,HIF010559,21.476308,-158.050221,Facility,Privately Owned Facility,NPDES
LYMAN ROAD SEWER UPGRADE PHASE III (1),HIF010560,21.476308,-158.050221,Permitted Feature,Privately Owned Facility,NPDES
"HAWAIIAN HOUSEWARES, LTD.",HIF010563,21.410686,-157.975187,Facility,Privately Owned Facility,NPDES
KOLEKOLE ROCK QUARRY (2),HIF010572,21.453515,-158.030096,Permitted Feature,Federal Facility (U.S. Government),NPDES
OLD HALEAKALA HIGHWAY & MAKANI ROAD PAVEMENT REHABILITATION,HIF010573,20.84004,-156.34179,Facility,Municipal or Water District,NPDES
KALIHIWAI RANCH IMPROVEMENTS,HIF010590,22.219882,-159.419945,Permitted Feature,Municipality,NPDES
KALIHIWAI RANCH IMPROVEMENTS,HIF010590,22.222017,-159.418643,Permitted Feature,Municipality,NPDES
"HONOLULU INTERNATIONAL AIRPORT, KOI PONDS",HIF010592,21.327877,-157.92925,Permitted Feature,State Government,NPDES
"HNL NDWP WIDEN TAXILANES G AND L, PHASE I (1)",HIF010593,21.32787,-157.92938,Permitted Feature,State Government,NPDES
NANAKULI PUBLIC LIBRARY,HIF010594,21.381025,-158.147152,Permitted Feature,State Government,NPDES
NANAKULI PUBLIC LIBRARY,HIF010594,21.381025,-158.147152,Facility,State Government,NPDES
PUNAHOU SCHOOL CAMPUS IMPROVEMENTS (1),HIF010606,21.303333,-157.833889,Facility,Privately Owned Facility,NPDES
PALOLO CHINESE HOME CLARENCE T.C. CHING SKILLED NURSING FACILITY,HIF010608,21.303528,-157.785417,Permitted Feature,Privately Owned Facility,NPDES
PALOLO CHINESE HOME CLARENCE T.C. CHING SKILLED NURSING FACILITY,HIF010608,21.303222,-157.785972,Permitted Feature,Privately Owned Facility,NPDES
PALOLO CHINESE HOME CLARENCE T.C. CHING SKILLED NURSING FACILITY,HIF010608,21.303139,-157.786389,Permitted Feature,Privately Owned Facility,NPDES
"KAPAA QUARRY RECYCLING, INC.",HIF010611,21.400989,-157.767901,Facility,Privately Owned Facility,NPDES
"VINEYARD BOULEVARD RESURFACING, PALAMA STREET TO END OF H-1 ON/OFF RAMPS (1)",HIF010613,21.325997,-157.867491,Facility,State Government,NPDES
HAWAII BELT ROAD RESURFACING PEPEEKEO TO HAKALAU,HIF010615,19.8275,-155.1041,Permitted Feature,State Government,NPDES
HAWAII BELT ROAD RESURFACING PEPEEKEO TO HAKALAU,HIF010615,19.8276,-155.104,Permitted Feature,State Government,NPDES
HAWAII BELT ROAD RESURFACING PEPEEKEO TO HAKALAU,HIF010615,19.8275,-155.104,Permitted Feature,State Government,NPDES
HAWAII BELT ROAD RESURFACING PEPEEKEO TO HAKALAU,HIF010615,19.8289,-155.0997,Permitted Feature,State Government,NPDES
HAWAII BELT ROAD RESURFACING PEPEEKEO TO HAKALAU,HIF010615,19.8324,-155.1029,Permitted Feature,State Government,NPDES
HAWAII BELT ROAD RESURFACING PEPEEKEO TO HAKALAU,HIF010615,19.8351,-155.1036,Permitted Feature,State Government,NPDES
HAWAII BELT ROAD RESURFACING PEPEEKEO TO HAKALAU,HIF010615,19.8383,-155.1034,Permitted Feature,State Government,NPDES
HAWAII BELT ROAD RESURFACING PEPEEKEO TO HAKALAU,HIF010615,19.8409,-155.1032,Permitted Feature,State Government,NPDES
HAWAII BELT ROAD RESURFACING PEPEEKEO TO HAKALAU,HIF010615,19.8462,-155.0986,Permitted Feature,State Government,NPDES
HAWAII BELT ROAD RESURFACING PEPEEKEO TO HAKALAU,HIF010615,19.845,-155.1029,Permitted Feature,State Government,NPDES
HAWAII BELT ROAD RESURFACING PEPEEKEO TO HAKALAU,HIF010615,19.8459,-155.1023,Permitted Feature,State Government,NPDES
HAWAII BELT ROAD RESURFACING PEPEEKEO TO HAKALAU,HIF010615,19.8475,-155.1017,Permitted Feature,State Government,NPDES
HAWAII BELT ROAD RESURFACING PEPEEKEO TO HAKALAU,HIF010615,19.8497,-155.1008,Permitted Feature,State Government,NPDES
HAWAII BELT ROAD RESURFACING PEPEEKEO TO HAKALAU,HIF010615,19.85,-155.1017,Permitted Feature,State Government,NPDES
HAWAII BELT ROAD RESURFACING PEPEEKEO TO HAKALAU,HIF010615,19.8504,-155.0998,Permitted Feature,State Government,NPDES
HAWAII BELT ROAD RESURFACING PEPEEKEO TO HAKALAU,HIF010615,19.854,-155.1003,Permitted Feature,State Government,NPDES
HAWAII BELT ROAD RESURFACING PEPEEKEO TO HAKALAU,HIF010615,19.8558,-155.0927,Permitted Feature,State Government,NPDES
HAWAII BELT ROAD RESURFACING PEPEEKEO TO HAKALAU,HIF010615,19.8611,-155.0993,Permitted Feature,State Government,NPDES
HAWAII BELT ROAD RESURFACING PEPEEKEO TO HAKALAU,HIF010615,19.8611,-155.1001,Permitted Feature,State Government,NPDES
HAWAII BELT ROAD RESURFACING PEPEEKEO TO HAKALAU,HIF010615,19.8619,-155.1003,Permitted Feature,State Government,NPDES
HAWAII BELT ROAD RESURFACING PEPEEKEO TO HAKALAU,HIF010615,19.866,-155.0969,Permitted Feature,State Government,NPDES
HAWAII BELT ROAD RESURFACING PEPEEKEO TO HAKALAU,HIF010615,19.8649,-155.1014,Permitted Feature,State Government,NPDES
HAWAII BELT ROAD RESURFACING PEPEEKEO TO HAKALAU,HIF010615,19.8678,-155.1004,Permitted Feature,State Government,NPDES
HAWAII BELT ROAD RESURFACING PEPEEKEO TO HAKALAU,HIF010615,19.869,-155.1056,Permitted Feature,State Government,NPDES
HAWAII BELT ROAD RESURFACING PEPEEKEO TO HAKALAU,HIF010615,19.8722,-155.1065,Permitted Feature,State Government,NPDES
HAWAII BELT ROAD RESURFACING PEPEEKEO TO HAKALAU,HIF010615,19.8749,-155.1086,Permitted Feature,State Government,NPDES
HAWAII BELT ROAD RESURFACING PEPEEKEO TO HAKALAU,HIF010615,19.8763,-155.1104,Permitted Feature,State Government,NPDES
HAWAII BELT ROAD RESURFACING PEPEEKEO TO HAKALAU,HIF010615,19.8755,-155.1118,Permitted Feature,State Government,NPDES
HAWAII BELT ROAD RESURFACING PEPEEKEO TO HAKALAU,HIF010615,19.8756,-155.1117,Permitted Feature,State Government,NPDES
HAWAII BELT ROAD RESURFACING PEPEEKEO TO HAKALAU,HIF010615,19.8773,-155.1099,Permitted Feature,State Government,NPDES
HAWAII BELT ROAD RESURFACING PEPEEKEO TO HAKALAU,HIF010615,19.8793,-155.1106,Permitted Feature,State Government,NPDES
HAWAII BELT ROAD RESURFACING PEPEEKEO TO HAKALAU,HIF010615,19.8783,-155.1151,Permitted Feature,State Government,NPDES
HAWAII BELT ROAD RESURFACING PEPEEKEO TO HAKALAU,HIF010615,19.8807,-155.1142,Permitted Feature,State Government,NPDES
HAWAII BELT ROAD RESURFACING PEPEEKEO TO HAKALAU,HIF010615,19.8228,-155.1192,Permitted Feature,State Government,NPDES
HAWAII BELT ROAD RESURFACING PEPEEKEO TO HAKALAU,HIF010615,19.8829,-155.1191,Permitted Feature,State Government,NPDES
HAWAII BELT ROAD RESURFACING PEPEEKEO TO HAKALAU,HIF010615,19.8829,-155.1192,Permitted Feature,State Government,NPDES
HAWAII BELT ROAD RESURFACING PEPEEKEO TO HAKALAU,HIF010615,19.883,-155.11929,Permitted Feature,State Government,NPDES
HAWAII BELT ROAD RESURFACING PEPEEKEO TO HAKALAU,HIF010615,19.8856,-155.1197,Permitted Feature,State Government,NPDES
HAWAII BELT ROAD RESURFACING PEPEEKEO TO HAKALAU,HIF010615,19.8922,-155.1236,Permitted Feature,State Government,NPDES
HAWAII BELT ROAD RESURFACING PEPEEKEO TO HAKALAU,HIF010615,19.8928,-155.1217,Permitted Feature,State Government,NPDES
HAWAII BELT ROAD RESURFACING PEPEEKEO TO HAKALAU,HIF010615,19.8922,-155.1237,Permitted Feature,State Government,NPDES
HAWAII BELT ROAD RESURFACING PEPEEKEO TO HAKALAU,HIF010615,19.8928,-155.1234,Permitted Feature,State Government,NPDES
HAWAII BELT ROAD RESURFACING PEPEEKEO TO HAKALAU,HIF010615,19.8939,-155.1228,Permitted Feature,State Government,NPDES
HAWAII BELT ROAD RESURFACING PEPEEKEO TO HAKALAU,HIF010615,19.898,-155.1241,Permitted Feature,State Government,NPDES
HAWAII BELT ROAD RESURFACING PEPEEKEO TO HAKALAU,HIF010615,19.8995,-155.1297,Permitted Feature,State Government,NPDES
HAWAII BELT ROAD RESURFACING PEPEEKEO TO HAKALAU,HIF010615,19.8663,-155.1025,Permitted Feature,State Government,NPDES
HAWAII BELT ROAD RESURFACING PEPEEKEO TO HAKALAU,HIF010615,19.8773,-155.1099,Facility,State Government,NPDES
"PHASE 1 - KAUMUALII HIGHWAY IMPROVEMENTS, LIHUE MILL BRIDGE TO RICE STREET",HIF010627,21.976389,-159.374722,Permitted Feature,State Government,NPDES
"PHASE 1 - KAUMUALII HIGHWAY IMPROVEMENTS, LIHUE MILL BRIDGE TO RICE STREET",HIF010627,21.975556,-159.371667,Permitted Feature,State Government,NPDES
"PHASE 1 - KAUMUALII HIGHWAY IMPROVEMENTS, LIHUE MILL BRIDGE TO RICE STREET",HIF010627,21.975556,-159.371944,Permitted Feature,State Government,NPDES
"PHASE 1 - KAUMUALII HIGHWAY IMPROVEMENTS, LIHUE MILL BRIDGE TO RICE STREET",HIF010627,21.975833,-159.373611,Permitted Feature,State Government,NPDES
"PHASE 1 - KAUMUALII HIGHWAY IMPROVEMENTS, LIHUE MILL BRIDGE TO RICE STREET",HIF010627,21.641667,-159.383333,Permitted Feature,State Government,NPDES
"PHASE 1 - KAUMUALII HIGHWAY IMPROVEMENTS, LIHUE MILL BRIDGE TO RICE STREET",HIF010627,21.976389,-159.374722,Facility,State Government,NPDES
WAIHEE STREAM EMERGENCY REPAIRS (1),HIF010630,21.455,-157.845,Permitted Feature,Privately Owned Facility,NPDES
WAIHEE STREAM EMERGENCY REPAIRS (1),HIF010630,21.455,-157.845,Facility,Privately Owned Facility,NPDES
KAALA VIEW FARM LOTS SUBDIVISION,HIF010643,21.547857,-158.089583,Facility,Privately Owned Facility,NPDES
"REHABILITATION OF LOCALIZED STREETS, PHASE 11C",HIF010644,21.291164,-157.696026,Facility,Municipality,NPDES
KEALAKEHE HIGH SCHOOL SOFTBALL FIELD IMPROVEMENTS,HIF010647,21.313601,-157.805695,Permitted Feature,State Government,NPDES
"MENEHUNE ROAD ROCKFALL MITIGATION NEAR SWINGING BRIDGE, PHASE 1",HIF010649,21.968477,-159.660762,Facility,State Government,NPDES
CONSOLIDATION / RE-SUBDIVISION KEOKEA-WAIOHULI DEVELOPMENT PHASE 1A,HIF010650,20.721344,-156.356163,Facility,State Government,NPDES
FY14 QUTM REPAIR VARIOUS WATER LINES,HIF010651,21.3436,-157.8851,Permitted Feature,Federal Facility (U.S. Government),NPDES
FY14 QUTM REPAIR VARIOUS WATER LINES,HIF010651,21.3425,-157.8849,Permitted Feature,Federal Facility (U.S. Government),NPDES
FY14 QUTM REPAIR VARIOUS WATER LINES,HIF010651,21.3419,-157.8864,Permitted Feature,Federal Facility (U.S. Government),NPDES
POHAKULOA TRAINING AREA,HIF010655,19.759055,-155.597467,Facility,Federal Facility (U.S. Government),NPDES
WORLDWIDE FLIGHT SERVICES,HIF010659,21.329814,-157.929822,Facility,Privately Owned Facility,NPDES
"BWS WOODLAWN WATER SYSTEM IMPROVEMENTS, PART II",HIF010660,21.314635,-157.80574,Permitted Feature,Municipality,NPDES
"BWS WOODLAWN WATER SYSTEM IMPROVEMENTS, PART II",HIF010660,21.314635,-157.80574,Facility,Municipality,NPDES
NALU OLA RANCH WEST,HIF010661,20.9432,-156.3263,Facility,Privately Owned Facility,NPDES
"COMMUNITY CENTER, WATERFRONT AT IROQUOIS POINT",HIF010663,21.321106,-157.979303,Facility,Privately Owned Facility,NPDES
MAUI VETERANS CEMETERY EXPANSION AND IMPROVEMENTS,HIF010664,20.864444,-156.315278,Facility,State Government,NPDES
"HONOLULU RAIL TRANSIT PROJECT, AIRPORT SECTION, GUIDEWAYS 7-PIERS",HIF010665,21.3336,-157.9136,Facility,Municipality,NPDES
ASIG USPS FACILITY,HIF010673,21.318992,-157.9107,Permitted Feature,Privately Owned Facility,NPDES
ASIG USPS FACILITY,HIF010673,21.318992,-157.9107,Facility,Privately Owned Facility,NPDES
"SITE IMPROVEMENT PROJECTS, WATERFRONT AT IROQUOIS POINT",HIF010674,21.32159,-157.979369,Facility,Privately Owned Facility,NPDES
"GRADING PLAN FOR 53-0 KAMEHAMEHA HIGHWAY, UNIT 5A & 5B",HIF010678,21.590513,-157.897646,Permitted Feature,Privately Owned Facility,NPDES
REFUGE LANDS,HIF010681,22.206935,-159.485264,Permitted Feature,Privately Owned Facility,NPDES
REFUGE LANDS,HIF010681,22.20872,-159.48358,Permitted Feature,Privately Owned Facility,NPDES
REFUGE LANDS,HIF010681,22.209239,-159.481348,Permitted Feature,Privately Owned Facility,NPDES
REFUGE LANDS,HIF010681,22.21054,-159.475372,Permitted Feature,Privately Owned Facility,NPDES
REFUGE LANDS,HIF010681,22.203617,-159.472389,Permitted Feature,Privately Owned Facility,NPDES
REFUGE LANDS,HIF010681,22.203496,-159.471527,Permitted Feature,Privately Owned Facility,NPDES
REFUGE LANDS,HIF010681,22.202645,-159.469263,Permitted Feature,Privately Owned Facility,NPDES
REFUGE LANDS,HIF010681,21.945269,-159.382759,Permitted Feature,Privately Owned Facility,NPDES
REFUGE LANDS,HIF010681,21.945253,-159.384709,Permitted Feature,Privately Owned Facility,NPDES
REFUGE LANDS,HIF010681,21.945014,-159.385707,Permitted Feature,Privately Owned Facility,NPDES
REFUGE LANDS,HIF010681,21.944775,-159.386587,Permitted Feature,Privately Owned Facility,NPDES
REFUGE LANDS,HIF010681,21.944234,-159.387855,Permitted Feature,Privately Owned Facility,NPDES
REFUGE LANDS,HIF010681,21.943939,-159.389784,Permitted Feature,Privately Owned Facility,NPDES
KOMOHANA STREET RECONSTRUCTION (WAIANUENUE AVENUE TO KUKUAU STREET),HIF010682,19.71358,-155.09244,Facility,Municipal or Water District,NPDES
KAHIKU AT MEHANA - PARCEL 6,HIF010685,21.295311,-158.086414,Facility,Privately Owned Facility,NPDES
NAWILIWILI ROAD IMPROVEMENTS,HIF010686,21.972957,-159.371345,Permitted Feature,State Government,NPDES
NAWILIWILI ROAD IMPROVEMENTS,HIF010686,21.968778,-159.365358,Permitted Feature,State Government,NPDES
NAWILIWILI ROAD IMPROVEMENTS,HIF010686,21.954519,-159.370401,Permitted Feature,State Government,NPDES
NAWILIWILI ROAD IMPROVEMENTS,HIF010686,21.975576,-159.383141,Permitted Feature,State Government,NPDES
NAWILIWILI ROAD IMPROVEMENTS,HIF010686,21.972957,-159.371345,Facility,State Government,NPDES
HILO ADULT DAY CENTER,HIF010689,19.704635,-155.093457,Permitted Feature,Privately Owned Facility,NPDES
HILO ADULT DAY CENTER,HIF010689,19.703645,-155.091449,Permitted Feature,Privately Owned Facility,NPDES
HILO ADULT DAY CENTER,HIF010689,19.704635,-155.093457,Facility,Privately Owned Facility,NPDES
WAIMANO RIDGE BUILDING & SITE IMPROVEMENTS,HIF010690,21.42176,-157.94006,Permitted Feature,State Government,NPDES
WAIMANO RIDGE BUILDING & SITE IMPROVEMENTS,HIF010690,21.42276,-157.941056,Permitted Feature,State Government,NPDES
"PIPELINE REPLACEMENT ALONG WEKE, ANAE, MAHIMAHI AND HEE ROADS, JOB NO. 12-01, WA",HIF010692,22.203386,-159.500228,Facility,Municipal or Water District,NPDES
PUNAHOU GRADES 2-5 REDEVELOPMENT PHASE 1A,HIF010693,21.288299,-157.826917,Permitted Feature,Privately Owned Facility,NPDES
PUNAHOU GRADES 2-5 REDEVELOPMENT PHASE 1A,HIF010693,21.288299,-157.826917,Facility,Privately Owned Facility,NPDES
KAPIOLANI BOULEVARD: 12-INCH WATER MAIN,HIF010698,21.2873,-157.8311,Permitted Feature,Municipality,NPDES
KAPIOLANI BOULEVARD: 12-INCH WATER MAIN,HIF010698,21.2864,-157.83,Permitted Feature,Municipality,NPDES
KAPIOLANI BOULEVARD: 12-INCH WATER MAIN,HIF010698,21.2849,-157.8283,Permitted Feature,Municipality,NPDES
KAPIOLANI BOULEVARD: 12-INCH WATER MAIN,HIF010698,21.284,-157.8272,Permitted Feature,Municipality,NPDES
KAPIOLANI BOULEVARD: 12-INCH WATER MAIN,HIF010698,21.284,-157.8272,Facility,Municipality,NPDES
WILHELMINA RISE 811' RESERVIOR REPLACEMENT,HIF010700,21.2667,-157.7786,Permitted Feature,Municipality,NPDES
PENSACOLA STREET WATER SYSTEM IMPROVEMENTS,HIF010705,21.292762,-157.855219,Permitted Feature,Municipality,NPDES
PENSACOLA STREET WATER SYSTEM IMPROVEMENTS,HIF010705,21.292762,-157.855219,Facility,Municipality,NPDES
PENSACOLA STREET WATER SYSTEM IMPROVEMENTS (1),HIF010706,21.292762,-157.855219,Permitted Feature,Municipality,NPDES
PENSACOLA STREET WATER SYSTEM IMPROVEMENTS (1),HIF010706,21.292762,-157.855219,Facility,Municipality,NPDES
KULAIKI SUBDIVISION,HIF010707,20.80326,-156.324335,Facility,Privately Owned Facility,NPDES
HI A-AD 6(8) TRUCK ESCAPE RAMP DANIEL K. INOUYE HIGHWAY,HIF010708,19.859143,-155.759058,Facility,Federal Facility (U.S. Government),NPDES
HILO MUNICIPAL GOLF COURSE,HIF010711,19.67702,-155.074091,Permitted Feature,Municipal or Water District,NPDES
HILO MUNICIPAL GOLF COURSE,HIF010711,19.67702,-155.074091,Facility,Municipal or Water District,NPDES
ARFF FACILITY IMPROVEMENTS AT HILO INTERNATIONAL AIRPORT,HIF010713,19.72371,-155.062217,Permitted Feature,State Government,NPDES
ARFF FACILITY IMPROVEMENTS AT HILO INTERNATIONAL AIRPORT,HIF010713,19.72371,-155.062217,Facility,State Government,NPDES
QUALITY GENERAL BASEYARD,HIF010716,21.379065,-157.907121,Permitted Feature,Privately Owned Facility,NPDES
CS WO FURNITURE GALLERY AT KAPOLEI,HIF010718,21.295669,-158.086343,Permitted Feature,Privately Owned Facility,NPDES
KALAELOA,HIF010722,21.18,-158.03,Permitted Feature,Federal Facility (U.S. Government),NPDES
KIHEI BIKEWAY PHASE II (LIPOA STREET TO HALEKUAI STREET),HIF010727,20.746388,-156.449089,Facility,Municipal or Water District,NPDES
MAMALAHOA HIGHWAY IMPROVEMENTS (KAMAMALU STREET TO IONA COURT),HIF010730,20.025472,-155.658738,Facility,Municipal or Water District,NPDES
WEST MAUI VILLAGE OFF-SITE ROADWAY IMPROVEMENTS,HIF010733,20.988463,-156.669673,Permitted Feature,Privately Owned Facility,NPDES
WEST MAUI VILLAGE OFF-SITE ROADWAY IMPROVEMENTS,HIF010733,20.985155,-156.672279,Permitted Feature,Privately Owned Facility,NPDES
WEST MAUI VILLAGE OFF-SITE ROADWAY IMPROVEMENTS,HIF010733,20.988463,-156.669673,Facility,Privately Owned Facility,NPDES
"REHABILITATION OF LOCALIZED STREETS, PHASE 12A",HIF010739,21.335881,-157.877509,Permitted Feature,Municipality,NPDES
"REHABILITATION OF LOCALIZED STREETS, PHASE 12A",HIF010739,21.346455,-157.868733,Permitted Feature,Municipality,NPDES
"REHABILITATION OF LOCALIZED STREETS, PHASE 12A",HIF010739,21.344239,-157.866877,Permitted Feature,Municipality,NPDES
"REHABILITATION OF LOCALIZED STREETS, PHASE 12A",HIF010739,21.335881,-157.877509,Facility,Municipality,NPDES
"COMBAT AVIATION BRIGADE, PHASE 2",HIF010741,21.475,-158.03028,Facility,Federal Facility (U.S. Government),NPDES
"CENTRAL OAHU BEST MANAGEMENT PRACTICES, ERODED SLOPE REPAIRS, PHASE 1",HIF010746,21.425027,-157.995129,Facility,State Government,NPDES
EWA BY GENTRY WEST AREA 16 STOCKPILE,HIF010748,21.322794,-158.031608,Facility,Privately Owned Facility,NPDES
THE HILL HOUSE,HIF010752,20.686161,-156.370918,Facility,Privately Owned Facility,NPDES
HILO BAYFRONT TRAIL PHASE 1,HIF010753,19.723663,-155.079443,Permitted Feature,Municipal or Water District,NPDES
WAIMEA DISTRICT PARK,HIF010757,19.985103,-155.691173,Permitted Feature,Municipal or Water District,NPDES
CENTRAL YMCA FACILITY & CONDOMINIUM TOWER,HIF010761,21.288232,-157.841331,Permitted Feature,Privately Owned Facility,NPDES
"KEAAU MIDDLE SCHOOL BUILDINGS B, D, E, & G DEMOLITION",HIF010762,19.631261,-155.022578,Facility,State Government,NPDES
MASS GRADING FOR MAUI BUSINESS PARK HO'OKELE CONDOMINIUM PHASE 1B LOT 2-C-4-C-1-,HIF010765,20.876648,-156.452876,Facility,Privately Owned Facility,NPDES
PANAEWA DRAG STRIP & SKEET RANGE,HIF010769,19.674774,-155.023045,Permitted Feature,Municipal or Water District,NPDES
PANAEWA DRAG STRIP & SKEET RANGE,HIF010769,19.703261,-155.032272,Permitted Feature,Municipal or Water District,NPDES
WAIMEA DISTRICT PARK (1),HIF010772,19.98474,-155.691323,Permitted Feature,Municipal or Water District,NPDES
WAIMEA DISTRICT PARK (1),HIF010772,19.98474,-155.691323,Facility,Municipal or Water District,NPDES
TURTLE BAY RESORTS EAST MAIN DRAINAGE CHANNEL MAINTENANCE DREDGING,HIF010774,21.702758,-157.990847,Permitted Feature,Privately Owned Facility,NPDES
MUNICIPAL SEPARATE STORM SEWER SYSTEM (MS4) (1),HIF010783,20.898329,-156.480371,Facility,State Government,NPDES
MASS TRANSIT AGENCY BASEYARD AND MAINTENANCE FACILITY,HIF010784,19.732296,-155.020196,Facility,Municipal or Water District,NPDES
REPAIR STORM WATER SYSTEM VICINITY NEHELANI BLDG 2060 SCHOFIELD BARRACKS HI,HIF010785,21.481478,-158.054521,Permitted Feature,Federal Facility (U.S. Government),NPDES
REPAIR STORM WATER SYSTEM VICINITY NEHELANI BLDG 2060 SCHOFIELD BARRACKS HI,HIF010785,21.481478,-158.054521,Facility,Federal Facility (U.S. Government),NPDES
DANIEL K. INOUYE COLLEGE OF PHARMACY,HIF010786,19.700574,-155.083541,Facility,State Government,NPDES
FOUR SEASONS RESORT LANAI AT MANELE BAY  TEMPORARY PREFABRICATED BRIDGE,HIF010787,20.741047,-156.895081,Permitted Feature,Privately Owned Facility,NPDES
HBDC KEAAU PROPERTY GRADING,HIF010788,19.63944,-155.0272,Permitted Feature,Privately Owned Facility,NPDES
HBDC KEAAU PROPERTY GRADING,HIF010788,19.63944,-155.0272,Facility,Privately Owned Facility,NPDES
"REHABILITATION OF LOCALIZED STREETS, PHASE 13C",HIF010789,21.648494,-157.922014,Permitted Feature,Municipality,NPDES
"REHABILITATION OF LOCALIZED STREETS, PHASE 13C",HIF010789,21.648525,-157.921569,Permitted Feature,Municipality,NPDES
WAIPAHU INTERMEDIATE SCHOOL DREAMS BUILDING,HIF010790,21.379004,-158.010812,Permitted Feature,State Government,NPDES
WAIPAHU INTERMEDIATE SCHOOL DREAMS BUILDING,HIF010790,21.377645,-158.014025,Permitted Feature,State Government,NPDES
"CENTRAL OAHU BEST MANAGEMENT PRACTICES, ERODED SLOPE REPAIRS, PHASE 2",HIF010792,21.424779,-157.993871,Facility,State Government,NPDES
HAWAII INDEPENDENT ENERGY REFINERY (1),HIF010797,21.303243,-158.087256,Permitted Feature,Privately Owned Facility,NPDES
HAWAII INDEPENDENT ENERGY REFINERY (1),HIF010797,21.303249,-158.087114,Permitted Feature,Privately Owned Facility,NPDES
HAWAII INDEPENDENT ENERGY REFINERY (1),HIF010797,21.300453,-158.093068,Permitted Feature,Privately Owned Facility,NPDES
HAWAII INDEPENDENT ENERGY REFINERY (1),HIF010797,21.29554,-158.092291,Permitted Feature,Privately Owned Facility,NPDES
"FIRE HYDRANT INSTALLATIONS AT VARIOUS LOCATIONS, PART A",HIF010798,21.5069,-158.0171,Permitted Feature,Municipality,NPDES
"FIRE HYDRANT INSTALLATIONS AT VARIOUS LOCATIONS, PART A",HIF010798,21.5065,-158.0156,Permitted Feature,Municipality,NPDES
"FIRE HYDRANT INSTALLATIONS AT VARIOUS LOCATIONS, PART A",HIF010798,21.5102,-158.0125,Permitted Feature,Municipality,NPDES
"FIRE HYDRANT INSTALLATIONS AT VARIOUS LOCATIONS, PART A",HIF010798,21.5104,-158.0122,Permitted Feature,Municipality,NPDES
"FIRE HYDRANT INSTALLATIONS AT VARIOUS LOCATIONS, PART A",HIF010798,21.4938,-158.0209,Permitted Feature,Municipality,NPDES
"FIRE HYDRANT INSTALLATIONS AT VARIOUS LOCATIONS, PART A",HIF010798,21.3795,-157.9262,Permitted Feature,Municipality,NPDES
"FIRE HYDRANT INSTALLATIONS AT VARIOUS LOCATIONS, PART A",HIF010798,21.381,-157.924,Permitted Feature,Municipality,NPDES
"FIRE HYDRANT INSTALLATIONS AT VARIOUS LOCATIONS, PART A",HIF010798,21.3853,-157.9255,Permitted Feature,Municipality,NPDES
"FIRE HYDRANT INSTALLATIONS AT VARIOUS LOCATIONS, PART A",HIF010798,21.3862,-157.9239,Permitted Feature,Municipality,NPDES
"FIRE HYDRANT INSTALLATIONS AT VARIOUS LOCATIONS, PART A",HIF010798,21.5069,-158.0171,Facility,Municipality,NPDES
TAM YAU ESTATES,HIF010800,20.841344,-156.335705,Facility,Privately Owned Facility,NPDES
"KAMEHAMEHA HIGHWAY: 16-INCH WATER MAIN, PART I",HIF010801,21.672626,-158.041618,Facility,Municipality,NPDES
"KAMEHAMEHA HIGHWAY: 16-INCH WATER MAIN, PART I (1)",HIF010802,21.672626,-158.041618,Permitted Feature,Municipality,NPDES
"KAMEHAMEHA HIGHWAY: 16-INCH WATER MAIN, PART I (1)",HIF010802,21.679912,-158.034006,Permitted Feature,Municipality,NPDES
HAWAII BELT ROAD RESURFACING PEPEEKEO TO HAKALAU (1),HIF010803,19.8614,-155.09811,Permitted Feature,State Government,NPDES
EWA VILLAGES AREA H MULTI-FAMILY SUBDIVISION - PHASE 3 (SUBDIVISION FILE NO. 201,HIF010804,21.336,-158.04,Facility,Privately Owned Facility,NPDES
FRIENDSHIP CHRISTIAN SCHOOLS,HIF010807,21.308203,-158.040991,Permitted Feature,Privately Owned Facility,NPDES
KNMD119002/9003 ECIP SOLAR PHOTOVOLTAIC (PV) ARRAYS PHASE I & II,HIF010809,21.335419,-157.893646,Permitted Feature,Federal Facility (U.S. Government),NPDES
FARRINGTON HIGHWAY REPLACEMENT OF MAIPALAOA BRIDGE (1),HIF010810,21.409444,-158.177222,Permitted Feature,State Government,NPDES
FARRINGTON HIGHWAY REPLACEMENT OF MAIPALAOA BRIDGE (1),HIF010810,21.408928,-158.177244,Permitted Feature,State Government,NPDES
FARRINGTON HIGHWAY REPLACEMENT OF MAIPALAOA BRIDGE (1),HIF010810,21.409444,-158.177222,Facility,State Government,NPDES
"SUNE WAIAWA SOLAR, LLC",HIF010812,21.399853,-157.985293,Permitted Feature,Privately Owned Facility,NPDES
"SUNE WAIAWA SOLAR, LLC",HIF010812,21.399853,-157.985293,Facility,Privately Owned Facility,NPDES
WETLAND AREA NEAR MOUTH OF WAIMANALO STREAM TO THE WEST TINKER ROAD,HIF010813,21.3638,-157.7129,Permitted Feature,Federal Facility (U.S. Government),NPDES
TAMURA'S PLAZA,HIF010814,20.7458,-156.4577,Permitted Feature,Privately Owned Facility,NPDES
"LILIHA STREET REHABILITATION, NORTH KING STREET TO SCHOOL STREET - STAGING AREA",HIF010816,21.315,-157.8614,Permitted Feature,State Government,NPDES
"LILIHA STREET REHABILITATION, NORTH KING STREET TO SCHOOL STREET - STAGING AREA",HIF010816,21.315,-157.8614,Facility,State Government,NPDES
POHAKALA AT MEHANA (PARCEL 8),HIF010819,21.295833,-158.086389,Facility,Privately Owned Facility,NPDES
KUIKAHI DRIVE PAVEMENT REHABILITATION (KUALAU STREET TO HONOAPIILANI HIGHWAY),HIF010820,20.851651,-156.496995,Permitted Feature,Municipal or Water District,NPDES
KUIKAHI DRIVE PAVEMENT REHABILITATION (KUALAU STREET TO HONOAPIILANI HIGHWAY),HIF010820,20.867108,-156.514223,Facility,Municipal or Water District,NPDES
WAIMANALO ELEMENTARY AND INTERMEDIATE SCHOOL IRRIGATION SYSTEM PROJECT,HIF010822,21.2041,-157.43,Permitted Feature,State Government,NPDES
WAIMANALO ELEMENTARY AND INTERMEDIATE SCHOOL IRRIGATION SYSTEM PROJECT,HIF010822,21.204,-157.4256,Permitted Feature,State Government,NPDES
THE NEW KAPALAMA CONTAINER TERMINAL WHARF AND DREDGING,HIF010824,21.315137,-157.888187,Permitted Feature,State Government,NPDES
THE NEW KAPALAMA CONTAINER TERMINAL WHARF AND DREDGING,HIF010824,21.319899,-157.882026,Permitted Feature,State Government,NPDES
THE NEW KAPALAMA CONTAINER TERMINAL WHARF AND DREDGING,HIF010824,21.320029,-157.882552,Permitted Feature,State Government,NPDES
THE NEW KAPALAMA CONTAINER TERMINAL WHARF AND DREDGING,HIF010824,21.313663,-157.887415,Permitted Feature,State Government,NPDES
THE NEW KAPALAMA CONTAINER TERMINAL WHARF AND DREDGING,HIF010824,21.313732,-157.887165,Permitted Feature,State Government,NPDES
AIEA KAI PLACE AND WAY: 8-INCH WATER MAINS,HIF010830,21.30571,-157.8539,Facility,Municipality,NPDES
"STORM WATER RENOVATION TRIMBLE AND MALI SCHOFIELD BARRACKS, HI",HIF010834,21.490697,-158.081974,Facility,Federal Facility (U.S. Government),NPDES
HAWAII INDEPENDENT ENERGY SAND ISLAND TERMNINAL,HIF010835,21.314921,-157.888479,Facility,Municipality,NPDES
MAKENA GOLF & BEACH CLUB,HIF010836,20.6464,-156.4431,Permitted Feature,Privately Owned Facility,NPDES
MAKENA GOLF & BEACH CLUB,HIF010836,20.6477,-156.4427,Permitted Feature,Privately Owned Facility,NPDES
MAKENA GOLF & BEACH CLUB,HIF010836,20.6508,-156.4413,Permitted Feature,Privately Owned Facility,NPDES
MAKENA GOLF & BEACH CLUB,HIF010836,20.6477,-156.4427,Facility,Privately Owned Facility,NPDES
EWA BY GENTRY KAMAKANA STREET (INCREMENT 2),HIF010837,21.3225,-158.03167,Facility,Privately Owned Facility,NPDES
EWA BY GENTRY-WEST AREA 17 SUBDIVISION,HIF010838,21.327706,-158.032419,Facility,Privately Owned Facility,NPDES
MAKANI ENERGY KITE PILOT PROJECT,HIF010840,19.938917,-155.67832,Facility,Privately Owned Facility,NPDES
HALE ILIMA,HIF010847,21.492781,-158.034741,Permitted Feature,Privately Owned Facility,NPDES
HALE ILIMA,HIF010847,21.492781,-158.034741,Facility,Privately Owned Facility,NPDES
WAILEA BEACH MARRIOTT,HIF010848,20.688775,-156.444117,Permitted Feature,Privately Owned Facility,NPDES
WAILEA BEACH MARRIOTT,HIF010848,20.688714,-156.444104,Permitted Feature,Privately Owned Facility,NPDES
WAILEA BEACH MARRIOTT,HIF010848,20.687525,-156.44475,Permitted Feature,Privately Owned Facility,NPDES
WAILEA BEACH MARRIOTT,HIF010848,20.68756,-156.444623,Permitted Feature,Privately Owned Facility,NPDES
WAILEA BEACH MARRIOTT,HIF010848,20.6868,-156.444639,Permitted Feature,Privately Owned Facility,NPDES
WAILEA BEACH MARRIOTT,HIF010848,20.686784,-156.444565,Permitted Feature,Privately Owned Facility,NPDES
WAILEA BEACH MARRIOTT,HIF010848,20.685905,-156.444539,Permitted Feature,Privately Owned Facility,NPDES
WAILEA BEACH MARRIOTT,HIF010848,20.68588,-156.444528,Permitted Feature,Privately Owned Facility,NPDES
WAILEA BEACH MARRIOTT,HIF010848,20.685054,-156.443978,Permitted Feature,Privately Owned Facility,NPDES
"EMBASSY SUITES, KAPOLEI",HIF010851,21.300152,-158.060679,Permitted Feature,Privately Owned Facility,NPDES
"EMBASSY SUITES, KAPOLEI",HIF010851,21.300152,-158.060679,Facility,Privately Owned Facility,NPDES
QUEEN KAAHUMANU HIGHWAY AND WAIKOLOA ROAD/WAIKOLOA BEACH DRIVE INTERSECTION IMPR,HIF010853,19.915833,-155.868889,Facility,Privately Owned Facility,NPDES
"VOLCANO SCHOOL OF ARTS AND SCIENCES, KEAKEALANI CAMPUS",HIF010858,19.552815,-155.039241,Permitted Feature,Privately Owned Facility,NPDES
"VOLCANO SCHOOL OF ARTS AND SCIENCES, KEAKEALANI CAMPUS",HIF010858,19.552815,-155.039241,Facility,Privately Owned Facility,NPDES
"AIEA DISTRICT PARK, RECONSTRUCTION OF BASEBALL FIELD IMPROVEMENTS",HIF010859,21.383618,-157.928493,Permitted Feature,Municipality,NPDES
NINOLE VIEW ESTATES PHASE 2,HIF010867,19.935153,-155.162326,Permitted Feature,Privately Owned Facility,NPDES
NINOLE VIEW ESTATES PHASE 2,HIF010867,19.935679,-155.162574,Permitted Feature,Privately Owned Facility,NPDES
HONOLULU RAIL TRANSIT PROJECT - AIRPORT SECTION UTILITIES CONSTRUCTION,HIF010871,21.353015,-157.940045,Permitted Feature,Municipality,NPDES
HONOLULU RAIL TRANSIT PROJECT - AIRPORT SECTION UTILITIES CONSTRUCTION,HIF010871,21.353015,-157.940045,Permitted Feature,Municipality,NPDES
HONOLULU RAIL TRANSIT PROJECT - AIRPORT SECTION UTILITIES CONSTRUCTION,HIF010871,21.337544,-157.938904,Permitted Feature,Municipality,NPDES
HONOLULU RAIL TRANSIT PROJECT - AIRPORT SECTION UTILITIES CONSTRUCTION,HIF010871,21.332665,-157.929565,Permitted Feature,Municipality,NPDES
HONOLULU RAIL TRANSIT PROJECT - AIRPORT SECTION UTILITIES CONSTRUCTION,HIF010871,21.332989,-157.909876,Permitted Feature,Municipality,NPDES
HONOLULU RAIL TRANSIT PROJECT - AIRPORT SECTION UTILITIES CONSTRUCTION,HIF010871,21.329498,-157.898992,Permitted Feature,Municipality,NPDES
HONOLULU RAIL TRANSIT PROJECT - AIRPORT SECTION UTILITIES CONSTRUCTION,HIF010871,21.334645,-157.928972,Permitted Feature,Municipality,NPDES
"REHABILITATION OF LOCALIZED STREETS, PHASE 14A",HIF010872,21.288218,-157.805654,Permitted Feature,Municipality,NPDES
"REHABILITATION OF LOCALIZED STREETS, PHASE 14A",HIF010872,21.288257,-157.805526,Permitted Feature,Municipality,NPDES
"REHABILITATION OF LOCALIZED STREETS, PHASE 14A",HIF010872,21.289768,-157.804323,Permitted Feature,Municipality,NPDES
"REHABILITATION OF LOCALIZED STREETS, PHASE 14A",HIF010872,21.289724,-157.803184,Permitted Feature,Municipality,NPDES
"REHABILITATION OF LOCALIZED STREETS, PHASE 14A",HIF010872,21.289736,-157.803281,Permitted Feature,Municipality,NPDES
"REHABILITATION OF LOCALIZED STREETS, PHASE 14A",HIF010872,21.289729,-157.803169,Permitted Feature,Municipality,NPDES
"REHABILITATION OF LOCALIZED STREETS, PHASE 14A",HIF010872,21.290947,-157.80097,Permitted Feature,Municipality,NPDES
"REHABILITATION OF LOCALIZED STREETS, PHASE 14A",HIF010872,21.29161,-157.80038,Permitted Feature,Municipality,NPDES
"REHABILITATION OF LOCALIZED STREETS, PHASE 14A",HIF010872,21.291708,-157.800326,Permitted Feature,Municipality,NPDES
"REHABILITATION OF LOCALIZED STREETS, PHASE 14A",HIF010872,21.292707,-157.799478,Permitted Feature,Municipality,NPDES
"REHABILITATION OF LOCALIZED STREETS, PHASE 14A",HIF010872,21.292587,-157.798161,Permitted Feature,Municipality,NPDES
"REHABILITATION OF LOCALIZED STREETS, PHASE 14A",HIF010872,21.293691,-157.797634,Permitted Feature,Municipality,NPDES
"REHABILITATION OF LOCALIZED STREETS, PHASE 14A",HIF010872,21.295846,-157.796826,Permitted Feature,Municipality,NPDES
"REHABILITATION OF LOCALIZED STREETS, PHASE 14A",HIF010872,21.299587,-157.794027,Permitted Feature,Municipality,NPDES
"REHABILITATION OF LOCALIZED STREETS, PHASE 14A",HIF010872,21.301395,-157.793383,Permitted Feature,Municipality,NPDES
"REHABILITATION OF LOCALIZED STREETS, PHASE 14A",HIF010872,21.302095,-157.793227,Permitted Feature,Municipality,NPDES
"REHABILITATION OF LOCALIZED STREETS, PHASE 14A",HIF010872,21.303113,-157.791852,Permitted Feature,Municipality,NPDES
"REHABILITATION OF LOCALIZED STREETS, PHASE 14A",HIF010872,21.30403,-157.79194,Permitted Feature,Municipality,NPDES
"REHABILITATION OF LOCALIZED STREETS, PHASE 14A",HIF010872,21.304385,-157.791111,Permitted Feature,Municipality,NPDES
"REHABILITATION OF LOCALIZED STREETS, PHASE 14A",HIF010872,21.304903,-157.790057,Permitted Feature,Municipality,NPDES
"REHABILITATION OF LOCALIZED STREETS, PHASE 14A",HIF010872,21.311245,-157.785824,Permitted Feature,Municipality,NPDES
"REHABILITATION OF LOCALIZED STREETS, PHASE 14A",HIF010872,21.303285,-157.785668,Permitted Feature,Municipality,NPDES
"REHABILITATION OF LOCALIZED STREETS, PHASE 14A",HIF010872,21.302449,-157.787765,Permitted Feature,Municipality,NPDES
"REHABILITATION OF LOCALIZED STREETS, PHASE 14A",HIF010872,21.301849,-157.789121,Permitted Feature,Municipality,NPDES
"REHABILITATION OF LOCALIZED STREETS, PHASE 14A",HIF010872,21.288218,-157.805654,Facility,Municipality,NPDES
RICHMOND FARM DWELLING,HIF010873,22.210133,-159.467421,Permitted Feature,Privately Owned Facility,NPDES
RICHMOND FARM DWELLING,HIF010873,22.210133,-159.467421,Facility,Privately Owned Facility,NPDES
"LILIHA STREET REHABILITATION, NORTH KING STREET TO SCHOOL STREET - ADDITIONAL ST",HIF010876,21.315,-157.8614,Facility,State Government,NPDES
CAMP MALUHIA WATER SYSTEM AND SITE IMPROVEMENTS,HIF010877,20.95793,-156.532635,Permitted Feature,Municipality,NPDES
CAMP MALUHIA WATER SYSTEM AND SITE IMPROVEMENTS,HIF010877,20.960555,-156.529438,Permitted Feature,Municipality,NPDES
KAPOLEI BUSINESS PARK WASTEWATER PUMP STATION,HIF010880,21.295371,-158.096538,Permitted Feature,Privately Owned Facility,NPDES
KAPOLEI BUSINESS PARK WASTEWATER PUMP STATION,HIF010880,21.295371,-158.096538,Facility,Privately Owned Facility,NPDES
PTA GROUND SOFTENING,HIF010883,19.837222,-155.733333,Permitted Feature,Federal Facility (U.S. Government),NPDES
PTA GROUND SOFTENING,HIF010883,19.8578,-155.756606,Permitted Feature,Federal Facility (U.S. Government),NPDES
RUETER RESIDENCE,HIF010886,20.009722,-156.645833,Permitted Feature,Privately Owned Facility,NPDES
LUANA ESTATE,HIF010888,21.411135,-157.800488,Facility,Privately Owned Facility,NPDES
HNL CONSOLIDATED CAR RENTAL FACILITY,HIF010889,21.327387,-157.898684,Facility,State Government,NPDES
UNIVERSITY OF HAWAII WEST OAHU SEWER IMPROVEMENTS,HIF010890,21.347444,-158.05555,Facility,Privately Owned Facility,NPDES
MAKAKILO INTERCEPTOR SEWER REPLACEMENT,HIF010892,21.3036,-158.044578,Facility,Privately Owned Facility,NPDES
"REHABILITATION OF LOCALIZED STREETS, PHASE 15A",HIF010895,21.459723,-158.205278,Facility,Municipality,NPDES
MAKILA RANCHES - PHASE 1,HIF010896,20.8525,-156.661111,Permitted Feature,Privately Owned Facility,NPDES
MAKILA RANCHES - PHASE 1,HIF010896,20.848333,-156.656667,Permitted Feature,Privately Owned Facility,NPDES
MAKILA RANCHES - PHASE 1,HIF010896,20.854575,-156.654876,Facility,Privately Owned Facility,NPDES
MAKILA RANCHES - PHASE 2,HIF010897,20.8525,-156.661111,Permitted Feature,Privately Owned Facility,NPDES
MAKILA RANCHES - PHASE 2,HIF010897,20.848889,-156.656611,Permitted Feature,Privately Owned Facility,NPDES
MAKILA RANCHES - PHASE 2,HIF010897,20.846667,-156.653611,Permitted Feature,Privately Owned Facility,NPDES
MAKILA RANCHES - PHASE 2,HIF010897,20.851303,-156.656298,Facility,Privately Owned Facility,NPDES
KAUMANA LANI SUBDIVISION NEW PARK DEVELOPMENT,HIF010898,19.697659,-155.115733,Permitted Feature,Municipal or Water District,NPDES
HAWAII STATE HOSPITAL GODDARD BUILDING DEMOLITION,HIF010899,21.406388,-157.816529,Permitted Feature,State Government,NPDES
HAWAII STATE HOSPITAL GODDARD BUILDING DEMOLITION,HIF010899,21.404012,-157.814177,Permitted Feature,State Government,NPDES
HAWAII STATE HOSPITAL GODDARD BUILDING DEMOLITION,HIF010899,21.406388,-157.816529,Facility,State Government,NPDES
WEISEL RESIDENCE,HIF010911,21.009722,-156.645833,Permitted Feature,Privately Owned Facility,NPDES
MAKAHA 242 RESERVOIR NO.1 AND 2 RESERVOIR REPAIR,HIF010914,21.478308,-158.212676,Permitted Feature,Municipality,NPDES
MAKAHA 242 RESERVOIR NO.1 AND 2 RESERVOIR REPAIR,HIF010914,21.477708,-158.209097,Permitted Feature,Municipality,NPDES
VOLCANO ROAD RESURFACING AND IMPROVEMENTS KEAAU TOWARDS HILO,HIF010916,19.631,-155.0225,Permitted Feature,State Government,NPDES
VOLCANO ROAD RESURFACING AND IMPROVEMENTS KEAAU TOWARDS HILO,HIF010916,19.631,-155.0171,Permitted Feature,State Government,NPDES
VOLCANO ROAD RESURFACING AND IMPROVEMENTS KEAAU TOWARDS HILO,HIF010916,19.6367,-155.0134,Permitted Feature,State Government,NPDES
VOLCANO ROAD RESURFACING AND IMPROVEMENTS KEAAU TOWARDS HILO,HIF010916,19.631,-155.0171,Facility,State Government,NPDES
JAMES CAMPBELL INDUSTRIAL PARK CHANNEL IMPROVEMENTS,HIF010922,21.295619,-158.086353,Facility,Privately Owned Facility,NPDES
FY14 DOD KUNIA PERIMETER ROAD EROSION CONTROL,HIF010923,21.476503,-158.05156,Facility,Federal Facility (U.S. Government),NPDES
WAIKOLOA HOMESITES INCREMENT 1,HIF010924,19.931044,-155.870265,Facility,Privately Owned Facility,NPDES
808 FUTSAL KAPOLEI,HIF010926,21.295629,-158.086364,Permitted Feature,Privately Owned Facility,NPDES
BALDWIN RANCH ESTATES,HIF010930,20.87726,-156.339651,Permitted Feature,Privately Owned Facility,NPDES
BALDWIN RANCH ESTATES,HIF010930,20.872437,-156.32918,Facility,Privately Owned Facility,NPDES
"API 653, CONSTRUCTION REPAIRS TANKS 11-3 &11-4, HICKAM, HAWAII",HIF010932,21.316956,-157.950047,Permitted Feature,Federal Facility (U.S. Government),NPDES
"API 653, CONSTRUCTION REPAIRS TANKS 11-3 &11-4, HICKAM, HAWAII",HIF010932,21.316956,-157.950047,Facility,Federal Facility (U.S. Government),NPDES
"FY16 PN 80412 SBHC PARKING STRUCTURE, SCHOFIELD BARRACKS",HIF010933,21.496,-158.059,Facility,Federal Facility (U.S. Government),NPDES
IMPROVEMENTS FOR LOT 185,HIF010934,19.676654,-155.061928,Permitted Feature,State Government,NPDES
"WILHELMINA RISE WATER SYSTEM IMPROVEMENTS, PART IV",HIF010937,21.29254,-157.79351,Permitted Feature,Municipality,NPDES
"WILHELMINA RISE WATER SYSTEM IMPROVEMENTS, PART IV",HIF010937,21.29313,-157.79305,Permitted Feature,Municipality,NPDES
"WILHELMINA RISE WATER SYSTEM IMPROVEMENTS, PART IV",HIF010937,21.2938,-157.79237,Permitted Feature,Municipality,NPDES
"WILHELMINA RISE WATER SYSTEM IMPROVEMENTS, PART IV",HIF010937,21.29516,-157.79286,Permitted Feature,Municipality,NPDES
"WILHELMINA RISE WATER SYSTEM IMPROVEMENTS, PART IV",HIF010937,21.29595,-157.79208,Permitted Feature,Municipality,NPDES
"WILHELMINA RISE WATER SYSTEM IMPROVEMENTS, PART IV",HIF010937,21.29478,-157.78897,Permitted Feature,Municipality,NPDES
"WILHELMINA RISE WATER SYSTEM IMPROVEMENTS, PART IV",HIF010937,21.29365,-157.78926,Permitted Feature,Municipality,NPDES
"WILHELMINA RISE WATER SYSTEM IMPROVEMENTS, PART IV",HIF010937,21.29158,-157.78947,Permitted Feature,Municipality,NPDES
"WILHELMINA RISE WATER SYSTEM IMPROVEMENTS, PART IV",HIF010937,21.29104,-157.78941,Permitted Feature,Municipality,NPDES
"WILHELMINA RISE WATER SYSTEM IMPROVEMENTS, PART IV",HIF010937,21.29042,-157.78965,Permitted Feature,Municipality,NPDES
"WILHELMINA RISE WATER SYSTEM IMPROVEMENTS, PART IV",HIF010937,21.28743,-157.78818,Permitted Feature,Municipality,NPDES
"WILHELMINA RISE WATER SYSTEM IMPROVEMENTS, PART IV",HIF010937,21.28888,-157.78848,Permitted Feature,Municipality,NPDES
"WILHELMINA RISE WATER SYSTEM IMPROVEMENTS, PART IV",HIF010937,21.29254,-157.79351,Facility,Municipality,NPDES
"WILHELMINA RISE WATER SYSTEM IMPROVEMENTS, PART IV (1)",HIF010938,21.29254,-157.79351,Facility,Municipality,NPDES
HARBOR ACCESS ROAD,HIF010939,21.328657,-158.09721,Facility,Privately Owned Facility,NPDES
MAUI BAY VILLAS,HIF010941,20.76639,-156.45944,Permitted Feature,Privately Owned Facility,NPDES
MAUI BAY VILLAS,HIF010941,20.76667,-156.459167,Permitted Feature,Privately Owned Facility,NPDES
MAUI BAY VILLAS,HIF010941,20.768056,-156.45889,Permitted Feature,Privately Owned Facility,NPDES
MAUI BAY VILLAS,HIF010941,20.76639,-156.45944,Facility,Privately Owned Facility,NPDES
"PACIFIC PIPE COMPANY, INC. MAUI",HIF010942,20.896497,-156.446188,Permitted Feature,Privately Owned Facility,NPDES
"PACIFIC PIPE COMPANY, INC. MAUI",HIF010942,20.896497,-156.446188,Facility,Privately Owned Facility,NPDES
"MAHANA LEI, LLC",HIF010943,21.276248,-157.760857,Facility,Privately Owned Facility,NPDES
KAMALANI - INCREMENT 1,HIF010944,20.782382,-156.456499,Facility,Privately Owned Facility,NPDES
KEIKILANI HOMES: NEW HOUSE,HIF010946,21.276901,-157.759612,Permitted Feature,Privately Owned Facility,NPDES
THE CLUB AT HOKULIA (1),HIF010947,19.506132,-155.946778,Permitted Feature,Privately Owned Facility,NPDES
THE CLUB AT HOKULIA (1),HIF010947,19.505576,-155.948945,Permitted Feature,Privately Owned Facility,NPDES
"INTERSTATE ROUTE H-1 EASTBOUND, VINEYARD BOULEVARD ON-RAMP, LUSITANA STREET CONN",HIF010950,21.3035,-157.86365,Permitted Feature,State Government,NPDES
"INTERSTATE ROUTE H-1 EASTBOUND, VINEYARD BOULEVARD ON-RAMP, LUSITANA STREET CONN",HIF010950,21.3035,-157.86365,Facility,State Government,NPDES
HONOKAIA NON-POTABLE WATER SYSTEM,HIF010951,20.056271,-155.529918,Facility,State Government,NPDES
"COMMAND AND CONTROL FACILITY (C2F) COMPLEX, PHASE 2",HIF010953,21.364429,-157.868901,Facility,Federal Facility (U.S. Government),NPDES
KA MAKANA ALII SHOPPING CENTER OFFSITE IMPROVEMENTS,HIF010955,21.299722,-158.067222,Facility,Privately Owned Facility,NPDES
KAWAILANI ESTATES,HIF010957,19.68524,-155.09381,Permitted Feature,Privately Owned Facility,NPDES
KAWAILANI ESTATES,HIF010957,19.68524,-155.09381,Facility,Privately Owned Facility,NPDES
KUKUIULA - KAHELA SUBDIVISION,HIF010964,21.885714,-159.487735,Facility,Privately Owned Facility,NPDES
MAUI MERMAIDS,HIF010965,20.852306,-156.661194,Permitted Feature,Privately Owned Facility,NPDES
RAMP H2R2,HIF010967,21.397307,-157.984875,Facility,Municipality,NPDES
PEARL CITY HIGH SCHOOL TRACK AND FIELD FACILITY IMPROVEMENTS,HIF010975,21.397317,-157.963233,Permitted Feature,State Government,NPDES
PEARL CITY HIGH SCHOOL TRACK AND FIELD FACILITY IMPROVEMENTS,HIF010975,21.410779,-157.949968,Permitted Feature,State Government,NPDES
PEARL CITY HIGH SCHOOL TRACK AND FIELD FACILITY IMPROVEMENTS,HIF010975,21.410779,-157.949968,Facility,State Government,NPDES
MIKI BASIN HEAVY INDUSTRIAL SITE,HIF010976,20.786801,-156.917261,Permitted Feature,Privately Owned Facility,NPDES
MIKI BASIN STOCKPILE SITE,HIF010977,20.786801,-156.917261,Permitted Feature,Privately Owned Facility,NPDES
MIKI BASIN STOCKPILE SITE,HIF010977,20.786801,-156.917261,Facility,Privately Owned Facility,NPDES
KEALAKEKUA CHAPEL (1),HIF010979,19.505555,-155.925555,Permitted Feature,Privately Owned Facility,NPDES
KEALAKEKUA CHAPEL (1),HIF010979,19.505555,-155.925555,Facility,Privately Owned Facility,NPDES
MASS GRADING AND SITE IMPROVEMENTS FOR THE HICKAM FEDERAL CREDIT UNION HEADQUART,HIF010981,21.39639,-157.98028,Permitted Feature,Privately Owned Facility,NPDES
MASS GRADING AND SITE IMPROVEMENTS FOR THE HICKAM FEDERAL CREDIT UNION HEADQUART,HIF010981,21.39639,-157.98028,Facility,Privately Owned Facility,NPDES
900 GREEN VALLEY,HIF010982,21.460559,-158.024528,Facility,Privately Owned Facility,NPDES
"NAWILIWILI ROAD RESURFACING, WAAPA ROAD TO KANANI STREET",HIF010984,21.970687,-159.367282,Permitted Feature,State Government,NPDES
"NAWILIWILI ROAD RESURFACING, WAAPA ROAD TO KANANI STREET",HIF010984,21.966098,-159.362643,Permitted Feature,State Government,NPDES
"NAWILIWILI ROAD RESURFACING, WAAPA ROAD TO KANANI STREET",HIF010984,21.964218,-159.361682,Permitted Feature,State Government,NPDES
"NAWILIWILI ROAD RESURFACING, WAAPA ROAD TO KANANI STREET",HIF010984,21.952391,-159.366004,Permitted Feature,State Government,NPDES
"NAWILIWILI ROAD RESURFACING, WAAPA ROAD TO KANANI STREET",HIF010984,21.954891,-159.354223,Permitted Feature,State Government,NPDES
"NAWILIWILI ROAD RESURFACING, WAAPA ROAD TO KANANI STREET",HIF010984,21.95743,-159.352209,Permitted Feature,State Government,NPDES
"NAWILIWILI ROAD RESURFACING, WAAPA ROAD TO KANANI STREET",HIF010984,21.970687,-159.367282,Facility,State Government,NPDES
FY15 PNEK141003 ACCESS ROAD FOR REMOTE MAUI EXPERIMENT FACILITY,HIF010988,20.753,-156.435,Permitted Feature,Federal Facility (U.S. Government),NPDES
FY15 PNEK141003 ACCESS ROAD FOR REMOTE MAUI EXPERIMENT FACILITY,HIF010988,20.747,-156.441,Permitted Feature,Federal Facility (U.S. Government),NPDES
FY15 PNEK141003 ACCESS ROAD FOR REMOTE MAUI EXPERIMENT FACILITY,HIF010988,20.753,-156.435,Facility,Federal Facility (U.S. Government),NPDES
HONAUNAU RODEO ARENA IMPROVEMENTS,HIF010990,19.424047,-155.911412,Permitted Feature,Municipal or Water District,NPDES
HONAUNAU RODEO ARENA IMPROVEMENTS,HIF010990,19.425495,-155.914054,Permitted Feature,Municipal or Water District,NPDES
HONAUNAU RODEO ARENA IMPROVEMENTS,HIF010990,19.424047,-155.911412,Facility,Municipal or Water District,NPDES
EE WAIANAE SOLAR LLC,HIF010991,21.45306,-158.20014,Permitted Feature,Privately Owned Facility,NPDES
EE WAIANAE SOLAR LLC,HIF010991,21.45167,-158.19833,Permitted Feature,Privately Owned Facility,NPDES
EE WAIANAE SOLAR LLC,HIF010991,21.44917,-158.18972,Permitted Feature,Privately Owned Facility,NPDES
EE WAIANAE SOLAR LLC,HIF010991,21.45008,-158.18611,Permitted Feature,Privately Owned Facility,NPDES
EE WAIANAE SOLAR LLC,HIF010991,21.45333,-158.1835,Permitted Feature,Privately Owned Facility,NPDES
EE WAIANAE SOLAR LLC,HIF010991,21.44917,-158.18972,Facility,Privately Owned Facility,NPDES
PIER 1 - CRANE SHOP AND POWER SHOP,HIF010993,21.296057,-157.869156,Permitted Feature,Privately Owned Facility,NPDES
PIER 1 - CRANE SHOP AND POWER SHOP,HIF010993,21.296057,-157.869156,Facility,Privately Owned Facility,NPDES
"ANGEL'S 24-HOUR TOWING & USED PARTS, LLC",HIF010998,21.458265,-158.171228,Permitted Feature,Privately Owned Facility,NPDES
"WILHELMINA RISE WATER SYSTEM IMPROVEMENTS, PART V (1)",HIF011001,21.27678,-157.788,Facility,Municipality,NPDES
KAWAILOA SOLAR FARM,HIF011003,21.625824,-158.071027,Facility,Privately Owned Facility,NPDES
SITE AND ROADWAY IMPROVEMENTS AT KUHIO PARK TERRACES,HIF011006,21.336786,-157.876221,Permitted Feature,State Government,NPDES
OPAEULA 15 RESERVOIR DAM DECOMMISSIONING,HIF011007,21.578189,-158.060586,Facility,Privately Owned Facility,NPDES
"HONOLULU RAIL TRANSIT PROJECT, FARRINGTON HIGHWAY STATION GROUP",HIF011008,21.378824,-158.020704,Facility,Municipality,NPDES
HOAKALEI AREA 6A - PHASE 1 AND PHASE 2,HIF011011,21.30472,-158.03528,Permitted Feature,Privately Owned Facility,NPDES
HOAKALEI AREA 6A - PHASE 1 AND PHASE 2,HIF011011,21.30472,-158.03528,Facility,Privately Owned Facility,NPDES
HOOPILI STOCKPILING PLAN,HIF011013,21.35562,-158.01948,Facility,Privately Owned Facility,NPDES
KAMALANI BORROW SITE,HIF011016,20.789221,-156.450351,Permitted Feature,Privately Owned Facility,NPDES
KAMALANI BORROW SITE,HIF011016,20.789221,-156.450351,Facility,Privately Owned Facility,NPDES
WAREHOUSE & SERVICE FACILITY FOR AMERICAN TIRE WAREHOUSE,HIF011018,21.31875,-158.088417,Facility,Privately Owned Facility,NPDES
HOKUPAA,HIF011019,21.296564,-157.658213,Facility,Privately Owned Facility,NPDES
KUIHELANI HIGHWAY RESURFACING,HIF011020,20.839963,-156.489555,Facility,State Government,NPDES
EE WAIANAE SOLAR PROJECT LLC,HIF011021,21.45306,-158.20014,Permitted Feature,Privately Owned Facility,NPDES
EE WAIANAE SOLAR PROJECT LLC,HIF011021,21.45167,-158.19833,Permitted Feature,Privately Owned Facility,NPDES
EE WAIANAE SOLAR PROJECT LLC,HIF011021,21.44917,-158.18972,Permitted Feature,Privately Owned Facility,NPDES
EE WAIANAE SOLAR PROJECT LLC,HIF011021,21.45008,-158.18611,Permitted Feature,Privately Owned Facility,NPDES
EE WAIANAE SOLAR PROJECT LLC,HIF011021,21.45333,-158.1835,Permitted Feature,Privately Owned Facility,NPDES
EE WAIANAE SOLAR PROJECT LLC,HIF011021,21.44917,-158.18972,Facility,Privately Owned Facility,NPDES
EVERSHINE VII - COMPOUND RENOVATION PROJECTS,HIF011022,21.267352,-157.709699,Permitted Feature,Privately Owned Facility,NPDES
EVERSHINE VII - COMPOUND RENOVATION PROJECTS,HIF011022,21.268239,-157.709056,Permitted Feature,Privately Owned Facility,NPDES
EVERSHINE VII - COMPOUND RENOVATION PROJECTS,HIF011022,21.267066,-157.709749,Permitted Feature,Privately Owned Facility,NPDES
EVERSHINE VII - COMPOUND RENOVATION PROJECTS,HIF011022,21.268641,-157.708776,Permitted Feature,Privately Owned Facility,NPDES
WAIAKEA FAIRWAYS SUBDIVISION-PHASE 1,HIF011023,19.67668,-155.0721,Facility,Privately Owned Facility,NPDES
"INTERSTATE ROUTE H-1, ADDITION AND MODIFICATION OF FREEWAY ACCESS (KAPOLEI INTER",HIF011028,21.295532,-158.086352,Facility,State Government,NPDES
"HI1432M, REPAIR BAUGH ROAD, CAMP H.M. SMITH, MCB HAWAII, WON 1301286",HIF011029,21.39133,-157.905013,Permitted Feature,Federal Facility (U.S. Government),NPDES
"HI1432M, REPAIR BAUGH ROAD, CAMP H.M. SMITH, MCB HAWAII, WON 1301286",HIF011029,21.382794,-157.908597,Permitted Feature,Federal Facility (U.S. Government),NPDES
"HI1432M, REPAIR BAUGH ROAD, CAMP H.M. SMITH, MCB HAWAII, WON 1301286",HIF011029,21.39133,-157.905013,Facility,Federal Facility (U.S. Government),NPDES
EWA BY GENTRY AREA 52 - DETACHED CONDOMINIUM DEVELOPMENT INCREMENT 2,HIF011031,21.322525,-158.031347,Facility,Privately Owned Facility,NPDES
EWA BY GENTRY AREA 52 - DETACHED CONDOMINIUM DEVELOPMENT INCREMENT 1,HIF011032,21.322525,-158.031347,Permitted Feature,Privately Owned Facility,NPDES
EWA BY GENTRY AREA 52 - DETACHED CONDOMINIUM DEVELOPMENT INCREMENT 1,HIF011032,21.3213,-158.030789,Permitted Feature,Privately Owned Facility,NPDES
EWA BY GENTRY AREA 52 - DETACHED CONDOMINIUM DEVELOPMENT INCREMENT 1,HIF011032,21.322525,-158.031347,Facility,Privately Owned Facility,NPDES
MANA DRAG RACE STRIP ELECTRICAL AND LIGHTING UPGRADES,HIF011033,21.977451,-159.751823,Permitted Feature,State Government,NPDES
MANA DRAG RACE STRIP ELECTRICAL AND LIGHTING UPGRADES,HIF011033,21.974908,-159.741176,Permitted Feature,State Government,NPDES
MANA DRAG RACE STRIP ELECTRICAL AND LIGHTING UPGRADES,HIF011033,21.977451,-159.751823,Facility,State Government,NPDES
MOHOULI SENIOR PHASE 3 CLEARING AND GRUBBING,HIF011037,19.704635,-155.093457,Permitted Feature,Privately Owned Facility,NPDES
MOHOULI SENIOR PHASE 3 CLEARING AND GRUBBING,HIF011037,19.705815,-155.093057,Permitted Feature,Privately Owned Facility,NPDES
MOHOULI SENIOR PHASE 3 CLEARING AND GRUBBING,HIF011037,19.703645,-155.091449,Permitted Feature,Privately Owned Facility,NPDES
MOHOULI SENIOR PHASE 3 CLEARING AND GRUBBING,HIF011037,19.705815,-155.093057,Facility,Privately Owned Facility,NPDES
KUKUIHAELE PARK,HIF011041,20.12695,-155.564383,Permitted Feature,Municipal or Water District,NPDES
KUKUIHAELE PARK,HIF011041,20.12695,-155.564383,Facility,Municipal or Water District,NPDES
TIMBERS KAUAI OCEAN CLUB AND RESIDENCES,HIF011042,21.956709,-159.34543,Permitted Feature,Privately Owned Facility,NPDES
TIMBERS KAUAI OCEAN CLUB AND RESIDENCES,HIF011042,21.957873,-159.343477,Permitted Feature,Privately Owned Facility,NPDES
TIMBERS KAUAI OCEAN CLUB AND RESIDENCES,HIF011042,21.958111,-159.343314,Permitted Feature,Privately Owned Facility,NPDES
"LOWE'S OF KAHULUI, HI",HIF011044,20.896548,-156.446111,Facility,Privately Owned Facility,NPDES
KALEWA STREET STORAGE LOT PAVING,HIF011046,21.325978,-157.900942,Facility,State Government,NPDES
WEST MAUI HOSPITAL AND MEDICAL CENTER,HIF011048,20.940416,-156.692109,Permitted Feature,Privately Owned Facility,NPDES
WEST MAUI HOSPITAL AND MEDICAL CENTER,HIF011048,20.940416,-156.692109,Facility,Privately Owned Facility,NPDES
MILILANI GOLF CLUB IRRIGATION POND IMPROVEMENTS HOLE 13,HIF011050,21.447436,-158.02381,Facility,Privately Owned Facility,NPDES
NORTH SHORE GREENWAY - PHASE IV,HIF011055,20.91154,-156.392525,Facility,Municipal or Water District,NPDES
HONOLII OCEAN VIEW ESTATES,HIF011057,19.768638,-155.092113,Facility,Privately Owned Facility,NPDES
"REHABILITATION OF STREETS, UNIT 82 (1)",HIF011058,21.501443,-158.053188,Permitted Feature,Municipality,NPDES
"REHABILITATION OF STREETS, UNIT 82 (1)",HIF011058,21.507595,-158.061732,Permitted Feature,Municipality,NPDES
"REHABILITATION OF STREETS, UNIT 82 (1)",HIF011058,21.530624,-158.067702,Permitted Feature,Municipality,NPDES
"REHABILITATION OF STREETS, UNIT 82 (1)",HIF011058,21.52322,-158.054827,Permitted Feature,Municipality,NPDES
"REHABILITATION OF STREETS, UNIT 82 (1)",HIF011058,21.565285,-158.120392,Permitted Feature,Municipality,NPDES
"REHABILITATION OF STREETS, UNIT 82 (1)",HIF011058,21.565367,-158.120284,Permitted Feature,Municipality,NPDES
TOWN CENTER OF MILILANI,HIF011059,21.451097,-158.000349,Permitted Feature,Privately Owned Facility,NPDES
TOWN CENTER OF MILILANI,HIF011059,21.455899,-158.005054,Permitted Feature,Privately Owned Facility,NPDES
MANINIOWALI PHASE 3,HIF011061,19.803333,-156.006667,Facility,Privately Owned Facility,NPDES
FACILITY REPAIR AND REPAINTING KAWELA 228' RESERVOIR (1),HIF011064,21.687757,-158.002217,Permitted Feature,Municipality,NPDES
FACILITY REPAIR AND REPAINTING KAWELA 228' RESERVOIR (1),HIF011064,21.687757,-158.002217,Facility,Municipality,NPDES
WAIKELE STORAGE PARK,HIF011065,21.413078,-158.012794,Permitted Feature,Privately Owned Facility,NPDES
WAIKELE STORAGE PARK,HIF011065,21.411068,-158.012961,Permitted Feature,Privately Owned Facility,NPDES
WAIKELE STORAGE PARK,HIF011065,21.409999,-158.013877,Permitted Feature,Privately Owned Facility,NPDES
WAIKELE STORAGE PARK,HIF011065,21.407968,-158.014262,Permitted Feature,Privately Owned Facility,NPDES
WAIKELE STORAGE PARK,HIF011065,21.406299,-158.015218,Permitted Feature,Privately Owned Facility,NPDES
WAIKELE STORAGE PARK,HIF011065,21.405651,-158.01772,Permitted Feature,Privately Owned Facility,NPDES
WAIKELE STORAGE PARK,HIF011065,21.407016,-158.018682,Permitted Feature,Privately Owned Facility,NPDES
WAIKELE STORAGE PARK,HIF011065,21.408347,-158.018124,Permitted Feature,Privately Owned Facility,NPDES
WAIKELE STORAGE PARK,HIF011065,21.409503,-158.019003,Permitted Feature,Privately Owned Facility,NPDES
WAIKELE STORAGE PARK,HIF011065,21.410577,-158.021072,Permitted Feature,Privately Owned Facility,NPDES
PIER 51A TERMINAL,HIF011067,21.313889,-157.882778,Facility,Privately Owned Facility,NPDES
"PRIVATIZATION OF FAMILY HOUSING FOR MARINE CORPS BASE HAWAII, PHASE 6 MOLOLANI N",HIF011076,21.444315,-157.736902,Facility,Federal Facility (U.S. Government),NPDES
HOKUPAA (1),HIF011078,21.296564,-157.658213,Facility,Privately Owned Facility,NPDES
KAMAKANA VILLAGES FAMILY AND SENIOR RENTAL HOUSING,HIF011079,19.6622,-155.9936,Facility,Privately Owned Facility,NPDES
KALAELOA STOCKPILES 3 & 4,HIF011080,21.315436,-158.11919,Facility,Privately Owned Facility,NPDES
REPAIR JET ENGINE SHOP B3416 & REPAIR PAVING AND SITE WORK,HIF011084,21.316935,-157.956818,Permitted Feature,Federal Facility (U.S. Government),NPDES
REPAIR JET ENGINE SHOP B3416 & REPAIR PAVING AND SITE WORK,HIF011084,21.316865,-157.954265,Permitted Feature,Federal Facility (U.S. Government),NPDES
"KALAELOA DEVELOPMENT DISTRICT, KALAELOA ENERGY CORRIDOR",HIF011087,21.298428,-158.073468,Facility,State Government,NPDES
"KAUAI PHILIPPINE CULTURAL CENTER (KPCC) FACILITY, PHASE I",HIF011088,21.96657,-159.39023,Permitted Feature,Privately Owned Facility,NPDES
"KAUAI PHILIPPINE CULTURAL CENTER (KPCC) FACILITY, PHASE I",HIF011088,21.96221,-159.38512,Permitted Feature,Privately Owned Facility,NPDES
"KAUAI PHILIPPINE CULTURAL CENTER (KPCC) FACILITY, PHASE I",HIF011088,21.96657,-159.39023,Facility,Privately Owned Facility,NPDES
HUALALAI KAI,HIF011089,19.637967,-155.989208,Permitted Feature,Privately Owned Facility,NPDES
ROAD AND HIGHWAY BUILDERS HOT-MIX ASPHALT PLANT,HIF011090,21.297643,-158.081253,Permitted Feature,Municipality,NPDES
THOMAS SQUARE - PARK IMPROVEMENTS,HIF011095,21.294398,-157.85734,Permitted Feature,Municipal or Water District,NPDES
PINERIDGE KAPOLEI SITE GRADING,HIF011097,21.295244,-158.098097,Permitted Feature,Privately Owned Facility,NPDES
HANA LANDFILL (2),HIF011099,20.7723,-155.9828,Facility,Municipal or Water District,NPDES
UNIVERSITY OF HAWAII MARINE CENTER (2),HIF011105,21.316541,-157.876299,Facility,Municipal or Water District,NPDES
"FIRE HYDRANT INSTALLATIONS AT VARIOUS LOCATIONS, PART B",HIF011106,21.30235,-157.83459,Permitted Feature,Municipal or Water District,NPDES
"FIRE HYDRANT INSTALLATIONS AT VARIOUS LOCATIONS, PART B",HIF011106,21.30426,-157.83452,Permitted Feature,Municipal or Water District,NPDES
"FIRE HYDRANT INSTALLATIONS AT VARIOUS LOCATIONS, PART B",HIF011106,21.30418,-157.83442,Permitted Feature,Municipal or Water District,NPDES
"FIRE HYDRANT INSTALLATIONS AT VARIOUS LOCATIONS, PART B",HIF011106,21.30556,-157.83278,Permitted Feature,Municipal or Water District,NPDES
"FIRE HYDRANT INSTALLATIONS AT VARIOUS LOCATIONS, PART B",HIF011106,21.30643,-157.83163,Permitted Feature,Municipal or Water District,NPDES
"FIRE HYDRANT INSTALLATIONS AT VARIOUS LOCATIONS, PART B",HIF011106,21.30736,-157.83086,Permitted Feature,Municipal or Water District,NPDES
"FIRE HYDRANT INSTALLATIONS AT VARIOUS LOCATIONS, PART B",HIF011106,21.2972,-157.813777,Permitted Feature,Municipal or Water District,NPDES
"FIRE HYDRANT INSTALLATIONS AT VARIOUS LOCATIONS, PART B",HIF011106,21.31075,-157.809395,Permitted Feature,Municipal or Water District,NPDES
"FIRE HYDRANT INSTALLATIONS AT VARIOUS LOCATIONS, PART B",HIF011106,21.31113,-157.808828,Permitted Feature,Municipal or Water District,NPDES
"FIRE HYDRANT INSTALLATIONS AT VARIOUS LOCATIONS, PART B",HIF011106,21.27661,-157.81691,Permitted Feature,Municipal or Water District,NPDES
"FIRE HYDRANT INSTALLATIONS AT VARIOUS LOCATIONS, PART B",HIF011106,21.29548,-157.75532,Permitted Feature,Municipal or Water District,NPDES
"FIRE HYDRANT INSTALLATIONS AT VARIOUS LOCATIONS, PART B",HIF011106,21.29656,-157.75551,Permitted Feature,Municipal or Water District,NPDES
"FIRE HYDRANT INSTALLATIONS AT VARIOUS LOCATIONS, PART B",HIF011106,21.29926,-157.75604,Permitted Feature,Municipal or Water District,NPDES
"FIRE HYDRANT INSTALLATIONS AT VARIOUS LOCATIONS, PART B",HIF011106,21.30057,-157.75597,Permitted Feature,Municipal or Water District,NPDES
"FIRE HYDRANT INSTALLATIONS AT VARIOUS LOCATIONS, PART B",HIF011106,21.30235,-157.83459,Facility,Municipal or Water District,NPDES
"REPAVE BISHOP POINT, WORK ORDER NUMBER (WON) 1295579",HIF011109,21.330388,-157.966961,Permitted Feature,Federal Facility (U.S. Government),NPDES
"REPAVE BISHOP POINT, WORK ORDER NUMBER (WON) 1295579",HIF011109,21.330088,-157.966266,Permitted Feature,Federal Facility (U.S. Government),NPDES
"REPAVE BISHOP POINT, WORK ORDER NUMBER (WON) 1295579",HIF011109,21.330388,-157.966961,Facility,Federal Facility (U.S. Government),NPDES
500 KEAUHOU LANE (1),HIF011111,21.294722,-157.866667,Permitted Feature,Privately Owned Facility,NPDES
AHUALOA-HONOKAA TRANSMISSION WATERLINE,HIF011116,20.051389,-155.517222,Permitted Feature,Municipal or Water District,NPDES
AHUALOA-HONOKAA TRANSMISSION WATERLINE,HIF011116,20.051944,-155.516389,Permitted Feature,Municipal or Water District,NPDES
AHUALOA-HONOKAA TRANSMISSION WATERLINE,HIF011116,20.049722,-155.513333,Permitted Feature,Municipal or Water District,NPDES
AHUALOA-HONOKAA TRANSMISSION WATERLINE,HIF011116,20.054722,-155.512778,Permitted Feature,Municipal or Water District,NPDES
AHUALOA-HONOKAA TRANSMISSION WATERLINE,HIF011116,20.054722,-155.506667,Permitted Feature,Municipal or Water District,NPDES
AHUALOA-HONOKAA TRANSMISSION WATERLINE,HIF011116,20.056111,-155.505833,Permitted Feature,Municipal or Water District,NPDES
AHUALOA-HONOKAA TRANSMISSION WATERLINE,HIF011116,20.056944,-155.505,Permitted Feature,Municipal or Water District,NPDES
AHUALOA-HONOKAA TRANSMISSION WATERLINE,HIF011116,20.059167,-155.504167,Permitted Feature,Municipal or Water District,NPDES
AHUALOA-HONOKAA TRANSMISSION WATERLINE,HIF011116,20.057778,-155.501389,Permitted Feature,Municipal or Water District,NPDES
AHUALOA-HONOKAA TRANSMISSION WATERLINE,HIF011116,20.058333,-155.501389,Permitted Feature,Municipal or Water District,NPDES
AHUALOA-HONOKAA TRANSMISSION WATERLINE,HIF011116,20.063889,-155.500556,Permitted Feature,Municipal or Water District,NPDES
AHUALOA-HONOKAA TRANSMISSION WATERLINE,HIF011116,20.061111,-155.4975,Permitted Feature,Municipal or Water District,NPDES
AHUALOA-HONOKAA TRANSMISSION WATERLINE,HIF011116,20.061667,-155.497222,Permitted Feature,Municipal or Water District,NPDES
AHUALOA-HONOKAA TRANSMISSION WATERLINE,HIF011116,20.062778,-155.496667,Permitted Feature,Municipal or Water District,NPDES
AHUALOA-HONOKAA TRANSMISSION WATERLINE,HIF011116,20.063056,-155.496389,Permitted Feature,Municipal or Water District,NPDES
AHUALOA-HONOKAA TRANSMISSION WATERLINE,HIF011116,20.073611,-155.490833,Permitted Feature,Municipal or Water District,NPDES
AHUALOA-HONOKAA TRANSMISSION WATERLINE,HIF011116,20.064167,-155.49,Permitted Feature,Municipal or Water District,NPDES
AHUALOA-HONOKAA TRANSMISSION WATERLINE,HIF011116,20.064722,-155.489167,Permitted Feature,Municipal or Water District,NPDES
AHUALOA-HONOKAA TRANSMISSION WATERLINE,HIF011116,20.068889,-155.486667,Permitted Feature,Municipal or Water District,NPDES
AHUALOA-HONOKAA TRANSMISSION WATERLINE,HIF011116,20.077222,-155.477778,Permitted Feature,Municipal or Water District,NPDES
AHUALOA-HONOKAA TRANSMISSION WATERLINE,HIF011116,20.074444,-155.477778,Permitted Feature,Municipal or Water District,NPDES
AHUALOA-HONOKAA TRANSMISSION WATERLINE,HIF011116,20.065,-155.480833,Permitted Feature,Municipal or Water District,NPDES
AHUALOA-HONOKAA TRANSMISSION WATERLINE,HIF011116,20.066111,-155.48,Permitted Feature,Municipal or Water District,NPDES
AHUALOA-HONOKAA TRANSMISSION WATERLINE,HIF011116,20.0725,-155.473611,Permitted Feature,Municipal or Water District,NPDES
AHUALOA-HONOKAA TRANSMISSION WATERLINE,HIF011116,20.068056,-155.475,Permitted Feature,Municipal or Water District,NPDES
AHUALOA-HONOKAA TRANSMISSION WATERLINE,HIF011116,20.082222,-155.465278,Permitted Feature,Municipal or Water District,NPDES
AHUALOA-HONOKAA TRANSMISSION WATERLINE,HIF011116,20.081944,-155.463056,Permitted Feature,Municipal or Water District,NPDES
AHUALOA-HONOKAA TRANSMISSION WATERLINE,HIF011116,20.079444,-155.458056,Permitted Feature,Municipal or Water District,NPDES
AHUALOA-HONOKAA TRANSMISSION WATERLINE,HIF011116,20.061667,-155.497222,Facility,Municipal or Water District,NPDES
"REHABILITATION OF STREET, IDIQ4, JOB NO. 15-01",HIF011117,21.362357,-158.025975,Permitted Feature,Municipal or Water District,NPDES
"REHABILITATION OF STREET, IDIQ4, JOB NO. 15-01",HIF011117,21.360554,-158.025393,Permitted Feature,Municipal or Water District,NPDES
"REHABILITATION OF STREET, IDIQ4, JOB NO. 15-01",HIF011117,21.35994,-158.025066,Permitted Feature,Municipal or Water District,NPDES
"REHABILITATION OF STREET, IDIQ4, JOB NO. 15-01",HIF011117,21.359047,-158.024136,Permitted Feature,Municipal or Water District,NPDES
"REHABILITATION OF STREET, IDIQ4, JOB NO. 15-01",HIF011117,21.357412,-158.022481,Permitted Feature,Municipal or Water District,NPDES
"REHABILITATION OF STREET, IDIQ4, JOB NO. 15-01",HIF011117,21.356447,-158.022288,Permitted Feature,Municipal or Water District,NPDES
"REHABILITATION OF STREET, IDIQ4, JOB NO. 15-01",HIF011117,21.354878,-158.02222,Permitted Feature,Municipal or Water District,NPDES
"REHABILITATION OF STREET, IDIQ4, JOB NO. 15-01",HIF011117,21.366648,-158.025365,Permitted Feature,Municipal or Water District,NPDES
"REHABILITATION OF STREET, IDIQ4, JOB NO. 15-01",HIF011117,21.366478,-158.022331,Permitted Feature,Municipal or Water District,NPDES
"REHABILITATION OF STREET, IDIQ4, JOB NO. 15-01",HIF011117,21.372237,-158.032788,Permitted Feature,Municipal or Water District,NPDES
"REHABILITATION OF STREET, IDIQ4, JOB NO. 15-01",HIF011117,21.370551,-158.032788,Permitted Feature,Municipal or Water District,NPDES
"REHABILITATION OF STREET, IDIQ4, JOB NO. 15-01",HIF011117,21.370217,-158.03175,Permitted Feature,Municipal or Water District,NPDES
"REHABILITATION OF STREET, IDIQ4, JOB NO. 15-01",HIF011117,21.390491,-157.947907,Permitted Feature,Municipal or Water District,NPDES
"REHABILITATION OF STREET, IDIQ4, JOB NO. 15-01",HIF011117,21.388692,-157.939582,Permitted Feature,Municipal or Water District,NPDES
"REHABILITATION OF STREET, IDIQ4, JOB NO. 15-01",HIF011117,21.394729,-157.927846,Permitted Feature,Municipal or Water District,NPDES
"REHABILITATION OF STREET, IDIQ4, JOB NO. 15-01",HIF011117,21.394969,-157.921813,Permitted Feature,Municipal or Water District,NPDES
"REHABILITATION OF STREET, IDIQ4, JOB NO. 15-01",HIF011117,21.396579,-157.920305,Permitted Feature,Municipal or Water District,NPDES
"REHABILITATION OF STREET, IDIQ4, JOB NO. 15-01",HIF011117,21.393173,-157.947388,Permitted Feature,Municipal or Water District,NPDES
"REHABILITATION OF STREET, IDIQ4, JOB NO. 15-01",HIF011117,21.393449,-157.945917,Permitted Feature,Municipal or Water District,NPDES
"REHABILITATION OF STREET, IDIQ4, JOB NO. 15-01",HIF011117,21.393868,-157.944458,Permitted Feature,Municipal or Water District,NPDES
"REHABILITATION OF STREET, IDIQ4, JOB NO. 15-01",HIF011117,21.394114,-157.943833,Permitted Feature,Municipal or Water District,NPDES
"REHABILITATION OF STREET, IDIQ4, JOB NO. 15-01",HIF011117,21.394436,-157.943035,Permitted Feature,Municipal or Water District,NPDES
"REHABILITATION OF STREET, IDIQ4, JOB NO. 15-01",HIF011117,21.395527,-157.942632,Permitted Feature,Municipal or Water District,NPDES
"REHABILITATION OF STREET, IDIQ4, JOB NO. 15-01",HIF011117,21.395803,-157.941982,Permitted Feature,Municipal or Water District,NPDES
"REHABILITATION OF STREET, IDIQ4, JOB NO. 15-01",HIF011117,21.395913,-157.941303,Permitted Feature,Municipal or Water District,NPDES
"REHABILITATION OF STREET, IDIQ4, JOB NO. 15-01",HIF011117,21.395983,-157.940655,Permitted Feature,Municipal or Water District,NPDES
"REHABILITATION OF STREET, IDIQ4, JOB NO. 15-01",HIF011117,21.395851,-157.939449,Permitted Feature,Municipal or Water District,NPDES
"REHABILITATION OF STREET, IDIQ4, JOB NO. 15-01",HIF011117,21.396187,-157.937449,Permitted Feature,Municipal or Water District,NPDES
"REHABILITATION OF STREET, IDIQ4, JOB NO. 15-01",HIF011117,21.396071,-157.936336,Permitted Feature,Municipal or Water District,NPDES
"REHABILITATION OF STREET, IDIQ4, JOB NO. 15-01",HIF011117,21.401714,-157.933617,Permitted Feature,Municipal or Water District,NPDES
"REHABILITATION OF STREET, IDIQ4, JOB NO. 15-01",HIF011117,21.403277,-157.930194,Permitted Feature,Municipal or Water District,NPDES
"REHABILITATION OF STREET, IDIQ4, JOB NO. 15-01",HIF011117,21.406288,-157.930337,Permitted Feature,Municipal or Water District,NPDES
"REHABILITATION OF STREET, IDIQ4, JOB NO. 15-01",HIF011117,21.405417,-157.935183,Permitted Feature,Municipal or Water District,NPDES
"REHABILITATION OF STREET, IDIQ4, JOB NO. 15-01",HIF011117,21.389154,-157.950245,Permitted Feature,Municipal or Water District,NPDES
"REHABILITATION OF STREET, IDIQ4, JOB NO. 15-01",HIF011117,21.381752,-157.946761,Permitted Feature,Municipal or Water District,NPDES
"REHABILITATION OF STREET, IDIQ4, JOB NO. 15-01",HIF011117,21.380335,-157.945105,Permitted Feature,Municipal or Water District,NPDES
"REHABILITATION OF STREET, IDIQ4, JOB NO. 15-01",HIF011117,21.365076,-157.900427,Permitted Feature,Municipal or Water District,NPDES
"REHABILITATION OF STREET, IDIQ4, JOB NO. 15-01",HIF011117,21.360551,-157.898859,Permitted Feature,Municipal or Water District,NPDES
"REHABILITATION OF STREET, IDIQ4, JOB NO. 15-01",HIF011117,21.35407,-157.904089,Permitted Feature,Municipal or Water District,NPDES
"REHABILITATION OF STREET, IDIQ4, JOB NO. 15-01",HIF011117,21.350565,-157.900973,Permitted Feature,Municipal or Water District,NPDES
"REHABILITATION OF STREET, IDIQ4, JOB NO. 15-01",HIF011117,21.349989,-157.901006,Permitted Feature,Municipal or Water District,NPDES
"REHABILITATION OF STREET, IDIQ4, JOB NO. 15-01",HIF011117,21.349801,-157.901044,Permitted Feature,Municipal or Water District,NPDES
"REHABILITATION OF STREET, IDIQ4, JOB NO. 15-01",HIF011117,21.349636,-157.903431,Permitted Feature,Municipal or Water District,NPDES
"REHABILITATION OF STREET, IDIQ4, JOB NO. 15-01",HIF011117,21.349434,-157.901298,Permitted Feature,Municipal or Water District,NPDES
"REHABILITATION OF STREET, IDIQ4, JOB NO. 15-01",HIF011117,21.360697,-157.898784,Permitted Feature,Municipal or Water District,NPDES
"REHABILITATION OF STREET, IDIQ4, JOB NO. 15-01",HIF011117,21.361129,-157.898633,Permitted Feature,Municipal or Water District,NPDES
"REHABILITATION OF STREET, IDIQ4, JOB NO. 15-01",HIF011117,21.363562,-157.895933,Permitted Feature,Municipal or Water District,NPDES
"REHABILITATION OF STREET, IDIQ4, JOB NO. 15-01",HIF011117,21.36451,-157.894664,Permitted Feature,Municipal or Water District,NPDES
"REHABILITATION OF STREET, IDIQ4, JOB NO. 15-01",HIF011117,21.36475,-157.894358,Permitted Feature,Municipal or Water District,NPDES
"REHABILITATION OF STREET, IDIQ4, JOB NO. 15-01",HIF011117,21.365541,-157.894024,Permitted Feature,Municipal or Water District,NPDES
"REHABILITATION OF STREET, IDIQ4, JOB NO. 15-01",HIF011117,21.36682,-157.892812,Permitted Feature,Municipal or Water District,NPDES
"REHABILITATION OF STREET, IDIQ4, JOB NO. 15-01",HIF011117,21.367313,-157.89146,Permitted Feature,Municipal or Water District,NPDES
"REHABILITATION OF STREET, IDIQ4, JOB NO. 15-01",HIF011117,21.367424,-157.891295,Permitted Feature,Municipal or Water District,NPDES
"REHABILITATION OF STREET, IDIQ4, JOB NO. 15-01",HIF011117,21.368235,-157.8894,Permitted Feature,Municipal or Water District,NPDES
"REHABILITATION OF STREET, IDIQ4, JOB NO. 15-01",HIF011117,21.36874,-157.888943,Permitted Feature,Municipal or Water District,NPDES
"REHABILITATION OF STREET, IDIQ4, JOB NO. 15-01",HIF011117,21.36929,-157.888455,Permitted Feature,Municipal or Water District,NPDES
"REHABILITATION OF STREET, IDIQ4, JOB NO. 15-01",HIF011117,21.369906,-157.887654,Permitted Feature,Municipal or Water District,NPDES
"REHABILITATION OF STREET, IDIQ4, JOB NO. 15-01",HIF011117,21.370145,-157.88627,Permitted Feature,Municipal or Water District,NPDES
"REHABILITATION OF STREET, IDIQ4, JOB NO. 15-01",HIF011117,21.371112,-157.885422,Permitted Feature,Municipal or Water District,NPDES
"REHABILITATION OF STREET, IDIQ4, JOB NO. 15-01",HIF011117,21.371152,-157.885316,Permitted Feature,Municipal or Water District,NPDES
"REHABILITATION OF STREET, IDIQ4, JOB NO. 15-01",HIF011117,21.372264,-157.885318,Permitted Feature,Municipal or Water District,NPDES
"REHABILITATION OF STREET, IDIQ4, JOB NO. 15-01",HIF011117,21.364535,-157.932178,Permitted Feature,Municipal or Water District,NPDES
"REHABILITATION OF STREET, IDIQ4, JOB NO. 15-01",HIF011117,21.36817,-157.91959,Permitted Feature,Municipal or Water District,NPDES
"REHABILITATION OF STREET, IDIQ4, JOB NO. 15-01",HIF011117,21.368147,-157.918404,Permitted Feature,Municipal or Water District,NPDES
"REHABILITATION OF STREET, IDIQ4, JOB NO. 15-01",HIF011117,21.367539,-157.91620700000001,Permitted Feature,Municipal or Water District,NPDES
"REHABILITATION OF STREET, IDIQ4, JOB NO. 15-01",HIF011117,21.303522,-157.863631,Permitted Feature,Municipal or Water District,NPDES
"REHABILITATION OF STREET, IDIQ4, JOB NO. 15-01",HIF011117,21.307575,-157.838628,Permitted Feature,Municipal or Water District,NPDES
"REHABILITATION OF STREET, IDIQ4, JOB NO. 15-01",HIF011117,21.307095,-157.838526,Permitted Feature,Municipal or Water District,NPDES
"REHABILITATION OF STREET, IDIQ4, JOB NO. 15-01",HIF011117,21.28636,-157.830016,Permitted Feature,Municipal or Water District,NPDES
"REHABILITATION OF STREET, IDIQ4, JOB NO. 15-01",HIF011117,21.285087,-157.828494,Permitted Feature,Municipal or Water District,NPDES
"REHABILITATION OF STREET, IDIQ4, JOB NO. 15-01",HIF011117,21.43177,-158.013574,Permitted Feature,Municipal or Water District,NPDES
"REHABILITATION OF STREET, IDIQ4, JOB NO. 15-01",HIF011117,21.433995,-158.023053,Permitted Feature,Municipal or Water District,NPDES
"REHABILITATION OF STREET, IDIQ4, JOB NO. 15-01",HIF011117,21.447523,-158.019686,Permitted Feature,Municipal or Water District,NPDES
"REHABILITATION OF STREET, IDIQ4, JOB NO. 15-01",HIF011117,21.447593,-158.01973,Permitted Feature,Municipal or Water District,NPDES
"REHABILITATION OF STREET, IDIQ4, JOB NO. 15-01",HIF011117,21.455272,-158.023299,Permitted Feature,Municipal or Water District,NPDES
"REHABILITATION OF STREET, IDIQ4, JOB NO. 15-01",HIF011117,21.457009,-158.023196,Permitted Feature,Municipal or Water District,NPDES
"REHABILITATION OF STREET, IDIQ4, JOB NO. 15-01",HIF011117,21.456697,-158.019085,Permitted Feature,Municipal or Water District,NPDES
"REHABILITATION OF STREET, IDIQ4, JOB NO. 15-01",HIF011117,21.456251,-158.01816,Permitted Feature,Municipal or Water District,NPDES
"REHABILITATION OF STREET, IDIQ4, JOB NO. 15-01",HIF011117,21.443889,-158.030556,Permitted Feature,Municipal or Water District,NPDES
"REHABILITATION OF STREET, IDIQ4, JOB NO. 15-01",HIF011117,21.45795,-158.017852,Permitted Feature,Municipal or Water District,NPDES
"REHABILITATION OF STREET, IDIQ4, JOB NO. 15-01",HIF011117,21.456402,-158.005592,Permitted Feature,Municipal or Water District,NPDES
"REHABILITATION OF STREET, IDIQ4, JOB NO. 15-01",HIF011117,21.459125,-157.994159,Permitted Feature,Municipal or Water District,NPDES
"REHABILITATION OF STREET, IDIQ4, JOB NO. 15-01",HIF011117,21.477099,-158.020772,Permitted Feature,Municipal or Water District,NPDES
"REHABILITATION OF STREET, IDIQ4, JOB NO. 15-01",HIF011117,21.303522,-157.863631,Facility,Municipal or Water District,NPDES
KOHALA HIGH SCHOOL NEW STEM/SCIENCE BUILDINGS,HIF011119,20.2373,-155.8164,Permitted Feature,State Government,NPDES
KOHALA HIGH SCHOOL NEW STEM/SCIENCE BUILDINGS,HIF011119,20.2415,-155.8151,Permitted Feature,State Government,NPDES
TEMPORARY RETENTION BASIN / KAPOLEI HARBORSIDE CHANNEL - PHASE 3,HIF011120,21.3142,-158.1189,Facility,Privately Owned Facility,NPDES
ADMINISTRATION AND ALLIED HEALTH FACILITY - UNIVERSITY OF HAWAII WEST OAHU,HIF011121,21.35498,-158.05483,Permitted Feature,State Government,NPDES
ADMINISTRATION AND ALLIED HEALTH FACILITY - UNIVERSITY OF HAWAII WEST OAHU,HIF011121,21.35498,-158.05483,Facility,State Government,NPDES
"INTERSTATE ROUTE H-1, GUARDRAIL AND SHOULDER IMPROVEMENTS, MIDDLE STREET TO PUNC",HIF011126,21.326862,-157.867223,Facility,State Government,NPDES
UMAUMA SUBSTATION,HIF011128,19.920067,-155.14661,Permitted Feature,Privately Owned Facility,NPDES
UMAUMA SUBSTATION,HIF011128,19.919401,-155.145745,Permitted Feature,Privately Owned Facility,NPDES
UMAUMA SUBSTATION,HIF011128,19.920067,-155.14661,Facility,Privately Owned Facility,NPDES
COMMERCIAL DRIVER'S LICENSE (CDL) AND MOTORCYCLE LICENSE TESTING FACILITY,HIF011129,21.39133,-157.97481,Facility,State Government,NPDES
THE NEW KAPALAMA CONTAINER TERMINAL YARD DESIGN AT HONOLULU HARBOR (H.C. 10502),HIF011131,21.320556,-157.891389,Permitted Feature,State Government,NPDES
THE NEW KAPALAMA CONTAINER TERMINAL YARD DESIGN AT HONOLULU HARBOR (H.C. 10502),HIF011131,21.315,-157.888056,Permitted Feature,State Government,NPDES
THE NEW KAPALAMA CONTAINER TERMINAL YARD DESIGN AT HONOLULU HARBOR (H.C. 10502),HIF011131,21.32,-157.882778,Permitted Feature,State Government,NPDES
THE NEW KAPALAMA CONTAINER TERMINAL YARD DESIGN AT HONOLULU HARBOR (H.C. 10502),HIF011131,21.317222,-157.885833,Permitted Feature,State Government,NPDES
THE NEW KAPALAMA CONTAINER TERMINAL YARD DESIGN AT HONOLULU HARBOR (H.C. 10502),HIF011131,21.315749,-157.886525,Permitted Feature,State Government,NPDES
MAKAWAO AVENUE IMPROVEMENTS,HIF011133,20.8464,-156.33690000000001,Facility,Municipality,NPDES
FISCAL YEAR 2015 (FY15) P-1551 (DESC 1551) UPGRADE FIRE SUPPRESSION AND VENTILAT,HIF011134,21.375,-157.893888,Permitted Feature,Federal Facility (U.S. Government),NPDES
FISCAL YEAR 2015 (FY15) P-1551 (DESC 1551) UPGRADE FIRE SUPPRESSION AND VENTILAT,HIF011134,21.371111,-157.905833,Permitted Feature,Federal Facility (U.S. Government),NPDES
FISCAL YEAR 2015 (FY15) P-1551 (DESC 1551) UPGRADE FIRE SUPPRESSION AND VENTILAT,HIF011134,21.375,-157.893888,Facility,Federal Facility (U.S. Government),NPDES
LEWIS MAIN RESIDENCE,HIF011136,20.845,-156.63,Permitted Feature,Privately Owned Facility,NPDES
"HONOAPIILANI HIGHWAY IMPROVEMENTS, KAPUNAKEA STREET TO KEAWE STREET, PROJECT NO.",HIF011141,20.8875,-156.685,Permitted Feature,Municipal or Water District,NPDES
"HONOAPIILANI HIGHWAY IMPROVEMENTS, KAPUNAKEA STREET TO KEAWE STREET, PROJECT NO.",HIF011141,20.8875,-156.685,Facility,Municipal or Water District,NPDES
"SLOPE IMPROVEMENTS FOR EROSION CONTROL AT VARIOUS SITES ON OAHU, PHASE 7",HIF011144,21.431862,-157.995608,Facility,Municipality,NPDES
"HONOKAA ELEMENTARY SCHOOL SAFE DROP OFF, PHASE 1",HIF011149,20.082082,-155.465188,Permitted Feature,State Government,NPDES
"HONOKAA ELEMENTARY SCHOOL SAFE DROP OFF, PHASE 1",HIF011149,20.081468,-155.461743,Permitted Feature,State Government,NPDES
WEST MAUI VILLAGE MATERIAL STOCKPILE,HIF011150,20.988463,-156.669673,Permitted Feature,Privately Owned Facility,NPDES
WEST MAUI VILLAGE MATERIAL STOCKPILE,HIF011150,20.985155,-156.672279,Permitted Feature,Privately Owned Facility,NPDES
WEST MAUI VILLAGE MATERIAL STOCKPILE,HIF011150,20.988463,-156.669673,Facility,Privately Owned Facility,NPDES
PAVEMENT REHABILITATION AT VARIOUS ROADS WITHIN SCHOFIELD BARRACKS AND TRIPLER A,HIF011154,21.48304,-158.05657,Facility,Federal Facility (U.S. Government),NPDES
UTILITY VAULT DEWATERING,HIF011158,21.304658,-157.86647,Permitted Feature,Privately Owned Facility,NPDES
UTILITY VAULT DEWATERING,HIF011158,21.307744,-158.005619,Permitted Feature,Privately Owned Facility,NPDES
UTILITY VAULT DEWATERING,HIF011158,21.280074,-157.717571,Permitted Feature,Privately Owned Facility,NPDES
PAR HAWAII LLC NAWILIWILI TERMINAL,HIF011161,21.954267,-159.357141,Permitted Feature,Privately Owned Facility,NPDES
PAR HAWAII LLC NAWILIWILI TERMINAL,HIF011161,21.954267,-159.357141,Facility,Privately Owned Facility,NPDES
KAUAI PETROLEUM FUEL TERMINAL (1),HIF011162,21.954267,-159.357141,Permitted Feature,Privately Owned Facility,NPDES
KAUAI PETROLEUM FUEL TERMINAL (1),HIF011162,21.954267,-159.357141,Facility,Privately Owned Facility,NPDES
"HOOPILI PHASE 1, LOT 2",HIF011163,21.3556,-158.0195,Facility,Privately Owned Facility,NPDES
"AIRPORT CONNECTOR ROADS AND OTHER ROADS IN HOST PARK, DISTRICT OF NORTH KONA, IS",HIF011165,19.716689,-156.035853,Facility,State Government,NPDES
AMERICAN SAVINGS BANK KAPOLEI,HIF011166,21.295728,-158.086365,Permitted Feature,Privately Owned Facility,NPDES
AMERICAN SAVINGS BANK KAPOLEI,HIF011166,21.295728,-158.086365,Facility,Privately Owned Facility,NPDES
MISCELLANEOUS PERMANENT BEST MANAGEMENT PRACTICES PHASE 2A,HIF011168,21.38556,-157.7922,Facility,State Government,NPDES
CONSOLIDATION / RE-SUBDIVISION KEOKEA-WAIOHULI DEVELOPMENT PHASE A,HIF011169,20.7256,-156.354034,Facility,State Government,NPDES
HO'OPILI DEVELOPMENT PHASE 3MASS GRADING PLAN AND BACKBONE ROADWAY IMPROVEMENTS,HIF011170,21.363296,-158.022805,Facility,Privately Owned Facility,NPDES
"DEMOLITION OF FUEL STORAGE TANKS, STATE PROJECT NO. C01529-23",HIF011171,21.330722,-157.907047,Permitted Feature,State Government,NPDES
"DEMOLITION OF FUEL STORAGE TANKS, STATE PROJECT NO. C01529-23",HIF011171,21.330722,-157.907047,Facility,State Government,NPDES
HAWAII LOA BOOSTER NO. 2 MUTE STRUCTURE AND DRAINAGE IMPROVEMENTS,HIF011172,21.277969,-157.746979,Permitted Feature,Municipal or Water District,NPDES
WAIALUA RESIDENTIAL PROPERTY,HIF011174,21.552534,-158.143543,Permitted Feature,Privately Owned Facility,NPDES
WAIALUA RESIDENTIAL PROPERTY,HIF011174,21.552487,-158.143307,Permitted Feature,Privately Owned Facility,NPDES
HECO SCHOFIELD GENERATING STATION,HIF011175,21.47658,-158.051313,Facility,Privately Owned Facility,NPDES
BMW OF MAUI,HIF011181,20.886056,-156.450098,Permitted Feature,Privately Owned Facility,NPDES
BMW OF MAUI,HIF011181,20.886056,-156.450098,Facility,Privately Owned Facility,NPDES
DIAMOND HEAD LINE BOOSTER REPLACEMENT OF PUMPING UNITS,HIF011183,21.276615,-157.816909,Permitted Feature,Municipal or Water District,NPDES
EWA BY GENTRY AREA 51 SUBDIVISION INCREMENT 1 AND INCREMENT 2,HIF011184,21.32254,-158.031434,Facility,Privately Owned Facility,NPDES
"KALANIANAOLE HIGHWAY IMPROVEMENTS, PHASE 1, OLOMANA GOLF COURSE TO VICINITY OF P",HIF011185,21.350475,-157.72825,Facility,State Government,NPDES
MAKALEI PUD (1),HIF011188,19.7408,-155.98775,Permitted Feature,Privately Owned Facility,NPDES
MAKALEI PUD (1),HIF011188,19.73588,-156.01112,Permitted Feature,Privately Owned Facility,NPDES
MAKALEI PUD (1),HIF011188,19.7408,-155.98775,Facility,Privately Owned Facility,NPDES
MOHOULI SENIOR HOUSING PHASE 2,HIF011189,19.705815,-155.093057,Facility,Privately Owned Facility,NPDES
KING KEKAULIKE HIGH SCHOOL TRACK AND FIELD FACILITY IMPROVEMENTS,HIF011193,20.845187,-156.333944,Permitted Feature,State Government,NPDES
MEMORY CARE FACILITY,HIF011194,20.747282,-156.457855,Permitted Feature,Privately Owned Facility,NPDES
KA MAKANA ALII SHOPPING CENTER,HIF011197,21.299722,-158.067222,Facility,Privately Owned Facility,NPDES
MANUHONUHONU BORROW SITE (1),HIF011199,21.895119,-159.480613,Facility,Privately Owned Facility,NPDES
"HONOLULU RAIL TRANSIT PROJECT, KAMEHAMEHA HIGHWAY STATION GROUP - PEARL HIGHLAND",HIF011202,21.396474,-157.980641,Facility,Municipal or Water District,NPDES
"HONOLULU RAIL TRANSIT PROJECT, KAMEHAMEHA HIGHWAY STATION GROUP - ALOHA STADIUM",HIF011204,21.364198,-157.935846,Facility,Municipal or Water District,NPDES
KUAKINI SENIOR LIVING,HIF011207,19.625405,-155.980458,Facility,Privately Owned Facility,NPDES
"REHABILITATION OF LOCALIZED STREETS, PHASE 15B",HIF011208,21.374204,-158.14126,Facility,Municipal or Water District,NPDES
"REHABILITATION OF LOCALIZED STREETS, PHASE 15C",HIF011209,21.42849,-158.178911,Facility,Municipal or Water District,NPDES
KIUC KAPAIA SOLAR PHOTOVOLTAIC AND BATTERY ENERGY STORAGE PROJECT,HIF011213,22.00109,-159.38278,Facility,Privately Owned Facility,NPDES
KA HAKU ROAD ENTRY DEMOLITION AND GRADING,HIF011218,22.21469,-159.47274,Permitted Feature,Privately Owned Facility,NPDES
KA HAKU ROAD ENTRY DEMOLITION AND GRADING,HIF011218,22.2149,-159.46887,Permitted Feature,Privately Owned Facility,NPDES
KA HAKU ROAD ENTRY DEMOLITION AND GRADING,HIF011218,22.22319,-159.46618,Permitted Feature,Privately Owned Facility,NPDES
KA HAKU ROAD ENTRY DEMOLITION AND GRADING,HIF011218,22.2149,-159.46887,Facility,Privately Owned Facility,NPDES
"HONOLULU RAIL TRANSIT PROJECT, WEST OAHU STATION GROUP (2)",HIF011224,21.367106,-158.045003,Facility,Municipal or Water District,NPDES
"REHABILITATION OF STREETS, IDIQ4, JOB NO. 15-01 - STAGING AREAS",HIF011227,21.364713,-158.026518,Permitted Feature,Municipal or Water District,NPDES
"REHABILITATION OF STREETS, IDIQ4, JOB NO. 15-01 - STAGING AREAS",HIF011227,21.364535,-157.932178,Permitted Feature,Municipal or Water District,NPDES
"REHABILITATION OF STREETS, IDIQ4, JOB NO. 15-01 - STAGING AREAS",HIF011227,21.364713,-158.026518,Facility,Municipal or Water District,NPDES
"REHABILITATION OF LOCALIZED STREETS, PHASE 12B",HIF011229,21.307603,-157.840936,Facility,Municipal or Water District,NPDES
"HAWAII KAI WASTEWATER TREATMENT PLANT FENCE REPLACEMENT, SCUM PUMP AND PIPING RE",HIF011230,21.285714,-157.671191,Permitted Feature,Privately Owned Facility,NPDES
"HAWAII KAI WASTEWATER TREATMENT PLANT FENCE REPLACEMENT, SCUM PUMP AND PIPING RE",HIF011230,21.2855,-157.672751,Permitted Feature,Privately Owned Facility,NPDES
FARRINGTON HIGHWAY REPLACEMENT OF MAIPALAOA BRIDGE - MAUKA STAGING AREA,HIF011231,21.408941,-158.176178,Facility,State Government,NPDES
"HOOPILI PHASE 1, LOT 1",HIF011233,21.3633,-158.02281,Facility,Privately Owned Facility,NPDES
KO ROAD ROCKFALL MITIGATION - MAKAI PART 2,HIF011234,21.903158,-159.591542,Facility,State Government,NPDES
FY16 OMA A04 REPAIR BY REPLACEMENT CESSPOOLS WITH SEPTIC SYSTEMS,HIF011235,19.851944,-155.747222,Permitted Feature,Federal Facility (U.S. Government),NPDES
FY16 OMA A04 REPAIR BY REPLACEMENT CESSPOOLS WITH SEPTIC SYSTEMS,HIF011235,19.851944,-155.747222,Facility,Federal Facility (U.S. Government),NPDES
KUWILI LANI SUBDIVISION,HIF011236,19.984932,-155.243121,Permitted Feature,Privately Owned Facility,NPDES
KUWILI LANI SUBDIVISION,HIF011236,19.984932,-155.243121,Facility,Privately Owned Facility,NPDES
KENOLIO APARTMENTS,HIF011240,20.764096,-156.45221,Facility,Privately Owned Facility,NPDES
DIAMOND HEAD ROCKFALL MITIGATION,HIF011241,21.2562,-157.8149,Permitted Feature,State Government,NPDES
DIAMOND HEAD ROCKFALL MITIGATION,HIF011241,21.2559,-157.8125,Permitted Feature,State Government,NPDES
DIAMOND HEAD ROCKFALL MITIGATION,HIF011241,21.2562,-157.8149,Facility,State Government,NPDES
REHABILITATION OF STREETS - UNIT 85,HIF011242,21.27456,-157.76557,Permitted Feature,Municipal or Water District,NPDES
REHABILITATION OF STREETS - UNIT 85,HIF011242,21.27454,-157.7655,Permitted Feature,Municipal or Water District,NPDES
REHABILITATION OF STREETS - UNIT 85,HIF011242,21.27524,-157.76405,Permitted Feature,Municipal or Water District,NPDES
REHABILITATION OF STREETS - UNIT 85,HIF011242,21.28377,-157.76062,Permitted Feature,Municipal or Water District,NPDES
REHABILITATION OF STREETS - UNIT 85,HIF011242,21.28511,-157.76071,Permitted Feature,Municipal or Water District,NPDES
REHABILITATION OF STREETS - UNIT 85,HIF011242,21.28597,-157.76138,Permitted Feature,Municipal or Water District,NPDES
REHABILITATION OF STREETS - UNIT 85,HIF011242,21.27456,-157.76557,Facility,Municipal or Water District,NPDES
HOOPILI DEVELOPMENT PHASE 2MASS GRADING PLAN AND BACKBONE ROADWAY IMPROVEMENTS,HIF011243,21.3633,-158.02281,Facility,Privately Owned Facility,NPDES
"HOOPILI PHASE 1, LOT 4",HIF011244,21.3633,-158.02281,Facility,Privately Owned Facility,NPDES
FORMER KEALAKEHE METAL SALVAGE FACILITY REMEDIATION & CLOSURE,HIF011245,19.662971,-156.007228,Facility,Municipal or Water District,NPDES
DIAMOND HEAD LINE BOOSTER REPLACEMENT OF PUMPING UNITS (1),HIF011246,21.276615,-157.816909,Permitted Feature,Municipal or Water District,NPDES
HOAKALEI CLUBHOUSE,HIF011251,21.30444,-158.035023,Facility,Privately Owned Facility,NPDES
REPLACE MANA WATERLINE AT PACIFIC MISSILE RANGE FACILITY (PMRF),HIF011252,22.013611,-159.783889,Permitted Feature,Federal Facility (U.S. Government),NPDES
REPLACE MANA WATERLINE AT PACIFIC MISSILE RANGE FACILITY (PMRF),HIF011252,22.013611,-159.783889,Facility,Federal Facility (U.S. Government),NPDES
SLOPE STABILIZATION AT WAIALAE IKI RESERVOIR - BOARD OF WATER SUPPLY - JOB NO. 1,HIF011253,21.291822,-157.765524,Permitted Feature,Municipal or Water District,NPDES
"FY16, OMA PKG A-009, INSTALL DRAINAGE AND TELECOM SYSTEMS (SOUTH)",HIF011255,19.755743,-155.540365,Permitted Feature,Federal Facility (U.S. Government),NPDES
"FY16, OMA PKG A-009, INSTALL DRAINAGE AND TELECOM SYSTEMS (SOUTH)",HIF011255,19.755743,-155.540365,Facility,Federal Facility (U.S. Government),NPDES
"REHABILITATION OF STREETS, PHASE 19A",HIF011256,21.382243,-157.943084,Facility,Municipal or Water District,NPDES
A.S.N. ENTERPRISES WAREHOUSE,HIF011259,21.385733,-158.012844,Permitted Feature,Privately Owned Facility,NPDES
2615 SOUTH KING STREET,HIF011260,21.284981,-157.828317,Permitted Feature,Privately Owned Facility,NPDES
MASS GRADING FOR WEST HAWAII BUSINESS PARK,HIF011261,19.678398,-156.018185,Permitted Feature,Privately Owned Facility,NPDES
MASS GRADING FOR WEST HAWAII BUSINESS PARK,HIF011261,19.677469,-156.018909,Permitted Feature,Privately Owned Facility,NPDES
MASS GRADING FOR WEST HAWAII BUSINESS PARK,HIF011261,19.678398,-156.018185,Facility,Privately Owned Facility,NPDES
UNIVERSITY OF HAWAII WEST OAHU PARKING LOT STOCKPILE,HIF011262,21.356065,-158.054526,Facility,State Government,NPDES
"PIPELINE REPLACEMENT FROM KILAUEA TO ANINI, KILAUEA-KALIHIWAI-ANINI WATER SYSTEM",HIF011263,22.223025,-159.464064,Permitted Feature,Municipal or Water District,NPDES
"PIPELINE REPLACEMENT FROM KILAUEA TO ANINI, KILAUEA-KALIHIWAI-ANINI WATER SYSTEM",HIF011263,22.223158,-159.462111,Permitted Feature,Municipal or Water District,NPDES
"PIPELINE REPLACEMENT FROM KILAUEA TO ANINI, KILAUEA-KALIHIWAI-ANINI WATER SYSTEM",HIF011263,22.223614,-159.461111,Permitted Feature,Municipal or Water District,NPDES
"PIPELINE REPLACEMENT FROM KILAUEA TO ANINI, KILAUEA-KALIHIWAI-ANINI WATER SYSTEM",HIF011263,22.224753,-159.459375,Permitted Feature,Municipal or Water District,NPDES
"PIPELINE REPLACEMENT FROM KILAUEA TO ANINI, KILAUEA-KALIHIWAI-ANINI WATER SYSTEM",HIF011263,22.225014,-159.458394,Permitted Feature,Municipal or Water District,NPDES
"PIPELINE REPLACEMENT FROM KILAUEA TO ANINI, KILAUEA-KALIHIWAI-ANINI WATER SYSTEM",HIF011263,22.225242,-159.457447,Permitted Feature,Municipal or Water District,NPDES
"PIPELINE REPLACEMENT FROM KILAUEA TO ANINI, KILAUEA-KALIHIWAI-ANINI WATER SYSTEM",HIF011263,22.225322,-159.456997,Permitted Feature,Municipal or Water District,NPDES
"PIPELINE REPLACEMENT FROM KILAUEA TO ANINI, KILAUEA-KALIHIWAI-ANINI WATER SYSTEM",HIF011263,22.226069,-159.455308,Permitted Feature,Municipal or Water District,NPDES
"PIPELINE REPLACEMENT FROM KILAUEA TO ANINI, KILAUEA-KALIHIWAI-ANINI WATER SYSTEM",HIF011263,22.226039,-159.455008,Permitted Feature,Municipal or Water District,NPDES
"PIPELINE REPLACEMENT FROM KILAUEA TO ANINI, KILAUEA-KALIHIWAI-ANINI WATER SYSTEM",HIF011263,22.225108,-159.452394,Permitted Feature,Municipal or Water District,NPDES
"PIPELINE REPLACEMENT FROM KILAUEA TO ANINI, KILAUEA-KALIHIWAI-ANINI WATER SYSTEM",HIF011263,22.223036,-159.438828,Permitted Feature,Municipal or Water District,NPDES
"PIPELINE REPLACEMENT FROM KILAUEA TO ANINI, KILAUEA-KALIHIWAI-ANINI WATER SYSTEM",HIF011263,22.22305,-159.437106,Permitted Feature,Municipal or Water District,NPDES
KAHILI QUARRY ROAD,HIF011264,22.214859,-159.38914,Permitted Feature,Privately Owned Facility,NPDES
KAHILI QUARRY ROAD,HIF011264,22.214859,-159.38914,Facility,Privately Owned Facility,NPDES
WARD VILLAGE GATEWAY DEMOLITION AND MASS GRADING,HIF011265,21.295517,-157.856786,Permitted Feature,Privately Owned Facility,NPDES
WARD VILLAGE GATEWAY DEMOLITION AND MASS GRADING,HIF011265,21.294258,-157.854444,Permitted Feature,Privately Owned Facility,NPDES
WARD VILLAGE GATEWAY DEMOLITION AND MASS GRADING,HIF011265,21.295389,-157.857108,Permitted Feature,Privately Owned Facility,NPDES
WARD VILLAGE GATEWAY DEMOLITION AND MASS GRADING,HIF011265,21.294858,-157.856017,Permitted Feature,Privately Owned Facility,NPDES
WARD VILLAGE GATEWAY DEMOLITION AND MASS GRADING,HIF011265,21.294522,-157.855436,Permitted Feature,Privately Owned Facility,NPDES
WARD VILLAGE GATEWAY DEMOLITION AND MASS GRADING,HIF011265,21.294703,-157.856675,Permitted Feature,Privately Owned Facility,NPDES
WARD VILLAGE GATEWAY DEMOLITION AND MASS GRADING,HIF011265,21.294594,-157.856381,Permitted Feature,Privately Owned Facility,NPDES
WARD VILLAGE GATEWAY DEMOLITION AND MASS GRADING,HIF011265,21.294481,-157.856125,Permitted Feature,Privately Owned Facility,NPDES
WARD VILLAGE GATEWAY DEMOLITION AND MASS GRADING,HIF011265,21.294328,-157.855844,Permitted Feature,Privately Owned Facility,NPDES
BITTNER RESIDENCE,HIF011266,20.92419,-156.318777,Permitted Feature,Privately Owned Facility,NPDES
PIIHONUA-KUKUAU RESERVIOR AND TRANSMISSION IMPROVEMENTS,HIF011267,19.702365,-155.129944,Permitted Feature,Municipal or Water District,NPDES
PIIHONUA-KUKUAU RESERVIOR AND TRANSMISSION IMPROVEMENTS,HIF011267,19.698981,-155.120723,Permitted Feature,Municipal or Water District,NPDES
PIIHONUA-KUKUAU RESERVIOR AND TRANSMISSION IMPROVEMENTS,HIF011267,19.69596,-155.118605,Permitted Feature,Municipal or Water District,NPDES
PIIHONUA-KUKUAU RESERVIOR AND TRANSMISSION IMPROVEMENTS,HIF011267,19.694275,-155.112816,Permitted Feature,Municipal or Water District,NPDES
PIIHONUA-KUKUAU RESERVIOR AND TRANSMISSION IMPROVEMENTS,HIF011267,19.702365,-155.129944,Facility,Municipal or Water District,NPDES
"NANAKULI ELEMENTARY, HIGH AND INTERMEDIATE SCHOOLS MISCELLANEOUS REPAIR AND MAIN",HIF011268,21.382991,-158.132757,Permitted Feature,State Government,NPDES
"NANAKULI ELEMENTARY, HIGH AND INTERMEDIATE SCHOOLS MISCELLANEOUS REPAIR AND MAIN",HIF011268,21.381063,-158.146898,Permitted Feature,State Government,NPDES
MOANALUA HIGH SCHOOL TRACK FACILITY IMPROVEMENTS,HIF011269,21.349492,-157.901369,Permitted Feature,State Government,NPDES
KAALA AVENUE SUBDIVISION,HIF011271,21.50486,-158.022557,Permitted Feature,Privately Owned Facility,NPDES
KAALA AVENUE SUBDIVISION,HIF011271,21.505938,-158.019231,Permitted Feature,Privately Owned Facility,NPDES
KAALA AVENUE SUBDIVISION,HIF011271,21.505938,-158.019231,Facility,Privately Owned Facility,NPDES
"LILIHA WATER SYSTEM IMPROVEMENTS, PART V",HIF011272,21.336592,-157.843831,Permitted Feature,Municipal or Water District,NPDES
"LILIHA WATER SYSTEM IMPROVEMENTS, PART V",HIF011272,21.335206,-157.844694,Permitted Feature,Municipal or Water District,NPDES
"LILIHA WATER SYSTEM IMPROVEMENTS, PART V",HIF011272,21.332197,-157.847428,Permitted Feature,Municipal or Water District,NPDES
"LILIHA WATER SYSTEM IMPROVEMENTS, PART V",HIF011272,21.330364,-157.848464,Permitted Feature,Municipal or Water District,NPDES
"LILIHA WATER SYSTEM IMPROVEMENTS, PART V",HIF011272,21.336592,-157.843831,Facility,Municipal or Water District,NPDES
RANGER ROAD PAVEMENT REHABILITATION,HIF011273,21.498067,-157.988775,Facility,Federal Facility (U.S. Government),NPDES
KEHALANI VILLAGE CENTER OFFSITE IMPROVEMENTS,HIF011276,20.892431,-156.502655,Facility,Privately Owned Facility,NPDES
WAIMEA HOMESTEAD COMMUNITY AGRICULTURAL PARK,HIF011278,20.015258,-155.666923,Permitted Feature,State Government,NPDES
KAMAKANA VILLAGES AT KEAHUOLU MANAWALEA STREET EXTENSION,HIF011280,19.665556,-155.99,Facility,Privately Owned Facility,NPDES
KAPAIA CANE HAUL ROAD 18  MAIN WATER PLAN 2020 PROJECT NO. PLH-35B,HIF011281,21.991573,-159.376538,Permitted Feature,Municipal or Water District,NPDES
KAPAIA CANE HAUL ROAD 18  MAIN WATER PLAN 2020 PROJECT NO. PLH-35B,HIF011281,21.991573,-159.376538,Facility,Municipal or Water District,NPDES
BRIDGE NO. 7E REPLACEMENT PROJECT,HIF011283,21.949604,-159.467048,Facility,Federal Facility (U.S. Government),NPDES
"HI1435M, REPAIR BAILEY ROAD, AND HI1249M, REPAIR PAVED PARKING LOT AT BAILEY ROA",HIF011284,21.375833,-157.934444,Permitted Feature,Federal Facility (U.S. Government),NPDES
"HI1435M, REPAIR BAILEY ROAD, AND HI1249M, REPAIR PAVED PARKING LOT AT BAILEY ROA",HIF011284,21.381111,-157.908889,Permitted Feature,Federal Facility (U.S. Government),NPDES
"HI1435M, REPAIR BAILEY ROAD, AND HI1249M, REPAIR PAVED PARKING LOT AT BAILEY ROA",HIF011284,21.375833,-157.934444,Facility,Federal Facility (U.S. Government),NPDES
"REHABILITATION OF STREETS, UNIT 74 (1)",HIF011285,21.289053,-157.833808,Facility,Municipal or Water District,NPDES
MOLOKAI RANCH POTABLE WATER SYSTEM IMPROVEMENTS,HIF011290,21.139731,-157.02042,Permitted Feature,Privately Owned Facility,NPDES
MOLOKAI RANCH POTABLE WATER SYSTEM IMPROVEMENTS,HIF011290,21.135896,-157.046381,Permitted Feature,Privately Owned Facility,NPDES
MOLOKAI RANCH POTABLE WATER SYSTEM IMPROVEMENTS,HIF011290,21.125267,-157.056171,Permitted Feature,Privately Owned Facility,NPDES
MOLOKAI RANCH POTABLE WATER SYSTEM IMPROVEMENTS,HIF011290,21.133309,-157.08813,Permitted Feature,Privately Owned Facility,NPDES
MOLOKAI RANCH POTABLE WATER SYSTEM IMPROVEMENTS,HIF011290,21.139448,-157.125693,Permitted Feature,Privately Owned Facility,NPDES
MOLOKAI RANCH POTABLE WATER SYSTEM IMPROVEMENTS,HIF011290,21.137144,-157.155256,Permitted Feature,Privately Owned Facility,NPDES
MOLOKAI RANCH POTABLE WATER SYSTEM IMPROVEMENTS,HIF011290,21.132391,-157.20603500000001,Permitted Feature,Privately Owned Facility,NPDES
MOLOKAI RANCH POTABLE WATER SYSTEM IMPROVEMENTS,HIF011290,21.132391,-157.20603500000001,Facility,Privately Owned Facility,NPDES
"REHABILITATION OF STREETS, UNIT 84",HIF011291,21.426582,-158.011679,Facility,Municipal or Water District,NPDES
"HOOPILI PHASE 3, PARCEL 7",HIF011292,21.3633,-158.02281,Facility,Privately Owned Facility,NPDES
LINK RESIDENCE,HIF011294,22.101733,-159.300558,Permitted Feature,Privately Owned Facility,NPDES
LINK RESIDENCE,HIF011294,22.100926,-159.301709,Permitted Feature,Privately Owned Facility,NPDES
LINK RESIDENCE,HIF011294,22.101733,-159.300558,Facility,Privately Owned Facility,NPDES
EWA MAKAI MIDDLE SCHOOL - THIRD WING & CAMPUS IMPROVEMENTS,HIF011295,21.323458,-158.026748,Facility,State Government,NPDES
ELAELE ILUNA PHASE 2 SUBDIVISION (INCREMENT 2),HIF011296,21.9056,-159.57783,Facility,Privately Owned Facility,NPDES
KALEWA ST STORAGE LOT PAVING,HIF011297,21.328667,-157.899979,Permitted Feature,State Government,NPDES
KALEWA ST STORAGE LOT PAVING,HIF011297,21.328779,-157.900125,Permitted Feature,State Government,NPDES
KALEWA ST STORAGE LOT PAVING,HIF011297,21.328667,-157.899979,Facility,State Government,NPDES
MOLOKAI BASEYARD IMPROVEMENTS (1),HIF011299,21.110944,-157.058889,Facility,Municipal or Water District,NPDES
HAINA MILL EARTH PRODUCTS LLC,HIF011300,20.100559,-155.4673,Permitted Feature,Privately Owned Facility,NPDES
HAINA MILL EARTH PRODUCTS LLC,HIF011300,20.100559,-155.4673,Facility,Privately Owned Facility,NPDES
"SEA-US CABLE SYSTEM, MAKAHA BEACH LANDING",HIF011307,21.478157,-158.223103,Permitted Feature,Privately Owned Facility,NPDES
"SEA-US CABLE SYSTEM, MAKAHA BEACH LANDING",HIF011307,21.479545,-158.220077,Permitted Feature,Privately Owned Facility,NPDES
"SEA-US CABLE SYSTEM, MAKAHA BEACH LANDING",HIF011307,21.477648,-158.219938,Permitted Feature,Privately Owned Facility,NPDES
KULAIKI SUBDIVISION (1),HIF011308,20.805786,-156.32748,Permitted Feature,Privately Owned Facility,NPDES
KULAIKI SUBDIVISION (1),HIF011308,20.825751,-156.356247,Permitted Feature,Privately Owned Facility,NPDES
KULAIKI SUBDIVISION (1),HIF011308,20.805786,-156.32748,Facility,Privately Owned Facility,NPDES
UNIVERSITY OF HAWAII WEST OAHU ROAD  B,HIF011309,21.356143,-158.05446800000001,Facility,State Government,NPDES
HANAPEPE RIVER BRIDGE REPLACEMENT,HIF011313,21.908832,-159.590968,Facility,Federal Facility (U.S. Government),NPDES
HALONA STREET BRIDGE REPLACEMENT (1),HIF011314,21.326847,-157.867286,Facility,Federal Facility (U.S. Government),NPDES
HOKUALA GOLF CLUBHOUSE AND LOT 8 HOTEL,HIF011315,21.960051,-159.348372,Facility,Privately Owned Facility,NPDES
PUNAHOU GRADES 2-5 REDEVELOPMENT PHASE 1B,HIF011316,21.288299,-157.826917,Facility,Privately Owned Facility,NPDES
"HONOLULU RAIL TRANSIT PROJECT, KAMEHAMEHA HIGHWAY STATIONS GROUP - PEARL HIGHLAN",HIF011320,21.396455,-157.980704,Facility,Municipal or Water District,NPDES
KO ROAD ROCKFALL MITIGATION (MAKAI SECTION) (1),HIF011321,21.912222,-159.58345,Permitted Feature,State Government,NPDES
PUU WAAWAA STRUCTURE IMPROVEMENTS AND DAM COMPLIANCE,HIF011323,19.735757,-155.890931,Permitted Feature,State Government,NPDES
PUU WAAWAA STRUCTURE IMPROVEMENTS AND DAM COMPLIANCE,HIF011323,19.736688,-155.890343,Permitted Feature,State Government,NPDES
PUU WAAWAA STRUCTURE IMPROVEMENTS AND DAM COMPLIANCE,HIF011323,19.743558,-155.863744,Permitted Feature,State Government,NPDES
PUU WAAWAA STRUCTURE IMPROVEMENTS AND DAM COMPLIANCE,HIF011323,19.78591,-155.848404,Permitted Feature,State Government,NPDES
PUU WAAWAA STRUCTURE IMPROVEMENTS AND DAM COMPLIANCE,HIF011323,19.735757,-155.890931,Facility,State Government,NPDES
MAKANA 1055 SUBDIVISION,HIF011324,19.656111,-155.075556,Permitted Feature,Privately Owned Facility,NPDES
MAKANA 1055 SUBDIVISION,HIF011324,19.656111,-155.075556,Facility,Privately Owned Facility,NPDES
"KUAHEA STREET INTERIM IMPROVEMENTS, WAIOMAO ROAD TO 2373 KUAHEA STREET, RESURFAC",HIF011326,21.301264,-157.790424,Facility,Municipal or Water District,NPDES
"REHABILITATION OF LOCALIZED STREETS, PHASE 19D, 19E AND 19F",HIF011328,21.39677,-158.037747,Facility,Municipal or Water District,NPDES
KUIA SOLAR,HIF011330,20.883568,-156.65731,Permitted Feature,Privately Owned Facility,NPDES
UPLANDS AT MAUNA KEA PARCEL D,HIF011331,20.004513,-155.801888,Permitted Feature,Privately Owned Facility,NPDES
UPLANDS AT MAUNA KEA PARCEL D,HIF011331,20.003634,-155.801424,Permitted Feature,Privately Owned Facility,NPDES
UPLANDS AT MAUNA KEA PARCEL D,HIF011331,20.003748,-155.807129,Permitted Feature,Privately Owned Facility,NPDES
UPLANDS AT MAUNA KEA PARCEL D,HIF011331,20.001982,-155.806159,Permitted Feature,Privately Owned Facility,NPDES
UPLANDS AT MAUNA KEA PARCEL D,HIF011331,20.004513,-155.801888,Facility,Privately Owned Facility,NPDES
"NA PUA MAKANI WIND PROJECT, MALAEKAHANA WEST",HIF011335,21.662061,-157.95108,Facility,Privately Owned Facility,NPDES
"REHABILITATION OF LOCALIZED STREETS, PHASE 12C",HIF011336,21.334897,-157.878586,Facility,Municipal or Water District,NPDES
N-01-15 NAVY MANANA DEMOLITION,HIF011338,21.398945,-157.977408,Facility,Federal Facility (U.S. Government),NPDES
HART - KAMEHAMEHA HIGHWAY 8  AND 24  WATER LINE,HIF011345,21.353,-157.94,Permitted Feature,Municipal or Water District,NPDES
HART - KAMEHAMEHA HIGHWAY 8  AND 24  WATER LINE,HIF011345,21.353,-157.94,Facility,Municipal or Water District,NPDES
"HI1433M, REPAIR BAUER ROAD AND PARKING LOT ACCESS ROADWAY, CAMP H.M. SMITH, MCB",HIF011348,21.390278,-157.906944,Facility,Federal Facility (U.S. Government),NPDES
WAIKIKI-KAPAHULU PUBLIC LIBRARY AND THE LIBRARY FOR THE BLIND & THE PHYSICALLY H,HIF011349,21.274942,-157.81762,Permitted Feature,State Government,NPDES
PAPIPI ROAD IMPROVEMENTS FY 2015,HIF011350,21.306388,-158.021111,Facility,Municipal or Water District,NPDES
FORT SHAFTER COMMAND AND CONTROL FACILITIES,HIF011352,21.34335,-157.882696,Facility,Federal Facility (U.S. Government),NPDES
HOKUALA STOCKPILE,HIF011353,21.957855,-159.338434,Facility,Privately Owned Facility,NPDES
KAPULE-NININI INTERSECTION IMPROVEMENTS,HIF011356,21.962222,-159.354167,Facility,Privately Owned Facility,NPDES
"HOOPILI PHASE 3, PARCEL 6",HIF011359,21.3633,-158.02281,Facility,Privately Owned Facility,NPDES
HI1401M WAIMANALO STREAM MAINTENANCE DREDGING (WR 171338) MARINE CORPS TRAINING,HIF011361,21.356892,-157.708152,Facility,Federal Facility (U.S. Government),NPDES
PUUWAI PLACE CLUSTER DEVELOPMENT (1),HIF011363,21.388847,-158.000603,Permitted Feature,Privately Owned Facility,NPDES
PUUWAI PLACE CLUSTER DEVELOPMENT (1),HIF011363,21.388847,-158.000603,Facility,Privately Owned Facility,NPDES
"EAGLE LEASING, INC. | NEW WAREHOUSE AT KAPOLEI BUSINESS PARK",HIF011365,21.295563,-158.086372,Permitted Feature,Privately Owned Facility,NPDES
REPLACEMENT OF GROVE FARM TANKS #1 AND #2 WITH 0.5 MG WATER TANK,HIF011367,21.961589,-159.384793,Permitted Feature,Municipal or Water District,NPDES
HONOLULU INTERNATIONAL AIRPORT NEW DAY WORK PROJECT IIT MAUKA EXTENSION (STATE P,HIF011368,21.33296,-157.90991,Facility,State Government,NPDES
DOLE PLANTATION INTERSECTION IMPROVEMENTS,HIF011370,21.524594,-158.038428,Permitted Feature,Privately Owned Facility,NPDES
DOLE PLANTATION INTERSECTION IMPROVEMENTS,HIF011370,21.524594,-158.038428,Facility,Privately Owned Facility,NPDES
SHREDCO MULTI-MATERIAL RECYCLING FACILITY,HIF011371,21.973413,-159.737499,Permitted Feature,Privately Owned Facility,NPDES
SHREDCO MULTI-MATERIAL RECYCLING FACILITY,HIF011371,21.973413,-159.737499,Facility,Privately Owned Facility,NPDES
SOUTH MAUI COMMUNITY PARK - RECREATION CENTER,HIF011373,20.745876,-156.454972,Facility,Municipal or Water District,NPDES
KALAHEO HIGH SCHOOL ATHLETIC FIELD IMPROVEMENTS,HIF011374,21.406075,-157.757208,Permitted Feature,State Government,NPDES
KALAHEO HIGH SCHOOL ATHLETIC FIELD IMPROVEMENTS,HIF011374,21.403487,-157.756366,Permitted Feature,State Government,NPDES
REPAIR BILGE WATER STORAGE TANK A-4,HIF011376,21.343556,-157.964952,Permitted Feature,Federal Facility (U.S. Government),NPDES
REPAIR BILGE WATER STORAGE TANK A-4,HIF011376,21.343556,-157.964952,Facility,Federal Facility (U.S. Government),NPDES
KAHEKILI HIGHWAY IMPROVEMENTS IN THE VICINITY OF HAIKU ROAD,HIF011377,21.41819,-157.81432,Facility,State Government,NPDES
"CENTRAL OAHU BEST MANAGEMENT PRACTICES, ERODED SLOPES REPAIR, PHASE 2",HIF011379,21.390596,-158.017709,Permitted Feature,State Government,NPDES
"CENTRAL OAHU BEST MANAGEMENT PRACTICES, ERODED SLOPES REPAIR, PHASE 2",HIF011379,21.386134,-158.02495,Permitted Feature,State Government,NPDES
"SLOPE IMPROVEMENTS FOR EROSION CONTROL AT VARIOUS SITES ON OAHU, PHASE 6",HIF011380,21.3914,-158.0178,Permitted Feature,State Government,NPDES
"SLOPE IMPROVEMENTS FOR EROSION CONTROL AT VARIOUS SITES ON OAHU, PHASE 6",HIF011380,21.3892,-158.006,Permitted Feature,State Government,NPDES
"SLOPE IMPROVEMENTS FOR EROSION CONTROL AT VARIOUS SITES ON OAHU, PHASE 6",HIF011380,21.3914,-158.0178,Facility,State Government,NPDES
"REHABILITATION OF STREETS, IDIQ4, WORKORDER 1, REVISION 1",HIF011382,21.327764,-157.898996,Permitted Feature,Municipal or Water District,NPDES
"REHABILITATION OF STREETS, IDIQ4, WORKORDER 1, REVISION 1",HIF011382,21.333395,-157.894044,Permitted Feature,Municipal or Water District,NPDES
"REHABILITATION OF STREETS, IDIQ4, WORKORDER 1, REVISION 1",HIF011382,21.303449,-157.863636,Permitted Feature,Municipal or Water District,NPDES
"REHABILITATION OF STREETS, IDIQ4, WORKORDER 1, REVISION 1",HIF011382,21.3441,-158.019806,Permitted Feature,Municipal or Water District,NPDES
"REHABILITATION OF STREETS, IDIQ4, WORKORDER 1, REVISION 1",HIF011382,21.338119,-158.020763,Permitted Feature,Municipal or Water District,NPDES
"REHABILITATION OF STREETS, IDIQ4, WORKORDER 1, REVISION 1",HIF011382,21.337385,-158.020314,Permitted Feature,Municipal or Water District,NPDES
"REHABILITATION OF STREETS, IDIQ4, WORKORDER 1, REVISION 1",HIF011382,21.336874,-158.019935,Permitted Feature,Municipal or Water District,NPDES
"REHABILITATION OF STREETS, IDIQ4, WORKORDER 1, REVISION 1",HIF011382,21.339229,-158.024994,Permitted Feature,Municipal or Water District,NPDES
"REHABILITATION OF STREETS, IDIQ4, WORKORDER 1, REVISION 1",HIF011382,21.338722,-158.027214,Permitted Feature,Municipal or Water District,NPDES
"REHABILITATION OF STREETS, IDIQ4, WORKORDER 1, REVISION 1",HIF011382,21.336803,-158.030118,Permitted Feature,Municipal or Water District,NPDES
"REHABILITATION OF STREETS, IDIQ4, WORKORDER 1, REVISION 1",HIF011382,21.336013,-158.030488,Permitted Feature,Municipal or Water District,NPDES
"REHABILITATION OF STREETS, IDIQ4, WORKORDER 1, REVISION 1",HIF011382,21.458915,-157.994605,Permitted Feature,Municipal or Water District,NPDES
"REHABILITATION OF STREETS, IDIQ4, WORKORDER 1, REVISION 1",HIF011382,21.43177,-158.013574,Permitted Feature,Municipal or Water District,NPDES
"REHABILITATION OF STREETS, IDIQ4, WORKORDER 1, REVISION 1",HIF011382,21.433995,-158.023053,Permitted Feature,Municipal or Water District,NPDES
"REHABILITATION OF STREETS, IDIQ4, WORKORDER 1, REVISION 1",HIF011382,21.475559,-158.015595,Permitted Feature,Municipal or Water District,NPDES
"REHABILITATION OF STREETS, IDIQ4, WORKORDER 1, REVISION 1",HIF011382,21.360555,-157.898854,Permitted Feature,Municipal or Water District,NPDES
"REHABILITATION OF STREETS, IDIQ4, WORKORDER 1, REVISION 1",HIF011382,21.342972,-157.894487,Permitted Feature,Municipal or Water District,NPDES
"REHABILITATION OF STREETS, IDIQ4, WORKORDER 1, REVISION 1",HIF011382,21.343995,-157.719058,Permitted Feature,Municipal or Water District,NPDES
"REHABILITATION OF STREETS, IDIQ4, WORKORDER 1, REVISION 1",HIF011382,21.344979,-157.721953,Permitted Feature,Municipal or Water District,NPDES
"REHABILITATION OF STREETS, IDIQ4, WORKORDER 1, REVISION 1",HIF011382,21.348227,-157.723057,Permitted Feature,Municipal or Water District,NPDES
"REHABILITATION OF STREETS, IDIQ4, WORKORDER 1, REVISION 1",HIF011382,21.336013,-158.030488,Facility,Municipal or Water District,NPDES
DEPARTMENT OF TRANSPORTATION CDL TEST SITE,HIF011386,19.567027,-155.944841,Permitted Feature,State Government,NPDES
DEPARTMENT OF TRANSPORTATION CDL TEST SITE,HIF011386,19.567027,-155.944841,Facility,State Government,NPDES
MDPW PAVEMENT REHAB VARIOUS SOUTH MAUI ROADS,HIF011389,20.761537,-156.459518,Facility,Municipal or Water District,NPDES
WAIMANALO HEALTH CENTER EXPANDED HEALTHCARE FACILITY,HIF011390,21.350888,-157.705153,Facility,Privately Owned Facility,NPDES
LAHAINA BYPASS 1B-2,HIF011391,20.851111,-156.653056,Facility,Federal Facility (U.S. Government),NPDES
KALANIANAOLE AVENUE RECONSTRUCTION (KAMEHAMEHA/RAILROAD AVENUE TO KAUHANE AVENUE,HIF011396,19.723669,-155.062072,Facility,Municipal or Water District,NPDES
COCONUT BEACH RESORT,HIF011397,22.055521,-159.322036,Facility,Privately Owned Facility,NPDES
"WAIKIKI SIDEWALK IMPROVEMENTS, PHASE 2",HIF011400,21.281742,-157.825607,Facility,Municipal or Water District,NPDES
WAILEA VILLAGE CENTER,HIF011402,20.6839,-156.443247,Facility,Privately Owned Facility,NPDES
"KUHIO HIGHWAY RESURFACING, PAPAA ROAD TO ALIOMANU ROAD (SOUTH)",HIF011408,22.159903,-159.317196,Permitted Feature,State Government,NPDES
"KUHIO HIGHWAY RESURFACING, PAPAA ROAD TO ALIOMANU ROAD (SOUTH)",HIF011408,22.142395,-159.313406,Permitted Feature,State Government,NPDES
"KUHIO HIGHWAY RESURFACING, PAPAA ROAD TO ALIOMANU ROAD (SOUTH)",HIF011408,22.145349,-159.313558,Permitted Feature,State Government,NPDES
"KUHIO HIGHWAY RESURFACING, PAPAA ROAD TO ALIOMANU ROAD (SOUTH)",HIF011408,22.159903,-159.317196,Facility,State Government,NPDES
HALE MAULIOLA - TRANSITIONAL SHELTER,HIF011409,21.308574,-157.887902,Permitted Feature,Municipal or Water District,NPDES
"REHABILITATION OF LOCALIZED STREETS, PHASE 16A",HIF011410,21.367945,-158.09406,Facility,Municipal or Water District,NPDES
KAWAIHAE SMALL BOAT HARBOR (SOUTH) BOAT LAUNCH RAMP AND LOADING DOCKS,HIF011411,20.028824,-155.828771,Facility,State Government,NPDES
HALAWA INTERCHANGE WESTBOUND IMPROVEMENTS MOANALUA FREEWAY (VICINITY OF H-3 EXIT,HIF011412,21.3793,-157.9288,Facility,State Government,NPDES
LAU OLA AGRI BUSINESS DEVELOPMENT,HIF011414,19.84325,-155.11044,Permitted Feature,Privately Owned Facility,NPDES
LAU OLA AGRI BUSINESS DEVELOPMENT,HIF011414,19.84325,-155.11044,Facility,Privately Owned Facility,NPDES
"KALIHI STREET RESURFACING, NIMITZ HIGHWAY TO SCHOOL STREET",HIF011419,21.32393,-157.87049,Facility,State Government,NPDES
KIKIAOLA LIGHT DRAFT HARBOR MAINTENANCE DREDGING,HIF011420,21.95944,-159.692913,Facility,Federal Facility (U.S. Government),NPDES
KITANO RESERVOIR  DAM BREACH PLAN,HIF011421,22.028849,-159.673856,Facility,State Government,NPDES
"HAWAII BELT ROAD ROCKFALL PROTECTION PHASE 1, LAUPAHOEHOE GULCH",HIF011422,19.98696,-155.24905,Permitted Feature,State Government,NPDES
"HAWAII BELT ROAD ROCKFALL PROTECTION PHASE 1, LAUPAHOEHOE GULCH",HIF011422,19.98649,-155.247494,Permitted Feature,State Government,NPDES
"HAWAII BELT ROAD ROCKFALL PROTECTION PHASE 1, LAUPAHOEHOE GULCH",HIF011422,19.989729,-155.24571,Permitted Feature,State Government,NPDES
"HAWAII BELT ROAD ROCKFALL PROTECTION PHASE 1, LAUPAHOEHOE GULCH",HIF011422,19.98696,-155.24905,Facility,State Government,NPDES
FISCAL YEAR 2015 (FY15) P-1551 (DESC 1551) UPGRADE FIRE SUPPRESSION AND VENTILAT,HIF011423,21.375,-157.893888,Facility,Federal Facility (U.S. Government),NPDES
BRADSHAW ARMY AIRFIELD CLEAR AND GRADE,HIF011425,19.759605,-155.56475,Permitted Feature,Federal Facility (U.S. Government),NPDES
BRADSHAW ARMY AIRFIELD CLEAR AND GRADE,HIF011425,19.785414,-155.653517,Permitted Feature,Federal Facility (U.S. Government),NPDES
BRADSHAW ARMY AIRFIELD CLEAR AND GRADE,HIF011425,19.759605,-155.56475,Facility,Federal Facility (U.S. Government),NPDES
"INTERSTATE ROUTE H1, GUARDRAIL AND SHOULDER IMPROVEMENTS PROJECT, KAPIOLANI INTE",HIF011426,21.289711,-157.815611,Facility,State Government,NPDES
KAIAULU AT KAANAPALI,HIF011427,20.912763,-156.689042,Permitted Feature,Privately Owned Facility,NPDES
KAIAULU AT KAANAPALI,HIF011427,20.912763,-156.689042,Facility,Privately Owned Facility,NPDES
LANAI ARCHERY AND SHOOTING RANGE,HIF011434,20.86693,-156.9325,Permitted Feature,Privately Owned Facility,NPDES
LANAI ARCHERY AND SHOOTING RANGE,HIF011434,20.86693,-156.9325,Facility,Privately Owned Facility,NPDES
CFT AT KAPOLEI,HIF011435,21.29578,-158.086442,Permitted Feature,Privately Owned Facility,NPDES
CFT AT KAPOLEI,HIF011435,21.29578,-158.086442,Facility,Privately Owned Facility,NPDES
MASS GRADING FOR KOA RIDGE DEVELOPMENT (PHASE 1A),HIF011439,21.429144,-158.008822,Facility,Privately Owned Facility,NPDES
"REHABILITATION OF LOCALIZED STREETS, PHASE 19D, 19E AND 19F - CO NO.1",HIF011443,21.386213,-158.025046,Facility,Municipal or Water District,NPDES
HOOPILI POTABLE OFF-SITE WATER SYSTEM,HIF011444,21.375,-158.048889,Facility,Privately Owned Facility,NPDES
WAIPIO INTERCHANGE IMPROVEMENTS,HIF011445,21.423183,-158.008282,Permitted Feature,Privately Owned Facility,NPDES
WAIPIO INTERCHANGE IMPROVEMENTS,HIF011445,21.430704,-157.996117,Permitted Feature,Privately Owned Facility,NPDES
WAIPIO INTERCHANGE IMPROVEMENTS,HIF011445,21.424921,-157.995107,Permitted Feature,Privately Owned Facility,NPDES
WAIPIO INTERCHANGE IMPROVEMENTS,HIF011445,21.423183,-158.008282,Facility,Privately Owned Facility,NPDES
PENSKE TRUCK LEASING FACILITY,HIF011452,21.31875,-158.088417,Facility,Privately Owned Facility,NPDES
HOOPILI DEVELOPMENT STOCKPILE 2A REMOVAL PLANS AT KALAELOA BARBERS POINT HARBOR,HIF011454,21.32688,-158.10957,Facility,Privately Owned Facility,NPDES
WAILANI DEVELOPMENT (3),HIF011455,19.714144,-155.091276,Facility,Privately Owned Facility,NPDES
"SLOPE IMPROVEMENTS FOR EROSION CONTROL AT VARIOUS SITES ON OAHU, PHASE 7 (1)",HIF011456,21.435924,-157.992581,Facility,NA,NPDES
KAMALANI- INCREMENT 2,HIF011457,20.784197,-156.45947,Facility,Privately Owned Facility,NPDES
MILILANI GOLF CLUB IRRIGATION POND IMPROVEMENT HOLE 7,HIF011458,21.463563,-158.024149,Permitted Feature,Privately Owned Facility,NPDES
MILILANI GOLF CLUB IRRIGATION POND IMPROVEMENT HOLE 7,HIF011458,21.459175,-158.025387,Permitted Feature,Privately Owned Facility,NPDES
MILILANI GOLF CLUB IRRIGATION POND IMPROVEMENT HOLE 7,HIF011458,21.463563,-158.024149,Facility,Privately Owned Facility,NPDES
"FOSS MARITIME & YOUNG BROTHERS, LIMITED PIER 21, HONOLULU HARBOR",HIF011460,21.31002,-157.868805,Facility,Privately Owned Facility,NPDES
"YOUNG BROTHERS LIMITED PIERS 2 AND 3, KAHULUI HARBOR",HIF011463,20.894072,-156.46642,Facility,Privately Owned Facility,NPDES
VILLA ROSE EGG RANCH,HIF011465,21.533,-158.088,Permitted Feature,Privately Owned Facility,NPDES
VILLA ROSE EGG RANCH,HIF011465,21.51,-158.075,Permitted Feature,Privately Owned Facility,NPDES
FIRE HYDRANT INSTALLATION AT AIEA AND KAIMUKI,HIF011466,21.391354,-157.909612,Permitted Feature,Municipal or Water District,NPDES
FIRE HYDRANT INSTALLATION AT AIEA AND KAIMUKI,HIF011466,21.289436,-157.815815,Permitted Feature,Municipal or Water District,NPDES
FIRE HYDRANT INSTALLATION AT AIEA AND KAIMUKI,HIF011466,21.275047,-157.817558,Permitted Feature,Municipal or Water District,NPDES
FIRE HYDRANT INSTALLATION AT AIEA AND KAIMUKI,HIF011466,21.2767,-157.788087,Permitted Feature,Municipal or Water District,NPDES
FIRE HYDRANT INSTALLATION AT AIEA AND KAIMUKI,HIF011466,21.271914,-157.786212,Permitted Feature,Municipal or Water District,NPDES
FIRE HYDRANT INSTALLATION AT AIEA AND KAIMUKI,HIF011466,21.391354,-157.909612,Facility,Municipal or Water District,NPDES
"REHABILITATION OF STREETS, IDIQ4 - KALAKAUA AVENUE",HIF011467,21.298261,-157.836791,Facility,Municipal or Water District,NPDES
ANAHOLA RESERVOIRS IMPROVEMENT PROJECT LOWER ANAHOLA,HIF011468,22.128851,-159.313687,Permitted Feature,Municipal or Water District,NPDES
ANAHOLA RESERVOIRS IMPROVEMENT PROJECT LOWER ANAHOLA,HIF011468,22.122005,-159.295726,Permitted Feature,Municipal or Water District,NPDES
ANAHOLA RESERVOIRS IMPROVEMENT PROJECT LOWER ANAHOLA,HIF011468,22.128851,-159.313687,Facility,Municipal or Water District,NPDES
HONOLULU TERMINAL (2),HIF011471,21.311473,-157.874418,Permitted Feature,Privately Owned Facility,NPDES
NEW WAREHOUSE FOR AIWOHI BROTHERS,HIF011476,21.295278,-158.086389,Permitted Feature,Privately Owned Facility,NPDES
NEW WAREHOUSE FOR AIWOHI BROTHERS,HIF011476,21.295278,-158.086389,Facility,Privately Owned Facility,NPDES
HILO ADULT DAY CENTER (1),HIF011477,19.704635,-155.093457,Permitted Feature,Privately Owned Facility,NPDES
PUAA SUBDIVISION,HIF011478,20.809417,-156.452629,Facility,Privately Owned Facility,NPDES
HFFC FUEL FARM FACILITY AT LIHUE AIRPORT,HIF011482,21.986944,-159.333333,Facility,Privately Owned Facility,NPDES
IWIOLE GULCH CULVERT REPLACEMENTFRASER AVENUE AND LANAI AVENUE CROSSINGS,HIF011485,20.83074,-156.9238,Permitted Feature,Privately Owned Facility,NPDES
IWIOLE GULCH CULVERT REPLACEMENTFRASER AVENUE AND LANAI AVENUE CROSSINGS,HIF011485,20.83239,-156.921568,Permitted Feature,Privately Owned Facility,NPDES
IWIOLE GULCH CULVERT REPLACEMENTFRASER AVENUE AND LANAI AVENUE CROSSINGS,HIF011485,20.83239,-156.921568,Facility,Privately Owned Facility,NPDES
NEW WAREHOUSE FOR WALTON STREET CAPITAL LOT 20  KAPOLEI BUSINESS PARK PHASE 2,HIF011486,21.29567,-158.08636,Facility,Privately Owned Facility,NPDES
WAIMEA CULTIVATION FACILITY,HIF011487,20.007664,-155.690171,Permitted Feature,Privately Owned Facility,NPDES
WAIMEA CULTIVATION FACILITY,HIF011487,20.007664,-155.690171,Facility,Privately Owned Facility,NPDES
HALE KIPA (1),HIF011488,21.364,-158.021145,Facility,Privately Owned Facility,NPDES
ASSOCIATED STEEL WORKERS,HIF011490,21.304871,-158.099291,Permitted Feature,Privately Owned Facility,NPDES
ASSOCIATED STEEL WORKERS,HIF011490,21.303835,-158.099425,Permitted Feature,Privately Owned Facility,NPDES
ASSOCIATED STEEL WORKERS,HIF011490,21.304871,-158.099291,Facility,Privately Owned Facility,NPDES
KOKOMO ROAD AND MAKAWAO AVENUE PAVEMENT RECONSTRUCTION,HIF011491,20.911516,-156.325806,Facility,Municipal or Water District,NPDES
AIRPORT STATION AND GUIDEWAY LOAD TESTING & PRE-CONSTRUCTION STOCKPILING,HIF011494,21.333198,-157.91187,Facility,Municipal or Water District,NPDES
HOAKALEI AREA 6A - HALE CLUB,HIF011495,21.30444,-158.035023,Permitted Feature,Privately Owned Facility,NPDES
HOAKALEI AREA 6A - HALE CLUB,HIF011495,21.30444,-158.035023,Facility,Privately Owned Facility,NPDES
ST09-1885,HIF011498,21.357434,-157.966277,Facility,Federal Facility (U.S. Government),NPDES
PAUWELA HOMES,HIF011500,20.928048,-156.315968,Facility,Privately Owned Facility,NPDES
ITO EN (HAWAII) KAPOLEI WAREHOUSE,HIF011502,21.295283,-158.09814,Facility,Privately Owned Facility,NPDES
KOA RIDGE - KAMEHAMEHA HIGHWAY ACCESS IMPROVEMENTS,HIF011509,21.39165,-158.018189,Facility,Privately Owned Facility,NPDES
"REHABILITATION OF STREETS, IDIQ#4 - WORK ORDER NO.2",HIF011510,21.305756,-158.028242,Facility,Municipal or Water District,NPDES
EXCESS EARTHEN STOCKPILE REMOVAL AND LAND RESTORATION,HIF011511,20.8525,-156.661111,Permitted Feature,Privately Owned Facility,NPDES
EXCESS EARTHEN STOCKPILE REMOVAL AND LAND RESTORATION,HIF011511,20.848333,-156.656667,Permitted Feature,Privately Owned Facility,NPDES
EXCESS EARTHEN STOCKPILE REMOVAL AND LAND RESTORATION,HIF011511,20.84587,-156.654421,Permitted Feature,Privately Owned Facility,NPDES
EXCESS EARTHEN STOCKPILE REMOVAL AND LAND RESTORATION,HIF011511,20.84587,-156.654421,Facility,Privately Owned Facility,NPDES
ANAHOLA RESERVOIRS IMPROVEMENT PROJECT UPPER ANAHOLA,HIF011515,22.128851,-159.313687,Permitted Feature,Municipal or Water District,NPDES
ANAHOLA RESERVOIRS IMPROVEMENT PROJECT UPPER ANAHOLA,HIF011515,22.121389,-159.296111,Permitted Feature,Municipal or Water District,NPDES
ANAHOLA RESERVOIRS IMPROVEMENT PROJECT UPPER ANAHOLA,HIF011515,22.128851,-159.313687,Facility,Municipal or Water District,NPDES
ANAHOLA RESERVOIRS IMPROVEMENT PROJECT KEALIA FIELD-1,HIF011516,22.130833,-159.352778,Permitted Feature,Municipal or Water District,NPDES
ANAHOLA RESERVOIRS IMPROVEMENT PROJECT KEALIA FIELD-1,HIF011516,22.135278,-159.320833,Permitted Feature,Municipal or Water District,NPDES
ANAHOLA RESERVOIRS IMPROVEMENT PROJECT KEALIA FIELD-1,HIF011516,22.130833,-159.352778,Facility,Municipal or Water District,NPDES
KP - PHASE 1,HIF011517,22.202753,-159.352655,Facility,Privately Owned Facility,NPDES
HO'OPILI DEVELOPMENT PHASE 4MASS GRADING PLAN AND BACKBONE ROADWAY IMPROVEMENTS,HIF011518,21.3633,-158.02281,Facility,Privately Owned Facility,NPDES
HOOPILI DEVELOPMENT PHASE 2 OFFSITE WATER IMPROVEMENTS,HIF011519,21.3633,-158.02281,Facility,Privately Owned Facility,NPDES
LAHAINA WWRF MODIFICATIONS STAGE 1A,HIF011520,20.947437,-156.686794,Facility,Municipal or Water District,NPDES
"KUHIO HIGHWAY RESURFACING, KAPULE HIGHWAY TO NORTH LEHO DRIVE",HIF011521,22.003954,-159.346634,Facility,Municipal or Water District,NPDES
"REHABILITATION OF STREETS, PHASE 19A (1)",HIF011522,21.385783,-157.917441,Facility,Municipal or Water District,NPDES
MECO KUIHELANI SUBSTATION,HIF011523,20.868336,-156.464063,Facility,Privately Owned Facility,NPDES
ALA WAI GOLF COURSE ACCESS ROAD AND PARKING LOT IMPROVEMENTS,HIF011524,21.27598,-157.818257,Permitted Feature,Municipal or Water District,NPDES
ALA WAI GOLF COURSE ACCESS ROAD AND PARKING LOT IMPROVEMENTS,HIF011524,21.276538,-157.816928,Permitted Feature,Municipal or Water District,NPDES
GROWPONICS GREENHOUSES,HIF011526,20.798664,-156.954301,Permitted Feature,Privately Owned Facility,NPDES
GROWPONICS GREENHOUSES,HIF011526,20.802689,-156.95595,Permitted Feature,Privately Owned Facility,NPDES
GROWPONICS GREENHOUSES,HIF011526,20.798664,-156.954301,Facility,Privately Owned Facility,NPDES
RANGE 5 TRENCH,HIF011528,21.454883,-157.724695,Permitted Feature,Federal Facility (U.S. Government),NPDES
RANGE 5 TRENCH,HIF011528,21.454883,-157.724695,Facility,Federal Facility (U.S. Government),NPDES
HANAPEPE ROAD 6  MAIN REPLACEMENT HANAPEPE-ELEELE WATER SYSTEM,HIF011534,21.903598,-159.594863,Facility,Municipal or Water District,NPDES
SERVCO LEXUS & SUBARU MAUI,HIF011537,20.896572,-156.446095,Facility,Privately Owned Facility,NPDES
KAHAKAI BLVD AND PAHOA VILLAGE RD INTERSECTION,HIF011539,19.506968,-154.954346,Facility,Privately Owned Facility,NPDES
PUAKEA I SUBDIVISION (1),HIF011540,21.955649,-159.369864,Facility,Privately Owned Facility,NPDES
PAVEMENT REHABILITATION AT VARIOUS ROADS WITHIN SCHOFIELD BARRACKS,HIF011546,21.48304,-158.05657,Facility,Federal Facility (U.S. Government),NPDES
PAPAKOLEA SUBDIVISION SEWER IMPROVEMENTS AND AUWAIOLIMU SLOPE STABILIZATION,HIF011548,21.315901,-157.83666,Facility,State Government,NPDES
"REHABILITATION OF STREETS, UNIT 86",HIF011550,21.347304,-158.062202,Permitted Feature,Municipal or Water District,NPDES
"REHABILITATION OF STREETS, UNIT 86",HIF011550,21.34885,-158.057499,Permitted Feature,Municipal or Water District,NPDES
"REHABILITATION OF STREETS, UNIT 86",HIF011550,21.352055,-158.06302,Permitted Feature,Municipal or Water District,NPDES
"REHABILITATION OF STREETS, UNIT 86",HIF011550,21.351264,-158.060348,Permitted Feature,Municipal or Water District,NPDES
"REHABILITATION OF STREETS, UNIT 86",HIF011550,21.357718,-158.060301,Permitted Feature,Municipal or Water District,NPDES
"REHABILITATION OF STREETS, UNIT 86",HIF011550,21.351264,-158.060348,Permitted Feature,Municipal or Water District,NPDES
"REHABILITATION OF STREETS, UNIT 86",HIF011550,21.347304,-158.062202,Permitted Feature,Municipal or Water District,NPDES
"REHABILITATION OF STREETS, UNIT 86",HIF011550,21.34885,-158.057499,Permitted Feature,Municipal or Water District,NPDES
"REHABILITATION OF STREETS, UNIT 86",HIF011550,21.353702,-158.055235,Permitted Feature,Municipal or Water District,NPDES
"REHABILITATION OF STREETS, UNIT 86",HIF011550,21.363475,-158.054143,Permitted Feature,Municipal or Water District,NPDES
"REHABILITATION OF STREETS, UNIT 86",HIF011550,21.361092,-158.053021,Permitted Feature,Municipal or Water District,NPDES
"REHABILITATION OF STREETS, UNIT 86",HIF011550,21.361451,-158.045991,Permitted Feature,Municipal or Water District,NPDES
"REHABILITATION OF STREETS, UNIT 86",HIF011550,21.367074,-158.051732,Permitted Feature,Municipal or Water District,NPDES
"REHABILITATION OF STREETS, UNIT 86",HIF011550,21.374192,-158.038697,Permitted Feature,Municipal or Water District,NPDES
"REHABILITATION OF STREETS, UNIT 86",HIF011550,21.347304,-158.062202,Facility,Municipal or Water District,NPDES
ANOI ROAD WATER SYSTEM IMPROVEMENTS,HIF011552,21.416914,-157.801553,Facility,Municipal or Water District,NPDES
AIRPORT GUIDEWAY & STATIONS DESIGN BUILD,HIF011554,21.365833,-157.938056,Permitted Feature,Municipal or Water District,NPDES
AIRPORT GUIDEWAY & STATIONS DESIGN BUILD,HIF011554,21.365278,-157.936944,Permitted Feature,Municipal or Water District,NPDES
AIRPORT GUIDEWAY & STATIONS DESIGN BUILD,HIF011554,21.364444,-157.936667,Permitted Feature,Municipal or Water District,NPDES
AIRPORT GUIDEWAY & STATIONS DESIGN BUILD,HIF011554,21.365,-157.938333,Permitted Feature,Municipal or Water District,NPDES
AIRPORT GUIDEWAY & STATIONS DESIGN BUILD,HIF011554,21.365278,-157.9375,Permitted Feature,Municipal or Water District,NPDES
AIRPORT GUIDEWAY & STATIONS DESIGN BUILD,HIF011554,21.365,-157.936944,Permitted Feature,Municipal or Water District,NPDES
AIRPORT GUIDEWAY & STATIONS DESIGN BUILD,HIF011554,21.3525,-157.94,Permitted Feature,Municipal or Water District,NPDES
AIRPORT GUIDEWAY & STATIONS DESIGN BUILD,HIF011554,21.337778,-157.939167,Permitted Feature,Municipal or Water District,NPDES
AIRPORT GUIDEWAY & STATIONS DESIGN BUILD,HIF011554,21.334624,-157.927874,Permitted Feature,Municipal or Water District,NPDES
AIRPORT GUIDEWAY & STATIONS DESIGN BUILD,HIF011554,21.334624,-157.927874,Permitted Feature,Municipal or Water District,NPDES
AIRPORT GUIDEWAY & STATIONS DESIGN BUILD,HIF011554,21.333611,-157.913611,Permitted Feature,Municipal or Water District,NPDES
AIRPORT GUIDEWAY & STATIONS DESIGN BUILD,HIF011554,21.332222,-157.904444,Permitted Feature,Municipal or Water District,NPDES
AIRPORT GUIDEWAY & STATIONS DESIGN BUILD,HIF011554,21.330833,-157.901944,Permitted Feature,Municipal or Water District,NPDES
AIRPORT GUIDEWAY & STATIONS DESIGN BUILD,HIF011554,21.328056,-157.898889,Permitted Feature,Municipal or Water District,NPDES
AIRPORT GUIDEWAY & STATIONS DESIGN BUILD,HIF011554,21.330559,-157.8945,Permitted Feature,Municipal or Water District,NPDES
AIRPORT GUIDEWAY & STATIONS DESIGN BUILD,HIF011554,21.3325,-157.893056,Permitted Feature,Municipal or Water District,NPDES
AIRPORT GUIDEWAY & STATIONS DESIGN BUILD,HIF011554,21.333611,-157.893611,Permitted Feature,Municipal or Water District,NPDES
AIRPORT GUIDEWAY & STATIONS DESIGN BUILD,HIF011554,21.332222,-157.89,Permitted Feature,Municipal or Water District,NPDES
AIRPORT GUIDEWAY & STATIONS DESIGN BUILD,HIF011554,21.332778,-157.888889,Permitted Feature,Municipal or Water District,NPDES
AIRPORT GUIDEWAY & STATIONS DESIGN BUILD,HIF011554,21.332778,-157.888333,Permitted Feature,Municipal or Water District,NPDES
AIRPORT GUIDEWAY & STATIONS DESIGN BUILD,HIF011554,21.333056,-157.887778,Permitted Feature,Municipal or Water District,NPDES
AIRPORT GUIDEWAY & STATIONS DESIGN BUILD,HIF011554,21.331944,-157.890278,Permitted Feature,Municipal or Water District,NPDES
AIRPORT GUIDEWAY & STATIONS DESIGN BUILD,HIF011554,21.333056,-157.8875,Permitted Feature,Municipal or Water District,NPDES
AIRPORT GUIDEWAY & STATIONS DESIGN BUILD,HIF011554,21.3325,-157.905833,Permitted Feature,Municipal or Water District,NPDES
AIRPORT GUIDEWAY & STATIONS DESIGN BUILD,HIF011554,21.333333,-157.911944,Permitted Feature,Municipal or Water District,NPDES
AIRPORT GUIDEWAY & STATIONS DESIGN BUILD,HIF011554,21.365278,-157.936944,Facility,Municipal or Water District,NPDES
CHURCH ON A SURE FOUNDATION (1),HIF011555,19.71547,-155.08984,Permitted Feature,Privately Owned Facility,NPDES
KAALA AINALANI FARMS,HIF011558,21.546876,-158.090365,Permitted Feature,Privately Owned Facility,NPDES
KAALA AINALANI FARMS,HIF011558,21.548285,-158.093441,Permitted Feature,Privately Owned Facility,NPDES
KAALA AINALANI FARMS,HIF011558,21.538472,-158.090312,Permitted Feature,Privately Owned Facility,NPDES
KAALA AINALANI FARMS,HIF011558,21.541717,-158.094831,Permitted Feature,Privately Owned Facility,NPDES
KEHALANI MODULE 18,HIF011559,20.85169,-156.496883,Facility,Privately Owned Facility,NPDES
HILEA AND NINOLE BRIDGE REPLACEMENT PROJECT,HIF011562,19.13859,-155.517316,Facility,Federal Facility (U.S. Government),NPDES
KAPAA STREAM BRIDGE REPLACEMENT,HIF011563,22.093939,-159.307294,Facility,Federal Facility (U.S. Government),NPDES
KOHALA MOUNTAIN ROAD SAFETY IMPROVEMENTS,HIF011567,20.08258,-155.7638,Facility,State Government,NPDES
"INTERSTATE ROUTE H-1, GUARDRAIL AND SHOULDER IMPROVEMENTS, MIDDLE STREET TO PUNC",HIF011570,21.32628,-157.867685,Facility,State Government,NPDES
"REHABILITATION OF STREETS, UNIT 48",HIF011572,21.33402,-157.879526,Facility,Municipal or Water District,NPDES
"KEEHI SMALL BOAT HARBOR PAVING IMPROVEMENTS, PHASE 2",HIF011574,21.31823,-157.8914,Permitted Feature,State Government,NPDES
"KEEHI SMALL BOAT HARBOR PAVING IMPROVEMENTS, PHASE 2",HIF011574,21.31723,-157.891,Permitted Feature,State Government,NPDES
"HONOLULU RAIL TRANSIT PROJECT, DILLINGHAM UTILITY RELOCATION",HIF011577,21.332946,-157.887846,Permitted Feature,Municipal or Water District,NPDES
"HONOLULU RAIL TRANSIT PROJECT, DILLINGHAM UTILITY RELOCATION",HIF011577,21.332906,-157.887803,Permitted Feature,Municipal or Water District,NPDES
"HONOLULU RAIL TRANSIT PROJECT, DILLINGHAM UTILITY RELOCATION",HIF011577,21.33257,-157.888898,Permitted Feature,Municipal or Water District,NPDES
"HONOLULU RAIL TRANSIT PROJECT, DILLINGHAM UTILITY RELOCATION",HIF011577,21.329908,-157.89143,Permitted Feature,Municipal or Water District,NPDES
"HONOLULU RAIL TRANSIT PROJECT, DILLINGHAM UTILITY RELOCATION",HIF011577,21.320487,-157.891291,Permitted Feature,Municipal or Water District,NPDES
"HONOLULU RAIL TRANSIT PROJECT, DILLINGHAM UTILITY RELOCATION",HIF011577,21.322232,-157.873083,Permitted Feature,Municipal or Water District,NPDES
"HONOLULU RAIL TRANSIT PROJECT, DILLINGHAM UTILITY RELOCATION",HIF011577,21.319976,-157.882675,Permitted Feature,Municipal or Water District,NPDES
"HONOLULU RAIL TRANSIT PROJECT, DILLINGHAM UTILITY RELOCATION",HIF011577,21.320387,-157.877322,Permitted Feature,Municipal or Water District,NPDES
"HONOLULU RAIL TRANSIT PROJECT, DILLINGHAM UTILITY RELOCATION",HIF011577,21.32246,-157.873169,Permitted Feature,Municipal or Water District,NPDES
"HONOLULU RAIL TRANSIT PROJECT, DILLINGHAM UTILITY RELOCATION",HIF011577,21.322359,-157.873148,Permitted Feature,Municipal or Water District,NPDES
"HONOLULU RAIL TRANSIT PROJECT, DILLINGHAM UTILITY RELOCATION",HIF011577,21.322423,-157.872053,Permitted Feature,Municipal or Water District,NPDES
"HONOLULU RAIL TRANSIT PROJECT, DILLINGHAM UTILITY RELOCATION",HIF011577,21.322067,-157.872482,Permitted Feature,Municipal or Water District,NPDES
"HONOLULU RAIL TRANSIT PROJECT, DILLINGHAM UTILITY RELOCATION",HIF011577,21.321741,-157.873084,Permitted Feature,Municipal or Water District,NPDES
"HONOLULU RAIL TRANSIT PROJECT, DILLINGHAM UTILITY RELOCATION",HIF011577,21.318953,-157.874318,Permitted Feature,Municipal or Water District,NPDES
"HONOLULU RAIL TRANSIT PROJECT, DILLINGHAM UTILITY RELOCATION",HIF011577,21.313654,-157.864969,Permitted Feature,Municipal or Water District,NPDES
"HONOLULU RAIL TRANSIT PROJECT, DILLINGHAM UTILITY RELOCATION",HIF011577,21.322232,-157.873083,Facility,Municipal or Water District,NPDES
PUNALUU WELLS II: PART B  STATION RENOVATION,HIF011583,21.58982,-157.898798,Permitted Feature,Municipal or Water District,NPDES
PUNALUU WELLS II: PART B  STATION RENOVATION,HIF011583,21.58707,-157.89648,Permitted Feature,Municipal or Water District,NPDES
PUNALUU WELLS II: PART B  STATION RENOVATION,HIF011583,21.587069,-157.896504,Permitted Feature,Municipal or Water District,NPDES
PUNALUU WELLS II: PART B  STATION RENOVATION,HIF011583,21.583672,-157.89339,Permitted Feature,Municipal or Water District,NPDES
QUEEN KAAHUMANU HIGHWAY IMPROVEMENTS AT KAWAIHAE ROAD (1),HIF011584,20.01857,-155.82023,Facility,State Government,NPDES
OAHU COUNTRY CLUB DRIVING RANGE IMPROVEMENTS,HIF011588,21.339722,-157.841667,Permitted Feature,Privately Owned Facility,NPDES
OAHU COUNTRY CLUB DRIVING RANGE IMPROVEMENTS,HIF011588,21.339167,-157.838889,Permitted Feature,Privately Owned Facility,NPDES
MARRIOTT RESIDENCE INN KAPOLEI,HIF011591,21.300138,-158.060619,Facility,Privately Owned Facility,NPDES
"REHABILITATION OF LOCALIZED STREETS, PHASE14B",HIF011594,21.293389,-157.81268,Facility,Municipal or Water District,NPDES
KEHALANI OFFSITE DRAINAGE SYSTEM,HIF011596,20.85169,-156.496883,Permitted Feature,Privately Owned Facility,NPDES
KEHALANI OFFSITE DRAINAGE SYSTEM,HIF011596,20.85169,-156.496883,Facility,Privately Owned Facility,NPDES
GROWPONICS GREENHOUSES (1),HIF011599,20.798664,-156.954301,Permitted Feature,Privately Owned Facility,NPDES
GROWPONICS GREENHOUSES (1),HIF011599,20.802689,-156.95595,Permitted Feature,Privately Owned Facility,NPDES
GROWPONICS GREENHOUSES (1),HIF011599,20.802689,-156.95595,Facility,Privately Owned Facility,NPDES
KEOPU AINA ROAD ACCESS (1),HIF011600,19.655332,-155.95618,Facility,Privately Owned Facility,NPDES
KUKUIULA PARCEL F,HIF011601,21.88593,-159.491344,Permitted Feature,Privately Owned Facility,NPDES
KUKUIULA PARCEL F,HIF011601,21.885213,-159.487437,Permitted Feature,Privately Owned Facility,NPDES
KUKUIULA PARCEL F,HIF011601,21.88593,-159.491344,Facility,Privately Owned Facility,NPDES
HONOLULU INTERNATIONAL AIRPORT NEW DAY WORK PROJECT IIT MAUKA EXTENSION (STATE P,HIF011602,21.330722,-157.906948,Permitted Feature,State Government,NPDES
HONOLULU INTERNATIONAL AIRPORT NEW DAY WORK PROJECT IIT MAUKA EXTENSION (STATE P,HIF011602,21.327844,-157.899031,Permitted Feature,State Government,NPDES
HONOLULU INTERNATIONAL AIRPORT NEW DAY WORK PROJECT IIT MAUKA EXTENSION (STATE P,HIF011602,21.330722,-157.906948,Facility,State Government,NPDES
LANAI WASTEWATER RECLAMATION FACILITY LINER REPLACEMENT PROJECT,HIF011603,20.814924,-156.923715,Permitted Feature,Municipal or Water District,NPDES
LANAI WASTEWATER RECLAMATION FACILITY LINER REPLACEMENT PROJECT,HIF011603,20.814924,-156.923715,Facility,Municipal or Water District,NPDES
PRINCEVILLE SHARED PATHWAY GRADING PLAN,HIF011604,22.229654,-159.4762,Permitted Feature,Privately Owned Facility,NPDES
PRINCEVILLE SHARED PATHWAY GRADING PLAN,HIF011604,22.229654,-159.4762,Facility,Privately Owned Facility,NPDES
STEWART PROPERTY,HIF011607,19.714996,-156.004156,Permitted Feature,Privately Owned Facility,NPDES
KAUHIKOA FARMS II,HIF011608,20.92422,-156.318114,Facility,Privately Owned Facility,NPDES
"KUHIO HIGHWAY RESURFACING, KOOLAU ROAD (SOUTH) TO PAPAA ROAD",HIF011611,22.174626,-159.328057,Permitted Feature,State Government,NPDES
"KUHIO HIGHWAY RESURFACING, KOOLAU ROAD (SOUTH) TO PAPAA ROAD",HIF011611,22.173439,-159.326919,Permitted Feature,State Government,NPDES
"KUHIO HIGHWAY RESURFACING, KOOLAU ROAD (SOUTH) TO PAPAA ROAD",HIF011611,22.172164,-159.326231,Permitted Feature,State Government,NPDES
"KUHIO HIGHWAY RESURFACING, KOOLAU ROAD (SOUTH) TO PAPAA ROAD",HIF011611,22.170745,-159.325717,Permitted Feature,State Government,NPDES
"KUHIO HIGHWAY RESURFACING, KOOLAU ROAD (SOUTH) TO PAPAA ROAD",HIF011611,22.170851,-159.325566,Permitted Feature,State Government,NPDES
"KUHIO HIGHWAY RESURFACING, KOOLAU ROAD (SOUTH) TO PAPAA ROAD",HIF011611,22.159951,-159.317123,Permitted Feature,State Government,NPDES
"KUHIO HIGHWAY RESURFACING, KOOLAU ROAD (SOUTH) TO PAPAA ROAD",HIF011611,22.174626,-159.328057,Facility,State Government,NPDES
"REHABILITATION OF STREETS, PHASE 18 - KAHAONE PLACE & KIAPOKO STREET/PLACE",HIF011612,21.583075,-158.124135,Permitted Feature,Municipal or Water District,NPDES
"REHABILITATION OF STREETS, PHASE 18 - KAHAONE PLACE & KIAPOKO STREET/PLACE",HIF011612,21.583075,-158.124135,Facility,Municipal or Water District,NPDES
WAIKO LIGHT INDUSTRIAL SUBDIVISION,HIF011618,20.848192,-156.479828,Permitted Feature,Privately Owned Facility,NPDES
WAIKO LIGHT INDUSTRIAL SUBDIVISION,HIF011618,20.848192,-156.479828,Facility,Privately Owned Facility,NPDES
"REHABILITATION OF STREETS, IDIQ#4 - KOLOWAKA DRIVE",HIF011625,21.331897,-158.033848,Facility,Municipal or Water District,NPDES
KAMALANI - INCREMENT 1 (1),HIF011629,20.783739,-156.449983,Permitted Feature,Privately Owned Facility,NPDES
KAMALANI - INCREMENT 1 (1),HIF011629,20.78378,-156.455179,Permitted Feature,Privately Owned Facility,NPDES
KAMALANI - INCREMENT 1 (1),HIF011629,20.784154,-156.459364,Permitted Feature,Privately Owned Facility,NPDES
KAMALANI - INCREMENT 1 (1),HIF011629,20.782486,-156.463866,Permitted Feature,Privately Owned Facility,NPDES
KAMALANI - INCREMENT 1 (1),HIF011629,20.783739,-156.449983,Facility,Privately Owned Facility,NPDES
MAMALAHOA HIGHWAY (ROUTE 19) WIDENING PROJECT,HIF011630,20.029529,-155.642487,Facility,Municipal or Water District,NPDES
"KAHUKU WARD, LAIE HI NORTH STAKE",HIF011631,21.671918,-157.947845,Facility,Privately Owned Facility,NPDES
KAHAUIKI VILLAGE,HIF011632,21.330849,-157.892212,Permitted Feature,Municipal or Water District,NPDES
KAHAUIKI VILLAGE,HIF011632,21.331667,-157.89054,Permitted Feature,Municipal or Water District,NPDES
KAHAUIKI VILLAGE,HIF011632,21.332426,-157.892939,Permitted Feature,Municipal or Water District,NPDES
CCH HOMELESS FARRINGTON HIGHWAY MODULAR HOUSING,HIF011634,21.456923,-158.200686,Permitted Feature,Municipal or Water District,NPDES
CCH HOMELESS FARRINGTON HIGHWAY MODULAR HOUSING,HIF011634,21.453557,-158.201499,Permitted Feature,Municipal or Water District,NPDES
TRIMBLE ROAD SECTION 04 PAVEMENT REHABILITATION,HIF011636,21.479876,-158.056893,Facility,Federal Facility (U.S. Government),NPDES
"DRAIN, ROADWAY, AND PEDESTRIAN WALKWAY IMPROVEMENTS PIER 2 AND 3, NAWILIWILI HAR",HIF011637,21.954136,-159.357696,Facility,State Government,NPDES
WAIANAE FARM GRADING,HIF011638,21.439392,-158.188481,Permitted Feature,Privately Owned Facility,NPDES
WAIANAE FARM GRADING,HIF011638,21.438738,-158.1679,Permitted Feature,Privately Owned Facility,NPDES
WAIANAE FARM GRADING,HIF011638,21.439392,-158.188481,Facility,Privately Owned Facility,NPDES
HAWAII KAI WASTEWATER TREATMENT PLANT RAS/WAS PIPING REPLACEMENT AND BASIN ABAND,HIF011640,21.285714,-157.671191,Permitted Feature,Privately Owned Facility,NPDES
HAWAII KAI WASTEWATER TREATMENT PLANT RAS/WAS PIPING REPLACEMENT AND BASIN ABAND,HIF011640,21.285459,-157.672436,Permitted Feature,Privately Owned Facility,NPDES
HOOKELE SHOPPING CENTER,HIF011641,20.896559,-156.446086,Facility,Privately Owned Facility,NPDES
KOHALA COAST BATCH PLANT,HIF011646,20.018129,-155.726715,Permitted Feature,Privately Owned Facility,NPDES
KOHALA COAST BATCH PLANT,HIF011646,19.986106,-155.691362,Permitted Feature,Privately Owned Facility,NPDES
KOHALA COAST BATCH PLANT,HIF011646,20.018129,-155.726715,Facility,Privately Owned Facility,NPDES
"REHABILITATION OF STREETS, UNIT 84 - STAGING AREAS (LANIPAA ST., HOLANI ST., MAK",HIF011652,21.426582,-158.011679,Facility,Municipal or Water District,NPDES
KAWAIHAPAI FARM LOTS,HIF011662,21.570584,-158.186249,Facility,Municipality,NPDES
REPAIR HILLSIDE EROSION AT ALIAMANU,HIF011663,21.3656,-157.9385,Permitted Feature,Federal Facility (U.S. Government),NPDES
REPAIR HILLSIDE EROSION AT ALIAMANU,HIF011663,21.3656,-157.9385,Facility,Federal Facility (U.S. Government),NPDES
KOA RIDGE - KA UKA BOULEVARD IMPROVEMENTS,HIF011666,21.42415,-157.994719,Facility,Municipality,NPDES
EWA BY GENTRY - AREA 41/48 COMMUNITY CENTER,HIF011667,21.306177,-158.028506,Facility,Municipality,NPDES
KP 2 - DITCH & SILT BASIN REMOVAL,HIF011672,22.208809,-159.36081,Permitted Feature,Privately Owned Facility,NPDES
KP 2 - DITCH & SILT BASIN REMOVAL,HIF011672,22.210759,-159.36046,Permitted Feature,Privately Owned Facility,NPDES
KP 2 - DITCH & SILT BASIN REMOVAL,HIF011672,22.208268,-159.357987,Permitted Feature,Privately Owned Facility,NPDES
KP 2 - DITCH & SILT BASIN REMOVAL,HIF011672,22.21013,-159.3576,Permitted Feature,Privately Owned Facility,NPDES
KP 2 - DITCH & SILT BASIN REMOVAL,HIF011672,22.211572,-159.359464,Permitted Feature,Privately Owned Facility,NPDES
KP 2 - DITCH & SILT BASIN REMOVAL,HIF011672,22.211403,-159.358139,Permitted Feature,Privately Owned Facility,NPDES
NEW T-HANGERS PH. 1 - STATE PROJ. AO5021-10,HIF011675,21.298531,-158.077331,Permitted Feature,State Government,NPDES
BIG ISLAND COUNTRY CLUB,HIF011679,19.8322,-155.8497,Permitted Feature,Privately Owned Facility,NPDES
"REHABILITATION OF STREETS, IDIQ#4 - WO#4",HIF011681,21.333909,-158.034855,Facility,Municipality,NPDES
AWA STREET WASTEWATER PUMP STATION FORCE MAIN AND SEWER SYSTEM IMPROVEMENTS - WA,HIF011687,21.320271,-157.877359,Facility,Municipal or Water District,NPDES
POHAKULOA TRAINING AREA (2),HIF011689,19.8375,-155.71545,Permitted Feature,Privately Owned Facility,NPDES
POHAKULOA TRAINING AREA (2),HIF011689,19.8375,-155.71545,Facility,Privately Owned Facility,NPDES
PTA LZ TURKEY IMPROVEMENTS,HIF011690,19.914642,-155.689752,Facility,Federal Facility (U.S. Government),NPDES
"FY15 PKG A-005 REPAIR BUILDING 449, QUAD D, SCHOFIELD BARRACKS, OAHU, HAWAII",HIF011692,21.494244,-158.049165,Facility,Federal Facility (U.S. Government),NPDES
"HNL NDWP IIT MAUKA EXTENSION - DH COMMUTER CARRIER RELOCATION, (STATE PROJECT NO",HIF011697,21.330722,-157.906948,Facility,State Government,NPDES
JOHN FISHER DISTRIBUTION CENTER,HIF011698,21.311289,-158.096191,Facility,Municipality,NPDES
CHUCK E. CHEESE KAPOLEI,HIF011702,21.325573,-158.088773,Facility,Privately Owned Facility,NPDES
HALF WAY BRIDGE ROCK QUARRY AND CRUSHER,HIF011703,21.966944,-159.448611,Facility,Municipality,NPDES
KAUMUALII HIGHWAY 16-INCH MAIN AND EMERGENCY PUMP CONNECTION HANAPEPE-ELEELE WAT,HIF011704,21.900325,-159.588209,Facility,Municipality,NPDES
GAY & ROBINSON HYDROELECTRIC EXPANSION PROJECT,HIF011705,22.003711,-159.626475,Permitted Feature,Privately Owned Facility,NPDES
GAY & ROBINSON HYDROELECTRIC EXPANSION PROJECT,HIF011705,22.00361,-159.625356,Permitted Feature,Privately Owned Facility,NPDES
GAY & ROBINSON HYDROELECTRIC EXPANSION PROJECT,HIF011705,22.00361,-159.625356,Facility,Privately Owned Facility,NPDES
PEARL CAR CARE CENTER,HIF011707,21.352661,-157.939992,Facility,Municipality,NPDES
IGLESIA NI CRISTO - NEW ERA CHAPEL (1),HIF011708,21.309033,-158.012222,Permitted Feature,Municipality,NPDES
"HOOPILI PHASE 2, PARCEL 20",HIF011712,21.3633,-158.02281,Facility,Municipality,NPDES
ISLAND OF LANA'I (I.E. COUNTY OF MAUI),HIF011718,20.842333,-156.92514,Permitted Feature,Municipality,NPDES
ISLAND OF MAUI (I.E. COUNTY OF MAUI),HIF011719,20.842333,-156.92514,Permitted Feature,State Government,NPDES
ISLAND OF O'AHU (I.E. COUNTY OF HONOLULU),HIF011720,21.473006,-157.986237,Permitted Feature,State Government,NPDES
ISLAND OF HAWAI'I (I.E. COUNTY OF HAWAI'I),HIF011721,19.66297,-155.474863,Permitted Feature,Municipality,NPDES
ISLAND OF MOLOKA'I (I.E. COUNTY OF MAUI),HIF011722,21.133388,-156.975952,Permitted Feature,State Government,NPDES
ISLAND OF KAUA'I (I.E. COUNTY OF KAUA'I),HIF011723,22.058762,-159.504552,Permitted Feature,State Government,NPDES
HART KAPOLEI CASTING YARD,HIF011724,21.314456,-158.118988,Facility,Municipality,NPDES
"REHABILITATION OF LOCALIZED STREETS, PHASE 16A - ADDITIONAL STAGING AREAS",HIF011728,21.295824,-158.086402,Permitted Feature,Privately Owned Facility,NPDES
"REHABILITATION OF LOCALIZED STREETS, PHASE 16A - ADDITIONAL STAGING AREAS",HIF011728,21.324848,-158.066129,Permitted Feature,Privately Owned Facility,NPDES
SKYLINE,HIF011736,21.294423,-157.857364,Facility,Municipality,NPDES
HART AIRPORT STATION AND GUIDEWAY PAINTBALL FIELD STAGING,HIF011741,21.330795,-157.891987,Facility,Municipal or Water District,NPDES
WAI KAI TRAIL,HIF011743,21.304169,-158.039167,Permitted Feature,Privately Owned Facility,NPDES
WAI KAI TRAIL,HIF011743,21.3044,-158.037222,Permitted Feature,Privately Owned Facility,NPDES
WAI KAI TRAIL,HIF011743,21.303964,-158.034167,Permitted Feature,Privately Owned Facility,NPDES
SCHOFIELD GENERATING STATION,HIF011745,21.475646,-158.050188,Facility,Privately Owned Facility,NPDES
"REHABILITATION OF STREETS, UNIT 78",HIF011748,21.340549,-157.894063,Facility,Municipality,NPDES
DOE DROP OFF AND PICK UP SITE IMPROVEMENTS,HIF011749,19.9681,-155.69583,Permitted Feature,Privately Owned Facility,NPDES
DOE DROP OFF AND PICK UP SITE IMPROVEMENTS,HIF011749,19.9848,-155.6915,Permitted Feature,Privately Owned Facility,NPDES
DOE DROP OFF AND PICK UP SITE IMPROVEMENTS,HIF011749,19.9681,-155.69583,Facility,Privately Owned Facility,NPDES
HNL NDWP ELLIOTT STREET HAWAIIAN & ALOHA FACILITY DEMOLITION AT DANIEL K. INOUYE,HIF011757,21.33272,-157.92932,Permitted Feature,State Government,NPDES
HNL NDWP ELLIOTT STREET HAWAIIAN & ALOHA FACILITY DEMOLITION AT DANIEL K. INOUYE,HIF011757,21.33272,-157.92932,Facility,State Government,NPDES
"OVERALL SITE IMPROVEMENTS FOUR SEASONS RESORT LANA?I, KO?ELE",HIF011759,20.833539,-156.916944,Permitted Feature,Privately Owned Facility,NPDES
"OVERALL SITE IMPROVEMENTS FOUR SEASONS RESORT LANA?I, KO?ELE",HIF011759,20.836339,-156.922778,Permitted Feature,Privately Owned Facility,NPDES
KAPOLEI MIXED USE DEVELOPMENT,HIF011768,21.295728,-158.086365,Facility,Privately Owned Facility,NPDES
"MAALO ROAD RESURFACING, MILE POST 1.0 TO MILE POST 2.0",HIF011771,22.00196,-159.374471,Permitted Feature,State Government,NPDES
"MAALO ROAD RESURFACING, MILE POST 1.0 TO MILE POST 2.0",HIF011771,22.003334,-159.374788,Permitted Feature,State Government,NPDES
"MAALO ROAD RESURFACING, MILE POST 1.0 TO MILE POST 2.0",HIF011771,22.004947,-159.375157,Permitted Feature,State Government,NPDES
"MAALO ROAD RESURFACING, MILE POST 1.0 TO MILE POST 2.0",HIF011771,22.010197,-159.382475,Permitted Feature,State Government,NPDES
"MAALO ROAD RESURFACING, MILE POST 1.0 TO MILE POST 2.0",HIF011771,22.00196,-159.374471,Facility,State Government,NPDES
"PALI HIGHWAY RESURFACING, WAOKANAKA STREET TO KAMEHAMEHA HIGHWAY, AND PALI HIGHW",HIF011773,21.316399,-157.859641,Facility,State Government,NPDES
KO?ELE ADVENTURE CENTER,HIF011775,20.835181,-156.913307,Permitted Feature,Privately Owned Facility,NPDES
KO?ELE ADVENTURE CENTER,HIF011775,20.841599,-156.915187,Permitted Feature,Privately Owned Facility,NPDES
KO?ELE ADVENTURE CENTER,HIF011775,20.844005,-156.916944,Permitted Feature,Privately Owned Facility,NPDES
KO?ELE ADVENTURE CENTER,HIF011775,20.847118,-156.9186,Permitted Feature,Privately Owned Facility,NPDES
KO?ELE ADVENTURE CENTER,HIF011775,20.850021,-156.919867,Permitted Feature,Privately Owned Facility,NPDES
KO?ELE ADVENTURE CENTER,HIF011775,20.841599,-156.915187,Facility,Privately Owned Facility,NPDES
HE COTTAGES AT MAUNA OLU SITE IMPROVEMENTS AND OFFSITE SEWER LINE,HIF011779,21.483351,-158.196944,Permitted Feature,Municipality,NPDES
HE COTTAGES AT MAUNA OLU SITE IMPROVEMENTS AND OFFSITE SEWER LINE,HIF011779,21.479929,-158.199722,Permitted Feature,Municipality,NPDES
HE COTTAGES AT MAUNA OLU SITE IMPROVEMENTS AND OFFSITE SEWER LINE,HIF011779,21.478738,-158.202778,Permitted Feature,Municipality,NPDES
HE COTTAGES AT MAUNA OLU SITE IMPROVEMENTS AND OFFSITE SEWER LINE,HIF011779,21.478738,-158.202778,Facility,Municipality,NPDES
WAIKOLOA WELL NO. 8 OUTFITTING AND CONNECTING PIPELINE,HIF011784,19.928,-155.768,Permitted Feature,Privately Owned Facility,NPDES
KOA'E WORKFORCE HOUSING DEVELOPMENT,HIF011786,21.893188,-159.465281,Facility,Municipality,NPDES
ADOLESCENT TREATMENT AND HEALING CENTER (OFFSITE IMPROVEMENTS),HIF011787,22.00081,-159.37306,Facility,Municipal or Water District,NPDES
PROSPAC TOWER,HIF011788,21.288048,-157.839982,Facility,Privately Owned Facility,NPDES
"REHABILITATION OF STREETS, IDIQ#4 - WO#5A",HIF011789,21.350511,-157.889361,Facility,Municipality,NPDES
ROCKFALL MITIGATION NEAR 2250 KALENA DRIVE,HIF011795,21.345972,-157.869253,Permitted Feature,Municipality,NPDES
NANAKULI VILLAGE CENTER,HIF011796,21.381077,-158.146766,Facility,Privately Owned Facility,NPDES
MAKENA MAUKA OFF-SITE RETENTION BASIN,HIF011803,20.648173,-156.442519,Facility,Privately Owned Facility,NPDES
KOA'E WORKFORCE HOUSING DEVELOPMENT OFFSITE MASS GRADING,HIF011804,21.887796,-159.466267,Facility,Privately Owned Facility,NPDES
KEAHUMOA PLACE,HIF011805,21.336,-158.0421,Facility,Privately Owned Facility,NPDES
"HO'OPILI DEVELOPMENT PHASE 2MASS GRADING PLAN, BACKBONE ROADWAY IMPROVEMENTS, AN",HIF011806,21.359931,-158.053333,Facility,Privately Owned Facility,NPDES
ADOLESCENT TREATMENT AND HEALING CENTER (ONSITE IMPROVEMENTS),HIF011812,21.99965,-159.37244,Facility,Municipal or Water District,NPDES
DHX WAREHOUSE,HIF011814,21.315044,-157.877336,Facility,Municipality,NPDES
MANA`OLANA PLACE HOTEL AND RESIDENCES,HIF011819,21.288432,-157.837307,Permitted Feature,Privately Owned Facility,NPDES
HANA HIGHWAY RESURFACING PAIA TOWN TO HOOKIPA PARK,HIF011820,20.9328,-156.359,Facility,State Government,NPDES
HAWAIIAN HUMANE SOCIETY HOOPILI CAMPUS,HIF011827,21.363837,-158.027271,Facility,Privately Owned Facility,NPDES
WESTIN MAUI PARKING GARAGE,HIF011830,20.912911,-156.693585,Permitted Feature,Privately Owned Facility,NPDES
CPRMULTI-FAMILY RESIDENTIAL DEVELOPMENT 3841 PUKALANI PLACE,HIF011837,21.276724,-157.788062,Permitted Feature,Privately Owned Facility,NPDES
CPRMULTI-FAMILY RESIDENTIAL DEVELOPMENT 3841 PUKALANI PLACE,HIF011837,21.276724,-157.788062,Facility,Privately Owned Facility,NPDES
"NEW RESIDENCES AT 3644, 3672, 3718, 3724, AND 3726 DIAMOND HEAD",HIF011838,21.271186,-157.823381,Permitted Feature,Privately Owned Facility,NPDES
"NEW RESIDENCES AT 3644, 3672, 3718, 3724, AND 3726 DIAMOND HEAD",HIF011838,21.271186,-157.823381,Facility,Privately Owned Facility,NPDES
INTERNATIONAL TRUCKS OF HAWAII,HIF011839,21.313056,-158.088056,Facility,Privately Owned Facility,NPDES
EMERGENCY DEPARTMENT AND PARKING LOT EXPANSION,HIF011844,20.023491,-155.667103,Facility,Privately Owned Facility,NPDES
WAIALE ELUA SUBDIVISION,HIF011846,20.851743,-156.497684,Facility,Municipality,NPDES
KAIWAHINE VILLAGE,HIF011849,20.780926,-156.462922,Facility,Privately Owned Facility,NPDES
"REHABILITATION OF LOCALIZED STREETS, PHASE 14C",HIF011851,21.289322,-157.782408,Facility,Municipality,NPDES
WAIANAE HIGH SCHOOL - CONNECTION OF BUILDINGS SP AND T,HIF011852,21.455437,-158.202671,Facility,State Government,NPDES
KAPAA HOMESTEADS TANKS TWO 0.5 MG TANKS,HIF011853,22.08706,-159.337866,Facility,Municipal or Water District,NPDES
UHWO TEMPORARY PARK AND RIDE,HIF011855,21.355437,-158.054716,Facility,State Government,NPDES
KALUKALU PROPERTIES ROAD,HIF011857,19.507222,-155.933333,Facility,Privately Owned Facility,NPDES
HILO FAMILY FARMS DEVELOPMENT,HIF011861,19.6673,-155.1624,Permitted Feature,Privately Owned Facility,NPDES
HILO FAMILY FARMS DEVELOPMENT,HIF011861,19.6775,-155.1472,Permitted Feature,Privately Owned Facility,NPDES
"AES LAWAI SOLAR, LLC",HIF011864,21.915401,-159.492432,Facility,Privately Owned Facility,NPDES
MAUI COUNTY SERVICE CENTER,HIF011868,20.896536,-156.446129,Facility,Municipal or Water District,NPDES
EAST KAPOLEI MIDDLE SCHOOL,HIF011876,21.341093,-158.046119,Facility,State Government,NPDES
KEALII BY GENTRY,HIF011877,21.3252,-158.0663,Facility,Privately Owned Facility,NPDES
A380 IMPROVEMENTS AT GATES 29 & 34,HIF011878,21.3266,-157.9296,Facility,State Government,NPDES
SOUTH MAUI RECYCLED WATER SYSTEM EXPANSION - 2ND 1.0 MG TANK & PIPELINE IMPROVEM,HIF011881,20.73002,-156.453216,Facility,Municipal or Water District,NPDES
"REHABILITATION OF LOCALIZED STREETS, PHASE 15E",HIF011885,21.4289,-158.1795,Facility,Municipality,NPDES
"MATSON TERMINALS, INC. SAND ISLAND TERMINAL WHARF & YARD MODIFICATIONS",HIF011886,21.313402,-157.8821,Facility,Privately Owned Facility,NPDES
"PRINCEVILLE MAKAI RANCH ROAD  B ,  B  PLACE, AND ROAD  F",HIF011889,22.22087,-159.45637,Facility,Privately Owned Facility,NPDES
HO?OPILI DEVELOPMENT INDUSTRIAL MIXED USE INTERSECTION IMPROVEMENTS PROJECT,HIF011897,21.374444,-158.033889,Facility,Privately Owned Facility,NPDES
HO'OPILI DEVELOPMENT INDUSTRIAL MIXED USE OFFSITE SEWER IMPROVEMENTS,HIF011904,21.3647,-158.0272,Facility,Privately Owned Facility,NPDES
SAND ISLAND STATE RECREATION AREA - PHASE IV PARK IMPROVEMENTS,HIF011907,21.301048,-157.880277,Facility,State Government,NPDES
LA'IPALA MAKAI,HIF011910,19.587603,-155.971176,Facility,Privately Owned Facility,NPDES
HALEAKALA NATIONAL PARK ROAD REHABILITATION AND PAVEMENT PRESERVATION PROJECT,HIF011914,20.761386,-156.245481,Facility,Federal Facility (U.S. Government),NPDES
WR372166/WON1349451 REPAIR MOFFET STREET,HIF011915,21.328039,-157.929708,Permitted Feature,Federal Facility (U.S. Government),NPDES
WR372166/WON1349451 REPAIR MOFFET STREET,HIF011915,21.328039,-157.929708,Facility,Federal Facility (U.S. Government),NPDES
WR121029/WON1396335 FULLER WAY PAVEMENT REPAIR,HIF011916,21.345328,-157.965997,Permitted Feature,Federal Facility (U.S. Government),NPDES
WR121029/WON1396335 FULLER WAY PAVEMENT REPAIR,HIF011916,21.343461,-157.964981,Permitted Feature,Federal Facility (U.S. Government),NPDES
WR121029/WON1396335 FULLER WAY PAVEMENT REPAIR,HIF011916,21.345328,-157.965997,Facility,Federal Facility (U.S. Government),NPDES
TAMURA'S WAILUKU MARKET (1),HIF011922,20.896138,-156.498618,Permitted Feature,Privately Owned Facility,NPDES
KAPA'A WAREHOUSES 31 THROUGH 36,HIF011923,21.399722,-157.768611,Permitted Feature,Privately Owned Facility,NPDES
KAPA'A WAREHOUSES 31 THROUGH 36,HIF011923,21.399722,-157.768611,Facility,Privately Owned Facility,NPDES
MASS GRADING PLAN FOR TEMPORARY RETENTION BASIN/KAPOLEI HARBORSIDE DRAINAGE CHAN,HIF011924,21.314722,-158.118889,Facility,Privately Owned Facility,NPDES
DITCH REHABILITATION ALONG LYMAN ROAD AND HUMPHREYS ROAD,HIF011925,21.4813,-158.0569,Facility,Federal Facility (U.S. Government),NPDES
"REHABILITATION OF STREETS, UNIT 65A, RECONSTRUCTION OF VARIOUS CONCRETE ROADWAYS",HIF011929,21.359689,-157.852903,Facility,Municipality,NPDES
GLORY HERB HAWAII,HIF011930,21.436543,-158.166024,Facility,Privately Owned Facility,NPDES
STORM WATER BEST MANAGEMENT PRACTICES IMPROVEMENTS AT MAINTENANCE BASEYARDS ON O,HIF011936,21.411933,-157.808167,Facility,State Government,NPDES
MOHOULI SENIOR HOUSING PHASE 3,HIF011937,19.704951,-155.092814,Facility,Privately Owned Facility,NPDES
"FREEWAY MANAGEMENT SYSTEM, PHASE 2, FEDERAL AID PROJECT NO. NH-0300(160)",HIF011938,21.377374,-158.043551,Facility,State Government,NPDES
WAILEA HOTEL IKE,HIF011941,20.688821,-156.444106,Facility,Privately Owned Facility,NPDES
HONOLULU RAIL TRANSIT PROJECT - CITY CENTER UTILITY RELOCATION DILLINGHAM,HIF011945,21.332946,-157.887846,Permitted Feature,Municipality,NPDES
HONOLULU RAIL TRANSIT PROJECT - CITY CENTER UTILITY RELOCATION DILLINGHAM,HIF011945,21.332906,-157.887803,Permitted Feature,Municipality,NPDES
HONOLULU RAIL TRANSIT PROJECT - CITY CENTER UTILITY RELOCATION DILLINGHAM,HIF011945,21.33257,-157.888898,Permitted Feature,Municipality,NPDES
HONOLULU RAIL TRANSIT PROJECT - CITY CENTER UTILITY RELOCATION DILLINGHAM,HIF011945,21.329908,-157.89143,Permitted Feature,Municipality,NPDES
HONOLULU RAIL TRANSIT PROJECT - CITY CENTER UTILITY RELOCATION DILLINGHAM,HIF011945,21.320487,-157.891291,Permitted Feature,Municipality,NPDES
HONOLULU RAIL TRANSIT PROJECT - CITY CENTER UTILITY RELOCATION DILLINGHAM,HIF011945,21.322232,-157.873083,Permitted Feature,Municipality,NPDES
HONOLULU RAIL TRANSIT PROJECT - CITY CENTER UTILITY RELOCATION DILLINGHAM,HIF011945,21.319976,-157.882675,Permitted Feature,Municipality,NPDES
HONOLULU RAIL TRANSIT PROJECT - CITY CENTER UTILITY RELOCATION DILLINGHAM,HIF011945,21.320387,-157.877322,Permitted Feature,Municipality,NPDES
HONOLULU RAIL TRANSIT PROJECT - CITY CENTER UTILITY RELOCATION DILLINGHAM,HIF011945,21.32246,-157.873169,Permitted Feature,Municipality,NPDES
HONOLULU RAIL TRANSIT PROJECT - CITY CENTER UTILITY RELOCATION DILLINGHAM,HIF011945,21.322359,-157.873148,Permitted Feature,Municipality,NPDES
HONOLULU RAIL TRANSIT PROJECT - CITY CENTER UTILITY RELOCATION DILLINGHAM,HIF011945,21.322423,-157.872053,Permitted Feature,Municipality,NPDES
HONOLULU RAIL TRANSIT PROJECT - CITY CENTER UTILITY RELOCATION DILLINGHAM,HIF011945,21.322067,-157.872482,Permitted Feature,Municipality,NPDES
HONOLULU RAIL TRANSIT PROJECT - CITY CENTER UTILITY RELOCATION DILLINGHAM,HIF011945,21.321741,-157.873089,Permitted Feature,Municipality,NPDES
HONOLULU RAIL TRANSIT PROJECT - CITY CENTER UTILITY RELOCATION DILLINGHAM,HIF011945,21.318953,-157.874318,Permitted Feature,Municipality,NPDES
HONOLULU RAIL TRANSIT PROJECT - CITY CENTER UTILITY RELOCATION DILLINGHAM,HIF011945,21.313654,-157.864969,Permitted Feature,Municipality,NPDES
HONOLULU RAIL TRANSIT PROJECT - CITY CENTER UTILITY RELOCATION DILLINGHAM,HIF011945,21.332946,-157.887846,Facility,Municipality,NPDES
HONOLULU RAIL TRANSIT PROJECT - CITY CENTER UTILITY RELOCATION EAST,HIF011947,21.313611,-157.865278,Permitted Feature,Municipality,NPDES
HONOLULU RAIL TRANSIT PROJECT - CITY CENTER UTILITY RELOCATION EAST,HIF011947,21.313333,-157.864722,Permitted Feature,Municipality,NPDES
HONOLULU RAIL TRANSIT PROJECT - CITY CENTER UTILITY RELOCATION EAST,HIF011947,21.313056,-157.865278,Permitted Feature,Municipality,NPDES
HONOLULU RAIL TRANSIT PROJECT - CITY CENTER UTILITY RELOCATION EAST,HIF011947,21.313056,-157.865,Permitted Feature,Municipality,NPDES
HONOLULU RAIL TRANSIT PROJECT - CITY CENTER UTILITY RELOCATION EAST,HIF011947,21.311111,-157.8865,Permitted Feature,Municipality,NPDES
HONOLULU RAIL TRANSIT PROJECT - CITY CENTER UTILITY RELOCATION EAST,HIF011947,21.310833,-157.864722,Permitted Feature,Municipality,NPDES
HONOLULU RAIL TRANSIT PROJECT - CITY CENTER UTILITY RELOCATION EAST,HIF011947,21.31,-157.864444,Permitted Feature,Municipality,NPDES
HONOLULU RAIL TRANSIT PROJECT - CITY CENTER UTILITY RELOCATION EAST,HIF011947,21.309167,-157.864444,Permitted Feature,Municipality,NPDES
HONOLULU RAIL TRANSIT PROJECT - CITY CENTER UTILITY RELOCATION EAST,HIF011947,21.306389,-157.864722,Permitted Feature,Municipality,NPDES
HONOLULU RAIL TRANSIT PROJECT - CITY CENTER UTILITY RELOCATION EAST,HIF011947,21.305556,-157.864167,Permitted Feature,Municipality,NPDES
HONOLULU RAIL TRANSIT PROJECT - CITY CENTER UTILITY RELOCATION EAST,HIF011947,21.305278,-157.864167,Permitted Feature,Municipality,NPDES
HONOLULU RAIL TRANSIT PROJECT - CITY CENTER UTILITY RELOCATION EAST,HIF011947,21.303611,-157.863611,Permitted Feature,Municipality,NPDES
HONOLULU RAIL TRANSIT PROJECT - CITY CENTER UTILITY RELOCATION EAST,HIF011947,21.296111,-157.865,Permitted Feature,Municipality,NPDES
HONOLULU RAIL TRANSIT PROJECT - CITY CENTER UTILITY RELOCATION EAST,HIF011947,21.294444,-157.857222,Permitted Feature,Municipality,NPDES
HONOLULU RAIL TRANSIT PROJECT - CITY CENTER UTILITY RELOCATION EAST,HIF011947,21.2925,-157.853889,Permitted Feature,Municipality,NPDES
HONOLULU RAIL TRANSIT PROJECT - CITY CENTER UTILITY RELOCATION EAST,HIF011947,21.291389,-157.849444,Permitted Feature,Municipality,NPDES
HONOLULU RAIL TRANSIT PROJECT - CITY CENTER UTILITY RELOCATION EAST,HIF011947,21.290833,-157.847778,Permitted Feature,Municipality,NPDES
HONOLULU RAIL TRANSIT PROJECT - CITY CENTER UTILITY RELOCATION EAST,HIF011947,21.313611,-157.865278,Facility,Municipality,NPDES
"FY17 REPAIR DRAINAGE, SECONDARY ELECTRICAL LINES, AND TELECOMMUNICATIONS - BLOCK",HIF011949,19.8579,-155.757,Facility,Federal Facility (U.S. Government),NPDES
OFFSITE GRADING FOR MAKENA RESORT-TMK:(2) 2-1-005:108,HIF011951,20.640556,-156.446667,Permitted Feature,Privately Owned Facility,NPDES
OFFSITE GRADING FOR MAKENA RESORT-TMK:(2) 2-1-005:108,HIF011951,20.640556,-156.446667,Facility,Privately Owned Facility,NPDES
"PAVE ROADS, AREA X AT SCHOFIELD BARRACKS",HIF011953,21.506446,-158.080869,Permitted Feature,Federal Facility (U.S. Government),NPDES
"PAVE ROADS, AREA X AT SCHOFIELD BARRACKS",HIF011953,21.50748,-158.07793,Permitted Feature,Federal Facility (U.S. Government),NPDES
"PAVE ROADS, AREA X AT SCHOFIELD BARRACKS",HIF011953,21.507064,-158.072924,Permitted Feature,Federal Facility (U.S. Government),NPDES
"PAVE ROADS, AREA X AT SCHOFIELD BARRACKS",HIF011953,21.501374,-158.075743,Permitted Feature,Federal Facility (U.S. Government),NPDES
"PAVE ROADS, AREA X AT SCHOFIELD BARRACKS",HIF011953,21.499937,-158.075688,Permitted Feature,Federal Facility (U.S. Government),NPDES
"PAVE ROADS, AREA X AT SCHOFIELD BARRACKS",HIF011953,21.506446,-158.080869,Facility,Federal Facility (U.S. Government),NPDES
GALBRAITH RESERVOIRS,HIF011957,21.502273,-158.053006,Facility,Municipality,NPDES
TRAFFIC IMPROVEMENTS AT VARIOUS LOCATIONS - VILLAGE PARK/KUPUNA LOOP,HIF011961,21.373841,-158.01863,Facility,Municipality,NPDES
NIUMALU MARKET PLACE,HIF011965,19.63964,-155.9952,Facility,Municipality,NPDES
NAGORSKI GOLF COURSE REPAIR,HIF011972,21.336528,-157.893611,Facility,Federal Facility (U.S. Government),NPDES
"HOOLEHUA WATER SYSTEM IMPROVEMENTS SITES NO. 1, 3, 4, 5, 6, & 7",HIF011976,21.1627,-157.0325,Facility,State Government,NPDES
WARD VILLAGE - BLOCK N-EAST,HIF011977,21.293735,-157.856195,Facility,Privately Owned Facility,NPDES
UNIVERSITY OF HAWAII LIFE SCIENCES BUILDING (UHMR20),HIF011980,21.297305,-157.813932,Facility,State Government,NPDES
KAPOLEI HARBORSIDE DRAINAGE CHANNEL - TEMPORARY COAL CONVEYOR CROSSING,HIF011982,21.314271,-158.119119,Facility,Privately Owned Facility,NPDES
MARINE CORPS BASE HAWAII NANI ULUPAU,HIF011987,21.453442,-157.755514,Facility,Privately Owned Facility,NPDES
ENGINEERING & INSPECTIONS INTERNATIONAL NEW WAREHOUSE BUILDING PROJECT,HIF011994,21.316166,-158.119044,Permitted Feature,Privately Owned Facility,NPDES
HU HONUA BIOENERGY UPPER SWITCHING STATION,HIF011998,19.84111,-155.0864,Facility,Privately Owned Facility,NPDES
PAILOLO PLACE (1),HIF012007,20.996681,-156.666098,Permitted Feature,Privately Owned Facility,NPDES
TRIMBLE ROAD SECTION 04 PAVEMENT REHABILITATION (1),HIF012010,21.479876,-158.056893,Facility,Federal Facility (U.S. Government),NPDES
"PALOLO SEWER RELIEF, 9TH AVENUE AND 10TH AVENUE",HIF012014,21.302107,-157.788703,Facility,Municipal or Water District,NPDES
WAIANAE WWTP IMPROVEMENTS AND UPGRADES,HIF012015,21.433773,-158.184413,Facility,Municipal or Water District,NPDES
PROJECT BP,HIF012018,21.299648,-158.068155,Facility,Privately Owned Facility,NPDES
IMPROVEMENTS TO MALUHIA ROAD (RTE 520) AND KOLOA ROAD (RTE 530),HIF012019,21.926277,-159.508662,Facility,Municipality,NPDES
KAPOLEI INVESTMENT GROUP - STOCKPILE PERMIT,HIF012024,21.295833,-158.086389,Permitted Feature,Privately Owned Facility,NPDES
EROSION AND SEDIMENT CONTROL PLANS FOR THE OFF-SITE STOCKPILING AREA AT SAND ISL,HIF012025,21.295262,-157.880739,Facility,Municipality,NPDES
KAHULUI LANI,HIF012026,20.8912,-156.473483,Facility,Privately Owned Facility,NPDES
BASEBALL FIELD AND 4 LOTS STAGING AREAS,HIF012030,21.335179,-157.932964,Permitted Feature,Municipality,NPDES
BASEBALL FIELD AND 4 LOTS STAGING AREAS,HIF012030,21.332639,-157.907707,Permitted Feature,Municipality,NPDES
WAIKOLOA PLAZA,HIF012031,19.923123,-155.792884,Facility,Privately Owned Facility,NPDES
"SUBDIVISION AND INFRASTRUCTURE IMPROVEMENTS AT KALAELOA BARBERS POINT HARBOR, OA",HIF012036,21.326635,-158.109393,Facility,State Government,NPDES
KAHALA MARKETPLACE,HIF012041,21.277778,-157.7825,Facility,Privately Owned Facility,NPDES
NIMITZ HIGHWAY TOWER RELOCATION SITE,HIF012042,21.331866,-157.890939,Facility,Privately Owned Facility,NPDES
FORT SHAFTER COMMAND AND CONTROL FACILITIES,HIF012048,21.350362,-157.880246,Facility,Federal Facility (U.S. Government),NPDES
KAPOLEI COMMERCIAL DEVELOPMENT,HIF012050,21.325718,-158.066864,Facility,Privately Owned Facility,NPDES
"KOELE SCULPTURE GARDENS UPPER GARDEN GRADING PLANS FOUR SEASONS RESORT LANA?I, K",HIF012051,20.878178,-156.893,Permitted Feature,Privately Owned Facility,NPDES
"KOELE SCULPTURE GARDENS UPPER GARDEN GRADING PLANS FOUR SEASONS RESORT LANA?I, K",HIF012051,20.838561,-156.916944,Permitted Feature,Privately Owned Facility,NPDES
"KOELE SCULPTURE GARDENS UPPER GARDEN GRADING PLANS FOUR SEASONS RESORT LANA?I, K",HIF012051,20.833539,-156.916944,Permitted Feature,Privately Owned Facility,NPDES
"KOELE SCULPTURE GARDENS UPPER GARDEN GRADING PLANS FOUR SEASONS RESORT LANA?I, K",HIF012051,20.834444,-156.958611,Permitted Feature,Privately Owned Facility,NPDES
WAREHOUSE FACILITY FOR CITY MOVING,HIF012052,21.31875,-158.088417,Facility,Privately Owned Facility,NPDES
HENRY STREET HOTEL,HIF012053,19.642408,-155.990068,Permitted Feature,Privately Owned Facility,NPDES
HENRY STREET HOTEL,HIF012053,19.642408,-155.990068,Facility,Privately Owned Facility,NPDES
KEHALANI MODULES 12 & 13,HIF012055,20.851701,-156.496918,Facility,Privately Owned Facility,NPDES
KAHALA BY THE SEA,HIF012058,21.26299,-157.783648,Facility,Privately Owned Facility,NPDES
MALAEKAHANA STATE RECREATION AREA KAHUKU SECTION PARK IMPROVEMENTS,HIF012060,21.668968,-157.936738,Facility,State Government,NPDES
ALA MOANA REGIONAL PARK ROAD AND PARKING LOT REPAVING IMPROVEMENTS,HIF012061,21.292643,-157.85528,Facility,Municipality,NPDES
WEST RAMP DEMOLITION AND LEASE LOTS AT HILO INTERNATIONAL AIRPORT,HIF012067,19.724114,-155.061801,Facility,State Government,NPDES
WESTIN MAUI MASTER PLAN,HIF012068,20.919622,-156.696167,Facility,Privately Owned Facility,NPDES
DAIRY ROAD FLEX BUILDING,HIF012071,20.897763,-156.447581,Facility,Privately Owned Facility,NPDES
"WAIKIKI SIDEWALK IMPROVEMENTS, PHASE 2 (3)",HIF012074,21.954136,-159.357696,Facility,Municipality,NPDES
BYU-H INTRAMURAL FIELD PROJECT,HIF012077,21.639,-157.9179,Facility,Privately Owned Facility,NPDES
"PENSACOLA STREET 8-INCH MAIN, KINAU STREET TO YOUNG STREET",HIF012080,21.292762,-157.855219,Permitted Feature,Municipality,NPDES
MAKENA KAEO,HIF012084,20.656667,-156.442222,Permitted Feature,Privately Owned Facility,NPDES
MAKENA KAEO,HIF012084,20.653957,-156.441184,Permitted Feature,Privately Owned Facility,NPDES
MAKENA KAEO,HIF012084,20.652358,-156.440921,Permitted Feature,Privately Owned Facility,NPDES
MAKENA KAEO,HIF012084,20.651667,-156.441111,Permitted Feature,Privately Owned Facility,NPDES
MAKENA KAEO,HIF012084,20.650556,-156.441389,Permitted Feature,Privately Owned Facility,NPDES
MAKENA KAEO,HIF012084,20.649695,-156.442017,Permitted Feature,Privately Owned Facility,NPDES
MAKENA KAEO,HIF012084,20.64802,-156.442459,Permitted Feature,Privately Owned Facility,NPDES
MAKENA KAEO,HIF012084,20.656667,-156.442222,Facility,Privately Owned Facility,NPDES
"EWA BY GENTRY - EAST, AREA 30 RETENTION BASIN",HIF012087,21.305811,-158.028575,Permitted Feature,Privately Owned Facility,NPDES
"EWA BY GENTRY - EAST, AREA 30 RETENTION BASIN",HIF012087,21.305811,-158.028575,Facility,Privately Owned Facility,NPDES
HONOLULU RAIL TRANSIT PROJECT - CITY CENTER GUIDEWAY AND STATIONS,HIF012088,21.3329,-157.8878,Permitted Feature,Municipality,NPDES
HONOLULU RAIL TRANSIT PROJECT - CITY CENTER GUIDEWAY AND STATIONS,HIF012088,21.3329,-157.8878,Permitted Feature,Municipality,NPDES
HONOLULU RAIL TRANSIT PROJECT - CITY CENTER GUIDEWAY AND STATIONS,HIF012088,21.3325,-157.8888,Permitted Feature,Municipality,NPDES
HONOLULU RAIL TRANSIT PROJECT - CITY CENTER GUIDEWAY AND STATIONS,HIF012088,21.3299,-157.8914,Permitted Feature,Municipality,NPDES
HONOLULU RAIL TRANSIT PROJECT - CITY CENTER GUIDEWAY AND STATIONS,HIF012088,21.3204,-157.8912,Permitted Feature,Municipality,NPDES
HONOLULU RAIL TRANSIT PROJECT - CITY CENTER GUIDEWAY AND STATIONS,HIF012088,21.3222,-157.873,Permitted Feature,Municipality,NPDES
HONOLULU RAIL TRANSIT PROJECT - CITY CENTER GUIDEWAY AND STATIONS,HIF012088,21.3224,-157.8731,Permitted Feature,Municipality,NPDES
HONOLULU RAIL TRANSIT PROJECT - CITY CENTER GUIDEWAY AND STATIONS,HIF012088,21.3199,-157.8826,Permitted Feature,Municipality,NPDES
HONOLULU RAIL TRANSIT PROJECT - CITY CENTER GUIDEWAY AND STATIONS,HIF012088,21.3203,-157.8773,Permitted Feature,Municipality,NPDES
HONOLULU RAIL TRANSIT PROJECT - CITY CENTER GUIDEWAY AND STATIONS,HIF012088,21.3223,-157.8731,Permitted Feature,Municipality,NPDES
HONOLULU RAIL TRANSIT PROJECT - CITY CENTER GUIDEWAY AND STATIONS,HIF012088,21.3224,-157.872,Permitted Feature,Municipality,NPDES
HONOLULU RAIL TRANSIT PROJECT - CITY CENTER GUIDEWAY AND STATIONS,HIF012088,21.322,-157.8724,Permitted Feature,Municipality,NPDES
HONOLULU RAIL TRANSIT PROJECT - CITY CENTER GUIDEWAY AND STATIONS,HIF012088,21.3217,-157.873,Permitted Feature,Municipality,NPDES
HONOLULU RAIL TRANSIT PROJECT - CITY CENTER GUIDEWAY AND STATIONS,HIF012088,21.3189,-157.8743,Permitted Feature,Municipality,NPDES
HONOLULU RAIL TRANSIT PROJECT - CITY CENTER GUIDEWAY AND STATIONS,HIF012088,21.3136,-157.8649,Permitted Feature,Municipality,NPDES
HONOLULU RAIL TRANSIT PROJECT - CITY CENTER GUIDEWAY AND STATIONS,HIF012088,21.3133,-157.8647,Permitted Feature,Municipality,NPDES
HONOLULU RAIL TRANSIT PROJECT - CITY CENTER GUIDEWAY AND STATIONS,HIF012088,21.313,-157.8652,Permitted Feature,Municipality,NPDES
HONOLULU RAIL TRANSIT PROJECT - CITY CENTER GUIDEWAY AND STATIONS,HIF012088,21.313,-157.865,Permitted Feature,Municipality,NPDES
HONOLULU RAIL TRANSIT PROJECT - CITY CENTER GUIDEWAY AND STATIONS,HIF012088,21.3111,-157.8865,Permitted Feature,Municipality,NPDES
HONOLULU RAIL TRANSIT PROJECT - CITY CENTER GUIDEWAY AND STATIONS,HIF012088,21.3108,-157.8647,Permitted Feature,Municipality,NPDES
HONOLULU RAIL TRANSIT PROJECT - CITY CENTER GUIDEWAY AND STATIONS,HIF012088,21.31,-157.8644,Permitted Feature,Municipality,NPDES
HONOLULU RAIL TRANSIT PROJECT - CITY CENTER GUIDEWAY AND STATIONS,HIF012088,21.3091,-157.8644,Permitted Feature,Municipality,NPDES
HONOLULU RAIL TRANSIT PROJECT - CITY CENTER GUIDEWAY AND STATIONS,HIF012088,21.3063,-157.8647,Permitted Feature,Municipality,NPDES
HONOLULU RAIL TRANSIT PROJECT - CITY CENTER GUIDEWAY AND STATIONS,HIF012088,21.3055,-157.8641,Permitted Feature,Municipality,NPDES
HONOLULU RAIL TRANSIT PROJECT - CITY CENTER GUIDEWAY AND STATIONS,HIF012088,21.3052,-157.8641,Permitted Feature,Municipality,NPDES
HONOLULU RAIL TRANSIT PROJECT - CITY CENTER GUIDEWAY AND STATIONS,HIF012088,21.3036,-157.8636,Permitted Feature,Municipality,NPDES
HONOLULU RAIL TRANSIT PROJECT - CITY CENTER GUIDEWAY AND STATIONS,HIF012088,21.2961,-157.865,Permitted Feature,Municipality,NPDES
HONOLULU RAIL TRANSIT PROJECT - CITY CENTER GUIDEWAY AND STATIONS,HIF012088,21.2944,-157.8572,Permitted Feature,Municipality,NPDES
HONOLULU RAIL TRANSIT PROJECT - CITY CENTER GUIDEWAY AND STATIONS,HIF012088,21.2925,-157.8538,Permitted Feature,Municipality,NPDES
HONOLULU RAIL TRANSIT PROJECT - CITY CENTER GUIDEWAY AND STATIONS,HIF012088,21.2913,-157.8494,Permitted Feature,Municipality,NPDES
HONOLULU RAIL TRANSIT PROJECT - CITY CENTER GUIDEWAY AND STATIONS,HIF012088,21.2908,-157.8477,Permitted Feature,Municipality,NPDES
HONOLULU RAIL TRANSIT PROJECT - CITY CENTER GUIDEWAY AND STATIONS,HIF012088,21.3329,-157.8878,Facility,Municipality,NPDES
HONOLULU RAIL TRANSIT PROJECT KAMEHAMEHA HIGHWAY RESURFACING,HIF012090,21.3981,-157.984725,Facility,Municipality,NPDES
"HOOPILI PHASE 4, PARCEL 10",HIF012095,21.3633,-158.02281,Facility,Privately Owned Facility,NPDES
"HOOPILI PHASE 4, PARCEL 16",HIF012096,21.3633,-158.02281,Facility,Privately Owned Facility,NPDES
PROCTOR RESIDENCE,HIF012098,19.686675,-155.981685,Facility,Privately Owned Facility,NPDES
MILILANI 994 BOOSTER STATION,HIF012100,21.477227,-157.985891,Permitted Feature,Municipality,NPDES
IRRIGATION DITCHES AND RESERVOIRS ON COFFEE FARM,HIF012101,21.900348,-159.509824,Permitted Feature,Privately Owned Facility,NPDES
IRRIGATION DITCHES AND RESERVOIRS ON COFFEE FARM,HIF012101,21.921642,-159.533931,Permitted Feature,Privately Owned Facility,NPDES
IRRIGATION DITCHES AND RESERVOIRS ON COFFEE FARM,HIF012101,21.906182,-159.558652,Permitted Feature,Privately Owned Facility,NPDES
IRRIGATION DITCHES AND RESERVOIRS ON COFFEE FARM,HIF012101,21.908766,-159.55287,Permitted Feature,Privately Owned Facility,NPDES
IRRIGATION DITCHES AND RESERVOIRS ON COFFEE FARM,HIF012101,21.900661,-159.533845,Permitted Feature,Privately Owned Facility,NPDES
IRRIGATION DITCHES AND RESERVOIRS ON COFFEE FARM,HIF012101,21.914948,-159.571561,Permitted Feature,Privately Owned Facility,NPDES
IRRIGATION DITCHES AND RESERVOIRS ON COFFEE FARM,HIF012101,21.918064,-159.566097,Permitted Feature,Privately Owned Facility,NPDES
IRRIGATION DITCHES AND RESERVOIRS ON COFFEE FARM,HIF012101,21.900882,-159.509627,Permitted Feature,Privately Owned Facility,NPDES
IRRIGATION DITCHES AND RESERVOIRS ON COFFEE FARM,HIF012101,21.92346,-159.536111,Permitted Feature,Privately Owned Facility,NPDES
IRRIGATION DITCHES AND RESERVOIRS ON COFFEE FARM,HIF012101,21.907128,-159.559023,Permitted Feature,Privately Owned Facility,NPDES
IRRIGATION DITCHES AND RESERVOIRS ON COFFEE FARM,HIF012101,21.920172,-159.535966,Permitted Feature,Privately Owned Facility,NPDES
IRRIGATION DITCHES AND RESERVOIRS ON COFFEE FARM,HIF012101,21.917363,-159.545316,Permitted Feature,Privately Owned Facility,NPDES
IRRIGATION DITCHES AND RESERVOIRS ON COFFEE FARM,HIF012101,21.922438,-159.536432,Permitted Feature,Privately Owned Facility,NPDES
IRRIGATION DITCHES AND RESERVOIRS ON COFFEE FARM,HIF012101,21.911083,-159.53683,Permitted Feature,Privately Owned Facility,NPDES
IRRIGATION DITCHES AND RESERVOIRS ON COFFEE FARM,HIF012101,21.921373,-159.539183,Permitted Feature,Privately Owned Facility,NPDES
IRRIGATION DITCHES AND RESERVOIRS ON COFFEE FARM,HIF012101,21.914891,-159.543511,Permitted Feature,Privately Owned Facility,NPDES
IRRIGATION DITCHES AND RESERVOIRS ON COFFEE FARM,HIF012101,21.917541,-159.545633,Permitted Feature,Privately Owned Facility,NPDES
IRRIGATION DITCHES AND RESERVOIRS ON COFFEE FARM,HIF012101,21.918977,-159.549388,Permitted Feature,Privately Owned Facility,NPDES
IRRIGATION DITCHES AND RESERVOIRS ON COFFEE FARM,HIF012101,21.914948,-159.571561,Facility,Privately Owned Facility,NPDES
WAIKOLOA AC PLANT,HIF012104,19.942123,-155.677549,Facility,Privately Owned Facility,NPDES
"EWA BY GENTRY - EAST, KEAUNUI DRIVE EXTENSION PHASE 3 (STA. 38 28.73 TO END)",HIF012105,21.305811,-158.028575,Facility,Privately Owned Facility,NPDES
"GRAVESITE RESTORATION, MAKAWAO VET CEMETERY",HIF012106,20.868022,-156.314237,Facility,State Government,NPDES
LIHUE TOWN CORE MOBILITY AND REVITALIZATION PLAN,HIF012107,21.967022,-159.363274,Facility,Municipal or Water District,NPDES
HAWAIIAN CEMENT GRADING,HIF012108,21.3142,-158.1189,Facility,Privately Owned Facility,NPDES
HOOLEHUA VETERANS AND HOMESTEAD RESIDENT'S CENTER,HIF012109,21.165616,-157.053367,Facility,State Government,NPDES
MANOA STREAM IMPROVEMENTS AT WOODLAWN DRIVE BRIDGE,HIF012110,21.307707,-157.809006,Permitted Feature,State Government,NPDES
MANOA STREAM IMPROVEMENTS AT WOODLAWN DRIVE BRIDGE,HIF012110,21.307707,-157.809006,Facility,State Government,NPDES
KEHALANI WAIHEE DITCH BIKE PATH,HIF012113,20.851667,-156.496944,Facility,Privately Owned Facility,NPDES
POOL HOUSE - 100 KAMAOLE,HIF012114,20.686667,-156.374167,Facility,Privately Owned Facility,NPDES
"EWA BY GENTRY - EAST, AREA 32 - DETACHED CONDOMINIUM DEVELOPMENT INCREMENT 1",HIF012115,21.305811,-158.028575,Facility,Privately Owned Facility,NPDES
MAUI 17-2 LLC,HIF012120,20.980483,-156.632215,Facility,Privately Owned Facility,NPDES
LEILEHUA R-1 PIPELINE AND STORAGE TANK,HIF012122,21.463673,-158.024113,Facility,Privately Owned Facility,NPDES
KOA RIDGE - SITE A1A,HIF012127,21.428386,-158.008172,Facility,Privately Owned Facility,NPDES
KOA RIDGE ROAD  A  PHASE 1,HIF012128,21.39165,-158.018189,Facility,Privately Owned Facility,NPDES
HOAKALEI WAI KAI RETAIL PROJECT,HIF012129,21.304672,-158.0358,Permitted Feature,Privately Owned Facility,NPDES
MAUI LANI SF-3 CONDOMINIUM ON LOT 11-D-1-A-3-B,HIF012131,20.891389,-156.473056,Facility,Privately Owned Facility,NPDES
KEA STEET PAVEMENT RECONSTRUCTION (S. PAPA AVE TO S. WAKEA AVE),HIF012132,20.891111,-156.473611,Facility,Municipal or Water District,NPDES
THE CENTRAL ALA MOANA,HIF012134,21.29265,-157.855267,Facility,Privately Owned Facility,NPDES
"BEHAVIORAL HEALTH/DENTAL CLINIC ADDITION, SCHOFIELD BARRACKS",HIF012135,21.500606,-158.052267,Facility,Federal Facility (U.S. Government),NPDES
"REHABILITATION OF LOCALIZED STREETS, PHASE 12D",HIF012138,21.316486,-157.859629,Permitted Feature,Municipality,NPDES
"REHABILITATION OF LOCALIZED STREETS, PHASE 12D",HIF012138,21.315263,-157.860523,Permitted Feature,Municipality,NPDES
"REHABILITATION OF LOCALIZED STREETS, PHASE 12D",HIF012138,21.314936,-157.861014,Permitted Feature,Municipality,NPDES
"REHABILITATION OF LOCALIZED STREETS, PHASE 12D",HIF012138,21.314330000000002,-157.861912,Permitted Feature,Municipality,NPDES
"REHABILITATION OF LOCALIZED STREETS, PHASE 12D",HIF012138,21.313871,-157.862865,Permitted Feature,Municipality,NPDES
"REHABILITATION OF LOCALIZED STREETS, PHASE 12D",HIF012138,21.31372,-157.86375,Permitted Feature,Municipality,NPDES
"REHABILITATION OF LOCALIZED STREETS, PHASE 12D",HIF012138,21.312178,-157.865352,Permitted Feature,Municipality,NPDES
"REHABILITATION OF LOCALIZED STREETS, PHASE 12D",HIF012138,21.311099,-157.86506,Permitted Feature,Municipality,NPDES
"REHABILITATION OF LOCALIZED STREETS, PHASE 12D",HIF012138,21.310295,-157.864681,Permitted Feature,Municipality,NPDES
"REHABILITATION OF LOCALIZED STREETS, PHASE 12D",HIF012138,21.310075,-157.864554,Permitted Feature,Municipality,NPDES
"REHABILITATION OF LOCALIZED STREETS, PHASE 12D",HIF012138,21.309188,-157.864453,Permitted Feature,Municipality,NPDES
"REHABILITATION OF LOCALIZED STREETS, PHASE 12D",HIF012138,21.306395,-157.864793,Permitted Feature,Municipality,NPDES
"REHABILITATION OF LOCALIZED STREETS, PHASE 12D",HIF012138,21.30591,-157.864493,Permitted Feature,Municipality,NPDES
"REHABILITATION OF LOCALIZED STREETS, PHASE 12D",HIF012138,21.305545,-157.864247,Permitted Feature,Municipality,NPDES
"REHABILITATION OF LOCALIZED STREETS, PHASE 12D",HIF012138,21.303668,-157.863657,Permitted Feature,Municipality,NPDES
"REHABILITATION OF LOCALIZED STREETS, PHASE 12D",HIF012138,21.30351,-157.863655,Permitted Feature,Municipality,NPDES
"MAMALAHOA HIGHWAY SAFETY IMPROVEMENTS, MILEPOST 3.90 TO MILEPOST 6.90",HIF012140,19.9506,-155.7415,Facility,State Government,NPDES
"FISCAL YEAR 2019 MILITARY CONSTRUCTION PROJECT P-214, DRYDOCK WATERFRONT FACILIT",HIF012143,21.3519,-157.9602,Facility,Federal Facility (U.S. Government),NPDES
"PUHAWAI ROAD, PUUHULU ROAD, AND KUWALE ROAD WATER SYSTEM IMPROVEMENTS PART D - R",HIF012144,21.445628,-158.164611,Facility,Municipality,NPDES
"EWA BY GENTRY - EAST, AREA 32 - DETACHED CONDOMINIUM DEVELOPMENT INCREMENT 2",HIF012147,21.305811,-158.028575,Facility,Privately Owned Facility,NPDES
"REHABILITATION OF STREETS, UNIT 87",HIF012148,21.294402,-157.857381,Permitted Feature,Municipal or Water District,NPDES
"MOANALUA FREEWAY, HIGHWAY LIGHTING IMPROVEMENTS, HALAWA HEIGHTS OFF RAMP TO MIDD",HIF012150,21.351761,-157.895811,Facility,State Government,NPDES
KAPALUA PLANTATION GOLF COURSE IMPROVEMENTS,HIF012154,20.9961,-156.6417,Facility,Municipal or Water District,NPDES
GRADING FOR LOT 160-A-1,HIF012156,22.072366,-159.378956,Facility,Privately Owned Facility,NPDES
EWA MEDICAL OFFICE BUILDING / RETAIL BUILDING SHELL,HIF012158,21.305128,-158.029522,Facility,Privately Owned Facility,NPDES
WAIMEA HUAKAI AND HABITAT AFFORDABLE HOUSING,HIF012160,21.962765,-159.679064,Facility,Privately Owned Facility,NPDES
REPAVE PORT ROYAL STREET,HIF012161,21.3544,-157.9528,Facility,Federal Facility (U.S. Government),NPDES
FISCAL YEAR 2018 MILITARY CONSTRUCTION PROJECT P-704 SEWER LIFT STATION AND RELI,HIF012162,21.343,-157.965,Facility,Federal Facility (U.S. Government),NPDES
INCREMENT 4 OF MAUI LANI PHASE 6 SUBDIVISION,HIF012163,20.891389,-156.473056,Permitted Feature,Privately Owned Facility,NPDES
INCREMENT 4 OF MAUI LANI PHASE 6 SUBDIVISION,HIF012163,20.891389,-156.473056,Facility,Privately Owned Facility,NPDES
OWENS RESIDENCE,HIF012164,22.107916,-159.296994,Facility,Privately Owned Facility,NPDES
"BRIGHAM YOUNG UNIVERSITY LAIE, HAWAII NA HALE KUMU AREAS A & B TOWNHOUSE & DUPLE",HIF012166,21.648188,-157.92807,Facility,Privately Owned Facility,NPDES
MAILI GARDENS,HIF012167,21.423563,-158.175253,Facility,Privately Owned Facility,NPDES
KAWA STREAM AND DITCH,HIF012170,21.405484,-157.790736,Facility,Municipal or Water District,NPDES
KAHULUI AIRPORT TAXIWAY A-C INTERSECTION RECONSTRUCTION,HIF012178,20.892302,-156.442392,Facility,State Government,NPDES
"DEVELOPMENT OF KALAELOA PARCELS 1, 2, AND 3 BACKBONE ROADWAY IMPROVEMENTS PROJEC",HIF012180,21.29519,-158.0863,Facility,Privately Owned Facility,NPDES
LAALOA AVENUE PARK,HIF012181,19.594733,-155.971363,Facility,Municipal or Water District,NPDES
WAREHOUSE FACILITY AT 91-150 HANUA STREET,HIF012182,21.3017,-158.103512,Facility,Privately Owned Facility,NPDES
PAVEMENT REHABILITATION AT 91-302 HANUA STREET,HIF012183,21.314285,-158.118969,Facility,Privately Owned Facility,NPDES
LIMITED COMMON ELEMENT B KAHUKU SUGAR MILL,HIF012184,21.677663,-157.949249,Facility,Privately Owned Facility,NPDES
KLIPPER RECREATION VILLAS,HIF012185,21.448028,-157.747723,Facility,Federal Facility (U.S. Government),NPDES
SITE IMPROVEMENT AND MASS GRADING PLANS FOR EWA BY GENTRY AREA 31 SUBDIVISION IN,HIF012193,21.323611,-158.031389,Permitted Feature,Privately Owned Facility,NPDES
SITE IMPROVEMENT AND MASS GRADING PLANS FOR EWA BY GENTRY AREA 31 SUBDIVISION IN,HIF012193,21.305811,-158.028575,Permitted Feature,Privately Owned Facility,NPDES
D.R. HORTON,HIF012194,21.30836,-157.86249,Facility,Municipality,NPDES
SAND ISLAND RECREATION AREA - SEWER SYSTEM IMPROVEMENTS PROJECT,HIF012196,21.300785,-157.869369,Facility,State Government,NPDES
HALL ROAD MASS GRADING,HIF012197,19.7,-155.99,Facility,Privately Owned Facility,NPDES
"PAVE ROADS, AREA X PHASE 2 AT SCHOFIELD BARRACKS",HIF012198,21.499937,-158.075688,Facility,Federal Facility (U.S. Government),NPDES
PUAKO WATERLINE REPLACEMENT,HIF012202,19.972266,-155.831915,Permitted Feature,Municipal or Water District,NPDES
PATRIOT NEIGBORHOOD,HIF012207,21.50861,-158.059253,Facility,Privately Owned Facility,NPDES
WAINIHA BRIDGE(S) REPLACEMENT,HIF012209,22.212957,-159.543595,Facility,Federal Facility (U.S. Government),NPDES
CREATIVE MEDIA FACILITY - UNIVERSITY OF HAWAI'I WEST OAHU,HIF012213,21.35498,-158.05483,Facility,State Government,NPDES
FLEENOR PAPER COMPANY WAREHOUSE,HIF012214,21.317244,-158.095724,Facility,Privately Owned Facility,NPDES
"JOB NO. 17-10, WP2020 PROJECT NO. KW-07, REHABILITATE PAUA VALLEY TANK NO. 1, 0.",HIF012216,21.983028,-159.710368,Permitted Feature,Municipal or Water District,NPDES
MCGEE RESIDENCE,HIF012218,20.809338,-156.614816,Permitted Feature,Privately Owned Facility,NPDES
MCGEE RESIDENCE,HIF012218,20.809338,-156.614816,Facility,Privately Owned Facility,NPDES
ROADWAY IMPROVEMENTS AND MASS GRADING PLANS FOR EWA BY GENTRY AREA 16A PHASE 1 P,HIF012219,21.323546,-158.031554,Facility,Privately Owned Facility,NPDES
KS AGNES KALANIHO'OKAHA COPE COMMUNITY LEARNING CENTER,HIF012220,21.380942,-158.147201,Facility,Privately Owned Facility,NPDES
"EAST KAPOLEI II DEVELOPMENT, INCREMENT 2B (1)",HIF012221,21.335523,-158.041077,Permitted Feature,Privately Owned Facility,NPDES
NIMITZ VIADUCT STAGING AREA,HIF012231,21.332646,-157.889521,Facility,Municipal or Water District,NPDES
MAUI DISPOSAL,HIF012233,20.897224,-156.460512,Facility,Privately Owned Facility,NPDES
HANAPEPE BRIDGE REPLACEMENT (2),HIF012234,21.909507,-159.590141,Permitted Feature,Federal Facility (U.S. Government),NPDES
EAST KAPOLEI II DEVELOPMENT INCREMENT 2C,HIF012240,21.335523,-158.041077,Permitted Feature,State Government,NPDES
EAST KAPOLEI II DETENTION BASIN RESTORATION,HIF012241,21.335523,-158.041077,Permitted Feature,State Government,NPDES
"HANA HIGHWAY RESURFACING, HOOKIPA PARK TO KAUPAKALUA ROAD",HIF012242,20.922781,-156.292531,Facility,State Government,NPDES
KAWELA STREAM BRIDGE AND NANAHU STREAM BRIDGE,HIF012243,21.692477,-158.009497,Facility,Federal Facility (U.S. Government),NPDES
MARCONI MAUKA AGRICULTURAL ROAD PROJECT,HIF012244,21.692512,-157.976488,Facility,Privately Owned Facility,NPDES
OCEAN VIEW AT KAHUKU VILLAGE,HIF012245,21.672422,-157.941014,Facility,Privately Owned Facility,NPDES
UNITED STAGING YARD,HIF012252,21.332774,-157.909079,Facility,Municipal or Water District,NPDES
RPM PORT PROPERTIES WAREHOUSE IMPROVEMENT,HIF012254,21.41395,-157.970652,Facility,Privately Owned Facility,NPDES
ALA AOLANI: 12-INCH WATER MAIN,HIF012257,21.364445,-157.894723,Permitted Feature,Municipality,NPDES
ALA AOLANI: 12-INCH WATER MAIN,HIF012257,21.36474,-157.894316,Permitted Feature,Municipality,NPDES
ALA AOLANI: 12-INCH WATER MAIN,HIF012257,21.365486,-157.894034,Permitted Feature,Municipality,NPDES
ALA AOLANI: 12-INCH WATER MAIN,HIF012257,21.36682,-157.892893,Permitted Feature,Municipality,NPDES
ALA AOLANI: 12-INCH WATER MAIN,HIF012257,21.367358,-157.891472,Permitted Feature,Municipality,NPDES
ALA AOLANI: 12-INCH WATER MAIN,HIF012257,21.367448,-157.891285,Permitted Feature,Municipality,NPDES
ALA AOLANI: 12-INCH WATER MAIN,HIF012257,21.367338,-157.891086,Permitted Feature,Municipality,NPDES
ALA AOLANI: 12-INCH WATER MAIN,HIF012257,21.367625,-157.889989,Permitted Feature,Municipality,NPDES
ALA AOLANI: 12-INCH WATER MAIN,HIF012257,21.368264,-157.88941,Permitted Feature,Municipality,NPDES
ALA AOLANI: 12-INCH WATER MAIN,HIF012257,21.368532,-157.889044,Permitted Feature,Municipality,NPDES
ALA AOLANI: 12-INCH WATER MAIN,HIF012257,21.368632,-157.889028,Permitted Feature,Municipality,NPDES
ALA AOLANI: 12-INCH WATER MAIN,HIF012257,21.369287,-157.888503,Permitted Feature,Municipality,NPDES
ALA AOLANI: 12-INCH WATER MAIN,HIF012257,21.369322,-157.888291,Permitted Feature,Municipality,NPDES
ALA AOLANI: 12-INCH WATER MAIN,HIF012257,21.369946,-157.887655,Permitted Feature,Municipality,NPDES
ALA AOLANI: 12-INCH WATER MAIN,HIF012257,21.370243,-157.886242,Permitted Feature,Municipality,NPDES
ALA AOLANI: 12-INCH WATER MAIN,HIF012257,21.371147,-157.885403,Permitted Feature,Municipality,NPDES
ALA AOLANI: 12-INCH WATER MAIN,HIF012257,21.369881,-157.887326,Permitted Feature,Municipality,NPDES
"CONSTRUCT 0.2 MG STORAGE TANK, 144' HAENA-WAINIHA AREA WATER SYSTEM",HIF012261,22.213103,-159.548137,Permitted Feature,Municipal or Water District,NPDES
LUNALILO HOME ROAD WATER SYSTEM IMPROVEMENTS,HIF012265,21.301477,-157.686414,Facility,Municipality,NPDES
LANAKILA WATER SYSTEM IMPROVEMENTS,HIF012286,21.327567,-157.866839,Permitted Feature,Municipality,NPDES
RAIL PIER 613-633,HIF012287,21.333156,-157.893327,Facility,Municipality,NPDES
PANIOLO TONEWOODS AT SIGLO FOREST ACCESS RD AND SITE DEVELOPMENT (1),HIF012293,20.046052,-155.537275,Facility,Privately Owned Facility,NPDES
KOULA,HIF012295,21.293285,-157.855318,Facility,Privately Owned Facility,NPDES
AIR SERVICE HAWAII FKA UNIVERSAL ENTERPRISES,HIF012300,19.721111,-156.042222,Facility,State Government,NPDES
KAUPAKALUA ROAD PAVEMENT RECONSTRUCTION PH2 - EAST KUIAHA ROAD TO HANA HIGHWAY (,HIF012303,20.904776,-156.287005,Facility,Municipal or Water District,NPDES
133 KAIULANI AVENUE,HIF012310,21.27934,-157.823008,Facility,Privately Owned Facility,NPDES
PUU ALII KOI POND,HIF012312,21.424203,-157.800088,Permitted Feature,Privately Owned Facility,NPDES
PUU ALII KOI POND,HIF012312,21.424203,-157.800088,Facility,Privately Owned Facility,NPDES
RAPAVE ROADS SURROUNDING NUWC BLDGS,HIF012313,21.363972,-157.967253,Facility,Federal Facility (U.S. Government),NPDES
HFFC FUEL FARM OPERATIONS BUILDING AT LIHUE AIRPORT,HIF012314,21.986944,-159.333333,Facility,Privately Owned Facility,NPDES
PARKER SCHOOL (1),HIF012319,20.0211,-155.6691,Permitted Feature,Privately Owned Facility,NPDES
PARKER SCHOOL (1),HIF012319,20.0211,-155.6711,Permitted Feature,Privately Owned Facility,NPDES
SPI 101-14,HIF012320,21.673849,-158.033297,Facility,Municipality,NPDES
"FY19 REPAIR BLDG 3004, SCHOFIELD BARRACKS, HAWAII",HIF012321,21.4818,-158.0557,Facility,Municipality,NPDES
BALDWIN HIGH SCHOOL PARKING LOT IMPROVEMENTS - DOE PROJECT NO. Q51000-17,HIF012324,20.89835,-156.480349,Facility,State Government,NPDES
LAVA INUNDATED ROAD RESTORATION,HIF012325,19.459917,-154.838737,Facility,Municipal or Water District,NPDES
D&D TOWING,HIF012328,20.817655,-156.455422,Facility,Privately Owned Facility,NPDES
"REPAIR HIGH MAST LIGHTING, HALE KOA",HIF012329,21.280218,-157.836805,Facility,Federal Facility (U.S. Government),NPDES
CONSTRUCTION OF THE PAPAIKOU TRANSITE AND GI PIPELINE REPLACEMENT,HIF012332,19.77888,-155.090166,Permitted Feature,Municipal or Water District,NPDES
CONSTRUCTION OF THE PAPAIKOU TRANSITE AND GI PIPELINE REPLACEMENT,HIF012332,19.780819,-155.105776,Permitted Feature,Municipal or Water District,NPDES
CONSTRUCTION OF THE PAPAIKOU TRANSITE AND GI PIPELINE REPLACEMENT,HIF012332,19.788552,-155.095777,Permitted Feature,Municipal or Water District,NPDES
CONSTRUCTION OF THE PAPAIKOU TRANSITE AND GI PIPELINE REPLACEMENT,HIF012332,19.78939,-155.092677,Permitted Feature,Municipal or Water District,NPDES
CONSTRUCTION OF THE PAPAIKOU TRANSITE AND GI PIPELINE REPLACEMENT,HIF012333,19.780714,-155.106015,Permitted Feature,Municipal or Water District,NPDES
CONSTRUCTION OF THE PAPAIKOU TRANSITE AND GI PIPELINE REPLACEMENT,HIF012333,19.778932,-155.090174,Permitted Feature,Municipal or Water District,NPDES
CONSTRUCTION OF THE PAPAIKOU TRANSITE AND GI PIPELINE REPLACEMENT,HIF012333,19.788461,-155.095552,Permitted Feature,Municipal or Water District,NPDES
CONSTRUCTION OF THE PAPAIKOU TRANSITE AND GI PIPELINE REPLACEMENT,HIF012333,19.78943,-155.092634,Permitted Feature,Municipal or Water District,NPDES
LANA?I LANDING PUBLIC ACCESS PARKING SITE & GRADING PLAN PROJECT,HIF012335,20.828589,-156.81005,Permitted Feature,Municipality,NPDES
LANA?I LANDING PUBLIC ACCESS PARKING SITE & GRADING PLAN PROJECT,HIF012335,20.826478,-156.80883,Permitted Feature,Municipality,NPDES
LANA?I LANDING PUBLIC ACCESS PARKING SITE & GRADING PLAN PROJECT,HIF012335,20.828589,-156.81005,Facility,Municipality,NPDES
UNMANNED FACILITY AND HDD LAYDOWN,HIF012336,21.460061,-157.763157,Facility,Federal Facility (U.S. Government),NPDES
NEW HOPE CENTRAL OAHU,HIF012337,21.471244,-157.988259,Facility,Privately Owned Facility,NPDES
REPAVE LAUHALA ROAD AND OLD AIRDROME ROAD,HIF012344,21.472809,-158.029415,Facility,Federal Facility (U.S. Government),NPDES
KALAWAHINE 180 RESERVOIR,HIF012347,21.28778,-157.84222,Facility,Municipal or Water District,NPDES
"REPLACE WATER DISTRIBUTION SYSTEM, KIPAHULU UNIT, HALEAKALA NATIONAL PARK",HIF012350,20.657119,-156.046993,Facility,Federal Facility (U.S. Government),NPDES
SPM - MPM PIPELINE CORRIDOR EXTENSION AND MANIFOLD,HIF012352,21.295226,-158.100631,Permitted Feature,Privately Owned Facility,NPDES
SPM - MPM PIPELINE CORRIDOR EXTENSION AND MANIFOLD,HIF012352,21.295226,-158.100631,Facility,Privately Owned Facility,NPDES
MCMAHON ROAD PAVEMENT REHABILITATION,HIF012355,21.496686,-158.078573,Facility,Federal Facility (U.S. Government),NPDES
MILILANI MIDDLE SCHOOL NEW CLASSROOM BUILDING,HIF012360,21.463172,-157.985391,Facility,State Government,NPDES
PACIFIC AQUASCAPES NEW OFFICE AND WAREHOUSE,HIF012367,21.318807,-158.088208,Facility,Privately Owned Facility,NPDES
MIDDLE ROAD UPGRADE PROJECT (HFNWR),HIF012368,19.823594,-155.332462,Facility,Federal Facility (U.S. Government),NPDES
MAKAI CLUB RESORT ACCESS ROAD & PARKING LOT IMPROVEMENTS,HIF012369,22.216737,-159.487134,Facility,Privately Owned Facility,NPDES
"IMPERIUM - KIPAHULU KAI, LP (IMPERIUM ORGANIC FARMS)",HIF012370,20.652349,-156.075987,Facility,Privately Owned Facility,NPDES
LEEWARD BIKEWAY,HIF012379,21.33477,-158.037576,Permitted Feature,State Government,NPDES
LEEWARD BIKEWAY,HIF012379,21.334122,-158.036511,Permitted Feature,State Government,NPDES
LEEWARD BIKEWAY,HIF012379,21.371871,-158.020953,Permitted Feature,State Government,NPDES
LEEWARD BIKEWAY,HIF012379,21.372431,-158.007048,Permitted Feature,State Government,NPDES
LEEWARD BIKEWAY,HIF012379,21.37493,-158.018384,Permitted Feature,State Government,NPDES
LEEWARD BIKEWAY,HIF012379,21.378905,-158.010739,Permitted Feature,State Government,NPDES
LEEWARD BIKEWAY,HIF012379,21.380237,-158.004958,Permitted Feature,State Government,NPDES
LEEWARD BIKEWAY,HIF012379,21.33477,-158.037576,Facility,State Government,NPDES
PRINCEVILLE WELL NO. 5 PUMP OUTFITTING AND CONNECTING PIPELINE,HIF012381,22.192579,-159.439596,Permitted Feature,Privately Owned Facility,NPDES
PRINCEVILLE WELL NO. 5 PUMP OUTFITTING AND CONNECTING PIPELINE,HIF012381,22.19506,-159.44365,Permitted Feature,Privately Owned Facility,NPDES
PRINCEVILLE WELL NO. 5 PUMP OUTFITTING AND CONNECTING PIPELINE,HIF012381,22.193364,-159.434199,Permitted Feature,Privately Owned Facility,NPDES
HOKULIA LOTS 87 & 88 MASS GRADING PLAN,HIF012382,19.522586,-155.957103,Facility,Privately Owned Facility,NPDES
HOMEWOOD SUITES HONOLULU,HIF012383,21.331289,-157.905314,Permitted Feature,Privately Owned Facility,NPDES
HOMEWOOD SUITES HONOLULU,HIF012383,21.331289,-157.905314,Facility,Privately Owned Facility,NPDES
KAANAPALI COFFEE FARMS II,HIF012385,20.935377,-156.663952,Permitted Feature,Privately Owned Facility,NPDES
KAANAPALI COFFEE FARMS II,HIF012385,20.934774,-156.664656,Permitted Feature,Privately Owned Facility,NPDES
KAANAPALI COFFEE FARMS II,HIF012385,20.932369,-156.667337,Permitted Feature,Privately Owned Facility,NPDES
KAANAPALI COFFEE FARMS II,HIF012385,20.930241,-156.670968,Permitted Feature,Privately Owned Facility,NPDES
KAANAPALI COFFEE FARMS II,HIF012385,20.917845,-156.669845,Permitted Feature,Privately Owned Facility,NPDES
HOKUALA RESIDENCES AT NININI POINT,HIF012386,21.957728,-159.343645,Permitted Feature,Privately Owned Facility,NPDES
HOKUALA RESIDENCES AT NININI POINT,HIF012386,21.958432,-159.340267,Permitted Feature,Privately Owned Facility,NPDES
HE'EIA BRIDGE POLE REPLACEMENT PROJECT,HIF012392,21.437444,-157.81165,Facility,Privately Owned Facility,NPDES
"ROCKFALL MITIGATION, KAMOKALA CAVES",HIF012399,22.035988,-159.757478,Facility,Federal Facility (U.S. Government),NPDES
KAISER PERMANENTE LEEWARD (NEW KAPOLEI) CLINIC,HIF012404,21.307657,-158.08734,Facility,Privately Owned Facility,NPDES
"FY18 OMAF PN QZSX160003 - REPAIR KA'ALA ROAD, MOUNT KA'ALA AIR FORCE STATION",HIF012410,21.529125,-158.16794,Facility,Federal Facility (U.S. Government),NPDES
REHABILITATION OF LOCALIZED STREETS - PHASE 12E,HIF012411,21.303533,-157.86365,Permitted Feature,Municipal or Water District,NPDES
REHABILITATION OF LOCALIZED STREETS - PHASE 12E,HIF012411,21.294573,-157.86678,Permitted Feature,Municipal or Water District,NPDES
REHABILITATION OF LOCALIZED STREETS - PHASE 12E,HIF012411,21.291434,-157.860335,Permitted Feature,Municipal or Water District,NPDES
REHABILITATION OF LOCALIZED STREETS - PHASE 12E,HIF012411,21.293208,-157.858943,Permitted Feature,Municipal or Water District,NPDES
REHABILITATION OF LOCALIZED STREETS - PHASE 12E,HIF012411,21.294227,-157.857573,Permitted Feature,Municipal or Water District,NPDES
REHABILITATION OF LOCALIZED STREETS - PHASE 12E,HIF012411,21.294394,-157.857332,Permitted Feature,Municipal or Water District,NPDES
REHABILITATION OF LOCALIZED STREETS - PHASE 12E,HIF012411,21.292739,-157.855218,Permitted Feature,Municipal or Water District,NPDES
REHABILITATION OF LOCALIZED STREETS - PHASE 12E,HIF012411,21.291583,-157.850686,Permitted Feature,Municipal or Water District,NPDES
SOIL REMOVAL ACTION,HIF012412,19.713936,-155.075164,Facility,Privately Owned Facility,NPDES
RUNWAY 8L WIDENING PHASE 2,HIF012415,21.330687,-157.907042,Facility,State Government,NPDES
DILLINGHAM RANCH SUBDIVISION,HIF012417,21.579516,-158.170186,Facility,Privately Owned Facility,NPDES
MIP KOMOHANA STREET EXTENSION,HIF012418,21.295682,-158.086393,Facility,Privately Owned Facility,NPDES
KAPAA STREAM BRIDGE,HIF012420,22.09409,-159.307308,Permitted Feature,Federal Facility (U.S. Government),NPDES
ADC SKY ALA MOANA,HIF012421,21.292654,-157.855276,Facility,Privately Owned Facility,NPDES
WAIPAHU HIGH SCHOOL MISCELLANEOUS R&M FOR FY2008-2011,HIF012422,21.389167,-157.990833,Facility,State Government,NPDES
NEAL BLAISDELL CENTER,HIF012429,21.292928,-157.854981,Facility,Municipal or Water District,NPDES
WAIPAHU HIGH SCHOOL NEW CLASSROOM BUILDING,HIF012432,21.38777,-157.9906,Facility,State Government,NPDES
IPC PAVERS PROJECT,HIF012437,21.487585,-158.07444,Facility,Privately Owned Facility,NPDES
30  FUEL LINE REPAIR,HIF012443,21.29571,-158.1039,Facility,Privately Owned Facility,NPDES
KEAAU-PAHOA ROAD INTERSECTION IMPROVEMENTS AT AINALOA BOULEVARD,HIF012444,19.599,-154.933,Facility,State Government,NPDES
KAMEHAMEHA SCHOOLS KAHALUU MA KAI (2),HIF012445,19.574389,-155.967514,Permitted Feature,Privately Owned Facility,NPDES
KAMEHAMEHA SCHOOLS KAHALUU MA KAI (2),HIF012445,19.574389,-155.967514,Permitted Feature,Privately Owned Facility,NPDES
FY20 MCON P-216,HIF012447,21.3435,-157.964989,Facility,Federal Facility (U.S. Government),NPDES
LAKE ERIE STREET IMPROVEMENTS,HIF012451,21.352222,-157.960833,Facility,Federal Facility (U.S. Government),NPDES
ANDAZ MAUI AT WAILEA RESORT - CONDO BUILDING A,HIF012452,20.692252,-156.444163,Facility,Privately Owned Facility,NPDES
SOUTH HILO SANITARY LANDFILL FINAL CLOSURE,HIF012453,19.700342,-155.041854,Facility,Municipal or Water District,NPDES
HNL PEDESTRIAN BRIDGE IMPROVEMENTS,HIF012454,21.333699,-157.914905,Facility,State Government,NPDES
RAISING CANE'S KAPOLEI,HIF012457,21.295683,-158.086356,Facility,Privately Owned Facility,NPDES
KALANIANAOLE HIGHWAY DRAIN MANHOLE REPLACEMENT,HIF012459,21.315922,-157.665271,Permitted Feature,Municipal or Water District,NPDES
KALANIANAOLE HIGHWAY DRAIN MANHOLE REPLACEMENT,HIF012459,21.315922,-157.665271,Facility,Municipal or Water District,NPDES
ARCHAEOLOGICAL SURVEY FOR KALAELOA SEAWATER DESALINATION FACILITY,HIF012462,21.299872,-158.086809,Facility,Municipal or Water District,NPDES
902 ALDER STREET | MIXED-USE DEVELOPMENT,HIF012469,21.290694,-157.847778,Facility,Privately Owned Facility,NPDES
KAHAUIKI STREAM MAINTENANCE DREDGING AND VEGETATION REMOVAL,HIF012470,21.336871,-157.892627,Facility,Federal Facility (U.S. Government),NPDES
FISCAL YEAR 2019 MILITARY CONSTRUCTION PROJECT P-169 (2),HIF012472,21.387563,-157.986578,Facility,Federal Facility (U.S. Government),NPDES
"KUHIO HIGHWAY RESURFACING, KOOLAU ROAD (SOUTH) TO PAPAA ROAD (2)",HIF012473,22.07886,-159.31498,Facility,State Government,NPDES
THE FAMILY LIFE CENTER THE JESUS CHURCH,HIF012474,21.391672,-158.01825,Facility,Privately Owned Facility,NPDES
HO'OHANA SOLAR FARM SOUTH DRIVEWAY,HIF012475,21.4212,-158.0257,Facility,Privately Owned Facility,NPDES
PUA LOKE AFFORDABLE HOUSING,HIF012476,21.97372,-159.369925,Facility,Municipal or Water District,NPDES
KILAUEA AVENUE REHABILITATION,HIF012479,19.7149,-155.0778,Facility,Municipal or Water District,NPDES
"PIERS 24-28 UTILITIES IMPROVEMENTS AT HONOLULU HARBOR, OAHU H.C. 10545",HIF012481,21.309809,-157.87201,Facility,State Government,NPDES
2019 FENCING IMPROVEMENTS AT VARIOUS SITES ACROSS OAHU - PHASE 1,HIF012482,21.575804,-157.892556,Facility,Municipal or Water District,NPDES
"KOA RIDGE DEVELOPMENT ROADS  T ,  U ,  B ,  TT  AND  U",HIF012488,21.427778,-158.008889,Facility,Privately Owned Facility,NPDES
KUKUI'ULA PARCEL FF,HIF012492,21.885278,-159.4875,Facility,Privately Owned Facility,NPDES
MILCON ANTI-TERRORISM/FORCE PROTECTION (ATFP) UPGRADES,HIF012496,21.467255,-158.035084,Facility,Federal Facility (U.S. Government),NPDES
ISLAND SCHOOL SITE IMPROVEMENTS FOR NEW SCIENCE BUILDING,HIF012499,21.969421,-159.399378,Facility,Privately Owned Facility,NPDES
HENRY STREET REHABILITATION (COUNTY JOB NO. E-4488),HIF012500,19.639407,-155.994752,Facility,Municipal or Water District,NPDES
FLAGSHIP EXPRESS WASH AND CONVENIENCE STORE KAPOLEI,HIF012502,21.295665,-158.086377,Facility,Privately Owned Facility,NPDES
MALANAI ESTATES,HIF012503,20.834324,-156.914967,Permitted Feature,Privately Owned Facility,NPDES
FACILITY REPAIR AND REPAINTING KAPOLEI 215' RESERVOIR (2),HIF012517,21.344616,-158.075656,Permitted Feature,Municipal or Water District,NPDES
FACILITY REPAIR AND REPAINTING KAPOLEI 215' RESERVOIR (2),HIF012517,21.344616,-158.075656,Facility,Municipal or Water District,NPDES
LANAI WELL NO. 7 PUMP OUTFITTING PROJECT,HIF012525,20.836339,-156.922778,Permitted Feature,Privately Owned Facility,NPDES
LANAI WELL NO. 7 PUMP OUTFITTING PROJECT,HIF012525,20.836339,-156.922778,Facility,Privately Owned Facility,NPDES
AHUKINI MAKAI SUBDIVISION,HIF012529,21.991227,-159.333843,Permitted Feature,Privately Owned Facility,NPDES
AHUKINI MAKAI SUBDIVISION,HIF012529,21.991123,-159.339127,Permitted Feature,Privately Owned Facility,NPDES
AHUKINI MAKAI SUBDIVISION,HIF012529,21.992587,-159.342239,Permitted Feature,Privately Owned Facility,NPDES
AHUKINI MAKAI SUBDIVISION,HIF012529,21.992179,-159.341785,Permitted Feature,Privately Owned Facility,NPDES
AHUKINI MAKAI SUBDIVISION,HIF012529,21.99292,-159.342726,Permitted Feature,Privately Owned Facility,NPDES
AHUKINI MAKAI SUBDIVISION,HIF012529,21.992514,-159.342139,Permitted Feature,Privately Owned Facility,NPDES
DIAMOND HEAD THEATRE,HIF012530,21.275038,-157.817601,Facility,Privately Owned Facility,NPDES
KAPOLEI CITY LOT 16537,HIF012532,21.295676,-158.086365,Facility,Privately Owned Facility,NPDES
KOLOA RUM SITE DEVELOPMENT,HIF012533,21.905718,-159.466963,Facility,Municipality,NPDES
PUNALUU WELLS II: PART B  STATION RENOVATION (2),HIF012536,21.58982,-157.898798,Permitted Feature,Municipal or Water District,NPDES
PUNALUU WELLS II: PART B  STATION RENOVATION (2),HIF012536,21.58707,-157.89648,Permitted Feature,Municipal or Water District,NPDES
PUNALUU WELLS II: PART B  STATION RENOVATION (2),HIF012536,21.587069,-157.896504,Permitted Feature,Municipal or Water District,NPDES
PUNALUU WELLS II: PART B  STATION RENOVATION (2),HIF012536,21.583672,-157.89339,Permitted Feature,Municipal or Water District,NPDES
KAPOLEI PARKWAY 12-INCH MAIN,HIF012544,21.335248,-158.038003,Permitted Feature,Municipal or Water District,NPDES
KAPOLEI PARKWAY 12-INCH MAIN,HIF012544,21.332999,-158.03414,Permitted Feature,Municipal or Water District,NPDES
SECRET BEACH,HIF012545,22.222527,-159.41185,Permitted Feature,Privately Owned Facility,NPDES
MAHINAHINA WELL DEVELOPMENT (WEST MAUI WELL NO. 1),HIF012547,20.947686,-156.674202,Permitted Feature,Municipal or Water District,NPDES
MAHINAHINA WELL DEVELOPMENT (WEST MAUI WELL NO. 1),HIF012547,20.950454,-156.660844,Permitted Feature,Municipal or Water District,NPDES
"MOLOLANI WATER LATERAL REPLACEMENTS, PLAYGROUND REPLACEMENTS",HIF012548,21.44427,-157.736535,Facility,Privately Owned Facility,NPDES
"REHABILITATION OF STREETS, UNIT 88, DOWNTOWN HONOLULU",HIF012551,21.309171,-157.864418,Permitted Feature,Municipal or Water District,NPDES
"REHABILITATION OF STREETS, UNIT 88, DOWNTOWN HONOLULU",HIF012551,21.305523,-157.864236,Permitted Feature,Municipal or Water District,NPDES
"REHABILITATION OF STREETS, UNIT 88, DOWNTOWN HONOLULU",HIF012551,21.305212,-157.864069,Permitted Feature,Municipal or Water District,NPDES
"REHABILITATION OF STREETS, UNIT 88, DOWNTOWN HONOLULU",HIF012551,21.303724,-157.863649,Permitted Feature,Municipal or Water District,NPDES
"REHABILITATION OF STREETS, UNIT 88, DOWNTOWN HONOLULU",HIF012551,21.303552,-157.863626,Permitted Feature,Municipal or Water District,NPDES
"REHABILITATION OF STREETS, UNIT 88, DOWNTOWN HONOLULU",HIF012551,21.315267,-157.860418,Permitted Feature,Municipal or Water District,NPDES
"REHABILITATION OF STREETS, UNIT 88, DOWNTOWN HONOLULU",HIF012551,21.316426,-157.859604,Permitted Feature,Municipal or Water District,NPDES
ALA MOANA REGIONAL PARK,HIF012552,21.29278,-157.8553,Permitted Feature,Municipal or Water District,NPDES
ALA MOANA REGIONAL PARK,HIF012552,21.28731,-157.8444,Permitted Feature,Municipal or Water District,NPDES
ALA MOANA REGIONAL PARK,HIF012552,21.28778,-157.8422,Permitted Feature,Municipal or Water District,NPDES
WAIAHI WATER TREATMENT PLANT,HIF012554,22.019966,-159.397728,Permitted Feature,Privately Owned Facility,NPDES
KAANAPALI BEACH HOTEL - BEACH RESTAURANT,HIF012565,20.924589,-156.694974,Facility,Privately Owned Facility,NPDES
PENALOZA'S FAMILY FARM,HIF012566,19.629608,-155.971935,Facility,Privately Owned Facility,NPDES
WAR MEMORIAL COMPLEX PAVING IMPROVEMENTS,HIF012567,20.895235,-156.478398,Facility,Municipal or Water District,NPDES
SITE IMPROVEMENT AND MASS AND PAD GRADING PLANS FOR EWA BY GENTRY AREA 31 SUBDIV,HIF012574,21.323611,-158.031389,Permitted Feature,Privately Owned Facility,NPDES
SITE IMPROVEMENT AND MASS AND PAD GRADING PLANS FOR EWA BY GENTRY AREA 31 SUBDIV,HIF012574,21.305811,-158.028575,Permitted Feature,Privately Owned Facility,NPDES
SITE IMPROVEMENT AND MASS AND PAD GRADING PLANS FOR EWA BY GENTRY AREA 31 SUBDIV,HIF012574,21.305811,-158.028575,Facility,Privately Owned Facility,NPDES
WAIKOLOA PLAZA,HIF012576,19.924602,-155.797675,Permitted Feature,Privately Owned Facility,NPDES
WAIKOLOA PLAZA,HIF012576,19.923722,-155.794598,Permitted Feature,Privately Owned Facility,NPDES
WAIKOLOA PLAZA,HIF012576,19.923123,-155.792884,Permitted Feature,Privately Owned Facility,NPDES
FORT BARRETTE ROAD OPERATIONAL IMPROVEMENTS PROJECT,HIF012581,21.29587,-158.08637,Permitted Feature,State Government,NPDES
FORT BARRETTE ROAD OPERATIONAL IMPROVEMENTS PROJECT,HIF012581,21.30011,-158.06252,Permitted Feature,State Government,NPDES
FORT BARRETTE ROAD OPERATIONAL IMPROVEMENTS PROJECT,HIF012581,21.30011,-158.06252,Facility,State Government,NPDES
KAPOLEI HARBORSIDE MASS GRADING PROJECT,HIF012582,21.295626,-158.086347,Facility,Privately Owned Facility,NPDES
ALA MOANA REGIONAL PARK BEACH NOURISHMENT,HIF012587,21.290653,-157.853732,Permitted Feature,Municipal or Water District,NPDES
ALA MOANA REGIONAL PARK BEACH NOURISHMENT,HIF012587,21.289491,-157.850002,Permitted Feature,Municipal or Water District,NPDES
ALA MOANA REGIONAL PARK BEACH NOURISHMENT,HIF012587,21.287997,-157.846719,Permitted Feature,Municipal or Water District,NPDES
AULOA ROAD AND ULUKAHIKI STREET: 16-INCH WATER MAINS PROJECT,HIF012601,21.373695,-157.76756,Permitted Feature,Municipal or Water District,NPDES
AULOA ROAD AND ULUKAHIKI STREET: 16-INCH WATER MAINS PROJECT,HIF012601,21.373661,-157.76745,Permitted Feature,Municipal or Water District,NPDES
AULOA ROAD AND ULUKAHIKI STREET: 16-INCH WATER MAINS PROJECT,HIF012601,21.374303,-157.765241,Permitted Feature,Municipal or Water District,NPDES
AULOA ROAD AND ULUKAHIKI STREET: 16-INCH WATER MAINS PROJECT,HIF012601,21.376664,-157.761118,Permitted Feature,Municipal or Water District,NPDES
AULOA ROAD AND ULUKAHIKI STREET: 16-INCH WATER MAINS PROJECT,HIF012601,21.376617,-157.76097,Permitted Feature,Municipal or Water District,NPDES
"WAREHOUSES BLDGS. 24 A, B AND C",HIF012608,21.466619,-158.000322,Facility,Privately Owned Facility,NPDES
"KALANIANAOLE HIGHWAY IMPROVEMENTS, PHASE 2",HIF012617,21.34823,-157.723069,Permitted Feature,State Government,NPDES
"KALANIANAOLE HIGHWAY IMPROVEMENTS, PHASE 2",HIF012617,21.346349,-157.711396,Permitted Feature,State Government,NPDES
"KALANIANAOLE HIGHWAY IMPROVEMENTS, PHASE 2",HIF012617,21.330179,-157.690888,Permitted Feature,State Government,NPDES
"CRATER RIM DRIVE SIESMIC SPOT REPAIRS, HI ERFO / FTNP HAVO 10(4)",HIF012618,19.301564,-155.279717,Facility,Federal Facility (U.S. Government),NPDES
WAIAHI 2MG WATER STORAGE TANK,HIF012619,22.015713,-159.390762,Permitted Feature,Privately Owned Facility,NPDES
WAIAHI 2MG WATER STORAGE TANK(2),HIF012620,22.015713,-159.390762,Permitted Feature,Privately Owned Facility,NPDES
ENCHANTED LAKE RESIDENTIAL CLUSTER,HIF012627,21.374444,-157.738056,Permitted Feature,Privately Owned Facility,NPDES
ENCHANTED LAKE RESIDENTIAL CLUSTER,HIF012627,21.374444,-157.738056,Facility,Privately Owned Facility,NPDES
"WAIAU WATER SYSTEM IMPROVEMENTS, PART II",HIF012637,21.387275,-157.959133,Permitted Feature,Municipality,NPDES
"GRADING OF LOT 1013-A AT 12TH. ST., LANA?I CITY, LANA?I",HIF012646,20.807618,-156.925565,Permitted Feature,Privately Owned Facility,NPDES
"GRADING OF LOT 1013-A AT 12TH. ST., LANA?I CITY, LANA?I",HIF012646,20.807618,-156.925565,Facility,Privately Owned Facility,NPDES
HOAKALEI AREA 6C - MASS GRADING,HIF012647,21.305586,-158.028696,Permitted Feature,Privately Owned Facility,NPDES
NEW MEDIUM SECURITY HOUSING HAWAII COMMUNITY CORRECTIONAL CENTER,HIF012656,19.723268,-155.094172,Facility,Municipality,NPDES
HOKUAO MASS GRADING PROJECT,HIF012672,20.807618,-156.925565,Permitted Feature,Municipality,NPDES
FY20 MCON P-911 BACHELOR ENLISTED QUARTERS,HIF012675,21.43739,-157.7605,Permitted Feature,Federal Facility (U.S. Government),NPDES
FY20 MCON P-911 BACHELOR ENLISTED QUARTERS,HIF012675,21.44847,-157.7768,Permitted Feature,Federal Facility (U.S. Government),NPDES
FY20 MCON P-911 BACHELOR ENLISTED QUARTERS,HIF012675,21.44156,-157.7518,Permitted Feature,Federal Facility (U.S. Government),NPDES
HOKUALA HOTEL,HIF012676,21.96081,-159.352748,Permitted Feature,Privately Owned Facility,NPDES
HOKUALA HOTEL,HIF012676,21.960312,-159.349503,Permitted Feature,Privately Owned Facility,NPDES
HOKUALA HOTEL,HIF012676,21.959865,-159.348194,Permitted Feature,Privately Owned Facility,NPDES
OLD HALEAKALA HIGHWAY SIDEWALK,HIF012684,20.839245,-156.34071,Permitted Feature,Municipal or Water District,NPDES
OLD HALEAKALA HIGHWAY SIDEWALK,HIF012684,20.839245,-156.34071,Facility,Municipal or Water District,NPDES
MANELE AMPHITHEATER PROJECT,HIF012714,20.74368,-156.89503,Permitted Feature,Municipality,NPDES
MILL STREET PAVEMENT RECONSTRUCTION NORTH MARKET STREET TO LOWER MAIN STREET,HIF012718,20.892391,-156.502612,Permitted Feature,Municipal or Water District,NPDES
MILL STREET PAVEMENT RECONSTRUCTION NORTH MARKET STREET TO LOWER MAIN STREET,HIF012718,20.895989,-156.498512,Permitted Feature,Municipal or Water District,NPDES
MILL STREET PAVEMENT RECONSTRUCTION NORTH MARKET STREET TO LOWER MAIN STREET,HIF012718,20.899361,-156.494689,Permitted Feature,Municipal or Water District,NPDES
MILL STREET PAVEMENT RECONSTRUCTION NORTH MARKET STREET TO LOWER MAIN STREET,HIF012718,20.892391,-156.502612,Facility,Municipal or Water District,NPDES
BERETANIA PUBLIC SERVICE BUILDING EXTERIOR IMPROVEMENT,HIF012723,21.30595,-157.854122,Permitted Feature,Municipal or Water District,NPDES
KEOKEA-WAIOHULI DEVELOPMENT PHASE 2A,HIF012737,20.736547,-156.371356,Permitted Feature,State Government,NPDES
KEOKEA-WAIOHULI DEVELOPMENT PHASE 2A,HIF012737,20.745878,-156.407782,Permitted Feature,State Government,NPDES
KEOKEA-WAIOHULI DEVELOPMENT PHASE 2A,HIF012737,20.714996,-156.369368,Permitted Feature,State Government,NPDES
KEOKEA-WAIOHULI DEVELOPMENT PHASE 2A,HIF012737,20.732877,-156.400799,Permitted Feature,State Government,NPDES
KOA RIDGE,HIF012747,21.39165,-158.018189,Permitted Feature,Privately Owned Facility,NPDES
KOA RIDGE,HIF012747,21.4169,-158.012031,Permitted Feature,Privately Owned Facility,NPDES
KOA RIDGE,HIF012747,21.458172,-157.993931,Permitted Feature,Privately Owned Facility,NPDES
KOA RIDGE,HIF012747,21.42415,-157.994719,Permitted Feature,Privately Owned Facility,NPDES
"IOLANI STREET, LIHOLANI STREET AND MAKANI ROAD PAVEMENT RECONSTRUCTION",HIF012761,20.840511,-156.341536,Permitted Feature,Municipal or Water District,NPDES
"IOLANI STREET, LIHOLANI STREET AND MAKANI ROAD PAVEMENT RECONSTRUCTION",HIF012761,20.843646,-156.354399,Permitted Feature,Municipal or Water District,NPDES
"IOLANI STREET, LIHOLANI STREET AND MAKANI ROAD PAVEMENT RECONSTRUCTION",HIF012761,20.834155,-156.355,Permitted Feature,Municipal or Water District,NPDES
"IOLANI STREET, LIHOLANI STREET AND MAKANI ROAD PAVEMENT RECONSTRUCTION",HIF012761,20.828789,-156.351218,Permitted Feature,Municipal or Water District,NPDES
"IOLANI STREET, LIHOLANI STREET AND MAKANI ROAD PAVEMENT RECONSTRUCTION",HIF012761,20.826072,-156.353246,Permitted Feature,Municipal or Water District,NPDES
"IOLANI STREET, LIHOLANI STREET AND MAKANI ROAD PAVEMENT RECONSTRUCTION",HIF012761,20.840511,-156.341536,Facility,Municipal or Water District,NPDES
MCARTHUR 8 INCH WATERMAIN,HIF012766,21.350642,-158.123193,Permitted Feature,Municipal or Water District,NPDES
WAIKOLOA ROAD REHABILITATION,HIF012779,19.933822,-155.877824,Permitted Feature,Municipal or Water District,NPDES
WAIKOLOA ROAD REHABILITATION,HIF012779,19.8961,-155.739,Permitted Feature,Municipal or Water District,NPDES
WAIKOLOA ROAD REHABILITATION,HIF012779,19.9246,-155.7976,Permitted Feature,Municipal or Water District,NPDES
WAIKOLOA ROAD REHABILITATION,HIF012779,19.9175,-155.8057,Permitted Feature,Municipal or Water District,NPDES
WAIKOLOA ROAD REHABILITATION,HIF012779,19.9157,-155.8312,Permitted Feature,Municipal or Water District,NPDES
KULAMALU MARKET APARTMENTS,HIF012785,20.820828,-156.33300500000001,Permitted Feature,Privately Owned Facility,NPDES
KULAMALU MARKET APARTMENTS,HIF012785,20.820828,-156.33300500000001,Facility,Privately Owned Facility,NPDES
"KAPOLEI INTERCHANGE COMPLEX, PHASE 3",HIF012789,21.325643,-158.110761,Permitted Feature,State Government,NPDES
PUUKOLII VILLAGE MAUKA,HIF012794,20.910867,-156.690983,Permitted Feature,Privately Owned Facility,NPDES
PUUKOLII VILLAGE MAUKA,HIF012794,20.919662,-156.662123,Permitted Feature,Privately Owned Facility,NPDES
PUUKOLII VILLAGE MAUKA,HIF012794,20.928721,-156.667016,Permitted Feature,Privately Owned Facility,NPDES
PUUKOLII VILLAGE MAUKA,HIF012794,20.938606,-156.693022,Permitted Feature,Privately Owned Facility,NPDES
PUUKOLII VILLAGE MAUKA,HIF012794,20.910867,-156.690983,Facility,Privately Owned Facility,NPDES
"IRRIGATION DITCHES AND RESERVOIRS LOCATED THROUGHOUT MAHI PONO,LLC PROPERTY",HIF012802,20.881379,-156.32413,Permitted Feature,Municipality,NPDES
"IRRIGATION DITCHES AND RESERVOIRS LOCATED THROUGHOUT MAHI PONO,LLC PROPERTY",HIF012802,20.820954,-156.455536,Permitted Feature,Municipality,NPDES
"IRRIGATION DITCHES AND RESERVOIRS LOCATED THROUGHOUT MAHI PONO,LLC PROPERTY",HIF012802,20.912476,-156.507572,Permitted Feature,Municipality,NPDES
"IRRIGATION DITCHES AND RESERVOIRS LOCATED THROUGHOUT MAHI PONO,LLC PROPERTY",HIF012802,20.820362,-156.49976,Permitted Feature,Municipality,NPDES
ROYAL KUNIA AGRICULTURAL PARK,HIF012819,21.405192,-158.038333,Permitted Feature,State Government,NPDES
TAXIWAY A-C INTERSECTION RECONSTRUCTION,HIF012823,20.88847,-156.43568,Facility,State Government,NPDES
ALIAMANU MILITARY RESERVATION PERMEABLE PAVERS,HIF012837,21.36143,-157.90077,Facility,Privately Owned Facility,NPDES
MANELE QUARRY STOCKPILES,HIF012846,20.737628,-156.914553,Permitted Feature,Municipality,NPDES
MANELE QUARRY STOCKPILES,HIF012846,20.737229,-156.912416,Permitted Feature,Municipality,NPDES
MANELE QUARRY STOCKPILES,HIF012846,20.737229,-156.912416,Facility,Municipality,NPDES
PACIFIC PIPE COMPANY KONA WAREHOUSE,HIF012850,19.669,-156.022,Permitted Feature,Privately Owned Facility,NPDES
PACIFIC PIPE COMPANY KONA WAREHOUSE,HIF012850,19.669,-156.022,Facility,Privately Owned Facility,NPDES
AINAMALU(2),HIF012851,19.923418,-155.862143,Permitted Feature,Privately Owned Facility,NPDES
AINAMALU(2),HIF012851,19.929814,-155.872359,Permitted Feature,Privately Owned Facility,NPDES
AINAMALU(2),HIF012851,19.931044,-155.870265,Permitted Feature,Privately Owned Facility,NPDES
AINAMALU(2),HIF012851,19.934366,-155.868567,Permitted Feature,Privately Owned Facility,NPDES
AINAMALU(2),HIF012851,19.937104,-155.85973,Permitted Feature,Privately Owned Facility,NPDES
AINAMALU(2),HIF012851,19.933564,-155.853981,Permitted Feature,Privately Owned Facility,NPDES
AINAMALU(2),HIF012851,19.935842,-155.855937,Permitted Feature,Privately Owned Facility,NPDES
LEEWARD BIKEWAY,HIF012857,21.380237,-158.004958,Permitted Feature,State Government,NPDES
LEEWARD BIKEWAY,HIF012857,21.334769,-158.037576,Permitted Feature,State Government,NPDES
HOOPILI INDUSTRIAL MIXED USE (IMX) SUBDIVISION MASS GRADING AND INFRASTRUCTURE I,HIF012859,21.375291,-158.03887,Permitted Feature,Privately Owned Facility,NPDES
HOOPILI INDUSTRIAL MIXED USE (IMX) SUBDIVISION MASS GRADING AND INFRASTRUCTURE I,HIF012859,21.375291,-158.03887,Facility,Privately Owned Facility,NPDES
"INTERSTATE ROUTE H-1 RESURFACING, MILLER PEDESTRIAN OVERPASS TO KAPIOLANI INTERC",HIF012860,21.294032,-157.856899,Permitted Feature,State Government,NPDES
"INTERSTATE ROUTE H-1 RESURFACING, MILLER PEDESTRIAN OVERPASS TO KAPIOLANI INTERC",HIF012860,21.289327,-157.85109,Permitted Feature,State Government,NPDES
"INTERSTATE ROUTE H-1 RESURFACING, MILLER PEDESTRIAN OVERPASS TO KAPIOLANI INTERC",HIF012860,21.288727,-157.816674,Permitted Feature,State Government,NPDES
"INTERSTATE ROUTE H-1 RESURFACING, MILLER PEDESTRIAN OVERPASS TO KAPIOLANI INTERC",HIF012860,21.2859,-157.829614,Permitted Feature,State Government,NPDES
"SALT LAKE BOULEVARD WIDENING, PHASE 3",HIF012865,21.35285,-157.94025,Permitted Feature,Municipal or Water District,NPDES
"SALT LAKE BOULEVARD WIDENING, PHASE 3",HIF012865,21.33463,-157.92916,Permitted Feature,Municipal or Water District,NPDES
"SALT LAKE BOULEVARD WIDENING, PHASE 3",HIF012865,21.3491,-157.91024,Permitted Feature,Municipal or Water District,NPDES
WAHIAWA WATER SYSTEM IMPROVEMENT IV,HIF012873,21.492292,-158.027819,Permitted Feature,Municipal or Water District,NPDES
HONOLULU ZOO WATER SYSTEM UPGRADE PHASE 1 - POTABLE SYSTEM,HIF012890,21.271179,-157.823356,Permitted Feature,Municipal or Water District,NPDES
NORTH SCHOOL STREET WATER SYSTEM IMPROVEMENTS,HIF012892,21.336769,-157.87616,Permitted Feature,Municipal or Water District,NPDES
NORTH SCHOOL STREET WATER SYSTEM IMPROVEMENTS,HIF012892,21.339999,-157.870612,Permitted Feature,Municipal or Water District,NPDES
NORTH SCHOOL STREET WATER SYSTEM IMPROVEMENTS,HIF012892,21.327061,-157.867401,Permitted Feature,Municipal or Water District,NPDES
NORTH SCHOOL STREET WATER SYSTEM IMPROVEMENTS,HIF012892,21.336769,-157.87616,Facility,Municipal or Water District,NPDES
CLEARING OF PARCELS 40 AND 41,HIF012921,19.624001,-155.972273,Permitted Feature,Privately Owned Facility,NPDES
CLEARING OF PARCELS 40 AND 41,HIF012921,19.624001,-155.972273,Facility,Privately Owned Facility,NPDES
MAUI LANI PHASE 8 SUBDIVISION,HIF012929,20.89138,-156.47305,Permitted Feature,Privately Owned Facility,NPDES
FY21 PN76897 AIRCRAFT MAINTENANCE HANGAR,HIF012933,21.464402,-158.031514,Facility,Federal Facility (U.S. Government),NPDES
"PUHI ROAD REHABILITATION, PHASE 2",HIF012940,21.960447,-159.393209,Permitted Feature,Municipal or Water District,NPDES
"PUHI ROAD REHABILITATION, PHASE 2",HIF012940,21.950877,-159.392396,Permitted Feature,Municipal or Water District,NPDES
"PUHI ROAD REHABILITATION, PHASE 2",HIF012940,21.959172,-159.391754,Permitted Feature,Municipal or Water District,NPDES
"PUHI ROAD REHABILITATION, PHASE 2",HIF012940,21.959074,-159.387201,Permitted Feature,Municipal or Water District,NPDES
"PUHI ROAD REHABILITATION, PHASE 2",HIF012940,21.958895,-159.389411,Permitted Feature,Municipal or Water District,NPDES
LAI LOA CONDOMINIUM RESORT DEVELOPMENT,HIF012941,20.697067,-156.436263,Permitted Feature,Privately Owned Facility,NPDES
LAI LOA CONDOMINIUM RESORT DEVELOPMENT,HIF012941,20.696711,-156.4388,Permitted Feature,Privately Owned Facility,NPDES
LAI LOA CONDOMINIUM RESORT DEVELOPMENT,HIF012941,20.695909,-156.440533,Permitted Feature,Privately Owned Facility,NPDES
LAI LOA CONDOMINIUM RESORT DEVELOPMENT,HIF012941,20.697067,-156.436263,Facility,Privately Owned Facility,NPDES
KONANE SLOPE STABILIZATION,HIF012953,21.425972,-157.794583,Permitted Feature,Privately Owned Facility,NPDES
"H-2 AND MOANALUA FREEWAY GUARDRAIL & SHOULDER IMPROVEMENTS, PHASE 2",HIF012957,21.49058,-158.03148,Permitted Feature,State Government,NPDES
"H-2 AND MOANALUA FREEWAY GUARDRAIL & SHOULDER IMPROVEMENTS, PHASE 2",HIF012957,21.49013,-158.02803,Permitted Feature,State Government,NPDES
"H-2 AND MOANALUA FREEWAY GUARDRAIL & SHOULDER IMPROVEMENTS, PHASE 2",HIF012957,21.48996,-158.02782,Permitted Feature,State Government,NPDES
"H-2 AND MOANALUA FREEWAY GUARDRAIL & SHOULDER IMPROVEMENTS, PHASE 2",HIF012957,21.46789,-158.02845,Permitted Feature,State Government,NPDES
"H-2 AND MOANALUA FREEWAY GUARDRAIL & SHOULDER IMPROVEMENTS, PHASE 2",HIF012957,21.47542,-158.01581,Permitted Feature,State Government,NPDES
"H-2 AND MOANALUA FREEWAY GUARDRAIL & SHOULDER IMPROVEMENTS, PHASE 2",HIF012957,21.47473,-158.01582,Permitted Feature,State Government,NPDES
"H-2 AND MOANALUA FREEWAY GUARDRAIL & SHOULDER IMPROVEMENTS, PHASE 2",HIF012957,21.47463,-158.01582,Permitted Feature,State Government,NPDES
"H-2 AND MOANALUA FREEWAY GUARDRAIL & SHOULDER IMPROVEMENTS, PHASE 2",HIF012957,21.47451,-158.01587,Permitted Feature,State Government,NPDES
"H-2 AND MOANALUA FREEWAY GUARDRAIL & SHOULDER IMPROVEMENTS, PHASE 2",HIF012957,21.4745,-158.01503,Permitted Feature,State Government,NPDES
"H-2 AND MOANALUA FREEWAY GUARDRAIL & SHOULDER IMPROVEMENTS, PHASE 2",HIF012957,21.47435,-158.01511,Permitted Feature,State Government,NPDES
"H-2 AND MOANALUA FREEWAY GUARDRAIL & SHOULDER IMPROVEMENTS, PHASE 2",HIF012957,21.47425,-158.01519,Permitted Feature,State Government,NPDES
"H-2 AND MOANALUA FREEWAY GUARDRAIL & SHOULDER IMPROVEMENTS, PHASE 2",HIF012957,21.47419,-158.01528,Permitted Feature,State Government,NPDES
"H-2 AND MOANALUA FREEWAY GUARDRAIL & SHOULDER IMPROVEMENTS, PHASE 2",HIF012957,21.47054,-158.00895,Permitted Feature,State Government,NPDES
"H-2 AND MOANALUA FREEWAY GUARDRAIL & SHOULDER IMPROVEMENTS, PHASE 2",HIF012957,21.47099,-158.0086,Permitted Feature,State Government,NPDES
"H-2 AND MOANALUA FREEWAY GUARDRAIL & SHOULDER IMPROVEMENTS, PHASE 2",HIF012957,21.46567,-158.006,Permitted Feature,State Government,NPDES
"H-2 AND MOANALUA FREEWAY GUARDRAIL & SHOULDER IMPROVEMENTS, PHASE 2",HIF012957,21.46154,-157.99861,Permitted Feature,State Government,NPDES
"H-2 AND MOANALUA FREEWAY GUARDRAIL & SHOULDER IMPROVEMENTS, PHASE 2",HIF012957,21.45833,-157.99315000000001,Permitted Feature,State Government,NPDES
"H-2 AND MOANALUA FREEWAY GUARDRAIL & SHOULDER IMPROVEMENTS, PHASE 2",HIF012957,21.45851,-157.99284,Permitted Feature,State Government,NPDES
"H-2 AND MOANALUA FREEWAY GUARDRAIL & SHOULDER IMPROVEMENTS, PHASE 2",HIF012957,21.45835,-157.99315000000001,Permitted Feature,State Government,NPDES
"H-2 AND MOANALUA FREEWAY GUARDRAIL & SHOULDER IMPROVEMENTS, PHASE 2",HIF012957,21.4571,-157.99237,Permitted Feature,State Government,NPDES
"H-2 AND MOANALUA FREEWAY GUARDRAIL & SHOULDER IMPROVEMENTS, PHASE 2",HIF012957,21.45505,-157.99146,Permitted Feature,State Government,NPDES
"H-2 AND MOANALUA FREEWAY GUARDRAIL & SHOULDER IMPROVEMENTS, PHASE 2",HIF012957,21.44486,-157.9898,Permitted Feature,State Government,NPDES
"H-2 AND MOANALUA FREEWAY GUARDRAIL & SHOULDER IMPROVEMENTS, PHASE 2",HIF012957,21.44835,-157.99097,Permitted Feature,State Government,NPDES
"H-2 AND MOANALUA FREEWAY GUARDRAIL & SHOULDER IMPROVEMENTS, PHASE 2",HIF012957,21.44469,-157.99003,Permitted Feature,State Government,NPDES
"H-2 AND MOANALUA FREEWAY GUARDRAIL & SHOULDER IMPROVEMENTS, PHASE 2",HIF012957,21.44347,-157.99066,Permitted Feature,State Government,NPDES
"H-2 AND MOANALUA FREEWAY GUARDRAIL & SHOULDER IMPROVEMENTS, PHASE 2",HIF012957,21.44173,-157.99209,Permitted Feature,State Government,NPDES
"H-2 AND MOANALUA FREEWAY GUARDRAIL & SHOULDER IMPROVEMENTS, PHASE 2",HIF012957,21.44025,-157.99173,Permitted Feature,State Government,NPDES
"H-2 AND MOANALUA FREEWAY GUARDRAIL & SHOULDER IMPROVEMENTS, PHASE 2",HIF012957,21.4381,-157.99194,Permitted Feature,State Government,NPDES
"H-2 AND MOANALUA FREEWAY GUARDRAIL & SHOULDER IMPROVEMENTS, PHASE 2",HIF012957,21.43604,-157.99259,Permitted Feature,State Government,NPDES
"H-2 AND MOANALUA FREEWAY GUARDRAIL & SHOULDER IMPROVEMENTS, PHASE 2",HIF012957,21.434,-157.99305,Permitted Feature,State Government,NPDES
"H-2 AND MOANALUA FREEWAY GUARDRAIL & SHOULDER IMPROVEMENTS, PHASE 2",HIF012957,21.43165,-157.99576,Permitted Feature,State Government,NPDES
"H-2 AND MOANALUA FREEWAY GUARDRAIL & SHOULDER IMPROVEMENTS, PHASE 2",HIF012957,21.43101,-157.99501,Permitted Feature,State Government,NPDES
"H-2 AND MOANALUA FREEWAY GUARDRAIL & SHOULDER IMPROVEMENTS, PHASE 2",HIF012957,21.42564,-157.99415,Permitted Feature,State Government,NPDES
"H-2 AND MOANALUA FREEWAY GUARDRAIL & SHOULDER IMPROVEMENTS, PHASE 2",HIF012957,21.42518,-157.99404,Permitted Feature,State Government,NPDES
"H-2 AND MOANALUA FREEWAY GUARDRAIL & SHOULDER IMPROVEMENTS, PHASE 2",HIF012957,21.42385,-157.99358,Permitted Feature,State Government,NPDES
"H-2 AND MOANALUA FREEWAY GUARDRAIL & SHOULDER IMPROVEMENTS, PHASE 2",HIF012957,21.41989,-157.99242,Permitted Feature,State Government,NPDES
"H-2 AND MOANALUA FREEWAY GUARDRAIL & SHOULDER IMPROVEMENTS, PHASE 2",HIF012957,21.41797,-157.99224,Permitted Feature,State Government,NPDES
"H-2 AND MOANALUA FREEWAY GUARDRAIL & SHOULDER IMPROVEMENTS, PHASE 2",HIF012957,21.41537,-157.9915,Permitted Feature,State Government,NPDES
"H-2 AND MOANALUA FREEWAY GUARDRAIL & SHOULDER IMPROVEMENTS, PHASE 2",HIF012957,21.41431,-157.99221,Permitted Feature,State Government,NPDES
"H-2 AND MOANALUA FREEWAY GUARDRAIL & SHOULDER IMPROVEMENTS, PHASE 2",HIF012957,21.41252,-157.9919,Permitted Feature,State Government,NPDES
"H-2 AND MOANALUA FREEWAY GUARDRAIL & SHOULDER IMPROVEMENTS, PHASE 2",HIF012957,21.41325,-157.98942,Permitted Feature,State Government,NPDES
"H-2 AND MOANALUA FREEWAY GUARDRAIL & SHOULDER IMPROVEMENTS, PHASE 2",HIF012957,21.41189,-157.99069,Permitted Feature,State Government,NPDES
"H-2 AND MOANALUA FREEWAY GUARDRAIL & SHOULDER IMPROVEMENTS, PHASE 2",HIF012957,21.40922,-157.99031,Permitted Feature,State Government,NPDES
"H-2 AND MOANALUA FREEWAY GUARDRAIL & SHOULDER IMPROVEMENTS, PHASE 2",HIF012957,21.40562,-157.99015,Permitted Feature,State Government,NPDES
"H-2 AND MOANALUA FREEWAY GUARDRAIL & SHOULDER IMPROVEMENTS, PHASE 2",HIF012957,21.40504,-157.98988,Permitted Feature,State Government,NPDES
"H-2 AND MOANALUA FREEWAY GUARDRAIL & SHOULDER IMPROVEMENTS, PHASE 2",HIF012957,21.4012,-157.98818,Permitted Feature,State Government,NPDES
"H-2 AND MOANALUA FREEWAY GUARDRAIL & SHOULDER IMPROVEMENTS, PHASE 2",HIF012957,21.40102,-157.98784,Permitted Feature,State Government,NPDES
"H-2 AND MOANALUA FREEWAY GUARDRAIL & SHOULDER IMPROVEMENTS, PHASE 2",HIF012957,21.40101,-157.98864,Permitted Feature,State Government,NPDES
"H-2 AND MOANALUA FREEWAY GUARDRAIL & SHOULDER IMPROVEMENTS, PHASE 2",HIF012957,21.40098,-157.98748,Permitted Feature,State Government,NPDES
"H-2 AND MOANALUA FREEWAY GUARDRAIL & SHOULDER IMPROVEMENTS, PHASE 2",HIF012957,21.40106,-157.9885,Permitted Feature,State Government,NPDES
"H-2 AND MOANALUA FREEWAY GUARDRAIL & SHOULDER IMPROVEMENTS, PHASE 2",HIF012957,21.39888,-157.98476,Permitted Feature,State Government,NPDES
"H-2 AND MOANALUA FREEWAY GUARDRAIL & SHOULDER IMPROVEMENTS, PHASE 2",HIF012957,21.39809,-157.98428,Permitted Feature,State Government,NPDES
"H-2 AND MOANALUA FREEWAY GUARDRAIL & SHOULDER IMPROVEMENTS, PHASE 2",HIF012957,21.37668,-157.93542,Permitted Feature,State Government,NPDES
"H-2 AND MOANALUA FREEWAY GUARDRAIL & SHOULDER IMPROVEMENTS, PHASE 2",HIF012957,21.37716,-157.93414,Permitted Feature,State Government,NPDES
"H-2 AND MOANALUA FREEWAY GUARDRAIL & SHOULDER IMPROVEMENTS, PHASE 2",HIF012957,21.37695,-157.93432,Permitted Feature,State Government,NPDES
"H-2 AND MOANALUA FREEWAY GUARDRAIL & SHOULDER IMPROVEMENTS, PHASE 2",HIF012957,21.37698,-157.93433,Permitted Feature,State Government,NPDES
"H-2 AND MOANALUA FREEWAY GUARDRAIL & SHOULDER IMPROVEMENTS, PHASE 2",HIF012957,21.37001,-157.92704,Permitted Feature,State Government,NPDES
"H-2 AND MOANALUA FREEWAY GUARDRAIL & SHOULDER IMPROVEMENTS, PHASE 2",HIF012957,21.36995,-157.92745,Permitted Feature,State Government,NPDES
SES SUNSET BEACH EARTH STATION,HIF012964,21.6763,-158.0278,Facility,Privately Owned Facility,NPDES
WAIAHOLE RESERVOIR SYSTEM RESERVOIRS 155 AND 225 IMPROVEMENTS PROJECT,HIF012966,21.42337,-158.048423,Permitted Feature,Municipal or Water District,NPDES
WAIAHOLE RESERVOIR SYSTEM RESERVOIRS 155 AND 225 IMPROVEMENTS PROJECT,HIF012966,21.408109,-158.05692,Permitted Feature,Municipal or Water District,NPDES
WAIAHOLE RESERVOIR SYSTEM RESERVOIRS 155 AND 225 IMPROVEMENTS PROJECT,HIF012966,21.42337,-158.048423,Facility,Municipal or Water District,NPDES
KONA FARM,HIF012972,19.6225,-155.9864,Facility,Privately Owned Facility,NPDES
NEW APB WAREHOUSE,HIF012975,21.326546,-158.109457,Permitted Feature,Privately Owned Facility,NPDES
KAHANA PRODUCTION WELL,HIF012979,20.953018,-156.639071,Permitted Feature,Municipal or Water District,NPDES
KAHANA PRODUCTION WELL,HIF012979,20.950791,-156.639886,Permitted Feature,Municipal or Water District,NPDES
KAHANA PRODUCTION WELL,HIF012979,20.953505,-156.648093,Permitted Feature,Municipal or Water District,NPDES
KAHANA PRODUCTION WELL,HIF012979,20.957224,-156.676739,Permitted Feature,Municipal or Water District,NPDES
KAHANA PRODUCTION WELL,HIF012979,20.94801,-156.648724,Permitted Feature,Municipal or Water District,NPDES
KAHANA PRODUCTION WELL,HIF012979,20.946837,-156.675864,Permitted Feature,Municipal or Water District,NPDES
HONOMU SUBSISTENCE AGRICULTURE SUBDIVISION PHASE 1,HIF012988,19.8583,-155.1505,Permitted Feature,State Government,NPDES
HONOMU SUBSISTENCE AGRICULTURE SUBDIVISION PHASE 1,HIF012988,19.8551,-155.1486,Permitted Feature,State Government,NPDES
PAR WEST FACILITY,HIF012991,21.30464,-158.1172,Permitted Feature,Privately Owned Facility,NPDES
PAR WEST FACILITY,HIF012991,21.30464,-158.1172,Facility,Privately Owned Facility,NPDES
BYU HAWAII HALE 11-15 SINGLE STUDENT HOUSING,HIF012994,21.648456,-157.921893,Permitted Feature,Privately Owned Facility,NPDES
BYU HAWAII HALE 11-15 SINGLE STUDENT HOUSING,HIF012994,21.648456,-157.921893,Facility,Privately Owned Facility,NPDES
KALUAKO'I ESTATES,HIF012995,20.736873,-156.905016,Permitted Feature,Privately Owned Facility,NPDES
KALUAKO'I ESTATES,HIF012995,20.737132,-156.903373,Permitted Feature,Privately Owned Facility,NPDES
MALAKOLE INDUSTRIAL PARK NEW FACILITY AT UNIT 10,HIF013000,21.313056,-158.088056,Permitted Feature,Privately Owned Facility,NPDES
KAIAULU O KUKUIA,HIF013003,20.887526,-156.685017,Permitted Feature,Privately Owned Facility,NPDES
KAIAULU O KUKUIA,HIF013003,20.883589,-156.679169,Permitted Feature,Privately Owned Facility,NPDES
KAIAULU O KUKUIA,HIF013003,19.71688,-155.087043,Facility,Privately Owned Facility,NPDES
"TAMC FY20 REPAIR WATER LINE, VALVES, AND PRESSURE-REDUCING VALVES - PHASE 1",HIF013006,21.360368,-157.897054,Permitted Feature,Federal Facility (U.S. Government),NPDES
"TAMC FY20 REPAIR WATER LINE, VALVES, AND PRESSURE-REDUCING VALVES - PHASE 1",HIF013006,21.358948,-157.89728,Permitted Feature,Federal Facility (U.S. Government),NPDES
"TAMC FY20 REPAIR WATER LINE, VALVES, AND PRESSURE-REDUCING VALVES - PHASE 1",HIF013006,21.363387,-157.88895,Permitted Feature,Federal Facility (U.S. Government),NPDES
"TAMC FY20 REPAIR WATER LINE, VALVES, AND PRESSURE-REDUCING VALVES - PHASE 1",HIF013006,21.356531,-157.894317,Permitted Feature,Federal Facility (U.S. Government),NPDES
"TAMC FY20 REPAIR WATER LINE, VALVES, AND PRESSURE-REDUCING VALVES - PHASE 1",HIF013006,21.355872,-157.894008,Permitted Feature,Federal Facility (U.S. Government),NPDES
"TAMC FY20 REPAIR WATER LINE, VALVES, AND PRESSURE-REDUCING VALVES - PHASE 1",HIF013006,21.355844,-157.891042,Permitted Feature,Federal Facility (U.S. Government),NPDES
"TAMC FY20 REPAIR WATER LINE, VALVES, AND PRESSURE-REDUCING VALVES - PHASE 1",HIF013006,21.360368,-157.897054,Facility,Federal Facility (U.S. Government),NPDES
"TAMC FY20 REPAIR WATER LINE, VALVES, AND PRESSURE-REDUCING VALVES - PHASE 2",HIF013007,21.360368,-157.897054,Permitted Feature,Federal Facility (U.S. Government),NPDES
"TAMC FY20 REPAIR WATER LINE, VALVES, AND PRESSURE-REDUCING VALVES - PHASE 2",HIF013007,21.358948,-157.89728,Permitted Feature,Federal Facility (U.S. Government),NPDES
"TAMC FY20 REPAIR WATER LINE, VALVES, AND PRESSURE-REDUCING VALVES - PHASE 2",HIF013007,21.363387,-157.88895,Permitted Feature,Federal Facility (U.S. Government),NPDES
"TAMC FY20 REPAIR WATER LINE, VALVES, AND PRESSURE-REDUCING VALVES - PHASE 2",HIF013007,21.361179,-157.895051,Permitted Feature,Federal Facility (U.S. Government),NPDES
"TAMC FY20 REPAIR WATER LINE, VALVES, AND PRESSURE-REDUCING VALVES - PHASE 2",HIF013007,21.363251,-157.893458,Permitted Feature,Federal Facility (U.S. Government),NPDES
"TAMC FY20 REPAIR WATER LINE, VALVES, AND PRESSURE-REDUCING VALVES - PHASE 2",HIF013007,21.363056,-157.892617,Permitted Feature,Federal Facility (U.S. Government),NPDES
"TAMC FY20 REPAIR WATER LINE, VALVES, AND PRESSURE-REDUCING VALVES - PHASE 2",HIF013007,21.363156,-157.892097,Permitted Feature,Federal Facility (U.S. Government),NPDES
"TAMC FY20 REPAIR WATER LINE, VALVES, AND PRESSURE-REDUCING VALVES - PHASE 2",HIF013007,21.363067,-157.891667,Permitted Feature,Federal Facility (U.S. Government),NPDES
"TAMC FY20 REPAIR WATER LINE, VALVES, AND PRESSURE-REDUCING VALVES - PHASE 2",HIF013007,21.358742,-157.888722,Permitted Feature,Federal Facility (U.S. Government),NPDES
"TAMC FY20 REPAIR WATER LINE, VALVES, AND PRESSURE-REDUCING VALVES - PHASE 3",HIF013008,21.360368,-157.897054,Permitted Feature,Federal Facility (U.S. Government),NPDES
"TAMC FY20 REPAIR WATER LINE, VALVES, AND PRESSURE-REDUCING VALVES - PHASE 3",HIF013008,21.358948,-157.89728,Permitted Feature,Federal Facility (U.S. Government),NPDES
"TAMC FY20 REPAIR WATER LINE, VALVES, AND PRESSURE-REDUCING VALVES - PHASE 3",HIF013008,21.363387,-157.88895,Permitted Feature,Federal Facility (U.S. Government),NPDES
"TAMC FY20 REPAIR WATER LINE, VALVES, AND PRESSURE-REDUCING VALVES - PHASE 3",HIF013008,21.360028,-157.886517,Permitted Feature,Federal Facility (U.S. Government),NPDES
"TAMC FY20 REPAIR WATER LINE, VALVES, AND PRESSURE-REDUCING VALVES - PHASE 3",HIF013008,21.360833,-157.886156,Permitted Feature,Federal Facility (U.S. Government),NPDES
"TAMC FY20 REPAIR WATER LINE, VALVES, AND PRESSURE-REDUCING VALVES - PHASE 3",HIF013008,21.361447,-157.885844,Permitted Feature,Federal Facility (U.S. Government),NPDES
"TAMC FY20 REPAIR WATER LINE, VALVES, AND PRESSURE-REDUCING VALVES - PHASE 3",HIF013008,21.362075,-157.885347,Permitted Feature,Federal Facility (U.S. Government),NPDES
"TAMC FY20 REPAIR WATER LINE, VALVES, AND PRESSURE-REDUCING VALVES - PHASE 3",HIF013008,21.362761,-157.884839,Permitted Feature,Federal Facility (U.S. Government),NPDES
"TAMC FY20 REPAIR WATER LINE, VALVES, AND PRESSURE-REDUCING VALVES - PHASE 3",HIF013008,21.364775,-157.885286,Permitted Feature,Federal Facility (U.S. Government),NPDES
MCCULLY'S CORNER,HIF013033,21.648499,-158.063446,Permitted Feature,Privately Owned Facility,NPDES
MCCULLY'S CORNER,HIF013033,21.648499,-158.063446,Facility,Privately Owned Facility,NPDES
KALAELOA PARCEL 12 - STOCKPILE,HIF013050,21.321925,-158.071584,Permitted Feature,Privately Owned Facility,NPDES
REPAVE RUNWAY 17-35 AND TAXIWAY E AT MOLOKAI AIRPORT,HIF013061,21.150317,-157.101484,Permitted Feature,State Government,NPDES
REPAVE RUNWAY 17-35 AND TAXIWAY E AT MOLOKAI AIRPORT,HIF013061,21.14885,-157.097302,Permitted Feature,State Government,NPDES
EAST KAPOLEI MIDDLE SCHOOL PHASE 3,HIF013068,21.344234,-158.045993,Permitted Feature,State Government,NPDES
BERETANIA STREET SEWER IMPROVEMENTS,HIF013069,21.30595,-157.854122,Facility,Municipality,NPDES
WAIAKEA NANI ESTATES SUBDIVISION,HIF013075,19.671805,-155.095128,Facility,Privately Owned Facility,NPDES
PU'UNANI HOMESTEAD,HIF013077,20.891389,-156.473056,Permitted Feature,State Government,NPDES
"KALAMA VALLEY WATER SYSTEM IMPROVEMENTS, PART II (2)",HIF013079,21.311313,-157.672824,Permitted Feature,Municipality,NPDES
"KALAMA VALLEY WATER SYSTEM IMPROVEMENTS, PART II (2)",HIF013079,21.311106,-157.672743,Permitted Feature,Municipality,NPDES
"KALAMA VALLEY WATER SYSTEM IMPROVEMENTS, PART II (2)",HIF013079,21.310109,-157.672531,Permitted Feature,Municipality,NPDES
"KALAMA VALLEY WATER SYSTEM IMPROVEMENTS, PART II (2)",HIF013079,21.309932,-157.672553,Permitted Feature,Municipality,NPDES
"KALAMA VALLEY WATER SYSTEM IMPROVEMENTS, PART II (2)",HIF013079,21.309501,-157.672433,Permitted Feature,Municipality,NPDES
"KALAMA VALLEY WATER SYSTEM IMPROVEMENTS, PART II (2)",HIF013079,21.309501,-157.672473,Permitted Feature,Municipality,NPDES
"KALAMA VALLEY WATER SYSTEM IMPROVEMENTS, PART II (2)",HIF013079,21.308783,-157.672332,Permitted Feature,Municipality,NPDES
"KALAMA VALLEY WATER SYSTEM IMPROVEMENTS, PART II (2)",HIF013079,21.308741,-157.672333,Permitted Feature,Municipality,NPDES
"KALAMA VALLEY WATER SYSTEM IMPROVEMENTS, PART II (2)",HIF013079,21.308435,-157.672276,Permitted Feature,Municipality,NPDES
"KALAMA VALLEY WATER SYSTEM IMPROVEMENTS, PART II (2)",HIF013079,21.30798,-157.672317,Permitted Feature,Municipality,NPDES
"KALAMA VALLEY WATER SYSTEM IMPROVEMENTS, PART II (2)",HIF013079,21.307028,-157.672239,Permitted Feature,Municipality,NPDES
"KALAMA VALLEY WATER SYSTEM IMPROVEMENTS, PART II (2)",HIF013079,21.306214,-157.672183,Permitted Feature,Municipality,NPDES
"KALAMA VALLEY WATER SYSTEM IMPROVEMENTS, PART II (2)",HIF013079,21.30585,-157.67209,Permitted Feature,Municipality,NPDES
"KALAMA VALLEY WATER SYSTEM IMPROVEMENTS, PART II (2)",HIF013079,21.305578,-157.672137,Permitted Feature,Municipality,NPDES
"KALAMA VALLEY WATER SYSTEM IMPROVEMENTS, PART II (2)",HIF013079,21.304798,-157.672079,Permitted Feature,Municipality,NPDES
"KALAMA VALLEY WATER SYSTEM IMPROVEMENTS, PART II (2)",HIF013079,21.304174,-157.672033,Permitted Feature,Municipality,NPDES
"KALAMA VALLEY WATER SYSTEM IMPROVEMENTS, PART II (2)",HIF013079,21.303399,-157.671949,Permitted Feature,Municipality,NPDES
MAKILA FARMS,HIF013080,20.848333,-156.656667,Permitted Feature,Privately Owned Facility,NPDES
"DIAMOND HEAD WATER SYSTEM IMPROVEMENTS, PART III",HIF013086,21.257226,-157.796685,Permitted Feature,Municipality,NPDES
"DIAMOND HEAD WATER SYSTEM IMPROVEMENTS, PART III",HIF013086,21.259776,-157.789811,Permitted Feature,Municipality,NPDES
AX RANCH,HIF013096,20.804475,-156.373897,Permitted Feature,Privately Owned Facility,NPDES
AX RANCH,HIF013096,20.806737,-156.372385,Permitted Feature,Privately Owned Facility,NPDES
AX RANCH,HIF013096,20.806737,-156.372385,Facility,Privately Owned Facility,NPDES
SUMMERS RESIDENCE,HIF013100,21.564572,-158.155452,Permitted Feature,Privately Owned Facility,NPDES
SUMMERS RESIDENCE,HIF013100,21.579297,-158.167116,Permitted Feature,Privately Owned Facility,NPDES
SUMMERS RESIDENCE,HIF013100,21.579297,-158.167116,Facility,Privately Owned Facility,NPDES
HAWAII REGIONAL COUNCIL OF CARPENTERS NEW MAUI OFFICE BUILDING,HIF013109,20.895991,-156.498515,Facility,Privately Owned Facility,NPDES
BYU HAWAI?I TVA PHASE 2,HIF013112,21.64833,-157.92222,Permitted Feature,Privately Owned Facility,NPDES
KAI'OLINO,HIF013114,21.903381,-159.590312,Permitted Feature,Privately Owned Facility,NPDES
KAI'OLINO,HIF013114,21.90245,-159.589572,Permitted Feature,Privately Owned Facility,NPDES
KAI'OLINO,HIF013114,21.902194,-159.589669,Permitted Feature,Privately Owned Facility,NPDES
SUTTON GRUBBING PROJECT,HIF013115,19.760614,-156.049025,Facility,Privately Owned Facility,NPDES
GREAT AMERICAN STORAGE,HIF013116,20.8861,-156.4501,Permitted Feature,Privately Owned Facility,NPDES
GREAT AMERICAN STORAGE,HIF013116,20.8861,-156.4501,Facility,Privately Owned Facility,NPDES
ONEHEE AVENUE ROADWAY IMPROVEMENTS,HIF013117,20.891376,-156.473693,Facility,Municipality,NPDES
WIKAO STREET 12 - INCH WATER MAIN,HIF013118,21.475006,-158.014736,Permitted Feature,Municipality,NPDES
WIKAO STREET 12 - INCH WATER MAIN,HIF013118,21.474145,-158.015289,Permitted Feature,Municipality,NPDES
WIKAO STREET 12 - INCH WATER MAIN,HIF013118,21.471953,-158.01615,Permitted Feature,Municipality,NPDES
WIKAO STREET 12 - INCH WATER MAIN,HIF013118,21.474528,-158.015047,Permitted Feature,Municipality,NPDES
ANAHOLA FARM LOTS SUBDIVISION WATER SYSTEM IMPROVEMENTS PHASE II (2),HIF013119,22.145572,-159.312901,Permitted Feature,State Government,NPDES
ANAHOLA FARM LOTS SUBDIVISION WATER SYSTEM IMPROVEMENTS PHASE II (2),HIF013119,22.154341,-159.305807,Permitted Feature,State Government,NPDES
ANAHOLA FARM LOTS WATER PROJECT PHASE II - WATER TANK REPLACEMENT & FACILITY IMP,HIF013120,22.145446,-159.313203,Permitted Feature,State Government,NPDES
ANAHOLA FARM LOTS WATER PROJECT PHASE II - WATER TANK REPLACEMENT & FACILITY IMP,HIF013120,22.154,-159.3058,Permitted Feature,State Government,NPDES
ILIMA INTERMEDIATE SCHOOL PARKING LOT IMPROVEMENTS,HIF013124,21.310407,-158.005562,Facility,State Government,NPDES
NINE ANCHIALINE POOLS IN KALOKO-HONOKOHAU NATIONAL HISTORICAL PARK,HIF013125,19.6766,-156.0236,Facility,Federal Facility (U.S. Government),NPDES
"PIILANI HIGHWAY INTERSECTION IMPROVEMENTS, VICINITY OF KULANIHAKOI STREET",HIF013127,20.761434,-156.458071,Facility,State Government,NPDES
GRAVITY SEWER AND FORCE MAIN LINES FOR THE PULEHUNUI WASTEWATER SYSTEM,HIF013128,20.80188,-156.472645,Permitted Feature,State Government,NPDES
GRAVITY SEWER AND FORCE MAIN LINES FOR THE PULEHUNUI WASTEWATER SYSTEM,HIF013128,20.80166,-156.472506,Permitted Feature,State Government,NPDES
GRAVITY SEWER AND FORCE MAIN LINES FOR THE PULEHUNUI WASTEWATER SYSTEM,HIF013128,20.80166,-156.472506,Facility,State Government,NPDES
AUAHI PROMENADE PHASE 1 AND PHASE 2,HIF013132,21.2944,-157.8573,Permitted Feature,Privately Owned Facility,NPDES
AUAHI PROMENADE PHASE 1 AND PHASE 2,HIF013132,21.29439,-157.8574,Permitted Feature,Privately Owned Facility,NPDES
AUAHI PROMENADE PHASE 1 AND PHASE 2,HIF013132,21.29426,-157.8576,Permitted Feature,Privately Owned Facility,NPDES
AUAHI PROMENADE PHASE 1 AND PHASE 2,HIF013132,21.2937,-157.8561,Permitted Feature,Privately Owned Facility,NPDES
AUAHI PROMENADE PHASE 1 AND PHASE 2,HIF013132,21.2932,-157.8553,Permitted Feature,Privately Owned Facility,NPDES
AUAHI PROMENADE PHASE 1 AND PHASE 2,HIF013132,21.2927,-157.85529,Permitted Feature,Privately Owned Facility,NPDES
ANN PEARL REHABILITATION AND HEALTHCARE,HIF013133,21.417533,-157.793042,Facility,Privately Owned Facility,NPDES
NORMAN S. WRIGHT WAREHOUSE,HIF013135,21.31889,-158.08833,Facility,Privately Owned Facility,NPDES
PTA BAAF FIRE PROTECTION WATER LINE,HIF013136,19.8375,-155.71545,Facility,Privately Owned Facility,NPDES
THY WORD MINISTRIES NAALEHU,HIF013145,19.057985,-155.582931,Facility,Municipality,NPDES
"NEW INDUSTRIAL LOT & FACILITY FOR CMZ OF HAWAII, INC.",HIF013146,21.30094,-158.11139,Permitted Feature,Privately Owned Facility,NPDES
HMP EXPANSION GEOTECHNICAL EXPLORATION TRAIL CUTTING,HIF013148,21.398189,-157.790951,Facility,Privately Owned Facility,NPDES
APRON STRENGTHENING AT LIHUE AIRPORT,HIF013149,21.9775,-159.3324,Facility,State Government,NPDES
AREA-52 BASEYARD EXPANSION MASS GRADING,HIF013153,19.91581,-155.8685,Facility,Privately Owned Facility,NPDES
"FY20 REPLACE FUEL PIPING, USTS, AND VENT LINES AT BLDG 80",HIF013154,21.47585,-158.050275,Facility,Federal Facility (U.S. Government),NPDES
MAUI COAST HOTEL EXPANSION,HIF013155,20.724165,-156.446293,Permitted Feature,Privately Owned Facility,NPDES
MAUI COAST HOTEL EXPANSION,HIF013155,20.723538,-156.448232,Permitted Feature,Privately Owned Facility,NPDES
NEW GREENHOUSE FOR HAWAII FARMING LLC,HIF013161,20.016615,-155.733607,Facility,Privately Owned Facility,NPDES
"PEARL CITY 285' NO 1 AND HAWALA 418' RESERVOIRS REPAIRS OAHU, HI",HIF013162,21.386597,-157.966444,Permitted Feature,Municipality,NPDES
"PEARL CITY 285' NO 1 AND HAWALA 418' RESERVOIRS REPAIRS OAHU, HI",HIF013162,21.379275,-157.906881,Permitted Feature,Municipality,NPDES
LEILANI ESTATES SUBDIVISION REHABILITATION OF ROADWAYS,HIF013166,19.555503,-154.879495,Facility,Privately Owned Facility,NPDES
MILLION AIR KALAELOA JET FUEL FACILITY,HIF013167,21.30019,-158.05923,Facility,Privately Owned Facility,NPDES
LAHAINA CANNERY PHASE 2B,HIF013169,20.886758,-156.685292,Permitted Feature,Privately Owned Facility,NPDES
EAST KAPOLEI II DEVELOPMENT,HIF013173,21.335523,-158.041077,Permitted Feature,State Government,NPDES
"FARRINGTON HIGHWAY WIDENING, KAPOLEI GOLF COURSE ROAD TO FORT WEAVER ROAD",HIF013174,21.3504,-158.0634,Permitted Feature,State Government,NPDES
"FARRINGTON HIGHWAY WIDENING, KAPOLEI GOLF COURSE ROAD TO FORT WEAVER ROAD",HIF013174,21.3515,-158.063,Permitted Feature,State Government,NPDES
"FARRINGTON HIGHWAY WIDENING, KAPOLEI GOLF COURSE ROAD TO FORT WEAVER ROAD",HIF013174,21.3517,-158.0629,Permitted Feature,State Government,NPDES
"FARRINGTON HIGHWAY WIDENING, KAPOLEI GOLF COURSE ROAD TO FORT WEAVER ROAD",HIF013174,21.3541,-158.0619,Permitted Feature,State Government,NPDES
"FARRINGTON HIGHWAY WIDENING, KAPOLEI GOLF COURSE ROAD TO FORT WEAVER ROAD",HIF013174,21.3561,-158.0609,Permitted Feature,State Government,NPDES
"FARRINGTON HIGHWAY WIDENING, KAPOLEI GOLF COURSE ROAD TO FORT WEAVER ROAD",HIF013174,21.3568,-158.0604,Permitted Feature,State Government,NPDES
"FARRINGTON HIGHWAY WIDENING, KAPOLEI GOLF COURSE ROAD TO FORT WEAVER ROAD",HIF013174,21.3575,-158.06,Permitted Feature,State Government,NPDES
"FARRINGTON HIGHWAY WIDENING, KAPOLEI GOLF COURSE ROAD TO FORT WEAVER ROAD",HIF013174,21.3624,-158.0543,Permitted Feature,State Government,NPDES
"FARRINGTON HIGHWAY WIDENING, KAPOLEI GOLF COURSE ROAD TO FORT WEAVER ROAD",HIF013174,21.364,-158.0538,Permitted Feature,State Government,NPDES
"FARRINGTON HIGHWAY WIDENING, KAPOLEI GOLF COURSE ROAD TO FORT WEAVER ROAD",HIF013174,21.3638,-158.0533,Permitted Feature,State Government,NPDES
"FARRINGTON HIGHWAY WIDENING, KAPOLEI GOLF COURSE ROAD TO FORT WEAVER ROAD",HIF013174,21.3658,-158.0524,Permitted Feature,State Government,NPDES
"FARRINGTON HIGHWAY WIDENING, KAPOLEI GOLF COURSE ROAD TO FORT WEAVER ROAD",HIF013174,21.3657,-158.0506,Permitted Feature,State Government,NPDES
"FARRINGTON HIGHWAY WIDENING, KAPOLEI GOLF COURSE ROAD TO FORT WEAVER ROAD",HIF013174,21.3689,-158.0484,Permitted Feature,State Government,NPDES
"FARRINGTON HIGHWAY WIDENING, KAPOLEI GOLF COURSE ROAD TO FORT WEAVER ROAD",HIF013174,21.3701,-158.0463,Permitted Feature,State Government,NPDES
"FARRINGTON HIGHWAY WIDENING, KAPOLEI GOLF COURSE ROAD TO FORT WEAVER ROAD",HIF013174,21.3703,-158.046,Permitted Feature,State Government,NPDES
"FARRINGTON HIGHWAY WIDENING, KAPOLEI GOLF COURSE ROAD TO FORT WEAVER ROAD",HIF013174,21.3746,-158.0375,Permitted Feature,State Government,NPDES
"FARRINGTON HIGHWAY WIDENING, KAPOLEI GOLF COURSE ROAD TO FORT WEAVER ROAD",HIF013174,21.3744,-158.0369,Permitted Feature,State Government,NPDES
"FARRINGTON HIGHWAY WIDENING, KAPOLEI GOLF COURSE ROAD TO FORT WEAVER ROAD",HIF013174,21.3743,-158.0367,Permitted Feature,State Government,NPDES
"FARRINGTON HIGHWAY WIDENING, KAPOLEI GOLF COURSE ROAD TO FORT WEAVER ROAD",HIF013174,21.3739,-158.0316,Permitted Feature,State Government,NPDES
OPIHIHALE,HIF013175,19.264508,-155.876984,Facility,Privately Owned Facility,NPDES
HO'OHANA SOLAR FARM GRADING PLANS,HIF013178,21.4212,-158.0257,Permitted Feature,Privately Owned Facility,NPDES
HO'OHANA SOLAR FARM GRADING PLANS,HIF013178,21.4199,-158.026,Permitted Feature,Privately Owned Facility,NPDES
HO'OHANA SOLAR FARM GRADING PLANS,HIF013178,21.4138,-158.0254,Permitted Feature,Privately Owned Facility,NPDES
HOKU'ULA,HIF013179,20.872755,-156.348852,Permitted Feature,Privately Owned Facility,NPDES
HI1422 REPAIR HELO PARKING AREA (ASPHALT PAVEMENT),HIF013181,21.439081,-157.764781,Facility,Federal Facility (U.S. Government),NPDES
REPAIR OF ADMINISTRATIVE SPACES,HIF013183,21.367322,-157.912934,Facility,Federal Facility (U.S. Government),NPDES
"P-955 MILITARY WORKING DOG KENNEL, MCBH KANEOHE",HIF013184,21.439855,-157.760765,Permitted Feature,Federal Facility (U.S. Government),NPDES
"P-955 MILITARY WORKING DOG KENNEL, MCBH KANEOHE",HIF013184,21.439387,-157.759771,Permitted Feature,Federal Facility (U.S. Government),NPDES
"P-955 MILITARY WORKING DOG KENNEL, MCBH KANEOHE",HIF013184,21.437664,-157.760795,Permitted Feature,Federal Facility (U.S. Government),NPDES
"P-955 MILITARY WORKING DOG KENNEL, MCBH KANEOHE",HIF013184,21.437951,-157.761345,Permitted Feature,Federal Facility (U.S. Government),NPDES
"P-955 MILITARY WORKING DOG KENNEL, MCBH KANEOHE",HIF013184,21.436546,-157.75822,Permitted Feature,Federal Facility (U.S. Government),NPDES
"P-955 MILITARY WORKING DOG KENNEL, MCBH KANEOHE",HIF013184,21.439855,-157.760765,Facility,Federal Facility (U.S. Government),NPDES
REPAIR OF ADMINISTRATIVE SPACES (HYDROTESTING),HIF013185,21.355667,-157.909408,Permitted Feature,Federal Facility (U.S. Government),NPDES
REPAIR OF ADMINISTRATIVE SPACES (HYDROTESTING),HIF013185,21.360555,-157.898976,Permitted Feature,Federal Facility (U.S. Government),NPDES
REPAIR OF ADMINISTRATIVE SPACES (HYDROTESTING),HIF013185,21.367322,-157.912934,Permitted Feature,Federal Facility (U.S. Government),NPDES
"INTERSTATE ROUTE H-1 REHABILITATION, SALT LAKE BOULEVARD TO AIRPORT VIADUCT",HIF013187,21.363792,-157.929571,Permitted Feature,State Government,NPDES
"INTERSTATE ROUTE H-1 REHABILITATION, SALT LAKE BOULEVARD TO AIRPORT VIADUCT",HIF013187,21.363319,-157.929113,Permitted Feature,State Government,NPDES
"INTERSTATE ROUTE H-1 REHABILITATION, SALT LAKE BOULEVARD TO AIRPORT VIADUCT",HIF013187,21.35261,-157.940042,Permitted Feature,State Government,NPDES
"INTERSTATE ROUTE H-1 REHABILITATION, SALT LAKE BOULEVARD TO AIRPORT VIADUCT",HIF013187,21.334621,-157.927873,Permitted Feature,State Government,NPDES
PU'UHONUA O WAIANAE MAUKA,HIF013192,21.455275,-158.1796,Permitted Feature,Privately Owned Facility,NPDES
PU'UHONUA O WAIANAE MAUKA,HIF013192,21.455275,-158.1796,Facility,Privately Owned Facility,NPDES
KAWAINUI MARSH LEVEE FLOOD HAZARD ENVIRONMENTAL ABATEMENT,HIF013193,21.405519,-157.756006,Permitted Feature,State Government,NPDES
KAWAINUI MARSH LEVEE FLOOD HAZARD ENVIRONMENTAL ABATEMENT,HIF013193,21.393436,-157.748477,Permitted Feature,State Government,NPDES
MAHIKO FARMS,HIF013196,21.582443,-158.144982,Facility,Privately Owned Facility,NPDES
ONE OCEAN LOT 16B,HIF013198,19.93278,-155.88472,Permitted Feature,Privately Owned Facility,NPDES
ONE OCEAN LOT 16B,HIF013198,19.93278,-155.88472,Facility,Privately Owned Facility,NPDES
KAHIKINUI ROADWAY REPAIRS PHASE 2,HIF013199,20.598215,-156.267121,Permitted Feature,State Government,NPDES
RENEWABLE ENERGY SYSTEMS INSTALLATION & FACILITY ENERGY IMPROVEMENTS,HIF013200,21.516338,-158.007313,Facility,Federal Facility (U.S. Government),NPDES
HONUA'ULA HOUSING,HIF013208,19.668677,-156.02098,Permitted Feature,Privately Owned Facility,NPDES
HONUA'ULA HOUSING,HIF013208,19.668677,-156.02098,Facility,Privately Owned Facility,NPDES
GRADING PLAN FOR THE RENOVATION OF THE PRINCE GOLF COURSE,HIF013209,22.219491,-159.463404,Permitted Feature,Privately Owned Facility,NPDES
"JBPHH REPAIR PARKING LOT, DRAINAGE & ROOF",HIF013213,21.327371,-157.946487,Facility,Federal Facility (U.S. Government),NPDES
"HALAWA SEWER, WATER, AND DRAINAGE REPAIR",HIF013214,21.370818,-157.923329,Permitted Feature,Federal Facility (U.S. Government),NPDES
KALOKO HEIGHTS OFF-SITE SEWER,HIF013218,19.688455,-156.006135,Facility,Privately Owned Facility,NPDES
HO'OPILI DEVELOPMENT,HIF013222,21.36361,-158.05417,Permitted Feature,Privately Owned Facility,NPDES
HO'OPILI DEVELOPMENT,HIF013222,21.36,-158.05333,Permitted Feature,Privately Owned Facility,NPDES
HO'OPILI DEVELOPMENT,HIF013222,21.35556,-158.04972,Permitted Feature,Privately Owned Facility,NPDES
HO'OPILI DEVELOPMENT,HIF013222,21.35389,-158.04889,Permitted Feature,Privately Owned Facility,NPDES
HO'OPILI DEVELOPMENT,HIF013222,21.35778,-158.06028,Permitted Feature,Privately Owned Facility,NPDES
HO'OPILI DEVELOPMENT,HIF013222,21.3744,-158.0336,Permitted Feature,Privately Owned Facility,NPDES
HO'OPILI DEVELOPMENT,HIF013222,21.36472,-158.02722,Permitted Feature,Privately Owned Facility,NPDES
HO'OPILI DEVELOPMENT,HIF013222,21.355556,-158.019445,Permitted Feature,Privately Owned Facility,NPDES
TENANT BUILDING CORE & SHELL AT TOWN CENTER OF MILILANI,HIF013224,21.384042,-158.013286,Permitted Feature,Privately Owned Facility,NPDES
TENANT BUILDING CORE & SHELL AT TOWN CENTER OF MILILANI,HIF013224,21.384042,-158.013286,Facility,Privately Owned Facility,NPDES
VICTORIA WARD PARK - MAKAI,HIF013226,21.294419,-157.857364,Facility,Privately Owned Facility,NPDES
MK PARCEL F,HIF013227,20.004524,-155.80136100000001,Permitted Feature,Privately Owned Facility,NPDES
MK PARCEL F,HIF013227,20.006623,-155.805741,Permitted Feature,Privately Owned Facility,NPDES
MK PARCEL F,HIF013227,20.004524,-155.80136100000001,Facility,Privately Owned Facility,NPDES
FY22 MILCON P-2005 WORKING DOG TREATMENT FACILITY,HIF013230,21.335969,-157.935919,Facility,Federal Facility (U.S. Government),NPDES
LYMAN ROAD REPAVING,HIF013233,21.484148,-158.073941,Facility,Privately Owned Facility,NPDES
MAUI HIGH SCHOOL STEM BUILDING & AUTISM CENTER,HIF013234,20.8941,-156.473,Facility,State Government,NPDES
"SAND ISLAND WWTP MAINTENANCE BUILDING, SEPTAGE, AND SITE IMPROVEMENTS (4)",HIF013237,21.303292,-157.884883,Permitted Feature,Municipal or Water District,NPDES
"SAND ISLAND WWTP MAINTENANCE BUILDING, SEPTAGE, AND SITE IMPROVEMENTS (4)",HIF013237,21.301643,-157.884139,Permitted Feature,Municipal or Water District,NPDES
"SAND ISLAND WWTP MAINTENANCE BUILDING, SEPTAGE, AND SITE IMPROVEMENTS (4)",HIF013237,21.307728,-157.873863,Permitted Feature,Municipal or Water District,NPDES
"SAND ISLAND WWTP MAINTENANCE BUILDING, SEPTAGE, AND SITE IMPROVEMENTS (5)",HIF013238,21.303292,-157.884883,Permitted Feature,Municipal or Water District,NPDES
"SAND ISLAND WWTP MAINTENANCE BUILDING, SEPTAGE, AND SITE IMPROVEMENTS (5)",HIF013238,21.301643,-157.884139,Permitted Feature,Municipal or Water District,NPDES
"SAND ISLAND WWTP MAINTENANCE BUILDING, SEPTAGE, AND SITE IMPROVEMENTS (5)",HIF013238,21.307728,-157.873863,Permitted Feature,Municipal or Water District,NPDES
HONOULIULI WWTP SOLIDS PROCESS BIOGAS CLEANING AND STORAGE SYSTEM,HIF013239,21.3304,-158.0339,Permitted Feature,Municipality,NPDES
KPF HAWAII EXPANSION VISITOR CENTER AND CANNING FACILITY - SITE IMPROVEMENTS,HIF013241,19.713333,-156.048889,Facility,Privately Owned Facility,NPDES
ACCESS ROADS TO BUILDINGS 240 AND 600 PAVEMENT IMPROVEMENTS,HIF013242,21.36269,-157.879431,Facility,Privately Owned Facility,NPDES
FY21 SPECIAL PROJECT RM 17-1635 REPAIR ROADS AND EROSION CONTROL,HIF013247,21.373668,-157.898002,Facility,Federal Facility (U.S. Government),NPDES
"PAUA VALLEY GRADING - KOKEE ROAD, KEKAHA, COUNTY OF KAUAI",HIF013248,21.972165,-159.732807,Permitted Feature,Municipal or Water District,NPDES
"PAUA VALLEY GRADING - KOKEE ROAD, KEKAHA, COUNTY OF KAUAI",HIF013248,21.972165,-159.732807,Facility,Municipal or Water District,NPDES
P-463 SOF UNDERSEA OPERATIONAL TRAINING FACILITY (2),HIF013253,21.370347,-157.970738,Facility,Federal Facility (U.S. Government),NPDES
AC PAVEMENT RECONSTRUCTION AT VARIOUS LOCATIONS PROJECT,HIF013255,21.64004,-157.91793,Facility,Privately Owned Facility,NPDES
PILINA HOMES,HIF013256,21.33509,-158.03786,Permitted Feature,Privately Owned Facility,NPDES
PILINA HOMES,HIF013256,21.33509,-158.03786,Facility,Privately Owned Facility,NPDES
INUNDATED LAVA EMERGENCY REPAIRS HIGHWAY 137A,HIF013257,19.467485,-154.831988,Permitted Feature,Municipal or Water District,NPDES
INUNDATED LAVA EMERGENCY REPAIRS HIGHWAY 137B,HIF013258,19.443713,-154.855944,Permitted Feature,Municipal or Water District,NPDES
INUNDATED LAVA EMERGENCY REPAIRS POHOIKI ROAD & LEILANI AVENUE,HIF013259,19.457295,-154.842612,Permitted Feature,Municipal or Water District,NPDES
INUNDATED LAVA EMERGENCY REPAIRS POHOIKI ROAD & LEILANI AVENUE,HIF013259,19.457295,-154.842612,Facility,Municipal or Water District,NPDES
INUNDATED LAVA EMERGENCY REPAIRS LOWER POHOIKI,HIF013260,19.457374,-154.843606,Permitted Feature,Municipal or Water District,NPDES
INUNDATED LAVA EMERGENCY REPAIRS KUMUKAHI LIGHTHOUSE RD.,HIF013261,19.499035,-154.820862,Permitted Feature,Municipal or Water District,NPDES
"FARRINGTON HIGHWAY, REPLACEMENT OF MAIPALAOA BRIDGE (2)",HIF013262,21.409124,-158.176966,Permitted Feature,State Government,NPDES
"FARRINGTON HIGHWAY, REPLACEMENT OF MAIPALAOA BRIDGE (2)",HIF013262,21.408921,-158.177003,Permitted Feature,State Government,NPDES
"FARRINGTON HIGHWAY, REPLACEMENT OF MAIPALAOA BRIDGE (2)",HIF013262,21.409233,-158.177172,Permitted Feature,State Government,NPDES
"FARRINGTON HIGHWAY, REPLACEMENT OF MAIPALAOA BRIDGE (2)",HIF013262,21.408959,-158.17722,Permitted Feature,State Government,NPDES
"FARRINGTON HIGHWAY, REPLACEMENT OF MAIPALAOA BRIDGE (2)",HIF013262,21.409168,-158.17714,Permitted Feature,State Government,NPDES
"FARRINGTON HIGHWAY, REPLACEMENT OF MAIPALAOA BRIDGE (2)",HIF013262,21.409112,-158.177151,Permitted Feature,State Government,NPDES
"FARRINGTON HIGHWAY, REPLACEMENT OF MAIPALAOA BRIDGE (2)",HIF013262,21.409056,-158.17716,Permitted Feature,State Government,NPDES
"FARRINGTON HIGHWAY, REPLACEMENT OF MAIPALAOA BRIDGE (2)",HIF013262,21.409002,-158.177171,Permitted Feature,State Government,NPDES
"FARRINGTON HIGHWAY, REPLACEMENT OF MAIPALAOA BRIDGE (2)",HIF013262,21.409107,-158.176988,Permitted Feature,State Government,NPDES
"FARRINGTON HIGHWAY, REPLACEMENT OF MAIPALAOA BRIDGE (2)",HIF013262,21.408998,-158.177008,Permitted Feature,State Government,NPDES
"FARRINGTON HIGHWAY, REPLACEMENT OF MAIPALAOA BRIDGE (2)",HIF013262,21.408943,-158.177017,Permitted Feature,State Government,NPDES
"RUSSIAN FORT ELIZABETH STATE HISTORICAL PARK, VARIOUS IMPROVEMENTS",HIF013263,21.952212,-159.665126,Permitted Feature,State Government,NPDES
"RUSSIAN FORT ELIZABETH STATE HISTORICAL PARK, VARIOUS IMPROVEMENTS",HIF013263,21.950084,-159.665806,Permitted Feature,State Government,NPDES
"RUSSIAN FORT ELIZABETH STATE HISTORICAL PARK, VARIOUS IMPROVEMENTS",HIF013263,21.952212,-159.665126,Facility,State Government,NPDES
HEEIA WASTEWATER PUMP STATION IMPROVEMENTS,HIF013267,21.424243,-157.799984,Permitted Feature,Municipal or Water District,NPDES
HEEIA WASTEWATER PUMP STATION IMPROVEMENTS,HIF013267,21.424243,-157.799984,Facility,Municipal or Water District,NPDES
THE PARK WARD VILLAGE AND VICTORIA WARD PARK MAUKA,HIF013269,21.294373,-157.857265,Permitted Feature,Privately Owned Facility,NPDES
THE PARK WARD VILLAGE AND VICTORIA WARD PARK MAUKA,HIF013269,21.2937,-157.8562,Permitted Feature,Privately Owned Facility,NPDES
THE PARK WARD VILLAGE AND VICTORIA WARD PARK MAUKA,HIF013269,21.2933,-157.8553,Permitted Feature,Privately Owned Facility,NPDES
THE PARK WARD VILLAGE AND VICTORIA WARD PARK MAUKA,HIF013269,21.2928,-157.8553,Permitted Feature,Privately Owned Facility,NPDES
THE PARK WARD VILLAGE AND VICTORIA WARD PARK MAUKA,HIF013269,21.294373,-157.857265,Facility,Privately Owned Facility,NPDES
"DEVELOPMENT OF KALAELOA PARCELS 1, 2, AND 3 BACKBONE ROADWAY IMPROVEMENTS PROJEC",HIF013274,21.29519,-158.0863,Permitted Feature,Privately Owned Facility,NPDES
WAILUKU APARTMENTS,HIF013281,20.896111,-156.498611,Permitted Feature,Privately Owned Facility,NPDES
WAILUKU APARTMENTS,HIF013281,20.851944,-156.496944,Permitted Feature,Privately Owned Facility,NPDES
DHHL PAPAKOLEA KAPAHU ST. SLOPE,HIF013283,21.311808,-157.83946,Facility,State Government,NPDES
LEILEHUA HIGH SCHOOL -CAMPUS ROAD AND PARKING REPAVEMENT,HIF013284,21.49891,-158.010705,Facility,State Government,NPDES
FY21 MILCON PROJECT P-964 RAPPEL TOWER AND CLASSROOM TRAINING FACILITY,HIF013287,21.43533,-157.746024,Permitted Feature,Federal Facility (U.S. Government),NPDES
FY21 MILCON PROJECT P-964 RAPPEL TOWER AND CLASSROOM TRAINING FACILITY,HIF013287,21.43533,-157.746024,Facility,Federal Facility (U.S. Government),NPDES
KAUANOE O KOLOA,HIF013289,21.876235,-159.463069,Permitted Feature,Privately Owned Facility,NPDES
P-947 MCTAB PERIMETER SECURITY FENCE,HIF013290,21.372347,-157.707574,Facility,Federal Facility (U.S. Government),NPDES
MAKIKI 180 RESERVOIR,HIF013291,21.309173,-157.830571,Permitted Feature,Municipal or Water District,NPDES
WAIKO LIGHT INDUSTRIAL SUBDIVISION (LOT 21),HIF013292,20.849223,-156.48215,Permitted Feature,Privately Owned Facility,NPDES
KAPOLEI HARBORSIDE MASS GRADING PLAN LAND AREA 5 PHASE 1,HIF013293,21.314722,-158.118889,Facility,Privately Owned Facility,NPDES
WAIAHOLE WATER SYSTEM IMPROVEMENTS,HIF013294,21.409167,-158.052222,Facility,Privately Owned Facility,NPDES
GAC WATER TREATMENT FACILITY,HIF013296,21.371104,-157.90842,Permitted Feature,Federal Facility (U.S. Government),NPDES
GAC WATER TREATMENT FACILITY,HIF013296,21.371104,-157.90842,Facility,Federal Facility (U.S. Government),NPDES
JARRETT WHITE GRAVITY SEWER REPLACEMENT PROJECT,HIF013300,21.355813,-157.896785,Permitted Feature,Privately Owned Facility,NPDES
JARRETT WHITE GRAVITY SEWER REPLACEMENT PROJECT,HIF013300,21.355564,-157.896911,Permitted Feature,Privately Owned Facility,NPDES
JARRETT WHITE GRAVITY SEWER REPLACEMENT PROJECT,HIF013300,21.355017,-157.895787,Permitted Feature,Privately Owned Facility,NPDES
JARRETT WHITE GRAVITY SEWER REPLACEMENT PROJECT,HIF013300,21.353752,-157.895493,Permitted Feature,Privately Owned Facility,NPDES
JARRETT WHITE GRAVITY SEWER REPLACEMENT PROJECT,HIF013300,21.352872,-157.895437,Permitted Feature,Privately Owned Facility,NPDES
JARRETT WHITE GRAVITY SEWER REPLACEMENT PROJECT,HIF013300,21.352428,-157.895489,Permitted Feature,Privately Owned Facility,NPDES
JARRETT WHITE GRAVITY SEWER REPLACEMENT PROJECT,HIF013300,21.352301,-157.895566,Permitted Feature,Privately Owned Facility,NPDES
JARRETT WHITE GRAVITY SEWER REPLACEMENT PROJECT,HIF013300,21.352183,-157.89545,Permitted Feature,Privately Owned Facility,NPDES
JARRETT WHITE GRAVITY SEWER REPLACEMENT PROJECT,HIF013300,21.351725,-157.895741,Permitted Feature,Privately Owned Facility,NPDES
JARRETT WHITE GRAVITY SEWER REPLACEMENT PROJECT,HIF013300,21.351547,-157.895741,Permitted Feature,Privately Owned Facility,NPDES
JARRETT WHITE GRAVITY SEWER REPLACEMENT PROJECT,HIF013300,21.3515,-157.895794,Permitted Feature,Privately Owned Facility,NPDES
JARRETT WHITE GRAVITY SEWER REPLACEMENT PROJECT,HIF013300,21.350953,-157.892967,Permitted Feature,Privately Owned Facility,NPDES
JARRETT WHITE GRAVITY SEWER REPLACEMENT PROJECT,HIF013300,21.355813,-157.896785,Facility,Privately Owned Facility,NPDES
"DRAINAGE AND WIND CONE IMPROVEMENTS, ITO",HIF013301,19.723611,-155.062222,Facility,State Government,NPDES
FIREBREAK ESTABLISHMENT LUPEA - PHASE 2,HIF013307,19.504518,-155.951556,Permitted Feature,Privately Owned Facility,NPDES
"LIKELIKE HIGHWAY RECONSTRUCTION AND SAFETY IMPROVEMENTS, EMMELINE PLACE TO KAHEK",HIF013309,21.353,-157.8592,Permitted Feature,State Government,NPDES
"LIKELIKE HIGHWAY RECONSTRUCTION AND SAFETY IMPROVEMENTS, EMMELINE PLACE TO KAHEK",HIF013309,21.3539,-157.8588,Permitted Feature,State Government,NPDES
"LIKELIKE HIGHWAY RECONSTRUCTION AND SAFETY IMPROVEMENTS, EMMELINE PLACE TO KAHEK",HIF013309,21.3561,-157.8552,Permitted Feature,State Government,NPDES
"LIKELIKE HIGHWAY RECONSTRUCTION AND SAFETY IMPROVEMENTS, EMMELINE PLACE TO KAHEK",HIF013309,21.3595,-157.8539,Permitted Feature,State Government,NPDES
"LIKELIKE HIGHWAY RECONSTRUCTION AND SAFETY IMPROVEMENTS, EMMELINE PLACE TO KAHEK",HIF013309,21.3597,-157.8529,Permitted Feature,State Government,NPDES
"LIKELIKE HIGHWAY RECONSTRUCTION AND SAFETY IMPROVEMENTS, EMMELINE PLACE TO KAHEK",HIF013309,21.3608,-157.8513,Permitted Feature,State Government,NPDES
"LIKELIKE HIGHWAY RECONSTRUCTION AND SAFETY IMPROVEMENTS, EMMELINE PLACE TO KAHEK",HIF013309,21.362,-157.8495,Permitted Feature,State Government,NPDES
"LIKELIKE HIGHWAY RECONSTRUCTION AND SAFETY IMPROVEMENTS, EMMELINE PLACE TO KAHEK",HIF013309,21.3621,-157.847,Permitted Feature,State Government,NPDES
"LIKELIKE HIGHWAY RECONSTRUCTION AND SAFETY IMPROVEMENTS, EMMELINE PLACE TO KAHEK",HIF013309,21.3636,-157.845,Permitted Feature,State Government,NPDES
"LIKELIKE HIGHWAY RECONSTRUCTION AND SAFETY IMPROVEMENTS, EMMELINE PLACE TO KAHEK",HIF013309,21.3664,-157.8395,Permitted Feature,State Government,NPDES
"LIKELIKE HIGHWAY RECONSTRUCTION AND SAFETY IMPROVEMENTS, EMMELINE PLACE TO KAHEK",HIF013309,21.3661,-157.8381,Permitted Feature,State Government,NPDES
"LIKELIKE HIGHWAY RECONSTRUCTION AND SAFETY IMPROVEMENTS, EMMELINE PLACE TO KAHEK",HIF013309,21.3663,-157.8373,Permitted Feature,State Government,NPDES
"LIKELIKE HIGHWAY RECONSTRUCTION AND SAFETY IMPROVEMENTS, EMMELINE PLACE TO KAHEK",HIF013309,21.3665,-157.8357,Permitted Feature,State Government,NPDES
"LIKELIKE HIGHWAY RECONSTRUCTION AND SAFETY IMPROVEMENTS, EMMELINE PLACE TO KAHEK",HIF013309,21.3676,-157.8331,Permitted Feature,State Government,NPDES
"LIKELIKE HIGHWAY RECONSTRUCTION AND SAFETY IMPROVEMENTS, EMMELINE PLACE TO KAHEK",HIF013309,21.3683,-157.8308,Permitted Feature,State Government,NPDES
"LIKELIKE HIGHWAY RECONSTRUCTION AND SAFETY IMPROVEMENTS, EMMELINE PLACE TO KAHEK",HIF013309,21.3697,-157.829,Permitted Feature,State Government,NPDES
"LIKELIKE HIGHWAY RECONSTRUCTION AND SAFETY IMPROVEMENTS, EMMELINE PLACE TO KAHEK",HIF013309,21.3704,-157.8276,Permitted Feature,State Government,NPDES
"LIKELIKE HIGHWAY RECONSTRUCTION AND SAFETY IMPROVEMENTS, EMMELINE PLACE TO KAHEK",HIF013309,21.3709,-157.8267,Permitted Feature,State Government,NPDES
"LIKELIKE HIGHWAY RECONSTRUCTION AND SAFETY IMPROVEMENTS, EMMELINE PLACE TO KAHEK",HIF013309,21.3713,-157.8259,Permitted Feature,State Government,NPDES
"LIKELIKE HIGHWAY RECONSTRUCTION AND SAFETY IMPROVEMENTS, EMMELINE PLACE TO KAHEK",HIF013309,21.3716,-157.8249,Permitted Feature,State Government,NPDES
"LIKELIKE HIGHWAY RECONSTRUCTION AND SAFETY IMPROVEMENTS, EMMELINE PLACE TO KAHEK",HIF013309,21.3721,-157.8245,Permitted Feature,State Government,NPDES
"LIKELIKE HIGHWAY RECONSTRUCTION AND SAFETY IMPROVEMENTS, EMMELINE PLACE TO KAHEK",HIF013309,21.3729,-157.8234,Permitted Feature,State Government,NPDES
"LIKELIKE HIGHWAY RECONSTRUCTION AND SAFETY IMPROVEMENTS, EMMELINE PLACE TO KAHEK",HIF013309,21.3755,-157.8209,Permitted Feature,State Government,NPDES
"LIKELIKE HIGHWAY RECONSTRUCTION AND SAFETY IMPROVEMENTS, EMMELINE PLACE TO KAHEK",HIF013309,21.3761,-157.8166,Permitted Feature,State Government,NPDES
"LIKELIKE HIGHWAY RECONSTRUCTION AND SAFETY IMPROVEMENTS, EMMELINE PLACE TO KAHEK",HIF013309,21.3813,-157.8069,Permitted Feature,State Government,NPDES
"LIKELIKE HIGHWAY RECONSTRUCTION AND SAFETY IMPROVEMENTS, EMMELINE PLACE TO KAHEK",HIF013309,21.3836,-157.8147,Permitted Feature,State Government,NPDES
"LIKELIKE HIGHWAY RECONSTRUCTION AND SAFETY IMPROVEMENTS, EMMELINE PLACE TO KAHEK",HIF013309,21.3836,-157.8149,Permitted Feature,State Government,NPDES
"LIKELIKE HIGHWAY RECONSTRUCTION AND SAFETY IMPROVEMENTS, EMMELINE PLACE TO KAHEK",HIF013309,21.3865,-157.8111,Permitted Feature,State Government,NPDES
"LIKELIKE HIGHWAY RECONSTRUCTION AND SAFETY IMPROVEMENTS, EMMELINE PLACE TO KAHEK",HIF013309,21.3883,-157.8116,Permitted Feature,State Government,NPDES
"LIKELIKE HIGHWAY RECONSTRUCTION AND SAFETY IMPROVEMENTS, EMMELINE PLACE TO KAHEK",HIF013309,21.3887,-157.8152,Permitted Feature,State Government,NPDES
"LIKELIKE HIGHWAY RECONSTRUCTION AND SAFETY IMPROVEMENTS, EMMELINE PLACE TO KAHEK",HIF013309,21.3884,-157.8162,Permitted Feature,State Government,NPDES
"LIKELIKE HIGHWAY RECONSTRUCTION AND SAFETY IMPROVEMENTS, EMMELINE PLACE TO KAHEK",HIF013309,21.3916,-157.815,Permitted Feature,State Government,NPDES
"LIKELIKE HIGHWAY RECONSTRUCTION AND SAFETY IMPROVEMENTS, EMMELINE PLACE TO KAHEK",HIF013309,21.3915,-157.8161,Permitted Feature,State Government,NPDES
"LIKELIKE HIGHWAY RECONSTRUCTION AND SAFETY IMPROVEMENTS, EMMELINE PLACE TO KAHEK",HIF013309,21.3918,-157.8159,Permitted Feature,State Government,NPDES
"LIKELIKE HIGHWAY RECONSTRUCTION AND SAFETY IMPROVEMENTS, EMMELINE PLACE TO KAHEK",HIF013309,21.3914,-157.815,Permitted Feature,State Government,NPDES
"LIKELIKE HIGHWAY RECONSTRUCTION AND SAFETY IMPROVEMENTS, EMMELINE PLACE TO KAHEK",HIF013309,21.3916,-157.8134,Permitted Feature,State Government,NPDES
"LIKELIKE HIGHWAY RECONSTRUCTION AND SAFETY IMPROVEMENTS, EMMELINE PLACE TO KAHEK",HIF013309,21.403,-157.8061,Permitted Feature,State Government,NPDES
"LIKELIKE HIGHWAY RECONSTRUCTION AND SAFETY IMPROVEMENTS, EMMELINE PLACE TO KAHEK",HIF013309,21.4036,-157.8062,Permitted Feature,State Government,NPDES
"LIKELIKE HIGHWAY RECONSTRUCTION AND SAFETY IMPROVEMENTS, EMMELINE PLACE TO KAHEK",HIF013309,21.353,-157.8592,Facility,State Government,NPDES
"PAUL'S ELECTRICAL CONTRACTING, LLC - KOA RIDGE WAREHOUSE A & B",HIF013310,21.423532,-158.008125,Permitted Feature,Privately Owned Facility,NPDES
"PAUL'S ELECTRICAL CONTRACTING, LLC - KOA RIDGE WAREHOUSE A & B",HIF013310,21.423532,-158.008125,Facility,Privately Owned Facility,NPDES
GREEN ALOHA GREENHOUSE,HIF013312,22.083922,-159.350849,Facility,Privately Owned Facility,NPDES
MAUI RESEARCH AND TECHNOLOGY PARK OFFSITE BASINS,HIF013314,20.756865,-156.429539,Permitted Feature,Privately Owned Facility,NPDES
MAUI RESEARCH AND TECHNOLOGY PARK OFFSITE BASINS,HIF013314,20.751927,-156.459887,Permitted Feature,Privately Owned Facility,NPDES
WAIKAPU DEVELOPMENT VENTURE,HIF013321,20.852084,-156.498164,Permitted Feature,Privately Owned Facility,NPDES
WAIKAPU DEVELOPMENT VENTURE,HIF013321,20.852084,-156.498164,Facility,Privately Owned Facility,NPDES
250 ALAMAHA,HIF013324,20.897745,-156.447518,Facility,Privately Owned Facility,NPDES
SAND ISLAND WATER SYSTEM IMPROVEMENTS,HIF013326,21.327978,-157.892887,Permitted Feature,Municipal or Water District,NPDES
SAND ISLAND WATER SYSTEM IMPROVEMENTS,HIF013326,21.326661,-157.893274,Permitted Feature,Municipal or Water District,NPDES
SAND ISLAND WATER SYSTEM IMPROVEMENTS,HIF013326,21.3205,-157.891393,Permitted Feature,Municipal or Water District,NPDES
SAND ISLAND WATER SYSTEM IMPROVEMENTS,HIF013326,21.315035,-157.888303,Permitted Feature,Municipal or Water District,NPDES
SAND ISLAND WATER SYSTEM IMPROVEMENTS,HIF013326,21.313594,-157.887928,Permitted Feature,Municipal or Water District,NPDES
SAND ISLAND WATER SYSTEM IMPROVEMENTS,HIF013326,21.309938,-157.875138,Permitted Feature,Municipal or Water District,NPDES
SAND ISLAND WATER SYSTEM IMPROVEMENTS (2),HIF013327,21.327978,-157.892887,Permitted Feature,Municipal or Water District,NPDES
SAND ISLAND WATER SYSTEM IMPROVEMENTS (2),HIF013327,21.326661,-157.893274,Permitted Feature,Municipal or Water District,NPDES
SAND ISLAND WATER SYSTEM IMPROVEMENTS (2),HIF013327,21.3205,-157.891393,Permitted Feature,Municipal or Water District,NPDES
SAND ISLAND WATER SYSTEM IMPROVEMENTS (2),HIF013327,21.315035,-157.888303,Permitted Feature,Municipal or Water District,NPDES
SAND ISLAND WATER SYSTEM IMPROVEMENTS (2),HIF013327,21.313594,-157.887928,Permitted Feature,Municipal or Water District,NPDES
SAND ISLAND WATER SYSTEM IMPROVEMENTS (2),HIF013327,21.309938,-157.875138,Permitted Feature,Municipal or Water District,NPDES
KIHEI WAILANI VILLAGE - HO'ONANI SUBDIVISION,HIF013330,20.759133,-156.455032,Facility,Privately Owned Facility,NPDES
KAKELA DRIVE AND MOHALA WAY WATER SYSTEM IMPROVEMENTS,HIF013332,21.297381,-157.813861,Permitted Feature,Municipal or Water District,NPDES
KAKELA DRIVE AND MOHALA WAY WATER SYSTEM IMPROVEMENTS,HIF013332,21.297381,-157.813861,Facility,Municipal or Water District,NPDES
WAIALAE IKI BOOSTER NO. 1 RELOCATION,HIF013333,21.2746,-157.7655,Permitted Feature,Municipal or Water District,NPDES
"POTABLE WATER SYSTEM POL MITIGATION ALIAMANU MILITARY RESERVATION, RED HILL, HON",HIF013335,21.361109,-157.923275,Facility,Federal Facility (U.S. Government),NPDES
WAHIAWA CIVIC CENTER,HIF013338,21.500637,-158.02834,Permitted Feature,State Government,NPDES
KAPOLEI KAI STREET SELF STORAGE PROJECT,HIF013340,21.32596,-158.09918,Permitted Feature,Privately Owned Facility,NPDES
KAHANA NUI BRIDGE REPLACEMENT (3),HIF013341,20.977607,-156.67705,Permitted Feature,Municipal or Water District,NPDES
"KAMEHAMEHA HIGHWAY RESURFACING, LAIEWAI BRIDGE TO WAIPUHI BRIDGE",HIF013342,21.654156,-157.929942,Permitted Feature,State Government,NPDES
"KAMEHAMEHA HIGHWAY RESURFACING, LAIEWAI BRIDGE TO WAIPUHI BRIDGE",HIF013342,21.654085,-157.930045,Permitted Feature,State Government,NPDES
"KAMEHAMEHA HIGHWAY RESURFACING, LAIEWAI BRIDGE TO WAIPUHI BRIDGE",HIF013342,21.654115,-157.929606,Permitted Feature,State Government,NPDES
"KAMEHAMEHA HIGHWAY RESURFACING, LAIEWAI BRIDGE TO WAIPUHI BRIDGE",HIF013342,21.653907,-157.929913,Permitted Feature,State Government,NPDES
"KAMEHAMEHA HIGHWAY RESURFACING, LAIEWAI BRIDGE TO WAIPUHI BRIDGE",HIF013342,21.653398,-157.930688,Permitted Feature,State Government,NPDES
"KAMEHAMEHA HIGHWAY RESURFACING, LAIEWAI BRIDGE TO WAIPUHI BRIDGE",HIF013342,21.647934,-157.922673,Permitted Feature,State Government,NPDES
"KAMEHAMEHA HIGHWAY RESURFACING, LAIEWAI BRIDGE TO WAIPUHI BRIDGE",HIF013342,21.647875,-157.922754,Permitted Feature,State Government,NPDES
"KAMEHAMEHA HIGHWAY RESURFACING, LAIEWAI BRIDGE TO WAIPUHI BRIDGE",HIF013342,21.647852,-157.922743,Permitted Feature,State Government,NPDES
"KAMEHAMEHA HIGHWAY RESURFACING, LAIEWAI BRIDGE TO WAIPUHI BRIDGE",HIF013342,21.639419,-157.918119,Permitted Feature,State Government,NPDES
"KAMEHAMEHA HIGHWAY RESURFACING, LAIEWAI BRIDGE TO WAIPUHI BRIDGE",HIF013342,21.634927,-157.919809,Permitted Feature,State Government,NPDES
"KAMEHAMEHA HIGHWAY RESURFACING, LAIEWAI BRIDGE TO WAIPUHI BRIDGE",HIF013342,21.634972,-157.919912,Permitted Feature,State Government,NPDES
"KAMEHAMEHA HIGHWAY RESURFACING, LAIEWAI BRIDGE TO WAIPUHI BRIDGE",HIF013342,21.632772,-157.921241,Permitted Feature,State Government,NPDES
"KAMEHAMEHA HIGHWAY RESURFACING, LAIEWAI BRIDGE TO WAIPUHI BRIDGE",HIF013342,21.632807,-157.921377,Permitted Feature,State Government,NPDES
"KAMEHAMEHA HIGHWAY RESURFACING, LAIEWAI BRIDGE TO WAIPUHI BRIDGE",HIF013342,21.632641,-157.921265,Permitted Feature,State Government,NPDES
"KAMEHAMEHA HIGHWAY RESURFACING, LAIEWAI BRIDGE TO WAIPUHI BRIDGE",HIF013342,21.63271,-157.921387,Permitted Feature,State Government,NPDES
"KAMEHAMEHA HIGHWAY RESURFACING, LAIEWAI BRIDGE TO WAIPUHI BRIDGE",HIF013342,21.628404,-157.922196,Permitted Feature,State Government,NPDES
"KAMEHAMEHA HIGHWAY RESURFACING, LAIEWAI BRIDGE TO WAIPUHI BRIDGE",HIF013342,21.62839,-157.922296,Permitted Feature,State Government,NPDES
"KAMEHAMEHA HIGHWAY RESURFACING, LAIEWAI BRIDGE TO WAIPUHI BRIDGE",HIF013342,21.625809,-157.921672,Permitted Feature,State Government,NPDES
"KAMEHAMEHA HIGHWAY RESURFACING, LAIEWAI BRIDGE TO WAIPUHI BRIDGE",HIF013342,21.625745,-157.921811,Permitted Feature,State Government,NPDES
"KAMEHAMEHA HIGHWAY RESURFACING, LAIEWAI BRIDGE TO WAIPUHI BRIDGE",HIF013342,21.621678,-157.91457,Permitted Feature,State Government,NPDES
"KAMEHAMEHA HIGHWAY RESURFACING, LAIEWAI BRIDGE TO WAIPUHI BRIDGE",HIF013342,21.617134,-157.913824,Permitted Feature,State Government,NPDES
"KAMEHAMEHA HIGHWAY RESURFACING, LAIEWAI BRIDGE TO WAIPUHI BRIDGE",HIF013342,21.617104,-157.913928,Permitted Feature,State Government,NPDES
"KAMEHAMEHA HIGHWAY RESURFACING, LAIEWAI BRIDGE TO WAIPUHI BRIDGE",HIF013342,21.614971,-157.913181,Permitted Feature,State Government,NPDES
"KAMEHAMEHA HIGHWAY RESURFACING, LAIEWAI BRIDGE TO WAIPUHI BRIDGE",HIF013342,21.614948,-157.913274,Permitted Feature,State Government,NPDES
"KAMEHAMEHA HIGHWAY RESURFACING, LAIEWAI BRIDGE TO WAIPUHI BRIDGE",HIF013342,21.614895,-157.913405,Permitted Feature,State Government,NPDES
"KAMEHAMEHA HIGHWAY RESURFACING, LAIEWAI BRIDGE TO WAIPUHI BRIDGE",HIF013342,21.613171,-157.912423,Permitted Feature,State Government,NPDES
"KAMEHAMEHA HIGHWAY RESURFACING, LAIEWAI BRIDGE TO WAIPUHI BRIDGE",HIF013342,21.610668,-157.910334,Permitted Feature,State Government,NPDES
"KAMEHAMEHA HIGHWAY RESURFACING, LAIEWAI BRIDGE TO WAIPUHI BRIDGE",HIF013342,21.610661,-157.910478,Permitted Feature,State Government,NPDES
"KAMEHAMEHA HIGHWAY RESURFACING, LAIEWAI BRIDGE TO WAIPUHI BRIDGE",HIF013342,21.610536,-157.910238,Permitted Feature,State Government,NPDES
"KAMEHAMEHA HIGHWAY RESURFACING, LAIEWAI BRIDGE TO WAIPUHI BRIDGE",HIF013342,21.610554,-157.910401,Permitted Feature,State Government,NPDES
"KAMEHAMEHA HIGHWAY RESURFACING, LAIEWAI BRIDGE TO WAIPUHI BRIDGE",HIF013342,21.609998,-157.909865,Permitted Feature,State Government,NPDES
"KAMEHAMEHA HIGHWAY RESURFACING, LAIEWAI BRIDGE TO WAIPUHI BRIDGE",HIF013342,21.609947,-157.909966,Permitted Feature,State Government,NPDES
"KAMEHAMEHA HIGHWAY RESURFACING, LAIEWAI BRIDGE TO WAIPUHI BRIDGE",HIF013342,21.608402,-157.908826,Permitted Feature,State Government,NPDES
"KAMEHAMEHA HIGHWAY RESURFACING, LAIEWAI BRIDGE TO WAIPUHI BRIDGE",HIF013342,21.608348,-157.908926,Permitted Feature,State Government,NPDES
"KAMEHAMEHA HIGHWAY RESURFACING, LAIEWAI BRIDGE TO WAIPUHI BRIDGE",HIF013342,21.607092,-157.906875,Permitted Feature,State Government,NPDES
"KAMEHAMEHA HIGHWAY RESURFACING, LAIEWAI BRIDGE TO WAIPUHI BRIDGE",HIF013342,21.606997,-157.906897,Permitted Feature,State Government,NPDES
ENV SUPPORT FACILITIES AT HONOULIULI WASTEWATER TREATMENT PLANT,HIF013344,21.305732,-158.028333,Permitted Feature,Municipal or Water District,NPDES
ENV SUPPORT FACILITIES AT HONOULIULI WASTEWATER TREATMENT PLANT,HIF013344,21.305732,-158.028333,Facility,Municipal or Water District,NPDES
KEALAKEHE HIGH SCHOOL TRACK IMPROVEMENTS,HIF013345,19.660296,-156.031544,Facility,State Government,NPDES
WAIALAE IKI BOOSTER NO. 1 RELOCATION (2),HIF013346,21.2746,-157.7655,Permitted Feature,Municipal or Water District,NPDES
SAND ISLAND WWTP SECONDARY TREATMENT PHASE 1,HIF013347,21.303092,-157.884883,Permitted Feature,Municipal or Water District,NPDES
SAND ISLAND WWTP SECONDARY TREATMENT PHASE 1,HIF013347,21.301643,-157.884139,Permitted Feature,Municipal or Water District,NPDES
SAND ISLAND WWTP SECONDARY TREATMENT PHASE 1,HIF013347,21.307728,-157.873863,Permitted Feature,Municipal or Water District,NPDES
PARCEL 13 ROADWAY,HIF013348,21.9611,-159.35356,Facility,Privately Owned Facility,NPDES
LUHAUOLA,HIF013351,21.326023,-158.088843,Permitted Feature,Privately Owned Facility,NPDES
LUHAUOLA,HIF013351,21.326023,-158.088843,Facility,Privately Owned Facility,NPDES
HALAWA VIEW II,HIF013352,21.364478,-157.936165,Permitted Feature,Privately Owned Facility,NPDES
HALAWA VIEW II,HIF013352,21.364665,-157.936336,Permitted Feature,Privately Owned Facility,NPDES
VIP TRANS INC,HIF013355,21.329181,-157.900589,Permitted Feature,Privately Owned Facility,NPDES
VIP TRANS INC,HIF013355,21.328986,-157.900356,Permitted Feature,Privately Owned Facility,NPDES
VIP TRANS INC,HIF013355,21.328986,-157.900356,Permitted Feature,Privately Owned Facility,NPDES
RUNWAYS AND TAXIWAYS SHOULDER REHABILITATION,HIF013356,21.324,-157.9299,Facility,State Government,NPDES
"PALOLO WATER SYSTEM IMPROVEMENTS, PART III",HIF013358,21.304778,-157.7909,Permitted Feature,Municipal or Water District,NPDES
"PALOLO WATER SYSTEM IMPROVEMENTS, PART III",HIF013358,21.306091,-157.78869,Permitted Feature,Municipal or Water District,NPDES
"PALOLO WATER SYSTEM IMPROVEMENTS, PART III",HIF013358,21.305497,-157.788938,Permitted Feature,Municipal or Water District,NPDES
"PALOLO WATER SYSTEM IMPROVEMENTS, PART III",HIF013358,21.301921,-157.789136,Permitted Feature,Municipal or Water District,NPDES
"PALOLO WATER SYSTEM IMPROVEMENTS, PART III",HIF013358,21.30239,-157.788026,Permitted Feature,Municipal or Water District,NPDES
"PALOLO WATER SYSTEM IMPROVEMENTS, PART III",HIF013358,21.304804,-157.790082,Permitted Feature,Municipal or Water District,NPDES
"PALOLO WATER SYSTEM IMPROVEMENTS, PART III",HIF013358,21.301269,-157.793435,Permitted Feature,Municipal or Water District,NPDES
"PALOLO WATER SYSTEM IMPROVEMENTS, PART III",HIF013358,21.303795,-157.792066,Permitted Feature,Municipal or Water District,NPDES
"PALOLO WATER SYSTEM IMPROVEMENTS, PART III",HIF013358,21.301309,-157.790224,Permitted Feature,Municipal or Water District,NPDES
"PALOLO WATER SYSTEM IMPROVEMENTS, PART III",HIF013358,21.302956,-157.792088,Permitted Feature,Municipal or Water District,NPDES
"PALOLO WATER SYSTEM IMPROVEMENTS, PART III (2)",HIF013360,21.304778,-157.7909,Permitted Feature,Municipal or Water District,NPDES
"PALOLO WATER SYSTEM IMPROVEMENTS, PART III (2)",HIF013360,21.306091,-157.78869,Permitted Feature,Municipal or Water District,NPDES
"PALOLO WATER SYSTEM IMPROVEMENTS, PART III (2)",HIF013360,21.305497,-157.788938,Permitted Feature,Municipal or Water District,NPDES
"PALOLO WATER SYSTEM IMPROVEMENTS, PART III (2)",HIF013360,21.301921,-157.789136,Permitted Feature,Municipal or Water District,NPDES
"PALOLO WATER SYSTEM IMPROVEMENTS, PART III (2)",HIF013360,21.30239,-157.788026,Permitted Feature,Municipal or Water District,NPDES
"PALOLO WATER SYSTEM IMPROVEMENTS, PART III (2)",HIF013360,21.304804,-157.790082,Permitted Feature,Municipal or Water District,NPDES
"PALOLO WATER SYSTEM IMPROVEMENTS, PART III (2)",HIF013360,21.301269,-157.793435,Permitted Feature,Municipal or Water District,NPDES
"PALOLO WATER SYSTEM IMPROVEMENTS, PART III (2)",HIF013360,21.303795,-157.792066,Permitted Feature,Municipal or Water District,NPDES
"PALOLO WATER SYSTEM IMPROVEMENTS, PART III (2)",HIF013360,21.301309,-157.790224,Permitted Feature,Municipal or Water District,NPDES
"PALOLO WATER SYSTEM IMPROVEMENTS, PART III (2)",HIF013360,21.302956,-157.792088,Permitted Feature,Municipal or Water District,NPDES
HOOKIPA KAHALUU,HIF013363,21.447906,-157.834092,Permitted Feature,State Government,NPDES
HOOKIPA KAHALUU,HIF013363,21.447393,-157.833643,Permitted Feature,State Government,NPDES
HOOKIPA KAHALUU,HIF013363,21.447906,-157.834092,Facility,State Government,NPDES
GPRM PRESTRESS LLC (2),HIF013364,21.29562,-158.086399,Permitted Feature,Privately Owned Facility,NPDES
ALOHA AIR CARGO MAINTENANCE FACILITY (2),HIF013365,21.318802,-157.925377,Permitted Feature,Privately Owned Facility,NPDES
PN70551 CHILD DEVELOPMENT CENTER,HIF013366,21.476643,-158.049741,Permitted Feature,Federal Facility (U.S. Government),NPDES
PN70551 CHILD DEVELOPMENT CENTER,HIF013366,21.476643,-158.049741,Facility,Federal Facility (U.S. Government),NPDES
MAKAWAO AVENUE PAVEMENT REHABILITATION MILEPOST 0.8 TO AI STREET,HIF013368,20.83995,-156.3247,Permitted Feature,Municipal or Water District,NPDES
MAKAWAO AVENUE PAVEMENT REHABILITATION MILEPOST 0.8 TO AI STREET,HIF013368,20.84144,-156.32652,Permitted Feature,Municipal or Water District,NPDES
MAKAWAO AVENUE PAVEMENT REHABILITATION MILEPOST 0.8 TO AI STREET,HIF013368,20.84439,-156.320685,Permitted Feature,Municipal or Water District,NPDES
MAKAWAO AVENUE PAVEMENT REHABILITATION MILEPOST 0.8 TO AI STREET,HIF013368,20.854305,-156.323378,Permitted Feature,Municipal or Water District,NPDES
MAKAWAO AVENUE PAVEMENT REHABILITATION MILEPOST 0.8 TO AI STREET,HIF013368,20.854305,-156.310821,Permitted Feature,Municipal or Water District,NPDES
KALEWA STREET BIOSWALES,HIF013370,21.326028,-157.900897,Facility,State Government,NPDES
"LOTS 13-B-2-B-1, 2, 3, 7 & 8 AT MAUI RESEARCH AND TECHNOLOGY PARK PH.I/INC.I (8-",HIF013374,20.752174,-156.439557,Facility,Privately Owned Facility,NPDES
WEST MAUI CONTINUING CARE RETIREMENT COMMUNITY OFFSITE IMPROVEMENTS,HIF013375,20.940582,-156.692476,Permitted Feature,Privately Owned Facility,NPDES
"PROPOSED RHMW DRILLING LOCATIONS, RED HILL BULK FUEL STORAGE FACILITY",HIF013376,21.371953,-157.899978,Facility,Federal Facility (U.S. Government),NPDES
MAKIKI 180 RESERVOIR (2),HIF013378,21.307767,-157.831218,Permitted Feature,Municipal or Water District,NPDES
WINDWARD MALL PARKING LOT RESURFACING PROJECT,HIF013379,21.418185,-157.805843,Facility,Privately Owned Facility,NPDES
ALOHA HILO WEST TERMINAL,HIF013380,19.728868,-155.055893,Permitted Feature,Privately Owned Facility,NPDES
KALAWAHINE 180' 2.0MG RESERVOIR CONNECTING PIPELINES,HIF013381,21.303202,-157.844589,Permitted Feature,Municipal or Water District,NPDES
KALAWAHINE 180' 2.0MG RESERVOIR CONNECTING PIPELINES,HIF013381,21.304418,-157.844147,Permitted Feature,Municipal or Water District,NPDES
KALAWAHINE 180' 2.0MG RESERVOIR CONNECTING PIPELINES,HIF013381,21.309002,-157.839778,Permitted Feature,Municipal or Water District,NPDES
KALAWAHINE 180' 2.0MG RESERVOIR CONNECTING PIPELINES,HIF013381,21.310117,-157.839402,Permitted Feature,Municipal or Water District,NPDES
KALAWAHINE 180' 2.0MG RESERVOIR CONNECTING PIPELINES,HIF013381,21.310544,-157.839376,Permitted Feature,Municipal or Water District,NPDES
KALAWAHINE 180' 2.0MG RESERVOIR CONNECTING PIPELINES,HIF013381,21.31214,-157.839638,Permitted Feature,Municipal or Water District,NPDES
KALAWAHINE 180' 2.0MG RESERVOIR CONNECTING PIPELINES,HIF013381,21.312807,-157.839673,Permitted Feature,Municipal or Water District,NPDES
MARINERS RIDGE BOOSTER II RENOVATION (2),HIF013382,21.296656,-157.700941,Permitted Feature,Municipal or Water District,NPDES
KAPOLEI ENERGY STORAGE,HIF013383,21.3145,-158.1191,Facility,Privately Owned Facility,NPDES
"MISCELLANEOUS PERMANENT BEST MANAGEMENT PRACTICES, PHASE 3",HIF013384,21.533078,-158.04133,Permitted Feature,State Government,NPDES
"MISCELLANEOUS PERMANENT BEST MANAGEMENT PRACTICES, PHASE 3",HIF013384,21.543858,-158.044741,Permitted Feature,State Government,NPDES
"MISCELLANEOUS PERMANENT BEST MANAGEMENT PRACTICES, PHASE 3",HIF013384,21.454158,-158.059308,Permitted Feature,State Government,NPDES
"MISCELLANEOUS PERMANENT BEST MANAGEMENT PRACTICES, PHASE 3",HIF013384,21.451795,-158.060066,Permitted Feature,State Government,NPDES
"MISCELLANEOUS PERMANENT BEST MANAGEMENT PRACTICES, PHASE 3",HIF013384,21.398205,-157.984837,Permitted Feature,State Government,NPDES
"MISCELLANEOUS PERMANENT BEST MANAGEMENT PRACTICES, PHASE 3",HIF013384,21.395564,-157.978308,Permitted Feature,State Government,NPDES
"MISCELLANEOUS PERMANENT BEST MANAGEMENT PRACTICES, PHASE 3",HIF013384,21.393377,-157.97815,Permitted Feature,State Government,NPDES
"MISCELLANEOUS PERMANENT BEST MANAGEMENT PRACTICES, PHASE 3",HIF013384,21.377447,-157.766034,Permitted Feature,State Government,NPDES
"MISCELLANEOUS PERMANENT BEST MANAGEMENT PRACTICES, PHASE 3",HIF013384,21.37692,-157.766166,Permitted Feature,State Government,NPDES
"SALT LAKE BOULEVARD WIDENING, PHASE 3 (3)",HIF013385,21.33463,-157.92916,Permitted Feature,Municipal or Water District,NPDES
"SALT LAKE BOULEVARD WIDENING, PHASE 3 (3)",HIF013385,21.3491,-157.91024,Permitted Feature,Municipal or Water District,NPDES
"MAKENA STATE PARK IMPROVEMENTS, PHASE 2",HIF013389,20.632743,-156.448121,Permitted Feature,State Government,NPDES
AULOA ROAD AND ULUKAHIKI ST 16 IN. WATER MAIN,HIF013392,21.373695,-157.76756,Permitted Feature,Municipal or Water District,NPDES
AULOA ROAD AND ULUKAHIKI ST 16 IN. WATER MAIN,HIF013392,21.374303,-157.765241,Permitted Feature,Municipal or Water District,NPDES
AULOA ROAD AND ULUKAHIKI ST 16 IN. WATER MAIN,HIF013392,21.376617,-157.76097,Permitted Feature,Municipal or Water District,NPDES
THE NEW KAPALAMA CONTAINER TERMINAL WHARF AND DREDGING (2),HIF013393,21.315099,-157.888628,Permitted Feature,State Government,NPDES
THE NEW KAPALAMA CONTAINER TERMINAL WHARF AND DREDGING (2),HIF013393,21.316481,-157.885062,Permitted Feature,State Government,NPDES
THE NEW KAPALAMA CONTAINER TERMINAL WHARF AND DREDGING (2),HIF013393,21.320079,-157.882777,Permitted Feature,State Government,NPDES
THE NEW KAPALAMA CONTAINER TERMINAL WHARF AND DREDGING (2),HIF013393,21.319939,-157.882069,Permitted Feature,State Government,NPDES
WAIMEA RIVER FORD CROSSING (2),HIF013394,21.968794,-159.656155,Permitted Feature,Municipal or Water District,NPDES
WAIMEA RIVER FORD CROSSING (2),HIF013394,21.969041,-159.656058,Permitted Feature,Municipal or Water District,NPDES
MILILANI 994 BOOSTER STATION (2),HIF013395,21.4772,-157.985863,Permitted Feature,Municipality,NPDES
HOAEAE WELLS RENOVATION (2),HIF013396,21.3862,-158.02495,Permitted Feature,Municipality,NPDES
HOAEAE WELLS RENOVATION (2),HIF013396,21.37995,-158.02128,Permitted Feature,Municipality,NPDES
WAIMANALO RESERVOIR MISCELLANEOUS IMPROVEMENTS,HIF013397,21.332704,-157.738764,Facility,State Government,NPDES
PAUOA WATER SYSTEM IMPROVEMENTS (3),HIF013399,21.318369,-157.848193,Permitted Feature,Municipal or Water District,NPDES
PAUOA WATER SYSTEM IMPROVEMENTS (3),HIF013399,21.318121,-157.846238,Permitted Feature,Municipal or Water District,NPDES
PAUOA WATER SYSTEM IMPROVEMENTS (3),HIF013399,21.31783,-157.845809,Permitted Feature,Municipal or Water District,NPDES
PAUOA WATER SYSTEM IMPROVEMENTS (3),HIF013399,21.318334,-157.842971,Permitted Feature,Municipal or Water District,NPDES
PUIWA ROAD: 12-INCH AND DOWSETT AVENUE: 8-INCH MAINS,HIF013400,21.333866,-157.837082,Permitted Feature,Municipal or Water District,NPDES
PUIWA ROAD: 12-INCH AND DOWSETT AVENUE: 8-INCH MAINS,HIF013400,21.334117,-157.836349,Permitted Feature,Municipal or Water District,NPDES
PUIWA ROAD: 12-INCH AND DOWSETT AVENUE: 8-INCH MAINS,HIF013400,21.337654,-157.835245,Permitted Feature,Municipal or Water District,NPDES
PUIWA ROAD: 12-INCH AND DOWSETT AVENUE: 8-INCH MAINS,HIF013400,21.343628,-157.828245,Permitted Feature,Municipal or Water District,NPDES
PUIWA ROAD: 12-INCH AND DOWSETT AVENUE: 8-INCH MAINS,HIF013400,21.343628,-157.828245,Facility,Municipal or Water District,NPDES
PUIWA ROAD: 12-INCH AND DOWSETT AVENUE: 8-INCH MAINS (2),HIF013401,21.333866,-157.837082,Permitted Feature,Municipal or Water District,NPDES
PUIWA ROAD: 12-INCH AND DOWSETT AVENUE: 8-INCH MAINS (2),HIF013401,21.337654,-157.835245,Permitted Feature,Municipal or Water District,NPDES
PUIWA ROAD: 12-INCH AND DOWSETT AVENUE: 8-INCH MAINS (2),HIF013401,21.343628,-157.828245,Permitted Feature,Municipal or Water District,NPDES
KAPAA HOMESTEADS TANKS TWO 0.5 MG TANKS (2),HIF013403,22.09379,-159.340772,Permitted Feature,Municipal or Water District,NPDES
KAPAA HOMESTEADS TANKS TWO 0.5 MG TANKS (2),HIF013403,22.09379,-159.340772,Facility,Municipal or Water District,NPDES
"MOANALUA FREEWAY RESURFACING, MILE POST 0.86 TO MILE POST 3.88",HIF013406,21.369758,-157.914654,Permitted Feature,State Government,NPDES
"MOANALUA FREEWAY RESURFACING, MILE POST 0.86 TO MILE POST 3.88",HIF013406,21.370204,-157.914376,Permitted Feature,State Government,NPDES
"MOANALUA FREEWAY RESURFACING, MILE POST 0.86 TO MILE POST 3.88",HIF013406,21.369927,-157.914486,Permitted Feature,State Government,NPDES
"MOANALUA FREEWAY RESURFACING, MILE POST 0.86 TO MILE POST 3.88",HIF013406,21.370142,-157.911264,Permitted Feature,State Government,NPDES
"MOANALUA FREEWAY RESURFACING, MILE POST 0.86 TO MILE POST 3.88",HIF013406,21.36216,-157.898896,Permitted Feature,State Government,NPDES
"MOANALUA FREEWAY RESURFACING, MILE POST 0.86 TO MILE POST 3.88",HIF013406,21.358314,-157.898726,Permitted Feature,State Government,NPDES
"MOANALUA FREEWAY RESURFACING, MILE POST 0.86 TO MILE POST 3.88",HIF013406,21.356392,-157.898015,Permitted Feature,State Government,NPDES
"MOANALUA FREEWAY RESURFACING, MILE POST 0.86 TO MILE POST 3.88",HIF013406,21.355734000000002,-157.897582,Permitted Feature,State Government,NPDES
"MOANALUA FREEWAY RESURFACING, MILE POST 0.86 TO MILE POST 3.88",HIF013406,21.355351,-157.896988,Permitted Feature,State Government,NPDES
"MOANALUA FREEWAY RESURFACING, MILE POST 0.86 TO MILE POST 3.88",HIF013406,21.353396,-157.895738,Permitted Feature,State Government,NPDES
"MOANALUA FREEWAY RESURFACING, MILE POST 0.86 TO MILE POST 3.88",HIF013406,21.351598,-157.895777,Permitted Feature,State Government,NPDES
"MOANALUA FREEWAY RESURFACING, MILE POST 0.86 TO MILE POST 3.88",HIF013406,21.348765,-157.894661,Permitted Feature,State Government,NPDES
"MOANALUA FREEWAY RESURFACING, MILE POST 0.86 TO MILE POST 3.88",HIF013406,21.347532,-157.89425,Permitted Feature,State Government,NPDES
"MOANALUA FREEWAY RESURFACING, MILE POST 0.86 TO MILE POST 3.88",HIF013406,21.347242,-157.894035,Permitted Feature,State Government,NPDES
"MOANALUA FREEWAY RESURFACING, MILE POST 0.86 TO MILE POST 3.88",HIF013406,21.345399,-157.893063,Permitted Feature,State Government,NPDES
"MOANALUA FREEWAY RESURFACING, MILE POST 0.86 TO MILE POST 3.88",HIF013406,21.344998,-157.893121,Permitted Feature,State Government,NPDES
"MOANALUA FREEWAY RESURFACING, MILE POST 0.86 TO MILE POST 3.88",HIF013406,21.341468,-157.888864,Permitted Feature,State Government,NPDES
"MOANALUA FREEWAY RESURFACING, MILE POST 0.86 TO MILE POST 3.88",HIF013406,21.341815,-157.887518,Permitted Feature,State Government,NPDES
"MOANALUA FREEWAY RESURFACING, MILE POST 0.86 TO MILE POST 3.88",HIF013406,21.341602,-157.886889,Permitted Feature,State Government,NPDES
"MOANALUA FREEWAY RESURFACING, MILE POST 0.86 TO MILE POST 3.88",HIF013406,21.341841,-157.886085,Permitted Feature,State Government,NPDES
"MOANALUA FREEWAY RESURFACING, MILE POST 0.86 TO MILE POST 3.88",HIF013406,21.369072,-157.914543,Permitted Feature,State Government,NPDES
"MOANALUA FREEWAY RESURFACING, MILE POST 0.86 TO MILE POST 3.88",HIF013406,21.36841,-157.914633,Permitted Feature,State Government,NPDES
"MAKAKILO WATER SYSTEM IMPROVEMENTS, PART III (3)",HIF013407,21.350359,-158.092248,Permitted Feature,Municipal or Water District,NPDES
"MAKAKILO WATER SYSTEM IMPROVEMENTS, PART III (3)",HIF013407,21.34946,-158.092623,Permitted Feature,Municipal or Water District,NPDES
"MAKAKILO WATER SYSTEM IMPROVEMENTS, PART III (3)",HIF013407,21.343932,-158.094546,Permitted Feature,Municipal or Water District,NPDES
"MAKAKILO WATER SYSTEM IMPROVEMENTS, PART III (3)",HIF013407,21.339423,-158.083689,Permitted Feature,Municipal or Water District,NPDES
"MAKAKILO WATER SYSTEM IMPROVEMENTS, PART III (3)",HIF013407,21.342796,-158.079775,Permitted Feature,Municipal or Water District,NPDES
KAHANA NUI BRIDGE REPLACEMENT PROJECT (2),HIF013411,20.977335,-156.677375,Permitted Feature,Municipal or Water District,NPDES
CANBY COMMUNITY CENTER,HIF013413,21.497993,-158.055081,Facility,Privately Owned Facility,NPDES
AIEA PBC,HIF013415,21.374358,-157.903431,Permitted Feature,Privately Owned Facility,NPDES
AIEA PBC,HIF013415,21.374416,-157.903238,Permitted Feature,Privately Owned Facility,NPDES
AIEA PBC,HIF013415,21.374125,-157.902362,Permitted Feature,Privately Owned Facility,NPDES
AIEA PBC,HIF013415,21.373216,-157.902922,Permitted Feature,Privately Owned Facility,NPDES
AIEA PBC,HIF013415,21.373894,-157.90164,Permitted Feature,Privately Owned Facility,NPDES
AIEA PBC,HIF013415,21.373242,-157.902165,Permitted Feature,Privately Owned Facility,NPDES
AIEA PBC,HIF013415,21.374358,-157.903431,Facility,Privately Owned Facility,NPDES
WAILEA GOLF ESTATES II CONDOMINIUM,HIF013417,20.684853,-156.443601,Permitted Feature,Privately Owned Facility,NPDES
UNITED CARGO FREIGHT,HIF013419,21.327691,-157.898939,Permitted Feature,Privately Owned Facility,NPDES
KAPOLEI BULK STORAGE TERMINAL,HIF013421,21.3142,-158.1182,Permitted Feature,Privately Owned Facility,NPDES
CM RECYCLING,HIF013425,21.327888,-157.892803,Permitted Feature,Privately Owned Facility,NPDES
CM RECYCLING,HIF013425,21.327888,-157.892803,Facility,Privately Owned Facility,NPDES
PTA BAAF,HIF013427,19.8375,-155.71545,Permitted Feature,Privately Owned Facility,NPDES
"CAMPBELL HIGH SCHOOL TRACK, FIELD, & OTHER IMPROVEMENTS",HIF013429,21.310567,-158.00559,Facility,State Government,NPDES
ALA MOANA BOULEVARD ELEVATED PEDESTRIAN WALKWAY (2),HIF013430,21.291432,-157.86035999999999,Permitted Feature,State Government,NPDES
ALA MOANA BOULEVARD ELEVATED PEDESTRIAN WALKWAY (2),HIF013430,21.294116,-157.856836,Permitted Feature,State Government,NPDES
ALA MOANA BOULEVARD ELEVATED PEDESTRIAN WALKWAY (2),HIF013430,21.293853,-157.856344,Permitted Feature,State Government,NPDES
ALA MOANA BOULEVARD ELEVATED PEDESTRIAN WALKWAY (2),HIF013430,21.293752,-157.856147,Permitted Feature,State Government,NPDES
ALA MOANA BOULEVARD ELEVATED PEDESTRIAN WALKWAY (2),HIF013430,21.293691,-157.856016,Permitted Feature,State Government,NPDES
ALA MOANA BOULEVARD ELEVATED PEDESTRIAN WALKWAY (2),HIF013430,21.29351,-157.855674,Permitted Feature,State Government,NPDES
ALA MOANA BOULEVARD ELEVATED PEDESTRIAN WALKWAY (2),HIF013430,21.293492,-157.855628,Permitted Feature,State Government,NPDES
ALA MOANA BOULEVARD ELEVATED PEDESTRIAN WALKWAY (2),HIF013430,21.294387,-157.857337,Permitted Feature,State Government,NPDES
PAR WEST FACILITY (2),HIF013431,21.306741,-158.114667,Permitted Feature,Privately Owned Facility,NPDES
PAR WEST FACILITY (2),HIF013431,21.305836,-158.114185,Permitted Feature,Privately Owned Facility,NPDES
FY22 MDTF #3 BUILDING 300,HIF013432,21.540527,-158.019804,Permitted Feature,Federal Facility (U.S. Government),NPDES
FY22 MDTF #3 BUILDING 300,HIF013432,21.54051,-158.01699,Permitted Feature,Federal Facility (U.S. Government),NPDES
KALIHIWAI PONDS (2),HIF013434,22.19061,-159.427944,Permitted Feature,Privately Owned Facility,NPDES
HARRIS REBAR SOUTH PACIFIC INC.,HIF013437,21.305892,-158.099754,Permitted Feature,Privately Owned Facility,NPDES
HARRIS REBAR SOUTH PACIFIC INC.,HIF013437,21.305892,-158.099754,Facility,Privately Owned Facility,NPDES
FY22 MDTF #3 BUILDING 300 (2),HIF013439,21.540527,-158.019804,Permitted Feature,Federal Facility (U.S. Government),NPDES
FY22 MDTF #3 BUILDING 300 (2),HIF013439,21.54051,-158.01699,Permitted Feature,Federal Facility (U.S. Government),NPDES
FY22 MDTF #3 BUILDING 300 (2),HIF013439,21.540527,-158.019804,Facility,Federal Facility (U.S. Government),NPDES
"PRINCEVILLE MAKAI RANCH HIHIMANU ROAD EXTENSION, HIHIMANU PLACE, ROAD G, AND ROA",HIF013441,22.217136,-159.457166,Permitted Feature,Privately Owned Facility,NPDES
"PRINCEVILLE MAKAI RANCH HIHIMANU ROAD EXTENSION, HIHIMANU PLACE, ROAD G, AND ROA",HIF013441,22.219992,-159.458488,Permitted Feature,Privately Owned Facility,NPDES
"PRINCEVILLE MAKAI RANCH HIHIMANU ROAD EXTENSION, HIHIMANU PLACE, ROAD G, AND ROA",HIF013441,22.222968,-159.457998,Permitted Feature,Privately Owned Facility,NPDES
"PRINCEVILLE MAKAI RANCH HIHIMANU ROAD EXTENSION, HIHIMANU PLACE, ROAD G, AND ROA",HIF013441,22.219206,-159.459503,Permitted Feature,Privately Owned Facility,NPDES
"PRINCEVILLE MAKAI RANCH HIHIMANU ROAD EXTENSION, HIHIMANU PLACE, ROAD G, AND ROA",HIF013441,22.218652,-159.460802,Permitted Feature,Privately Owned Facility,NPDES
"PRINCEVILLE MAKAI RANCH HIHIMANU ROAD EXTENSION, HIHIMANU PLACE, ROAD G, AND ROA",HIF013441,22.220693,-159.459406,Permitted Feature,Privately Owned Facility,NPDES
"PRINCEVILLE MAKAI RANCH HIHIMANU ROAD EXTENSION, HIHIMANU PLACE, ROAD G, AND ROA",HIF013441,22.220733,-159.459589,Permitted Feature,Privately Owned Facility,NPDES
"PRINCEVILLE MAKAI RANCH HIHIMANU ROAD EXTENSION, HIHIMANU PLACE, ROAD G, AND ROA",HIF013441,22.22071,-159.460103,Permitted Feature,Privately Owned Facility,NPDES
"PRINCEVILLE MAKAI RANCH HIHIMANU ROAD EXTENSION, HIHIMANU PLACE, ROAD G, AND ROA",HIF013441,22.220871,-159.46022,Permitted Feature,Privately Owned Facility,NPDES
"PRINCEVILLE MAKAI RANCH HIHIMANU ROAD EXTENSION, HIHIMANU PLACE, ROAD G, AND ROA",HIF013441,22.220686,-159.460781,Permitted Feature,Privately Owned Facility,NPDES
"PRINCEVILLE MAKAI RANCH HIHIMANU ROAD EXTENSION, HIHIMANU PLACE, ROAD G, AND ROA",HIF013441,22.220986,-159.460752,Permitted Feature,Privately Owned Facility,NPDES
"PRINCEVILLE MAKAI RANCH HIHIMANU ROAD EXTENSION, HIHIMANU PLACE, ROAD G, AND ROA",HIF013441,22.215152,-159.45364,Permitted Feature,Privately Owned Facility,NPDES
"PRINCEVILLE MAKAI RANCH HIHIMANU ROAD EXTENSION, HIHIMANU PLACE, ROAD G, AND ROA",HIF013441,22.216001,-159.452834,Permitted Feature,Privately Owned Facility,NPDES
"PRINCEVILLE MAKAI RANCH HIHIMANU ROAD EXTENSION, HIHIMANU PLACE, ROAD G, AND ROA",HIF013441,22.216309,-159.454471,Permitted Feature,Privately Owned Facility,NPDES
"PRINCEVILLE MAKAI RANCH HIHIMANU ROAD EXTENSION, HIHIMANU PLACE, ROAD G, AND ROA",HIF013441,22.216735,-159.454215,Permitted Feature,Privately Owned Facility,NPDES
"PRINCEVILLE MAKAI RANCH HIHIMANU ROAD EXTENSION, HIHIMANU PLACE, ROAD G, AND ROA",HIF013441,22.217133,-159.453675,Permitted Feature,Privately Owned Facility,NPDES
"PRINCEVILLE MAKAI RANCH HIHIMANU ROAD EXTENSION, HIHIMANU PLACE, ROAD G, AND ROA",HIF013441,22.217668,-159.453684,Permitted Feature,Privately Owned Facility,NPDES
"PRINCEVILLE MAKAI RANCH HIHIMANU ROAD EXTENSION, HIHIMANU PLACE, ROAD G, AND ROA",HIF013441,22.21553,-159.452392,Permitted Feature,Privately Owned Facility,NPDES
"PRINCEVILLE MAKAI RANCH HIHIMANU ROAD EXTENSION, HIHIMANU PLACE, ROAD G, AND ROA",HIF013441,22.212463,-159.450809,Permitted Feature,Privately Owned Facility,NPDES
"PRINCEVILLE MAKAI RANCH HIHIMANU ROAD EXTENSION, HIHIMANU PLACE, ROAD G, AND ROA",HIF013441,22.215837,-159.450659,Permitted Feature,Privately Owned Facility,NPDES
"PRINCEVILLE MAKAI RANCH HIHIMANU ROAD EXTENSION, HIHIMANU PLACE, ROAD G, AND ROA",HIF013441,22.217136,-159.457166,Facility,Privately Owned Facility,NPDES
KAHILINAI PLACE & AIEA DRIVE WATER SYSTEM IMPROVEMENTS,HIF013442,21.386093,-157.923929,Permitted Feature,Municipal or Water District,NPDES
KAHILINAI PLACE & AIEA DRIVE WATER SYSTEM IMPROVEMENTS,HIF013442,21.385113,-157.925581,Permitted Feature,Municipal or Water District,NPDES
KAHILINAI PLACE & AIEA DRIVE WATER SYSTEM IMPROVEMENTS,HIF013442,21.384905,-157.92765,Permitted Feature,Municipal or Water District,NPDES
KAHILINAI PLACE & AIEA DRIVE WATER SYSTEM IMPROVEMENTS,HIF013442,21.383473,-157.930055,Permitted Feature,Municipal or Water District,NPDES
KAHILINAI PLACE & AIEA DRIVE WATER SYSTEM IMPROVEMENTS,HIF013442,21.38731,-157.922194,Permitted Feature,Municipal or Water District,NPDES
KAHILINAI PLACE & AIEA DRIVE WATER SYSTEM IMPROVEMENTS (2),HIF013443,21.386093,-157.923929,Permitted Feature,Municipal or Water District,NPDES
KAHILINAI PLACE & AIEA DRIVE WATER SYSTEM IMPROVEMENTS (2),HIF013443,21.385113,-157.925581,Permitted Feature,Municipal or Water District,NPDES
KAHILINAI PLACE & AIEA DRIVE WATER SYSTEM IMPROVEMENTS (2),HIF013443,21.384905,-157.92765,Permitted Feature,Municipal or Water District,NPDES
KAHILINAI PLACE & AIEA DRIVE WATER SYSTEM IMPROVEMENTS (2),HIF013443,21.383473,-157.930055,Permitted Feature,Municipal or Water District,NPDES
KAHILINAI PLACE & AIEA DRIVE WATER SYSTEM IMPROVEMENTS (2),HIF013443,21.38731,-157.922194,Permitted Feature,Municipal or Water District,NPDES
REHABILITATION OF STREETS UNIT 65C,HIF013444,21.276777,-157.788058,Permitted Feature,Municipal or Water District,NPDES
REHABILITATION OF STREETS UNIT 65C,HIF013444,21.296722,-157.755603,Permitted Feature,Municipal or Water District,NPDES
REHABILITATION OF STREETS UNIT 65C,HIF013444,21.314854,-157.805537,Permitted Feature,Municipal or Water District,NPDES
REHABILITATION OF STREETS UNIT 65C,HIF013444,21.414244,-157.965902,Permitted Feature,Municipal or Water District,NPDES
REHABILITATION OF STREETS UNIT 65C,HIF013444,21.415307,-157.964483,Permitted Feature,Municipal or Water District,NPDES
REHABILITATION OF STREETS UNIT 65C,HIF013444,21.454373,-157.826139,Permitted Feature,Municipal or Water District,NPDES
REHABILITATION OF STREETS UNIT 65C,HIF013444,21.303417,-157.863686,Permitted Feature,Municipal or Water District,NPDES
VAN & AILEEN WAKI RESIDENCE,HIF013445,20.910727,-156.484508,Permitted Feature,Privately Owned Facility,NPDES
VAN & AILEEN WAKI RESIDENCE,HIF013445,20.910727,-156.484508,Facility,Privately Owned Facility,NPDES
ROTARY WING PARKING APRON PHASE II,HIF013449,21.476723,-158.028674,Permitted Feature,Federal Facility (U.S. Government),NPDES
ROTARY WING PARKING APRON PHASE II,HIF013449,21.476723,-158.028674,Permitted Feature,Federal Facility (U.S. Government),NPDES
WAIHEE LINE BOOSTER - REPLACEMENT OF PUMPING UNITS (2),HIF013450,21.460434,-157.840764,Permitted Feature,Municipal or Water District,NPDES
SAND ISLAND TERMINAL,HIF013451,21.314211,-157.888117,Permitted Feature,Privately Owned Facility,NPDES
KAWAIHAE TERMINAL (3),HIF013452,20.037224,-155.829726,Permitted Feature,Privately Owned Facility,NPDES
KAWAIHAE TERMINAL (3),HIF013452,20.03725,-155.829783,Permitted Feature,Privately Owned Facility,NPDES
OMAOPIO EHIKU SUBDIVISION,HIF013453,20.823038,-156.404427,Facility,Privately Owned Facility,NPDES
CALTECH SUBMILLIMETER OBSERVATORY DECOMMISSIONING,HIF013454,19.787,-155.49808,Permitted Feature,Privately Owned Facility,NPDES
CALTECH SUBMILLIMETER OBSERVATORY DECOMMISSIONING,HIF013454,19.787,-155.49808,Facility,Privately Owned Facility,NPDES
AHUA AND JBPHH WETLAND RESTORATION,HIF013455,21.316978,-157.957557,Facility,Federal Facility (U.S. Government),NPDES
HALEWILIKO HIGHLANDS SENIOR HOUSING,HIF013456,21.379343,-157.926657,Facility,Privately Owned Facility,NPDES
KALAWAHINE 180' 2.0 MG RESERVOIR CONNECTING PIPELINES,HIF013458,21.314,-157.8383,Permitted Feature,Municipal or Water District,NPDES
KALAWAHINE 180' 2.0 MG RESERVOIR CONNECTING PIPELINES,HIF013458,21.308985,-157.83911,Permitted Feature,Municipal or Water District,NPDES
KALAWAHINE 180' 2.0 MG RESERVOIR CONNECTING PIPELINES,HIF013458,21.290719,-157.847962,Permitted Feature,Municipal or Water District,NPDES
KALAWAHINE 180' 2.0 MG RESERVOIR CONNECTING PIPELINES,HIF013458,21.287778,-157.84222,Permitted Feature,Municipal or Water District,NPDES
KALAWAHINE 180' 2.0 MG RESERVOIR CONNECTING PIPELINES (2),HIF013460,21.314,-157.8383,Permitted Feature,Municipal or Water District,NPDES
KALAWAHINE 180' 2.0 MG RESERVOIR CONNECTING PIPELINES (2),HIF013460,21.308985,-157.83911,Permitted Feature,Municipal or Water District,NPDES
KALAWAHINE 180' 2.0 MG RESERVOIR CONNECTING PIPELINES (2),HIF013460,21.290719,-157.847962,Permitted Feature,Municipal or Water District,NPDES
KALAWAHINE 180' 2.0 MG RESERVOIR CONNECTING PIPELINES (2),HIF013460,21.287778,-157.84222,Permitted Feature,Municipal or Water District,NPDES
H2 RESIDENTIAL,HIF013466,20.647855,-156.442557,Permitted Feature,Privately Owned Facility,NPDES
LIHIKAI SCHOOL PARK IMPROVEMENTS,HIF013470,20.891187,-156.473542,Permitted Feature,Municipal or Water District,NPDES
LIHIKAI SCHOOL PARK IMPROVEMENTS,HIF013470,20.891187,-156.473542,Facility,Municipal or Water District,NPDES
TILECO INC.,HIF013472,21.306732,-158.09994,Permitted Feature,Privately Owned Facility,NPDES
TILECO INC.,HIF013472,21.305759,-158.102469,Permitted Feature,Privately Owned Facility,NPDES
KEEHI MARINE CENTER (2),HIF013474,21.320445,-157.892171,Permitted Feature,Privately Owned Facility,NPDES
KEEHI MARINE CENTER (2),HIF013474,21.320445,-157.892171,Facility,Privately Owned Facility,NPDES
MOLOKAI LANDFILL PHASE V DISPOSAL CELL & RELATED IMPROVEMENTS,HIF013475,21.11583,-157.06054,Facility,Municipal or Water District,NPDES
LEEWARD COMMUNITY COLLEGE,HIF013479,21.38809,-157.984409,Permitted Feature,State Government,NPDES
LEEWARD COMMUNITY COLLEGE,HIF013479,21.38809,-157.984409,Facility,State Government,NPDES
"KAMEHAMEHA HIGHWAY REHABILITATION, VICINITY OF KAPUHI STREET TO DAIRY ROAD (2)",HIF013482,21.6431,-158.0634,Permitted Feature,State Government,NPDES
"KAMEHAMEHA HIGHWAY REHABILITATION, VICINITY OF KAPUHI STREET TO DAIRY ROAD (2)",HIF013482,21.6462,-158.0635,Permitted Feature,State Government,NPDES
"KAMEHAMEHA HIGHWAY REHABILITATION, VICINITY OF KAPUHI STREET TO DAIRY ROAD (2)",HIF013482,21.6485,-158.0632,Permitted Feature,State Government,NPDES
"KAMEHAMEHA HIGHWAY REHABILITATION, VICINITY OF KAPUHI STREET TO DAIRY ROAD (2)",HIF013482,21.6496,-158.0633,Permitted Feature,State Government,NPDES
"KAMEHAMEHA HIGHWAY REHABILITATION, VICINITY OF KAPUHI STREET TO DAIRY ROAD (2)",HIF013482,21.6504,-158.0626,Permitted Feature,State Government,NPDES
"KAMEHAMEHA HIGHWAY REHABILITATION, VICINITY OF KAPUHI STREET TO DAIRY ROAD (2)",HIF013482,21.6511,-158.0618,Permitted Feature,State Government,NPDES
"KAMEHAMEHA HIGHWAY REHABILITATION, VICINITY OF KAPUHI STREET TO DAIRY ROAD (2)",HIF013482,21.6511,-158.0618,Permitted Feature,State Government,NPDES
"KAMEHAMEHA HIGHWAY REHABILITATION, VICINITY OF KAPUHI STREET TO DAIRY ROAD (2)",HIF013482,21.6515,-158.0517,Permitted Feature,State Government,NPDES
"KAMEHAMEHA HIGHWAY REHABILITATION, VICINITY OF KAPUHI STREET TO DAIRY ROAD (2)",HIF013482,21.653,-158.0615,Permitted Feature,State Government,NPDES
"KAMEHAMEHA HIGHWAY REHABILITATION, VICINITY OF KAPUHI STREET TO DAIRY ROAD (2)",HIF013482,21.6546,-158.0611,Permitted Feature,State Government,NPDES
"KAMEHAMEHA HIGHWAY REHABILITATION, VICINITY OF KAPUHI STREET TO DAIRY ROAD (2)",HIF013482,21.6577,-158.0579,Permitted Feature,State Government,NPDES
"KAMEHAMEHA HIGHWAY REHABILITATION, VICINITY OF KAPUHI STREET TO DAIRY ROAD (2)",HIF013482,21.6576,-158.0579,Permitted Feature,State Government,NPDES
"KAMEHAMEHA HIGHWAY REHABILITATION, VICINITY OF KAPUHI STREET TO DAIRY ROAD (2)",HIF013482,21.6591,-158.0582,Permitted Feature,State Government,NPDES
"KAMEHAMEHA HIGHWAY REHABILITATION, VICINITY OF KAPUHI STREET TO DAIRY ROAD (2)",HIF013482,21.6603,-158.0571,Permitted Feature,State Government,NPDES
"KAMEHAMEHA HIGHWAY REHABILITATION, VICINITY OF KAPUHI STREET TO DAIRY ROAD (2)",HIF013482,21.6608,-158.0547,Permitted Feature,State Government,NPDES
"KAMEHAMEHA HIGHWAY REHABILITATION, VICINITY OF KAPUHI STREET TO DAIRY ROAD (2)",HIF013482,21.6607,-158.0546,Permitted Feature,State Government,NPDES
"KAMEHAMEHA HIGHWAY REHABILITATION, VICINITY OF KAPUHI STREET TO DAIRY ROAD (2)",HIF013482,21.67264,-158.04159,Permitted Feature,State Government,NPDES
"KAMEHAMEHA HIGHWAY REHABILITATION, VICINITY OF KAPUHI STREET TO DAIRY ROAD (2)",HIF013482,21.6727,-158.0416,Permitted Feature,State Government,NPDES
"KAMEHAMEHA HIGHWAY REHABILITATION, VICINITY OF KAPUHI STREET TO DAIRY ROAD (2)",HIF013482,21.6725,-158.0415,Permitted Feature,State Government,NPDES
"KAMEHAMEHA HIGHWAY REHABILITATION, VICINITY OF KAPUHI STREET TO DAIRY ROAD (2)",HIF013482,21.6727,-158.0415,Permitted Feature,State Government,NPDES
"KAMEHAMEHA HIGHWAY REHABILITATION, VICINITY OF KAPUHI STREET TO DAIRY ROAD (2)",HIF013482,21.67256,-158.04145,Permitted Feature,State Government,NPDES
"KAMEHAMEHA HIGHWAY REHABILITATION, VICINITY OF KAPUHI STREET TO DAIRY ROAD (2)",HIF013482,21.6739,-158.0408,Permitted Feature,State Government,NPDES
"KAMEHAMEHA HIGHWAY REHABILITATION, VICINITY OF KAPUHI STREET TO DAIRY ROAD (2)",HIF013482,21.6746,-158.0403,Permitted Feature,State Government,NPDES
"KAMEHAMEHA HIGHWAY REHABILITATION, VICINITY OF KAPUHI STREET TO DAIRY ROAD (2)",HIF013482,21.6784,-158.0391,Permitted Feature,State Government,NPDES
"KAMEHAMEHA HIGHWAY REHABILITATION, VICINITY OF KAPUHI STREET TO DAIRY ROAD (2)",HIF013482,21.6804,-158.0343,Permitted Feature,State Government,NPDES
"KAMEHAMEHA HIGHWAY REHABILITATION, VICINITY OF KAPUHI STREET TO DAIRY ROAD (2)",HIF013482,21.6798,-158.034,Permitted Feature,State Government,NPDES
"KAMEHAMEHA HIGHWAY REHABILITATION, VICINITY OF KAPUHI STREET TO DAIRY ROAD (2)",HIF013482,21.6798,-158.03403,Permitted Feature,State Government,NPDES
"KAMEHAMEHA HIGHWAY REHABILITATION, VICINITY OF KAPUHI STREET TO DAIRY ROAD (2)",HIF013482,21.67986,-158.03399,Permitted Feature,State Government,NPDES
"KAMEHAMEHA HIGHWAY REHABILITATION, VICINITY OF KAPUHI STREET TO DAIRY ROAD (2)",HIF013482,21.6798,-158.0339,Permitted Feature,State Government,NPDES
"KAMEHAMEHA HIGHWAY REHABILITATION, VICINITY OF KAPUHI STREET TO DAIRY ROAD (2)",HIF013482,21.6806,-158.0343,Permitted Feature,State Government,NPDES
"KAMEHAMEHA HIGHWAY REHABILITATION, VICINITY OF KAPUHI STREET TO DAIRY ROAD (2)",HIF013482,21.6834,-158.03,Permitted Feature,State Government,NPDES
"KAMEHAMEHA HIGHWAY REHABILITATION, VICINITY OF KAPUHI STREET TO DAIRY ROAD (2)",HIF013482,21.683,-158.0295,Permitted Feature,State Government,NPDES
"KAMEHAMEHA HIGHWAY REHABILITATION, VICINITY OF KAPUHI STREET TO DAIRY ROAD (2)",HIF013482,21.6832,-158.0295,Permitted Feature,State Government,NPDES
"KAMEHAMEHA HIGHWAY REHABILITATION, VICINITY OF KAPUHI STREET TO DAIRY ROAD (2)",HIF013482,21.6861,-158.0306,Permitted Feature,State Government,NPDES
"KAMEHAMEHA HIGHWAY REHABILITATION, VICINITY OF KAPUHI STREET TO DAIRY ROAD (2)",HIF013482,21.6876,-158.0283,Permitted Feature,State Government,NPDES
"KAMEHAMEHA HIGHWAY REHABILITATION, VICINITY OF KAPUHI STREET TO DAIRY ROAD (2)",HIF013482,21.6685,-158.0477,Permitted Feature,State Government,NPDES
MOGHADAM RESIDENCE,HIF013483,21.013246,-156.637782,Permitted Feature,Privately Owned Facility,NPDES
UNIVERSITY OF HAWAII WEST OAHU,HIF013487,21.355278,-158.060556,Permitted Feature,State Government,NPDES
UNIVERSITY OF HAWAII WEST OAHU,HIF013487,21.349167,-158.058056,Permitted Feature,State Government,NPDES
UNIVERSITY OF HAWAII WEST OAHU,HIF013487,21.348889,-158.057778,Permitted Feature,State Government,NPDES
UNIVERSITY OF HAWAII WEST OAHU,HIF013487,21.353611,-158.055,Permitted Feature,State Government,NPDES
UNIVERSITY OF HAWAII WEST OAHU,HIF013487,21.353056,-158.055278,Permitted Feature,State Government,NPDES
UNIVERSITY OF HAWAII WEST OAHU,HIF013487,21.351944,-158.055278,Permitted Feature,State Government,NPDES
UNIVERSITY OF HAWAII WEST OAHU,HIF013487,21.34611,-158.05556,Permitted Feature,State Government,NPDES
UNIVERSITY OF HAWAII WEST OAHU,HIF013487,21.351667,-158.05556,Permitted Feature,State Government,NPDES
UNIVERSITY OF HAWAII WEST OAHU,HIF013487,21.35222,-158.055556,Permitted Feature,State Government,NPDES
UNIVERSITY OF HAWAII WEST OAHU,HIF013487,21.35444,-158.055,Permitted Feature,State Government,NPDES
UNIVERSITY OF HAWAII WEST OAHU,HIF013487,21.35556,-158.054722,Permitted Feature,State Government,NPDES
UNIVERSITY OF HAWAII WEST OAHU,HIF013487,21.355278,-158.060556,Facility,State Government,NPDES
KAPAA 272-FOOT RESERVOIR REPLACEMENT PROJECT,HIF013491,21.40574,-157.75929,Permitted Feature,Municipality,NPDES
KAPAA 272-FOOT RESERVOIR REPLACEMENT PROJECT,HIF013491,21.40574,-157.75929,Facility,Municipality,NPDES
DANIEL K. INOUYE INTERNATIONAL AIRPORT,HIF013493,21.310276000000002,-157.932147,Permitted Feature,State Government,NPDES
DANIEL K. INOUYE INTERNATIONAL AIRPORT,HIF013493,21.310606,-157.929008,Permitted Feature,State Government,NPDES
DANIEL K. INOUYE INTERNATIONAL AIRPORT,HIF013493,21.310279,-157.939305,Permitted Feature,State Government,NPDES
DANIEL K. INOUYE INTERNATIONAL AIRPORT,HIF013493,21.315483,-157.945749,Permitted Feature,State Government,NPDES
DANIEL K. INOUYE INTERNATIONAL AIRPORT,HIF013493,21.3163,-157.945649,Permitted Feature,State Government,NPDES
DANIEL K. INOUYE INTERNATIONAL AIRPORT,HIF013493,21.314932,-157.945696,Permitted Feature,State Government,NPDES
DANIEL K. INOUYE INTERNATIONAL AIRPORT,HIF013493,21.314384,-157.94556,Permitted Feature,State Government,NPDES
DANIEL K. INOUYE INTERNATIONAL AIRPORT,HIF013493,21.313825,-157.945433,Permitted Feature,State Government,NPDES
DANIEL K. INOUYE INTERNATIONAL AIRPORT,HIF013493,21.313263,-157.945414,Permitted Feature,State Government,NPDES
DANIEL K. INOUYE INTERNATIONAL AIRPORT,HIF013493,21.312688,-157.94532,Permitted Feature,State Government,NPDES
DANIEL K. INOUYE INTERNATIONAL AIRPORT,HIF013493,21.312122,-157.945239,Permitted Feature,State Government,NPDES
DANIEL K. INOUYE INTERNATIONAL AIRPORT,HIF013493,21.311578,-157.945103,Permitted Feature,State Government,NPDES
DANIEL K. INOUYE INTERNATIONAL AIRPORT,HIF013493,21.310673,-157.945149,Permitted Feature,State Government,NPDES
DANIEL K. INOUYE INTERNATIONAL AIRPORT,HIF013493,21.310249,-157.945049,Permitted Feature,State Government,NPDES
DANIEL K. INOUYE INTERNATIONAL AIRPORT,HIF013493,21.310306,-157.943192,Permitted Feature,State Government,NPDES
DANIEL K. INOUYE INTERNATIONAL AIRPORT,HIF013493,21.310333,-157.941254,Permitted Feature,State Government,NPDES
DANIEL K. INOUYE INTERNATIONAL AIRPORT,HIF013493,21.303742,-157.93738,Permitted Feature,State Government,NPDES
DANIEL K. INOUYE INTERNATIONAL AIRPORT,HIF013493,21.310083,-157.9345,Permitted Feature,State Government,NPDES
DANIEL K. INOUYE INTERNATIONAL AIRPORT,HIF013493,21.329694,-157.901019,Permitted Feature,State Government,NPDES
DANIEL K. INOUYE INTERNATIONAL AIRPORT,HIF013493,21.328896,-157.900237,Permitted Feature,State Government,NPDES
DANIEL K. INOUYE INTERNATIONAL AIRPORT,HIF013493,21.331139,-157.903472,Permitted Feature,State Government,NPDES
DANIEL K. INOUYE INTERNATIONAL AIRPORT,HIF013493,21.330806,-157.903806,Permitted Feature,State Government,NPDES
DANIEL K. INOUYE INTERNATIONAL AIRPORT,HIF013493,21.330806,-157.903806,Permitted Feature,State Government,NPDES
DANIEL K. INOUYE INTERNATIONAL AIRPORT,HIF013493,21.330806,-157.903806,Permitted Feature,State Government,NPDES
DANIEL K. INOUYE INTERNATIONAL AIRPORT,HIF013493,21.330806,-157.903806,Permitted Feature,State Government,NPDES
DANIEL K. INOUYE INTERNATIONAL AIRPORT,HIF013493,21.330806,-157.903806,Permitted Feature,State Government,NPDES
DANIEL K. INOUYE INTERNATIONAL AIRPORT,HIF013493,21.331203,-157.905337,Permitted Feature,State Government,NPDES
DANIEL K. INOUYE INTERNATIONAL AIRPORT,HIF013493,21.320326,-157.909157,Permitted Feature,State Government,NPDES
DANIEL K. INOUYE INTERNATIONAL AIRPORT,HIF013493,21.321385,-157.907648,Permitted Feature,State Government,NPDES
DANIEL K. INOUYE INTERNATIONAL AIRPORT,HIF013493,21.326031,-157.900858,Permitted Feature,State Government,NPDES
DANIEL K. INOUYE INTERNATIONAL AIRPORT,HIF013493,21.313157,-157.919227,Permitted Feature,State Government,NPDES
DANIEL K. INOUYE INTERNATIONAL AIRPORT,HIF013493,21.31375,-157.918277,Permitted Feature,State Government,NPDES
DANIEL K. INOUYE INTERNATIONAL AIRPORT,HIF013493,21.313902,-157.917698,Permitted Feature,State Government,NPDES
DANIEL K. INOUYE INTERNATIONAL AIRPORT,HIF013493,21.314524,-157.916895,Permitted Feature,State Government,NPDES
DANIEL K. INOUYE INTERNATIONAL AIRPORT,HIF013493,21.31499,-157.916409,Permitted Feature,State Government,NPDES
DANIEL K. INOUYE INTERNATIONAL AIRPORT,HIF013493,21.324089,-157.90366,Permitted Feature,State Government,NPDES
DANIEL K. INOUYE INTERNATIONAL AIRPORT,HIF013493,21.3164,-157.914829,Permitted Feature,State Government,NPDES
DANIEL K. INOUYE INTERNATIONAL AIRPORT,HIF013493,21.316942,-157.914,Permitted Feature,State Government,NPDES
DANIEL K. INOUYE INTERNATIONAL AIRPORT,HIF013493,21.31761,-157.912812,Permitted Feature,State Government,NPDES
DANIEL K. INOUYE INTERNATIONAL AIRPORT,HIF013493,21.318607,-157.911502,Permitted Feature,State Government,NPDES
DANIEL K. INOUYE INTERNATIONAL AIRPORT,HIF013493,21.318826,-157.91067,Permitted Feature,State Government,NPDES
DANIEL K. INOUYE INTERNATIONAL AIRPORT,HIF013493,21.311241,-157.919206,Permitted Feature,State Government,NPDES
DANIEL K. INOUYE INTERNATIONAL AIRPORT,HIF013493,21.310771,-157.918506,Permitted Feature,State Government,NPDES
DANIEL K. INOUYE INTERNATIONAL AIRPORT,HIF013493,21.310641,-157.916901,Permitted Feature,State Government,NPDES
DANIEL K. INOUYE INTERNATIONAL AIRPORT,HIF013493,21.310648,-157.914986,Permitted Feature,State Government,NPDES
DANIEL K. INOUYE INTERNATIONAL AIRPORT,HIF013493,21.310658,-157.913099,Permitted Feature,State Government,NPDES
DANIEL K. INOUYE INTERNATIONAL AIRPORT,HIF013493,21.310641,-157.911258,Permitted Feature,State Government,NPDES
DANIEL K. INOUYE INTERNATIONAL AIRPORT,HIF013493,21.322949,-157.905386,Permitted Feature,State Government,NPDES
DANIEL K. INOUYE INTERNATIONAL AIRPORT,HIF013493,21.313472,-157.918833,Permitted Feature,State Government,NPDES
DANIEL K. INOUYE INTERNATIONAL AIRPORT,HIF013493,21.315751,-157.915687,Permitted Feature,State Government,NPDES
DANIEL K. INOUYE INTERNATIONAL AIRPORT,HIF013493,21.310702,-157.908812,Permitted Feature,State Government,NPDES
DANIEL K. INOUYE INTERNATIONAL AIRPORT,HIF013493,21.315696,-157.94717,Permitted Feature,State Government,NPDES
DANIEL K. INOUYE INTERNATIONAL AIRPORT,HIF013493,21.315352,-157.946943,Permitted Feature,State Government,NPDES
DANIEL K. INOUYE INTERNATIONAL AIRPORT,HIF013493,21.314801,-157.946907,Permitted Feature,State Government,NPDES
DANIEL K. INOUYE INTERNATIONAL AIRPORT,HIF013493,21.314243,-157.946824,Permitted Feature,State Government,NPDES
DANIEL K. INOUYE INTERNATIONAL AIRPORT,HIF013493,21.313671,-157.94675,Permitted Feature,State Government,NPDES
DANIEL K. INOUYE INTERNATIONAL AIRPORT,HIF013493,21.313126,-157.946678,Permitted Feature,State Government,NPDES
DANIEL K. INOUYE INTERNATIONAL AIRPORT,HIF013493,21.312541,-157.946597,Permitted Feature,State Government,NPDES
DANIEL K. INOUYE INTERNATIONAL AIRPORT,HIF013493,21.31196,-157.946562,Permitted Feature,State Government,NPDES
DANIEL K. INOUYE INTERNATIONAL AIRPORT,HIF013493,21.311409,-157.946495,Permitted Feature,State Government,NPDES
DANIEL K. INOUYE INTERNATIONAL AIRPORT,HIF013493,21.311125,-157.946443,Permitted Feature,State Government,NPDES
DANIEL K. INOUYE INTERNATIONAL AIRPORT,HIF013493,21.334564,-157.927833,Permitted Feature,State Government,NPDES
DANIEL K. INOUYE INTERNATIONAL AIRPORT,HIF013493,21.327847,-157.929331,Permitted Feature,State Government,NPDES
DANIEL K. INOUYE INTERNATIONAL AIRPORT,HIF013493,21.328056,-157.929639,Permitted Feature,State Government,NPDES
DANIEL K. INOUYE INTERNATIONAL AIRPORT,HIF013493,21.332752,-157.929183,Permitted Feature,State Government,NPDES
DANIEL K. INOUYE INTERNATIONAL AIRPORT,HIF013493,21.326704,-157.92937,Permitted Feature,State Government,NPDES
DANIEL K. INOUYE INTERNATIONAL AIRPORT,HIF013493,21.331201,-157.904446,Permitted Feature,State Government,NPDES
DANIEL K. INOUYE INTERNATIONAL AIRPORT,HIF013493,21.312278,-157.919806,Permitted Feature,State Government,NPDES
DANIEL K. INOUYE INTERNATIONAL AIRPORT,HIF013493,21.310278,-157.937364,Permitted Feature,State Government,NPDES
DANIEL K. INOUYE INTERNATIONAL AIRPORT,HIF013493,21.310249,-157.929427,Permitted Feature,State Government,NPDES
310 E KAHAOPEA DEVELOPMENT,HIF013496,19.68999,-155.06583,Facility,Privately Owned Facility,NPDES
TROPIC GARDENS CONDOMINIUM: UTILITIES IMPROVEMENTS,HIF013498,21.281368,-157.785216,Permitted Feature,Privately Owned Facility,NPDES
TROPIC GARDENS CONDOMINIUM: UTILITIES IMPROVEMENTS,HIF013498,21.281368,-157.785216,Facility,Privately Owned Facility,NPDES
WEST MAUI CONSTRUCTION WAREHOUSE,HIF013499,20.897937,-156.44746,Permitted Feature,Privately Owned Facility,NPDES
WAENA 69KV SWITCHYARD CW35647,HIF013500,20.847389,-156.414069,Facility,Municipal or Water District,NPDES
"REHABILITATION OF LOCALIZED STREETS, PHASE 12E - ADDITIONAL STAGING AREAS",HIF013501,21.303726,-157.863655,Permitted Feature,Municipal or Water District,NPDES
"REHABILITATION OF LOCALIZED STREETS, PHASE 12E - ADDITIONAL STAGING AREAS",HIF013501,21.294387,-157.857393,Permitted Feature,Municipal or Water District,NPDES
"REHABILITATION OF LOCALIZED STREETS, PHASE 12E - ADDITIONAL STAGING AREAS",HIF013501,21.29186,-157.855836,Permitted Feature,Municipal or Water District,NPDES
STORM WATER MANAGEMENT PLAN IMPROVEMENTS AT BERETANIA COMPLEX AND HEEIA CORPORAT,HIF013504,21.303597,-157.863656,Permitted Feature,Municipal or Water District,NPDES
STORM WATER MANAGEMENT PLAN IMPROVEMENTS AT BERETANIA COMPLEX AND HEEIA CORPORAT,HIF013504,21.430662,-157.805878,Permitted Feature,Municipal or Water District,NPDES
STORM WATER MANAGEMENT PLAN IMPROVEMENTS AT BERETANIA COMPLEX AND HEEIA CORPORAT,HIF013504,21.303597,-157.863656,Facility,Municipal or Water District,NPDES
HERTZ STAGING YARD (2),HIF013505,21.332178,-157.90439,Permitted Feature,Municipal or Water District,NPDES
KAIAULU O KAPIOLANI,HIF013508,19.71688,-155.087043,Permitted Feature,Privately Owned Facility,NPDES
KILAUEA AVENUE AND KEAWE STREET REHABILITATION FROM PONAHAWAI STREET TO WAIANUEN,HIF013509,19.7222,-155.083592,Permitted Feature,Municipal or Water District,NPDES
KILAUEA AVENUE AND KEAWE STREET REHABILITATION FROM PONAHAWAI STREET TO WAIANUEN,HIF013509,19.726214,-155.085947,Permitted Feature,Municipal or Water District,NPDES
KILAUEA AVENUE AND KEAWE STREET REHABILITATION FROM PONAHAWAI STREET TO WAIANUEN,HIF013509,19.722063,-155.083053,Permitted Feature,Municipal or Water District,NPDES
GOLDEN STATE FOODS (2),HIF013512,21.384809,-158.012632,Permitted Feature,Privately Owned Facility,NPDES
GOLDEN STATE FOODS (2),HIF013512,21.395927,-157.952109,Permitted Feature,Privately Owned Facility,NPDES
RESIDENCE FOR HUDSPITH TRUST,HIF013515,19.84628,-155.97393,Facility,Privately Owned Facility,NPDES
OLOWALU MAUKA SUBDIVISION SITE IMPROVEMENTS,HIF013518,20.812714,-156.626953,Permitted Feature,Privately Owned Facility,NPDES
OLOWALU MAUKA SUBDIVISION SITE IMPROVEMENTS,HIF013518,20.810389,-156.609025,Permitted Feature,Privately Owned Facility,NPDES
OLOWALU MAUKA SUBDIVISION SITE IMPROVEMENTS,HIF013518,20.812714,-156.626953,Facility,Privately Owned Facility,NPDES
AWESOME AVOCADOS FARM,HIF013519,19.490493,-154.872744,Facility,Privately Owned Facility,NPDES
MAMALAHOA HIGHWAY MP 17.9 TO MP 20.8 AND MP 21.3 TO MP 26.2,HIF013521,19.887358,-155.906473,Facility,State Government,NPDES
WATER TANK L1661,HIF013522,21.502621,-158.059384,Facility,Federal Facility (U.S. Government),NPDES
LAHAINA WASTEWATER RECLAMATION FACILITY,HIF013523,20.946091,-156.687351,Permitted Feature,Municipal or Water District,NPDES
LAHAINA WASTEWATER RECLAMATION FACILITY,HIF013523,20.945343,-156.687528,Permitted Feature,Municipal or Water District,NPDES
LAHAINA WASTEWATER RECLAMATION FACILITY,HIF013523,20.943077,-156.688748,Permitted Feature,Municipal or Water District,NPDES
WAILUKU-KAHULUI WASTEWATER RECLAMATION FACILITY (2),HIF013524,20.895259,-156.457945,Permitted Feature,Municipal or Water District,NPDES
WAILUKU-KAHULUI WASTEWATER RECLAMATION FACILITY (2),HIF013524,20.895482,-156.456228,Permitted Feature,Municipal or Water District,NPDES
WAILUKU-KAHULUI WASTEWATER RECLAMATION FACILITY (2),HIF013524,20.8956,-156.455365,Permitted Feature,Municipal or Water District,NPDES
WAILUKU-KAHULUI WASTEWATER RECLAMATION FACILITY (2),HIF013524,20.895749,-156.453738,Permitted Feature,Municipal or Water District,NPDES
WAILUKU-KAHULUI WASTEWATER RECLAMATION FACILITY (2),HIF013524,20.89701,-156.456113,Permitted Feature,Municipal or Water District,NPDES
AES MOUNTAIN VIEW SOLAR   STORAGE,HIF013525,21.455044,-158.182362,Permitted Feature,Privately Owned Facility,NPDES
AES MOUNTAIN VIEW SOLAR   STORAGE,HIF013525,21.452575,-158.183745,Permitted Feature,Privately Owned Facility,NPDES
"WEST OAHU AGGREGATE COMPANY, INC. NANAKULI SITE",HIF013529,21.406917,-158.143519,Permitted Feature,Privately Owned Facility,NPDES
"WEST OAHU AGGREGATE COMPANY, INC. NANAKULI SITE",HIF013529,21.405625,-158.14504,Permitted Feature,Privately Owned Facility,NPDES
"WEST OAHU AGGREGATE COMPANY, INC. NANAKULI SITE",HIF013529,21.404451,-158.144936,Permitted Feature,Privately Owned Facility,NPDES
"WEST OAHU AGGREGATE COMPANY, INC. NANAKULI SITE",HIF013529,21.405625,-158.14504,Facility,Privately Owned Facility,NPDES
"PINERIDGE FARMS, INC. UMI ST",HIF013530,21.333169,-157.883587,Permitted Feature,Privately Owned Facility,NPDES
"PINERIDGE FARMS, INC. UMI ST",HIF013530,21.333169,-157.883587,Facility,Privately Owned Facility,NPDES
KIHEI WASTEWATER RECLAMATION FACILITY (2),HIF013531,20.735108,-156.444169,Permitted Feature,Municipal or Water District,NPDES
KIHEI WASTEWATER RECLAMATION FACILITY (2),HIF013531,20.737047,-156.444147,Permitted Feature,Municipal or Water District,NPDES
KIHEI WASTEWATER RECLAMATION FACILITY (2),HIF013531,20.735108,-156.444169,Facility,Municipal or Water District,NPDES
HUI HUI FARMS,HIF013532,20.853099,-156.500468,Facility,Privately Owned Facility,NPDES
"KONA FACILITY, BIG ISLAND SCRAP METAL",HIF013534,19.685379,-156.034308,Permitted Feature,Privately Owned Facility,NPDES
HONOLULU FREIGHT SERVICE,HIF013535,21.315079,-157.876002,Permitted Feature,Privately Owned Facility,NPDES
OAHU DISTRICT MAINTENANCE BASEYARD,HIF013536,21.319703,-157.891984,Permitted Feature,State Government,NPDES
OAHU DISTRICT MAINTENANCE BASEYARD,HIF013536,21.32006,-157.891441,Permitted Feature,State Government,NPDES
OAHU DISTRICT MAINTENANCE BASEYARD,HIF013536,21.320158,-157.891331,Permitted Feature,State Government,NPDES
OAHU DISTRICT MAINTENANCE BASEYARD,HIF013536,21.319703,-157.891984,Facility,State Government,NPDES
"POLYNESIAN ADVENTURE TOURS, LLC - KAUAI STATION",HIF013537,21.968851,-159.356824,Permitted Feature,Privately Owned Facility,NPDES
"POLYNESIAN ADVENTURE TOURS, LLC - KAUAI STATION",HIF013537,21.968851,-159.356824,Facility,Privately Owned Facility,NPDES
TAXIWAY AND RUNWAY LIGHTING REPLACEMENT,HIF013538,19.723762,-155.062097,Facility,State Government,NPDES
"WAIANAE WATER SYSTEM IMPROVEMENTS, PART III (2)",HIF013540,21.453446,-158.201319,Permitted Feature,Municipal or Water District,NPDES
"WAIANAE WATER SYSTEM IMPROVEMENTS, PART III (2)",HIF013540,21.448189,-158.193504,Permitted Feature,Municipal or Water District,NPDES
"WAIANAE WATER SYSTEM IMPROVEMENTS, PART III (2)",HIF013540,21.442586,-158.18961,Permitted Feature,Municipal or Water District,NPDES
"WAIANAE WATER SYSTEM IMPROVEMENTS, PART III (2)",HIF013540,21.439416,-158.18848499999999,Permitted Feature,Municipal or Water District,NPDES
"WAIANAE WATER SYSTEM IMPROVEMENTS, PART III (3)",HIF013541,21.453446,-158.201519,Permitted Feature,Municipal or Water District,NPDES
"WAIANAE WATER SYSTEM IMPROVEMENTS, PART III (3)",HIF013541,21.451604,-158.198397,Permitted Feature,Municipal or Water District,NPDES
"WAIANAE WATER SYSTEM IMPROVEMENTS, PART III (3)",HIF013541,21.448189,-158.193504,Permitted Feature,Municipal or Water District,NPDES
"WAIANAE WATER SYSTEM IMPROVEMENTS, PART III (3)",HIF013541,21.442586,-158.18961,Permitted Feature,Municipal or Water District,NPDES
"WAIANAE WATER SYSTEM IMPROVEMENTS, PART III (3)",HIF013541,21.439416,-158.18848499999999,Permitted Feature,Municipal or Water District,NPDES
KUNIA WELLS III,HIF013546,21.392381,-158.01933,Permitted Feature,Municipal or Water District,NPDES
KUNIA WELLS III,HIF013546,21.392381,-158.01933,Facility,Municipal or Water District,NPDES
PACIFIC BIODIESEL (3),HIF013547,19.632998,-155.053296,Permitted Feature,Privately Owned Facility,NPDES
C&S LOGISTICS OF HAWAII LLC (2),HIF013549,21.311591,-158.100074,Permitted Feature,Privately Owned Facility,NPDES
C&S LOGISTICS OF HAWAII LLC (2),HIF013549,21.311581,-158.100043,Permitted Feature,Privately Owned Facility,NPDES
C&S LOGISTICS OF HAWAII LLC (2),HIF013549,21.312289,-158.102088,Permitted Feature,Privately Owned Facility,NPDES
"ORDER #5: KAHEKILI HIGHWAY REHABILITATION, KAMEHAMEHA HIGHWAY TO WEST HUI IWA ST",HIF013550,21.44921,-157.83494,Facility,State Government,NPDES
NOAA DANIEL K. INOUYE REGIONAL CENTER (IRC),HIF013551,21.365627,-157.963143,Permitted Feature,Federal Facility (U.S. Government),NPDES
BLACK PLUMERIA,HIF013554,21.327941,-157.892821,Permitted Feature,Privately Owned Facility,NPDES
ASPHALT PAVING MATERIALS STOCKPILE AREA,HIF013555,21.327941,-157.892821,Permitted Feature,Privately Owned Facility,NPDES
ANUENUE HALE LLC,HIF013557,20.842192,-156.640356,Facility,Privately Owned Facility,NPDES
ASPHALT HAWAII TERMINAL,HIF013558,21.322764,-158.109656,Permitted Feature,Privately Owned Facility,NPDES
MAKAKILO QUARRY,HIF013559,21.353482,-158.064364,Permitted Feature,Privately Owned Facility,NPDES
MAKAKILO QUARRY,HIF013559,21.353482,-158.064364,Facility,Privately Owned Facility,NPDES
KALAELOA HMA PLANT,HIF013560,21.314203,-158.119054,Permitted Feature,Privately Owned Facility,NPDES
GRACE PACIFIC KAPAA HMA PLANT,HIF013563,21.390648,-157.775481,Permitted Feature,Privately Owned Facility,NPDES
GRACE PACIFIC KAPAA HMA PLANT,HIF013563,21.390648,-157.775481,Facility,Privately Owned Facility,NPDES
GP ROADWAY SOLUTIONS MAPUNAPUNA,HIF013566,21.333676,-157.893719,Permitted Feature,Privately Owned Facility,NPDES
HALF WAY BRIDGE ROCK QUARRY AND CRUSHER (2),HIF013571,21.966944,-159.448611,Permitted Feature,Privately Owned Facility,NPDES
HALF WAY BRIDGE ROCK QUARRY AND CRUSHER (2),HIF013571,21.963333,-159.448888,Permitted Feature,Privately Owned Facility,NPDES
HALF WAY BRIDGE ROCK QUARRY AND CRUSHER (2),HIF013571,21.963611,-159.446944,Permitted Feature,Privately Owned Facility,NPDES
HALF WAY BRIDGE ROCK QUARRY AND CRUSHER (2),HIF013571,21.965278,-159.458889,Permitted Feature,Privately Owned Facility,NPDES
HALF WAY BRIDGE ROCK QUARRY AND CRUSHER (2),HIF013571,21.9675,-159.448611,Permitted Feature,Privately Owned Facility,NPDES
HALF WAY BRIDGE ROCK QUARRY AND CRUSHER (2),HIF013571,21.9625,-159.441944,Permitted Feature,Privately Owned Facility,NPDES
HALF WAY BRIDGE ROCK QUARRY AND CRUSHER (2),HIF013571,21.963333,-159.444722,Permitted Feature,Privately Owned Facility,NPDES
HALF WAY BRIDGE ROCK QUARRY AND CRUSHER (2),HIF013571,21.964725,-159.445326,Permitted Feature,Privately Owned Facility,NPDES
NEW MAHAULEPU QUARRY (2),HIF013572,21.901929,-159.413232,Permitted Feature,Privately Owned Facility,NPDES
LANAI LANDFILL,HIF013573,20.879467000000002,-156.768163,Permitted Feature,Municipal or Water District,NPDES
LANAI LANDFILL,HIF013573,20.879467000000002,-156.768163,Facility,Municipal or Water District,NPDES
PHT BASEYARD,HIF013575,21.314815,-157.871386,Permitted Feature,Privately Owned Facility,NPDES
PHT BASEYARD,HIF013575,21.314815,-157.871386,Facility,Privately Owned Facility,NPDES
PORT ALLEN TERMINAL (3),HIF013576,21.898105,-159.585549,Permitted Feature,Privately Owned Facility,NPDES
PORT ALLEN TERMINAL (3),HIF013576,21.898796,-159.58661,Permitted Feature,Privately Owned Facility,NPDES
HONOLULU TERMINAL MARINE (2),HIF013577,21.31122,-157.874214,Permitted Feature,Privately Owned Facility,NPDES
MOLOKAI LANDFILL,HIF013578,21.114842,-157.061676,Permitted Feature,Municipal or Water District,NPDES
MOLOKAI LANDFILL,HIF013578,21.11816,-157.060166,Permitted Feature,Municipal or Water District,NPDES
PACIFIC AIR CARGO (2),HIF013581,21.316959,-157.914085,Permitted Feature,Privately Owned Facility,NPDES
LOWE QUARRY,HIF013582,19.679356,-156.030455,Permitted Feature,Privately Owned Facility,NPDES
KAUAI AGGREGATES QUARRY (2),HIF013583,21.896525,-159.57431,Permitted Feature,Privately Owned Facility,NPDES
KAUAI AGGREGATES QUARRY (2),HIF013583,21.896525,-159.57431,Facility,Privately Owned Facility,NPDES
GRACE PACIFIC MANAWAINUI FACILITY,HIF013585,21.100615,-157.062833,Permitted Feature,Privately Owned Facility,NPDES
ALOHA PETROLEUM HONOLULU TERMINAL,HIF013587,21.311505,-157.874417,Permitted Feature,Privately Owned Facility,NPDES
ALOHA PETROLEUM HONOLULU TERMINAL,HIF013587,21.311535,-157.874452,Permitted Feature,Privately Owned Facility,NPDES
DREAMHOUSE CENTER,HIF013588,21.32583,-158.08889,Permitted Feature,Privately Owned Facility,NPDES
K4 MANINIOWALI PHASE 3 LOT 4,HIF013589,19.803333,-156.006667,Facility,Privately Owned Facility,NPDES
NEW CITY NISSAN WEST,HIF013590,21.32583,-158.08889,Permitted Feature,Privately Owned Facility,NPDES
NEW CITY NISSAN WEST,HIF013590,21.32583,-158.08889,Facility,Privately Owned Facility,NPDES
OAHU DISTRIBUTION CENTER,HIF013591,21.387186,-158.008592,Permitted Feature,Privately Owned Facility,NPDES
OAHU DISTRIBUTION CENTER,HIF013591,21.387094,-158.009383,Permitted Feature,Privately Owned Facility,NPDES
OAHU DISTRIBUTION CENTER,HIF013591,21.386867,-158.009875,Permitted Feature,Privately Owned Facility,NPDES
OAHU DISTRIBUTION CENTER,HIF013591,21.386489,-158.009853,Permitted Feature,Privately Owned Facility,NPDES
OAHU DISTRIBUTION CENTER,HIF013591,21.386364,-158.009719,Permitted Feature,Privately Owned Facility,NPDES
OAHU DISTRIBUTION CENTER,HIF013591,21.386022,-158.008936,Permitted Feature,Privately Owned Facility,NPDES
OAHU DISTRIBUTION CENTER,HIF013591,21.387186,-158.008592,Facility,Privately Owned Facility,NPDES
ALOHA PETROLEUM TFM TERMINAL,HIF013592,21.303108,-158.102101,Permitted Feature,Privately Owned Facility,NPDES
ALOHA PETROLEUM TFM TERMINAL,HIF013592,21.302825,-158.102016,Permitted Feature,Privately Owned Facility,NPDES
ALOHA PETROLEUM TFM TERMINAL,HIF013592,21.302338,-158.101946,Permitted Feature,Privately Owned Facility,NPDES
ALOHA PETROLEUM NAWILIWILI TERMINAL,HIF013593,21.954791,-159.356882,Permitted Feature,Privately Owned Facility,NPDES
ALOHA PETROLEUM NAWILIWILI TERMINAL,HIF013593,21.955198,-159.356801,Permitted Feature,Privately Owned Facility,NPDES
WAIOMAO HOMESTEAD ROAD: 8-INCH WATER MAIN,HIF013594,21.311,-157.7822,Permitted Feature,Municipal or Water District,NPDES
WAIOMAO HOMESTEAD ROAD: 8-INCH WATER MAIN,HIF013594,21.312,-157.7812,Permitted Feature,Municipal or Water District,NPDES
HANS L'ORANGE NEIGHBORHOOD PARK-PARKING LOT AND COMFORT STATION,HIF013595,21.383779,-157.99203,Facility,Municipal or Water District,NPDES
"ROBERTS TOURS AND TRANSPORTATION, INC. MOKUMOA/OAHU BASE YARD",HIF013600,21.330702,-157.899587,Permitted Feature,Privately Owned Facility,NPDES
DANIEL K. INOUYE INTERNATIONAL AIRPORT WIKI BUS FACILITY.,HIF013601,21.320754,-157.91764,Facility,Privately Owned Facility,NPDES
"ROBERTS TOURS AND TRANSPORTATION, INC.",HIF013602,20.892327,-156.445879,Permitted Feature,Privately Owned Facility,NPDES
ROYAL STAR HAWAII MOTORCOACH TOURS & DESTINATION SERVICES (2),HIF013604,21.331106,-157.886565,Permitted Feature,Privately Owned Facility,NPDES
ROYAL STAR HAWAII MOTORCOACH TOURS & DESTINATION SERVICES (2),HIF013604,21.331043,-157.887012,Permitted Feature,Privately Owned Facility,NPDES
"LENOX METALS, LLC (2)",HIF013605,21.307087,-158.0983,Permitted Feature,Privately Owned Facility,NPDES
MATHESON TRI-GAS HAWAII (2),HIF013606,21.295748,-158.103949,Permitted Feature,Privately Owned Facility,NPDES
"YOUNG BROTHERS, LLC - HILO",HIF013607,19.728366,-155.057199,Permitted Feature,Privately Owned Facility,NPDES
"YOUNG BROTHERS, LLC - HILO",HIF013607,19.729989,-155.054567,Permitted Feature,Privately Owned Facility,NPDES
"YOUNG BROTHERS, LLC AND FOSS MARITIME COMPANY, LLC - HONOLULU PIER 21",HIF013608,21.310137,-157.868875,Permitted Feature,Privately Owned Facility,NPDES
"YOUNG BROTHERS, LLC AND FOSS MARITIME COMPANY, LLC - HONOLULU PIER 21",HIF013608,21.310131,-157.868653,Permitted Feature,Privately Owned Facility,NPDES
"YOUNG BROTHERS, LLC AND FOSS MARITIME COMPANY, LLC - HONOLULU PIER 21",HIF013608,21.310152,-157.868579,Permitted Feature,Privately Owned Facility,NPDES
"YOUNG BROTHERS, LLC AND FOSS MARITIME COMPANY, LLC - HONOLULU PIER 21",HIF013608,21.310415,-157.869234,Permitted Feature,Privately Owned Facility,NPDES
"YOUNG BROTHERS, LLC - KAHULUI",HIF013609,20.894221,-156.466335,Permitted Feature,Privately Owned Facility,NPDES
"YOUNG BROTHERS, LLC - KAHULUI",HIF013609,20.894071,-156.467483,Permitted Feature,Privately Owned Facility,NPDES
"YOUNG BROTHERS, LLC - KAHULUI",HIF013609,20.893799,-156.467731,Permitted Feature,Privately Owned Facility,NPDES
"YOUNG BROTHERS, LLC - KAHULUI",HIF013609,20.894775,-156.46574,Permitted Feature,Privately Owned Facility,NPDES
"YOUNG BROTHERS, LLC - KAHULUI",HIF013609,20.895036,-156.465568,Permitted Feature,Privately Owned Facility,NPDES
"YOUNG BROTHERS, LLC - KAHULUI",HIF013609,20.89483,-156.467392,Permitted Feature,Privately Owned Facility,NPDES
"YOUNG BROTHERS, LLC - KAHULUI",HIF013609,20.895145,-156.467926,Permitted Feature,Privately Owned Facility,NPDES
"YOUNG BROTHERS, LLC - HONOLULU PIERS 39 AND 40",HIF013610,21.319756,-157.880554,Permitted Feature,Privately Owned Facility,NPDES
"YOUNG BROTHERS, LLC - HONOLULU PIERS 39 AND 40",HIF013610,21.319748,-157.880462,Permitted Feature,Privately Owned Facility,NPDES
"YOUNG BROTHERS, LLC - HONOLULU PIERS 39 AND 40",HIF013610,21.317881,-157.880639,Permitted Feature,Privately Owned Facility,NPDES
"YOUNG BROTHERS, LLC - HONOLULU PIERS 39 AND 40",HIF013610,21.31922,-157.879119,Permitted Feature,Privately Owned Facility,NPDES
"YOUNG BROTHERS, LLC - HONOLULU PIERS 39 AND 40",HIF013610,21.317559,-157.880062,Permitted Feature,Privately Owned Facility,NPDES
"YOUNG BROTHERS, LLC - KAUMALAPAU",HIF013611,20.78671,-156.992193,Permitted Feature,Municipality,NPDES
"YOUNG BROTHERS, LLC - KAUMALAPAU",HIF013611,20.786452,-156.991926,Permitted Feature,Municipality,NPDES
"YOUNG BROTHERS, LLC - KAUNAKAKAI",HIF013612,21.08057,-157.02886,Permitted Feature,Privately Owned Facility,NPDES
"YOUNG BROTHERS, LLC - KAUNAKAKAI",HIF013612,21.080475,-157.028714,Permitted Feature,Privately Owned Facility,NPDES
"YOUNG BROTHERS, LLC - KAUNAKAKAI",HIF013612,21.0806,-157.028322,Permitted Feature,Privately Owned Facility,NPDES
"YOUNG BROTHERS, LLC - KAUNAKAKAI",HIF013612,21.080846,-157.028056,Permitted Feature,Privately Owned Facility,NPDES
"YOUNG BROTHERS, LLC - KAWAIHAE",HIF013613,20.03408,-155.827142,Permitted Feature,Privately Owned Facility,NPDES
"YOUNG BROTHERS, LLC - KAWAIHAE",HIF013613,20.037292,-155.82979,Permitted Feature,Privately Owned Facility,NPDES
"YOUNG BROTHERS, LLC - KAWAIHAE",HIF013613,20.036507,-155.829307,Permitted Feature,Privately Owned Facility,NPDES
"YOUNG BROTHERS, LLC - NAWILIWILI",HIF013614,21.953025,-159.35921,Permitted Feature,Privately Owned Facility,NPDES
"YOUNG BROTHERS, LLC - NAWILIWILI",HIF013614,21.950781,-159.358062,Permitted Feature,Privately Owned Facility,NPDES
"YOUNG BROTHERS, LLC - NAWILIWILI",HIF013614,21.95215,-159.358453,Permitted Feature,Privately Owned Facility,NPDES
ALA IMUA LLC ASPHALT PLANT,HIF013615,21.295517,-158.086401,Permitted Feature,Privately Owned Facility,NPDES
HPOWER FACILITY,HIF013616,21.304161,-158.103913,Permitted Feature,Municipal or Water District,NPDES
PIER 1 CRANE SHOP AND POWER SHOP,HIF013617,21.296104,-157.869076,Permitted Feature,Privately Owned Facility,NPDES
PIER 1 CRANE SHOP AND POWER SHOP,HIF013617,21.296104,-157.869076,Facility,Privately Owned Facility,NPDES
"PIER 51C, 52, & 53 TERMINALS",HIF013618,21.311667,-157.878056,Permitted Feature,Privately Owned Facility,NPDES
"PIER 51C, 52, & 53 TERMINALS",HIF013618,21.310556,-157.876389,Permitted Feature,Privately Owned Facility,NPDES
"PIER 51C, 52, & 53 TERMINALS",HIF013618,21.3125,-157.879445,Permitted Feature,Privately Owned Facility,NPDES
"PIER 51C, 52, & 53 TERMINALS",HIF013618,21.313334,-157.880834,Permitted Feature,Privately Owned Facility,NPDES
"PIER 51C, 52, & 53 TERMINALS",HIF013618,21.313334,-157.881944,Permitted Feature,Privately Owned Facility,NPDES
"PIER 51C, 52, & 53 TERMINALS",HIF013618,21.311667,-157.878056,Facility,Privately Owned Facility,NPDES
PIER 51A TERMINAL (2),HIF013619,21.313889,-157.886389,Permitted Feature,Privately Owned Facility,NPDES
PIER 51A TERMINAL (2),HIF013619,21.313889,-157.885,Permitted Feature,Privately Owned Facility,NPDES
PIER 51A TERMINAL (2),HIF013619,21.313889,-157.883889,Permitted Feature,Privately Owned Facility,NPDES
PIER 51A TERMINAL (2),HIF013619,21.313889,-157.882778,Permitted Feature,Privately Owned Facility,NPDES
PIER 51A TERMINAL (2),HIF013619,21.313333,-157.882222,Permitted Feature,Privately Owned Facility,NPDES
PIER 51A TERMINAL (2),HIF013619,21.313333,-157.881111,Permitted Feature,Privately Owned Facility,NPDES
PIER 51A TERMINAL (2),HIF013619,21.313056,-157.880278,Permitted Feature,Privately Owned Facility,NPDES
HFFC KAHULUI FUEL FACILITY,HIF013620,20.89782,-156.447646,Permitted Feature,Privately Owned Facility,NPDES
HFFC SAND ISLAND FUEL FACILITY,HIF013621,21.318597,-157.89185,Permitted Feature,Privately Owned Facility,NPDES
HONOLULU DISPOSAL SERVICE (2),HIF013622,21.309899,-157.875199,Permitted Feature,Privately Owned Facility,NPDES
HONOLULU DISPOSAL SERVICE (2),HIF013622,21.303676,-157.870403,Permitted Feature,Privately Owned Facility,NPDES
WAIALAE IKI 180' RESERVOIR REPAIRS,HIF013623,21.279248,-157.771398,Permitted Feature,Municipal or Water District,NPDES
KOOLAU AVIATION,HIF013624,20.899758,-156.434951,Permitted Feature,Privately Owned Facility,NPDES
KOOLAU AVIATION,HIF013624,20.899758,-156.434951,Facility,Privately Owned Facility,NPDES
HAWAII LIFE FLIGHT (2),HIF013625,21.321394,-157.907718,Permitted Feature,Privately Owned Facility,NPDES
XPRESS TRUCKING,HIF013626,21.342399,-157.89409,Permitted Feature,Privately Owned Facility,NPDES
"YAMADA TRANSFER, INC.",HIF013627,19.723695,-155.071288,Permitted Feature,Privately Owned Facility,NPDES
"YAMADA TRANSFER, INC.",HIF013627,19.723695,-155.071288,Facility,Privately Owned Facility,NPDES
CAMP 10 QUARRY,HIF013628,20.878659,-156.419339,Permitted Feature,Privately Owned Facility,NPDES
CAMP 10 QUARRY,HIF013628,20.878659,-156.419339,Facility,Privately Owned Facility,NPDES
KIHEI READY-MIX FACILITY,HIF013629,20.785876,-156.461874,Permitted Feature,Privately Owned Facility,NPDES
ISLAND READY-MIX,HIF013630,21.297876,-158.099375,Permitted Feature,Privately Owned Facility,NPDES
HONOKOWAI READY-MIX PLANT,HIF013631,20.947188,-156.685839,Permitted Feature,Privately Owned Facility,NPDES
MAKAKILO READY-MIX FACILITY (2),HIF013632,21.361667,-158.062778,Permitted Feature,Privately Owned Facility,NPDES
KONA READY-MIX PLANT,HIF013633,19.679356,-156.030455,Permitted Feature,Privately Owned Facility,NPDES
KONA READY-MIX PLANT,HIF013633,19.679356,-156.030455,Facility,Privately Owned Facility,NPDES
PEARL HARBOR NAVAL SHIPYARD AND INTERMEDIATE MAINTENANCE FACILITY (PHNSY&IMF),HIF013634,21.345444,-157.966074,Permitted Feature,Federal Facility (U.S. Government),NPDES
PEARL HARBOR NAVAL SHIPYARD AND INTERMEDIATE MAINTENANCE FACILITY (PHNSY&IMF),HIF013634,21.345981,-157.966702,Permitted Feature,Federal Facility (U.S. Government),NPDES
PEARL HARBOR NAVAL SHIPYARD AND INTERMEDIATE MAINTENANCE FACILITY (PHNSY&IMF),HIF013634,21.351593,-157.962152,Permitted Feature,Federal Facility (U.S. Government),NPDES
PEARL HARBOR NAVAL SHIPYARD AND INTERMEDIATE MAINTENANCE FACILITY (PHNSY&IMF),HIF013634,21.351499,-157.961777,Permitted Feature,Federal Facility (U.S. Government),NPDES
PEARL HARBOR NAVAL SHIPYARD AND INTERMEDIATE MAINTENANCE FACILITY (PHNSY&IMF),HIF013634,21.352235,-157.960734,Permitted Feature,Federal Facility (U.S. Government),NPDES
PEARL HARBOR NAVAL SHIPYARD AND INTERMEDIATE MAINTENANCE FACILITY (PHNSY&IMF),HIF013634,21.351939,-157.960181,Permitted Feature,Federal Facility (U.S. Government),NPDES
PEARL HARBOR NAVAL SHIPYARD AND INTERMEDIATE MAINTENANCE FACILITY (PHNSY&IMF),HIF013634,21.352363,-157.959908,Permitted Feature,Federal Facility (U.S. Government),NPDES
PEARL HARBOR NAVAL SHIPYARD AND INTERMEDIATE MAINTENANCE FACILITY (PHNSY&IMF),HIF013634,21.352206,-157.959088,Permitted Feature,Federal Facility (U.S. Government),NPDES
PEARL HARBOR NAVAL SHIPYARD AND INTERMEDIATE MAINTENANCE FACILITY (PHNSY&IMF),HIF013634,21.352618,-157.958319,Permitted Feature,Federal Facility (U.S. Government),NPDES
PEARL HARBOR NAVAL SHIPYARD AND INTERMEDIATE MAINTENANCE FACILITY (PHNSY&IMF),HIF013634,21.352169,-157.957645,Permitted Feature,Federal Facility (U.S. Government),NPDES
PEARL HARBOR NAVAL SHIPYARD AND INTERMEDIATE MAINTENANCE FACILITY (PHNSY&IMF),HIF013634,21.352119,-157.957509,Permitted Feature,Federal Facility (U.S. Government),NPDES
PEARL HARBOR NAVAL SHIPYARD AND INTERMEDIATE MAINTENANCE FACILITY (PHNSY&IMF),HIF013634,21.352382,-157.957328,Permitted Feature,Federal Facility (U.S. Government),NPDES
PEARL HARBOR NAVAL SHIPYARD AND INTERMEDIATE MAINTENANCE FACILITY (PHNSY&IMF),HIF013634,21.352977,-157.956949,Permitted Feature,Federal Facility (U.S. Government),NPDES
PEARL HARBOR NAVAL SHIPYARD AND INTERMEDIATE MAINTENANCE FACILITY (PHNSY&IMF),HIF013634,21.353701,-157.956472,Permitted Feature,Federal Facility (U.S. Government),NPDES
PEARL HARBOR NAVAL SHIPYARD AND INTERMEDIATE MAINTENANCE FACILITY (PHNSY&IMF),HIF013634,21.354202,-157.956145,Permitted Feature,Federal Facility (U.S. Government),NPDES
PEARL HARBOR NAVAL SHIPYARD AND INTERMEDIATE MAINTENANCE FACILITY (PHNSY&IMF),HIF013634,21.354718,-157.955806,Permitted Feature,Federal Facility (U.S. Government),NPDES
"UNITED PARCEL SERVICE, INC. - HONOLULU GATEWAY",HIF013635,21.317667,-157.912794,Permitted Feature,Privately Owned Facility,NPDES
HFFC AIRPORT FUEL FACILITY,HIF013636,21.327625,-157.898845,Permitted Feature,Privately Owned Facility,NPDES
HFFC LIHUE FUEL FACILITY (2),HIF013637,21.98841,-159.332495,Permitted Feature,Privately Owned Facility,NPDES
KAOMI LOOP FACILITY,HIF013638,21.301032,-158.108603,Permitted Feature,Privately Owned Facility,NPDES
KAOMI LOOP FACILITY,HIF013638,21.301032,-158.108603,Facility,Privately Owned Facility,NPDES
"UNITED PARCEL SERVICE, INC. (HIKAH)",HIF013639,20.897751,-156.447511,Permitted Feature,Privately Owned Facility,NPDES
"UNITED PARCEL SERVICE, INC. (HIKAH)",HIF013639,20.897751,-156.447511,Facility,Privately Owned Facility,NPDES
UNIVERSITY OF HAWAI'I AT MANOA MIXED-USE HOUSING,HIF013640,21.296687,-157.813994,Permitted Feature,Privately Owned Facility,NPDES
"UNITED PARCEL SERVICE, INC. (HILIH)",HIF013641,21.987134,-159.333198,Permitted Feature,Privately Owned Facility,NPDES
ALIIPOE DRIVE AND PAIHI STREET WATER SYSTEM IMPROVEMENTS,HIF013642,21.37081,-157.922044,Permitted Feature,Municipal or Water District,NPDES
ALIIPOE DRIVE AND PAIHI STREET WATER SYSTEM IMPROVEMENTS,HIF013642,21.37081,-157.922044,Facility,Municipal or Water District,NPDES
CASTLE & COOKE AVIATION (2),HIF013643,21.320356,-157.909214,Permitted Feature,Privately Owned Facility,NPDES
CASTLE & COOKE AVIATION (2),HIF013643,21.320356,-157.909214,Permitted Feature,Privately Owned Facility,NPDES
KAHULUI AIRPORT,HIF013644,20.890173,-156.438829,Permitted Feature,State Government,NPDES
KAHULUI AIRPORT,HIF013644,20.889926,-156.438645,Permitted Feature,State Government,NPDES
KAHULUI AIRPORT,HIF013644,20.890172,-156.438588,Permitted Feature,State Government,NPDES
KAHULUI AIRPORT,HIF013644,20.899955,-156.434956,Permitted Feature,State Government,NPDES
LIHUE AIRPORT,HIF013645,21.986867,-159.334749,Permitted Feature,State Government,NPDES
LIHUE AIRPORT,HIF013645,21.983509,-159.339851,Permitted Feature,State Government,NPDES
LIHUE AIRPORT,HIF013645,21.985044,-159.338213,Permitted Feature,State Government,NPDES
LIHUE AIRPORT,HIF013645,21.98691,-159.336276,Permitted Feature,State Government,NPDES
KEWALO SHIPYARD,HIF013646,21.293328,-157.859514,Permitted Feature,Privately Owned Facility,NPDES
KEWALO SHIPYARD,HIF013646,21.293328,-157.859514,Facility,Privately Owned Facility,NPDES
P-044 & P-1006 WHARVES WATERFRONT IMPROVEMENTS,HIF013647,21.356452,-157.945764,Facility,Federal Facility (U.S. Government),NPDES
HONOULIULI WASTE WATER TREATMENT PLANT PH1B,HIF013649,21.3294,-158.0334,Permitted Feature,Municipal or Water District,NPDES
"WAIMEA CANYON DRIVE / KOKEE ROAD IMPROVEMENTS, PHASE 2A",HIF013650,22.091804,-159.676813,Permitted Feature,State Government,NPDES
DANIEL K. INOUYE INTERNATIONAL AIRPORT (2),HIF013651,21.331203,-157.905337,Permitted Feature,State Government,NPDES
DANIEL K. INOUYE INTERNATIONAL AIRPORT (2),HIF013651,21.327847,-157.929331,Permitted Feature,State Government,NPDES
DANIEL K. INOUYE INTERNATIONAL AIRPORT (2),HIF013651,21.332752,-157.929183,Permitted Feature,State Government,NPDES
DANIEL K. INOUYE INTERNATIONAL AIRPORT (2),HIF013651,21.334564,-157.927833,Permitted Feature,State Government,NPDES
DANIEL K. INOUYE INTERNATIONAL AIRPORT (2),HIF013651,21.321385,-157.907648,Permitted Feature,State Government,NPDES
DANIEL K. INOUYE INTERNATIONAL AIRPORT (2),HIF013651,21.320326,-157.909157,Permitted Feature,State Government,NPDES
DANIEL K. INOUYE INTERNATIONAL AIRPORT (2),HIF013651,21.318826,-157.91067,Permitted Feature,State Government,NPDES
DANIEL K. INOUYE INTERNATIONAL AIRPORT (2),HIF013651,21.318607,-157.911502,Permitted Feature,State Government,NPDES
DANIEL K. INOUYE INTERNATIONAL AIRPORT (2),HIF013651,21.31761,-157.912812,Permitted Feature,State Government,NPDES
DANIEL K. INOUYE INTERNATIONAL AIRPORT (2),HIF013651,21.315751,-157.915687,Permitted Feature,State Government,NPDES
DANIEL K. INOUYE INTERNATIONAL AIRPORT (2),HIF013651,21.31499,-157.916409,Permitted Feature,State Government,NPDES
DANIEL K. INOUYE INTERNATIONAL AIRPORT (2),HIF013651,21.313902,-157.917698,Permitted Feature,State Government,NPDES
DANIEL K. INOUYE INTERNATIONAL AIRPORT (2),HIF013651,21.31375,-157.918277,Permitted Feature,State Government,NPDES
DANIEL K. INOUYE INTERNATIONAL AIRPORT (2),HIF013651,21.313157,-157.919227,Permitted Feature,State Government,NPDES
DANIEL K. INOUYE INTERNATIONAL AIRPORT (2),HIF013651,21.32794,-157.929729,Permitted Feature,State Government,NPDES
DANIEL K. INOUYE INTERNATIONAL AIRPORT (2),HIF013651,21.330726,-157.907067,Permitted Feature,State Government,NPDES
DANIEL K. INOUYE INTERNATIONAL AIRPORT (2),HIF013651,21.3306,-157.907057,Permitted Feature,State Government,NPDES
DANIEL K. INOUYE INTERNATIONAL AIRPORT (2),HIF013651,21.331203,-157.905337,Facility,State Government,NPDES
RAINBOW HELICOPTERS,HIF013652,21.3175,-157.912778,Permitted Feature,Privately Owned Facility,NPDES
RAINBOW HELICOPTERS,HIF013652,21.3175,-157.912778,Facility,Privately Owned Facility,NPDES
BLUE HAWAIIAN HELICOPTERS (3),HIF013653,21.986944,-159.333333,Permitted Feature,Privately Owned Facility,NPDES
BLUE HAWAIIAN HELICOPTERS (3),HIF013653,21.986944,-159.333333,Facility,Privately Owned Facility,NPDES
ROYAL HAWAIIAN MOVERS,HIF013655,21.331361,-157.905444,Permitted Feature,Privately Owned Facility,NPDES
KA LAE POWER,HIF013656,19.027309,-155.653942,Facility,Privately Owned Facility,NPDES
KAKAAKO MAKAI PARCEL A,HIF013659,21.293874,-157.858706,Facility,State Government,NPDES
MAUI ART RANCH,HIF013660,20.810321,-156.316081,Permitted Feature,Privately Owned Facility,NPDES
LYMAN ROAD REPAVING (2),HIF013661,21.485556,-158.090524,Facility,Privately Owned Facility,NPDES
BASE HONOLULU,HIF013662,21.307742,-157.873854,Permitted Feature,Federal Facility (U.S. Government),NPDES
BASE HONOLULU,HIF013662,21.307712,-157.873801,Permitted Feature,Federal Facility (U.S. Government),NPDES
BASE HONOLULU,HIF013662,21.307365,-157.873313,Permitted Feature,Federal Facility (U.S. Government),NPDES
BASE HONOLULU,HIF013662,21.307124,-157.872936,Permitted Feature,Federal Facility (U.S. Government),NPDES
BASE HONOLULU,HIF013662,21.307027,-157.87277,Permitted Feature,Federal Facility (U.S. Government),NPDES
BASE HONOLULU,HIF013662,21.306255,-157.871837,Permitted Feature,Federal Facility (U.S. Government),NPDES
BASE HONOLULU,HIF013662,21.304103,-157.870618,Permitted Feature,Federal Facility (U.S. Government),NPDES
HONOULIULI 228' RESERVOIR NO. 1 REPAIR,HIF013663,21.37665,-158.04936,Permitted Feature,Municipal or Water District,NPDES
ROOSEVELT HIGH SCHOOL GYMNASIUM,HIF013664,21.307196,-157.838524,Permitted Feature,State Government,NPDES
KING KEKAULIKE HIGHSCHOOL BASEBALL AND SOFTBALL COMPLEX,HIF013665,20.845187,-156.333944,Facility,State Government,NPDES
SAFARI HELICOPTERS,HIF013667,21.986944,-159.333333,Permitted Feature,Privately Owned Facility,NPDES
BWS EWA SHAFT (2),HIF013670,21.378044,-158.044428,Permitted Feature,Municipal or Water District,NPDES
"JACK HARTER HELICOPTERS, HELICOPTER PARKING AREA",HIF013671,21.986944,-159.333333,Permitted Feature,Privately Owned Facility,NPDES
UHMC,HIF013672,21.315109,-157.877315,Permitted Feature,State Government,NPDES
UHMC,HIF013672,21.315148,-157.877229,Permitted Feature,State Government,NPDES
UHMC,HIF013672,21.315513,-157.877084,Permitted Feature,State Government,NPDES
UHMC,HIF013672,21.315833,-157.87688,Permitted Feature,State Government,NPDES
UHMC,HIF013672,21.316242,-157.876618,Permitted Feature,State Government,NPDES
UHMC,HIF013672,21.315109,-157.877315,Facility,State Government,NPDES
PUUNENE QUARRY,HIF013673,20.816457,-156.448045,Permitted Feature,Privately Owned Facility,NPDES
PUUNENE QUARRY,HIF013673,20.815312,-156.445841,Permitted Feature,Privately Owned Facility,NPDES
PUUNENE QUARRY,HIF013673,20.815312,-156.445841,Facility,Privately Owned Facility,NPDES
HAWAIIAN CEMENT WAIKAPU QUARRY,HIF013674,20.816322,-156.51163,Permitted Feature,Privately Owned Facility,NPDES
HONOKOWAI BATCH PLANT,HIF013675,20.942007,-156.687933,Permitted Feature,Privately Owned Facility,NPDES
KAWAIPAPA SUBDIVISION,HIF013676,20.768035,-155.996811,Facility,Privately Owned Facility,NPDES
MAKILA RANCHES - LOT 10,HIF013677,20.845479,-156.6543,Permitted Feature,Privately Owned Facility,NPDES
WAIAWA PHASE 2 SOLAR   STORAGE,HIF013679,21.437407,-157.991833,Permitted Feature,Privately Owned Facility,NPDES
WAIAWA PHASE 2 SOLAR   STORAGE,HIF013679,21.4288,-157.9925,Permitted Feature,Privately Owned Facility,NPDES
WAIAWA PHASE 2 SOLAR   STORAGE,HIF013679,21.4116,-157.991,Permitted Feature,Privately Owned Facility,NPDES
HART KAPOLEI CASTING YARD (2),HIF013680,21.314456,-158.118988,Permitted Feature,Privately Owned Facility,NPDES
LIHUE REFUSE TRANSFER STATION,HIF013681,21.992722,-159.332032,Permitted Feature,Municipal or Water District,NPDES
LIHUE REFUSE TRANSFER STATION,HIF013681,21.992722,-159.332032,Facility,Municipal or Water District,NPDES
HANALEI REFUSE TRANSFER STATION,HIF013682,22.207892,-159.454776,Permitted Feature,Municipal or Water District,NPDES
KAPAA REFUSE TRANSFER STATION (3),HIF013683,22.078028,-159.314667,Permitted Feature,Municipal or Water District,NPDES
HANAPEPE REFUSE TRANSFER STATION,HIF013684,21.903624,-159.595227,Permitted Feature,Municipal or Water District,NPDES
SITE IMPROVEMENT AND MASS AND PAD GRADING PLANS FOR EWA BY GENTRY AREA 31 SUBDIV,HIF013686,21.305811,-158.028575,Permitted Feature,Privately Owned Facility,NPDES
MAVERICK HELICOPTERS,HIF013688,20.903252,-156.430981,Permitted Feature,Privately Owned Facility,NPDES
MAVERICK HELICOPTERS,HIF013688,20.903252,-156.430981,Facility,Privately Owned Facility,NPDES
MAUI WAENA INTERMEDIATE SCHOOL PLAYFIELD IMPROVEMENTS,HIF013690,20.897222,-156.460556,Permitted Feature,State Government,NPDES
PET CARE CENTER,HIF013691,21.4841,-158.0128,Facility,Federal Facility (U.S. Government),NPDES
NEW PARKING LOT GRAND HYATT KAUAI HOTEL,HIF013692,21.874638,-159.436738,Permitted Feature,Privately Owned Facility,NPDES
NEW PARKING LOT GRAND HYATT KAUAI HOTEL,HIF013692,21.874638,-159.436738,Facility,Privately Owned Facility,NPDES
KONAWAENA HIGH SCHOOL,HIF013693,19.498968,-155.949918,Permitted Feature,State Government,NPDES
KONAWAENA HIGH SCHOOL,HIF013693,19.498968,-155.949918,Facility,State Government,NPDES
CIP CEMENT PLANT,HIF013695,21.299828,-158.108289,Permitted Feature,Privately Owned Facility,NPDES
CIP CEMENT PLANT,HIF013695,21.299828,-158.108289,Facility,Privately Owned Facility,NPDES
SIGNATURE FLIGHT SUPPORT LIH CWB NOI,HIF013696,21.98187,-159.344564,Permitted Feature,Privately Owned Facility,NPDES
SIGNATURE FLIGHT SUPPORT LIH CWB NOI,HIF013696,21.98187,-159.344564,Facility,Privately Owned Facility,NPDES
MCARTHUR STREET,HIF013699,21.442506,-158.189613,Permitted Feature,Municipal or Water District,NPDES
MOLOKAI PUBLIC LIBRARY MEETING ROOM ADDITION (2),HIF013700,21.085779,-157.023141,Permitted Feature,State Government,NPDES
"WELLS RHMW18, RHMW20 & NMW24 DRILLING LOCATIONS, RED HILL BULK FUEL STORAGE FACI",HIF013703,21.371953,-157.899978,Facility,Federal Facility (U.S. Government),NPDES
ALOHA AIR CARGO,HIF013704,21.986944,-159.333333,Permitted Feature,Privately Owned Facility,NPDES
KAIAU AVENUE ROADWAY REHABILITATION PROJECT - PHASE I,HIF013707,21.299771,-158.066697,Permitted Feature,State Government,NPDES
MASS AND PAD GRADING AND SITE IMPROVEMENT PLANS FOR GENTRY KALAELOA PARCEL 1 RES,HIF013717,21.29527,-158.08638,Permitted Feature,Privately Owned Facility,NPDES
H-1 SAFETY IMPROVEMENTS PALALAI INTERCHANGE TO WAIAWA OVERPASS,HIF013719,21.331024,-158.089037,Permitted Feature,State Government,NPDES
H-1 SAFETY IMPROVEMENTS PALALAI INTERCHANGE TO WAIAWA OVERPASS,HIF013719,21.332518,-158.086259,Permitted Feature,State Government,NPDES
H-1 SAFETY IMPROVEMENTS PALALAI INTERCHANGE TO WAIAWA OVERPASS,HIF013719,21.332535,-158.086218,Permitted Feature,State Government,NPDES
H-1 SAFETY IMPROVEMENTS PALALAI INTERCHANGE TO WAIAWA OVERPASS,HIF013719,21.333545,-158.084826,Permitted Feature,State Government,NPDES
H-1 SAFETY IMPROVEMENTS PALALAI INTERCHANGE TO WAIAWA OVERPASS,HIF013719,21.33379,-158.084519,Permitted Feature,State Government,NPDES
H-1 SAFETY IMPROVEMENTS PALALAI INTERCHANGE TO WAIAWA OVERPASS,HIF013719,21.334328,-158.083855,Permitted Feature,State Government,NPDES
H-1 SAFETY IMPROVEMENTS PALALAI INTERCHANGE TO WAIAWA OVERPASS,HIF013719,21.335048,-158.082907,Permitted Feature,State Government,NPDES
H-1 SAFETY IMPROVEMENTS PALALAI INTERCHANGE TO WAIAWA OVERPASS,HIF013719,21.339154,-158.080334,Permitted Feature,State Government,NPDES
H-1 SAFETY IMPROVEMENTS PALALAI INTERCHANGE TO WAIAWA OVERPASS,HIF013719,21.342654,-158.076312,Permitted Feature,State Government,NPDES
H-1 SAFETY IMPROVEMENTS PALALAI INTERCHANGE TO WAIAWA OVERPASS,HIF013719,21.343606,-158.076977,Permitted Feature,State Government,NPDES
H-1 SAFETY IMPROVEMENTS PALALAI INTERCHANGE TO WAIAWA OVERPASS,HIF013719,21.343903,-158.075391,Permitted Feature,State Government,NPDES
H-1 SAFETY IMPROVEMENTS PALALAI INTERCHANGE TO WAIAWA OVERPASS,HIF013719,21.344418,-158.075754,Permitted Feature,State Government,NPDES
H-1 SAFETY IMPROVEMENTS PALALAI INTERCHANGE TO WAIAWA OVERPASS,HIF013719,21.34184,-158.072864,Permitted Feature,State Government,NPDES
H-1 SAFETY IMPROVEMENTS PALALAI INTERCHANGE TO WAIAWA OVERPASS,HIF013719,21.326189,-158.088898,Permitted Feature,State Government,NPDES
H-1 SAFETY IMPROVEMENTS PALALAI INTERCHANGE TO WAIAWA OVERPASS,HIF013719,21.352078,-158.063019,Permitted Feature,State Government,NPDES
H-1 SAFETY IMPROVEMENTS PALALAI INTERCHANGE TO WAIAWA OVERPASS,HIF013719,21.357604,-158.063094,Permitted Feature,State Government,NPDES
H-1 SAFETY IMPROVEMENTS PALALAI INTERCHANGE TO WAIAWA OVERPASS,HIF013719,21.362413,-158.062915,Permitted Feature,State Government,NPDES
H-1 SAFETY IMPROVEMENTS PALALAI INTERCHANGE TO WAIAWA OVERPASS,HIF013719,21.36082,-158.053224,Permitted Feature,State Government,NPDES
H-1 SAFETY IMPROVEMENTS PALALAI INTERCHANGE TO WAIAWA OVERPASS,HIF013719,21.368283,-158.057162,Permitted Feature,State Government,NPDES
H-1 SAFETY IMPROVEMENTS PALALAI INTERCHANGE TO WAIAWA OVERPASS,HIF013719,21.377544,-158.043699,Permitted Feature,State Government,NPDES
H-1 SAFETY IMPROVEMENTS PALALAI INTERCHANGE TO WAIAWA OVERPASS,HIF013719,21.379555,-158.03908,Permitted Feature,State Government,NPDES
H-1 SAFETY IMPROVEMENTS PALALAI INTERCHANGE TO WAIAWA OVERPASS,HIF013719,21.381632,-158.03468,Permitted Feature,State Government,NPDES
H-1 SAFETY IMPROVEMENTS PALALAI INTERCHANGE TO WAIAWA OVERPASS,HIF013719,21.374533,-158.033595,Permitted Feature,State Government,NPDES
H-1 SAFETY IMPROVEMENTS PALALAI INTERCHANGE TO WAIAWA OVERPASS,HIF013719,21.386237,-158.024977,Permitted Feature,State Government,NPDES
H-1 SAFETY IMPROVEMENTS PALALAI INTERCHANGE TO WAIAWA OVERPASS,HIF013719,21.391192,-158.017881,Permitted Feature,State Government,NPDES
H-1 SAFETY IMPROVEMENTS PALALAI INTERCHANGE TO WAIAWA OVERPASS,HIF013719,21.390607,-158.017761,Permitted Feature,State Government,NPDES
H-1 SAFETY IMPROVEMENTS PALALAI INTERCHANGE TO WAIAWA OVERPASS,HIF013719,21.388637,-158.000784,Permitted Feature,State Government,NPDES
H-1 SAFETY IMPROVEMENTS PALALAI INTERCHANGE TO WAIAWA OVERPASS,HIF013719,21.389018,-158.000505,Permitted Feature,State Government,NPDES
H-1 SAFETY IMPROVEMENTS PALALAI INTERCHANGE TO WAIAWA OVERPASS,HIF013719,21.401142,-157.988538,Permitted Feature,State Government,NPDES
H-1 SAFETY IMPROVEMENTS PALALAI INTERCHANGE TO WAIAWA OVERPASS,HIF013719,21.340417,-158.075908,Permitted Feature,State Government,NPDES
H-1 SAFETY IMPROVEMENTS PALALAI INTERCHANGE TO WAIAWA OVERPASS,HIF013719,21.3291,-158.098532,Permitted Feature,State Government,NPDES
HOAKALEI WATER FEATURE MANAGEMENT,HIF013720,21.308494,-158.035894,Permitted Feature,Privately Owned Facility,NPDES
HOAKALEI WATER FEATURE MANAGEMENT,HIF013720,21.305165,-158.035034,Permitted Feature,Privately Owned Facility,NPDES
SCHOOL STREET SENIOR AFFORDABLE HOUSING PHASE 1A,HIF013722,21.327644,-157.867047,Facility,Privately Owned Facility,NPDES
NEW PARKING STRUCTURE,HIF013724,21.303242,-157.852068,Permitted Feature,Privately Owned Facility,NPDES
HAAHEO ELEMENTARY SCHOOL MULTI-PURPOSE BUILDING,HIF013726,19.744,-155.0901,Permitted Feature,State Government,NPDES
HAAHEO ELEMENTARY SCHOOL MULTI-PURPOSE BUILDING,HIF013726,19.744,-155.0901,Facility,State Government,NPDES
HARBOR VILLA RESIDENCE,HIF013727,21.267262,-157.709724,Permitted Feature,Privately Owned Facility,NPDES
HARBOR VILLA RESIDENCE,HIF013727,21.267674,-157.709492,Permitted Feature,Privately Owned Facility,NPDES
LEEWARD REFUSE COLLECTION BASEYARD,HIF013728,21.300691,-158.111595,Permitted Feature,Municipal or Water District,NPDES
NEW MEDIUM SECURITY HOUSING HAWAII COMMUNITY CORRECTIONAL CENTER,HIF013729,19.723268,-155.094172,Permitted Feature,Municipality,NPDES
THE PHOENICIAN LLC,HIF013730,21.320768,-158.119471,Permitted Feature,Privately Owned Facility,NPDES
MAUNA LOA HELICOPTERS,HIF013734,21.317613,-157.912788,Permitted Feature,Privately Owned Facility,NPDES
MAUNA LOA HELICOPTERS,HIF013734,21.319112,-157.910653,Permitted Feature,Privately Owned Facility,NPDES
MAUNA LOA HELICOPTERS,HIF013734,21.313136,-157.919397,Permitted Feature,Privately Owned Facility,NPDES
MAUNA LOA HELICOPTERS,HIF013734,21.317613,-157.912788,Facility,Privately Owned Facility,NPDES
KUPONO SOLAR,HIF013736,21.3486,-157.9912,Facility,Privately Owned Facility,NPDES
LIMA OLA AFFORDABLE HOUSING,HIF013738,21.896302,-159.582431,Permitted Feature,Privately Owned Facility,NPDES
LIMA OLA AFFORDABLE HOUSING,HIF013738,21.895389,-159.578513,Permitted Feature,Privately Owned Facility,NPDES
ALSTON RESIDENCE,HIF013739,20.8765,-156.32965,Permitted Feature,Privately Owned Facility,NPDES
KAMEHAMEHA HIGHWAY LAIELOA STREAM BRIDGE REPLACEMENT,HIF013742,21.648491,-157.922092,Permitted Feature,State Government,NPDES
MATERIAL STOCKPILING ON HALEAKALA GREENS SUBDIVISION LOT 3-C-1,HIF013745,20.754214,-156.4371,Facility,Privately Owned Facility,NPDES
HOKUNUI,HIF013746,20.863652,-156.306687,Facility,Privately Owned Facility,NPDES
KOA RIDGE OFF-SITE SEWER LINES  A  &  B,HIF013754,21.39165,-158.018189,Facility,Privately Owned Facility,NPDES
"KAMEHAMEHA HIGHWAY, INTERSECTION IMPROVEMENTS AT KAHEKILI HIGHWAY",HIF013755,21.45697,-157.83843,Permitted Feature,State Government,NPDES
"KAMEHAMEHA HIGHWAY, INTERSECTION IMPROVEMENTS AT KAHEKILI HIGHWAY",HIF013755,21.45838,-157.83935,Permitted Feature,State Government,NPDES
"KAMEHAMEHA HIGHWAY, INTERSECTION IMPROVEMENTS AT KAHEKILI HIGHWAY",HIF013755,21.45663,-157.83777,Permitted Feature,State Government,NPDES
"KAMEHAMEHA HIGHWAY, INTERSECTION IMPROVEMENTS AT KAHEKILI HIGHWAY",HIF013755,21.4547,-157.83651,Permitted Feature,State Government,NPDES
"KAMEHAMEHA HIGHWAY, INTERSECTION IMPROVEMENTS AT KAHEKILI HIGHWAY",HIF013755,21.457339,-157.838998,Permitted Feature,State Government,NPDES
"LANAI DISTRICT RESURFACING, FY 2022 & 2023 (2)",HIF013756,20.824223,-156.924815,Permitted Feature,Municipal or Water District,NPDES
"LANAI DISTRICT RESURFACING, FY 2022 & 2023 (2)",HIF013756,20.823948,-156.925108,Permitted Feature,Municipal or Water District,NPDES
"LANAI DISTRICT RESURFACING, FY 2022 & 2023 (2)",HIF013756,20.813311,-156.914892,Permitted Feature,Municipal or Water District,NPDES
"DEPARTMENT OF HAWAIIAN HOMELANDS, ISENBERG PROJECT",HIF013757,21.28769,-157.82776,Permitted Feature,Privately Owned Facility,NPDES
UPCOUNTRY AND PAIA-HAIKU DISTRICT RESURFACING (FY 2022),HIF013758,20.791975,-156.394683,Facility,Municipal or Water District,NPDES
KOA SENIOR FAMILY AFFORDABLE,HIF013762,21.426239,-158.004395,Permitted Feature,Privately Owned Facility,NPDES
KOA SENIOR FAMILY AFFORDABLE,HIF013762,21.426239,-158.004395,Facility,Privately Owned Facility,NPDES
1 HOTEL HANALEI BAY,HIF013764,22.2195,-159.498184,Facility,Privately Owned Facility,NPDES
"MILLYARD SUBDIVISION PAVEMENT RECONSTRUCTION, PHASE 1",HIF013765,20.895961,-156.49835,Permitted Feature,Municipal or Water District,NPDES
MONA STREET REHABILITATION,HIF013766,21.298882,-157.756086,Permitted Feature,Municipal or Water District,NPDES
MONA STREET REHABILITATION,HIF013766,21.297794,-157.755936,Permitted Feature,Municipal or Water District,NPDES
MONA STREET REHABILITATION,HIF013766,21.296743,-157.755552,Permitted Feature,Municipal or Water District,NPDES
MONA STREET REHABILITATION,HIF013766,21.29573,-157.755414,Permitted Feature,Municipal or Water District,NPDES
MONA STREET REHABILITATION (2),HIF013767,21.298882,-157.756086,Facility,Municipal or Water District,NPDES
HALE PILINA,HIF013770,20.886977,-156.466313,Facility,Privately Owned Facility,NPDES
MOKAPU ELEMENTARY SCHOOL,HIF013773,21.443878,-157.75067,Permitted Feature,State Government,NPDES
MOKAPU ELEMENTARY SCHOOL,HIF013773,21.443878,-157.75067,Facility,State Government,NPDES
POLYNESIAN ADVENTURE TOURS BUS YARD,HIF013774,20.817974,-156.453509,Facility,Privately Owned Facility,NPDES
PORTABLE HOT-MIX ASPHALT PLANT,HIF013776,21.959358,-159.692274,Facility,Privately Owned Facility,NPDES
MOLOKAI TERMINAL (MAUKA FACILITY),HIF013778,21.085709,-157.023299,Permitted Feature,Privately Owned Facility,NPDES
MAUNA LOA HELICOPTERS (2),HIF013779,21.986844,-159.333333,Permitted Feature,Privately Owned Facility,NPDES
HONOLULU HELICOPTER TOURS,HIF013780,21.3175,-157.912778,Permitted Feature,Privately Owned Facility,NPDES
ULUPALAKUA-SEIBU SUBDIVISION,HIF013781,20.65218,-156.441239,Permitted Feature,Privately Owned Facility,NPDES
ULUPALAKUA-SEIBU SUBDIVISION,HIF013781,20.657962,-156.442527,Permitted Feature,Privately Owned Facility,NPDES
ULUPALAKUA-SEIBU SUBDIVISION,HIF013781,20.663022,-156.442527,Permitted Feature,Privately Owned Facility,NPDES
ULUPALAKUA-SEIBU SUBDIVISION,HIF013781,20.65218,-156.441239,Facility,Privately Owned Facility,NPDES
ISLAND RECYCLING LOT 31,HIF013784,21.30155,-158.110046,Permitted Feature,Privately Owned Facility,NPDES
TIE DOWNS / LEASE SPACES 190A THROUGH 190G,HIF013785,21.318982,-157.911928,Permitted Feature,Privately Owned Facility,NPDES
TIE DOWNS / LEASE SPACES 190A THROUGH 190G,HIF013785,21.318982,-157.911928,Facility,Privately Owned Facility,NPDES
WAILANI DEVELOPMENT (4),HIF013786,19.711127,-155.096573,Permitted Feature,Privately Owned Facility,NPDES
WAILANI DEVELOPMENT (4),HIF013786,19.713053,-155.097068,Permitted Feature,Privately Owned Facility,NPDES
KUIHELANI SOLAR FARM SWITCHYARD,HIF013787,20.848823,-156.481554,Facility,Privately Owned Facility,NPDES
NEW STORAGE WAREHOUSE FOR CONEN'S FREIGHT TRANSPORT,HIF013788,19.726489,-155.055522,Facility,Privately Owned Facility,NPDES
PIER 36 LAUNCH SERVICES,HIF013790,21.315958,-157.877766,Permitted Feature,Privately Owned Facility,NPDES
PIER 36 LAUNCH SERVICES,HIF013790,21.315926,-157.877669,Permitted Feature,Privately Owned Facility,NPDES
PIER 36 LAUNCH SERVICES,HIF013790,21.316023,-157.877826,Permitted Feature,Privately Owned Facility,NPDES
PIER 36 LAUNCH SERVICES,HIF013790,21.316023,-157.877826,Facility,Privately Owned Facility,NPDES
ISLAND RECYCLING LOT 32,HIF013792,21.30155,-158.110046,Permitted Feature,Privately Owned Facility,NPDES
WEST MAUI RECYCLED WATER EXPANSION - PHASE 2,HIF013794,20.94985,-156.688171,Permitted Feature,Municipal or Water District,NPDES
WEST MAUI RECYCLED WATER EXPANSION - PHASE 2,HIF013794,20.947322,-156.686227,Permitted Feature,Municipal or Water District,NPDES
WEST MAUI RECYCLED WATER EXPANSION - PHASE 2,HIF013794,20.920312,-156.696291,Permitted Feature,Municipal or Water District,NPDES
KONAWAENA HIGH SCHOOL: TRACK AND FIELD IMPROVEMENTS,HIF013795,19.4963,-155.948,Permitted Feature,State Government,NPDES
REPAIR 24-INCH WATERLINE FROM LANDING C TO FORD ISLAND,HIF013796,21.346404,-157.942286,Facility,Federal Facility (U.S. Government),NPDES
DEMOLISH AND REPLACE 24 RCP WITH 24 HDPE AND CLEANING OF TANK S2 AT HALAWA WATER,HIF013797,21.364435,-157.932366,Facility,Federal Facility (U.S. Government),NPDES
ISLAND REDEMPTION NANAKULI,HIF013800,21.392078,-158.156449,Permitted Feature,Privately Owned Facility,NPDES
BIG ISLAND SCRAP METAL HILO,HIF013801,19.659093,-154.978996,Permitted Feature,Privately Owned Facility,NPDES
BIG ISLAND SCRAP METAL HILO,HIF013801,19.659093,-154.978996,Facility,Privately Owned Facility,NPDES
FEDEX EXPRESS HNL RAMP,HIF013802,21.316163,-157.916349,Permitted Feature,Privately Owned Facility,NPDES
FEDEX EXPRESS HNL RAMP,HIF013802,21.316163,-157.916349,Facility,Privately Owned Facility,NPDES
"KEALIA KAI SUBDIVISION, LOT 20",HIF013803,22.112742,-159.298375,Facility,Privately Owned Facility,NPDES
"SECRET BEACH ESTATES, UNIT 1",HIF013804,22.220111,-159.417956,Permitted Feature,Privately Owned Facility,NPDES
"SECRET BEACH ESTATES, UNIT 1",HIF013804,22.220601,-159.417701,Permitted Feature,Privately Owned Facility,NPDES
"SECRET BEACH ESTATES, UNIT 1",HIF013804,22.21994,-159.417099,Permitted Feature,Privately Owned Facility,NPDES
"SECRET BEACH ESTATES, UNIT 1",HIF013804,22.220111,-159.417956,Facility,Privately Owned Facility,NPDES
NG DUTCHMAN PROGRAM,HIF013806,21.526642,-157.999653,Facility,Federal Facility (U.S. Government),NPDES
"NORTH SHORE PRESERVE OCEANSIDE RANCH, PHASE 3",HIF013807,22.211995,-159.451466,Permitted Feature,Privately Owned Facility,NPDES
"NORTH SHORE PRESERVE OCEANSIDE RANCH, PHASE 3",HIF013807,22.211494,-159.445489,Permitted Feature,Privately Owned Facility,NPDES
KD SUPER LOT 1,HIF013812,19.837397,-155.981632,Permitted Feature,Privately Owned Facility,NPDES
KD SUPER LOT 1,HIF013812,19.837851,-155.981012,Permitted Feature,Privately Owned Facility,NPDES
KOHALA MOUNTAIN ROAD RESURFACING AND RECONSTRUCTION,HIF013813,20.13474,-155.8113,Permitted Feature,State Government,NPDES
KOHALA MOUNTAIN ROAD RESURFACING AND RECONSTRUCTION,HIF013813,20.129657,-155.820296,Permitted Feature,State Government,NPDES
KOHALA MOUNTAIN ROAD RESURFACING AND RECONSTRUCTION,HIF013813,20.127635,-155.801716,Permitted Feature,State Government,NPDES
KOHALA MOUNTAIN ROAD RESURFACING AND RECONSTRUCTION,HIF013813,20.115954,-155.803545,Permitted Feature,State Government,NPDES
KOHALA MOUNTAIN ROAD RESURFACING AND RECONSTRUCTION,HIF013813,20.116386,-155.798846,Permitted Feature,State Government,NPDES
KOHALA MOUNTAIN ROAD RESURFACING AND RECONSTRUCTION,HIF013813,20.116335,-155.797511,Permitted Feature,State Government,NPDES
KOHALA MOUNTAIN ROAD RESURFACING AND RECONSTRUCTION,HIF013813,20.11624,-155.78814,Permitted Feature,State Government,NPDES
KOHALA MOUNTAIN ROAD RESURFACING AND RECONSTRUCTION,HIF013813,20.116225,-155.788233,Permitted Feature,State Government,NPDES
KOHALA MOUNTAIN ROAD RESURFACING AND RECONSTRUCTION,HIF013813,20.11615,-155.788122,Permitted Feature,State Government,NPDES
KOHALA MOUNTAIN ROAD RESURFACING AND RECONSTRUCTION,HIF013813,20.116127,-155.788223,Permitted Feature,State Government,NPDES
KOHALA MOUNTAIN ROAD RESURFACING AND RECONSTRUCTION,HIF013813,20.114593,-155.787665,Permitted Feature,State Government,NPDES
KOHALA MOUNTAIN ROAD RESURFACING AND RECONSTRUCTION,HIF013813,20.114567,-155.787947,Permitted Feature,State Government,NPDES
KOHALA MOUNTAIN ROAD RESURFACING AND RECONSTRUCTION,HIF013813,20.11457,-155.787649,Permitted Feature,State Government,NPDES
KOHALA MOUNTAIN ROAD RESURFACING AND RECONSTRUCTION,HIF013813,20.114537,-155.787943,Permitted Feature,State Government,NPDES
KOHALA MOUNTAIN ROAD RESURFACING AND RECONSTRUCTION,HIF013813,20.110673,-155.804463,Permitted Feature,State Government,NPDES
KOHALA MOUNTAIN ROAD RESURFACING AND RECONSTRUCTION,HIF013813,20.107969,-155.788467,Permitted Feature,State Government,NPDES
KOHALA MOUNTAIN ROAD RESURFACING AND RECONSTRUCTION,HIF013813,20.109557,-155.78553,Permitted Feature,State Government,NPDES
KOHALA MOUNTAIN ROAD RESURFACING AND RECONSTRUCTION,HIF013813,20.109496,-155.785721,Permitted Feature,State Government,NPDES
KOHALA MOUNTAIN ROAD RESURFACING AND RECONSTRUCTION,HIF013813,20.10951,-155.785508,Permitted Feature,State Government,NPDES
KOHALA MOUNTAIN ROAD RESURFACING AND RECONSTRUCTION,HIF013813,20.109442,-155.7857,Permitted Feature,State Government,NPDES
KOHALA MOUNTAIN ROAD RESURFACING AND RECONSTRUCTION,HIF013813,20.104404,-155.790776,Permitted Feature,State Government,NPDES
KOHALA MOUNTAIN ROAD RESURFACING AND RECONSTRUCTION,HIF013813,20.094967,-155.797198,Permitted Feature,State Government,NPDES
KOHALA MOUNTAIN ROAD RESURFACING AND RECONSTRUCTION,HIF013813,20.101667,-155.779557,Permitted Feature,State Government,NPDES
KOHALA MOUNTAIN ROAD RESURFACING AND RECONSTRUCTION,HIF013813,20.101557,-155.779693,Permitted Feature,State Government,NPDES
KOHALA MOUNTAIN ROAD RESURFACING AND RECONSTRUCTION,HIF013813,20.101613,-155.779503,Permitted Feature,State Government,NPDES
KOHALA MOUNTAIN ROAD RESURFACING AND RECONSTRUCTION,HIF013813,20.101514,-155.779642,Permitted Feature,State Government,NPDES
KOHALA MOUNTAIN ROAD RESURFACING AND RECONSTRUCTION,HIF013813,20.100133,-155.782442,Permitted Feature,State Government,NPDES
KOHALA MOUNTAIN ROAD RESURFACING AND RECONSTRUCTION,HIF013813,20.094945,-155.792709,Permitted Feature,State Government,NPDES
KOHALA MOUNTAIN ROAD RESURFACING AND RECONSTRUCTION,HIF013813,20.096389,-155.774829,Permitted Feature,State Government,NPDES
KOHALA MOUNTAIN ROAD RESURFACING AND RECONSTRUCTION,HIF013813,20.094343,-155.78017,Permitted Feature,State Government,NPDES
KOHALA MOUNTAIN ROAD RESURFACING AND RECONSTRUCTION,HIF013813,20.076793,-155.799131,Permitted Feature,State Government,NPDES
KOHALA MOUNTAIN ROAD RESURFACING AND RECONSTRUCTION,HIF013813,20.089904,-155.767463,Permitted Feature,State Government,NPDES
KOHALA MOUNTAIN ROAD RESURFACING AND RECONSTRUCTION,HIF013813,20.089861,-155.76765,Permitted Feature,State Government,NPDES
KOHALA MOUNTAIN ROAD RESURFACING AND RECONSTRUCTION,HIF013813,20.089708,-155.767473,Permitted Feature,State Government,NPDES
KOHALA MOUNTAIN ROAD RESURFACING AND RECONSTRUCTION,HIF013813,20.089706,-155.767635,Permitted Feature,State Government,NPDES
KOHALA MOUNTAIN ROAD RESURFACING AND RECONSTRUCTION,HIF013813,20.07681,-155.794414,Permitted Feature,State Government,NPDES
CHILL SPACE NEW REFRIGERATED WAREHOUSE,HIF013815,21.33498,-157.893763,Permitted Feature,Privately Owned Facility,NPDES
PUKALANI TERRACE SUBDIVISION PAVEMENT RECONSTRUCTION,HIF013816,20.830555,-156.356944,Permitted Feature,Municipal or Water District,NPDES
"KAMEHAMEHA HIGHWAY RESURFACING, KAHALUU STREAM BRIDGE TO WAIAHOLE VALLEY ROAD",HIF013817,21.458436,-157.839351,Permitted Feature,State Government,NPDES
"KAMEHAMEHA HIGHWAY RESURFACING, KAHALUU STREAM BRIDGE TO WAIAHOLE VALLEY ROAD",HIF013817,21.458288,-157.839442,Permitted Feature,State Government,NPDES
"KAMEHAMEHA HIGHWAY RESURFACING, KAHALUU STREAM BRIDGE TO WAIAHOLE VALLEY ROAD",HIF013817,21.458949,-157.840045,Permitted Feature,State Government,NPDES
"KAMEHAMEHA HIGHWAY RESURFACING, KAHALUU STREAM BRIDGE TO WAIAHOLE VALLEY ROAD",HIF013817,21.458822,-157.840131,Permitted Feature,State Government,NPDES
"KAMEHAMEHA HIGHWAY RESURFACING, KAHALUU STREAM BRIDGE TO WAIAHOLE VALLEY ROAD",HIF013817,21.460475,-157.840759,Permitted Feature,State Government,NPDES
"KAMEHAMEHA HIGHWAY RESURFACING, KAHALUU STREAM BRIDGE TO WAIAHOLE VALLEY ROAD",HIF013817,21.46234,-157.842896,Permitted Feature,State Government,NPDES
"KAMEHAMEHA HIGHWAY RESURFACING, KAHALUU STREAM BRIDGE TO WAIAHOLE VALLEY ROAD",HIF013817,21.46229,-157.843032,Permitted Feature,State Government,NPDES
"KAMEHAMEHA HIGHWAY RESURFACING, KAHALUU STREAM BRIDGE TO WAIAHOLE VALLEY ROAD",HIF013817,21.464353,-157.842982,Permitted Feature,State Government,NPDES
"KAMEHAMEHA HIGHWAY RESURFACING, KAHALUU STREAM BRIDGE TO WAIAHOLE VALLEY ROAD",HIF013817,21.466493,-157.843667,Permitted Feature,State Government,NPDES
"KAMEHAMEHA HIGHWAY RESURFACING, KAHALUU STREAM BRIDGE TO WAIAHOLE VALLEY ROAD",HIF013817,21.466481,-157.843535,Permitted Feature,State Government,NPDES
"KAMEHAMEHA HIGHWAY RESURFACING, KAHALUU STREAM BRIDGE TO WAIAHOLE VALLEY ROAD",HIF013817,21.468317,-157.843492,Permitted Feature,State Government,NPDES
"KAMEHAMEHA HIGHWAY RESURFACING, KAHALUU STREAM BRIDGE TO WAIAHOLE VALLEY ROAD",HIF013817,21.469766,-157.844163,Permitted Feature,State Government,NPDES
"KAMEHAMEHA HIGHWAY RESURFACING, KAHALUU STREAM BRIDGE TO WAIAHOLE VALLEY ROAD",HIF013817,21.470597,-157.844431,Permitted Feature,State Government,NPDES
"KAMEHAMEHA HIGHWAY RESURFACING, KAHALUU STREAM BRIDGE TO WAIAHOLE VALLEY ROAD",HIF013817,21.471052,-157.844503,Permitted Feature,State Government,NPDES
"KAMEHAMEHA HIGHWAY RESURFACING, KAHALUU STREAM BRIDGE TO WAIAHOLE VALLEY ROAD",HIF013817,21.471615,-157.844548,Permitted Feature,State Government,NPDES
"KAMEHAMEHA HIGHWAY RESURFACING, KAHALUU STREAM BRIDGE TO WAIAHOLE VALLEY ROAD",HIF013817,21.471955,-157.844471,Permitted Feature,State Government,NPDES
"KAMEHAMEHA HIGHWAY RESURFACING, KAHALUU STREAM BRIDGE TO WAIAHOLE VALLEY ROAD",HIF013817,21.474535,-157.843277,Permitted Feature,State Government,NPDES
"KAMEHAMEHA HIGHWAY RESURFACING, KAHALUU STREAM BRIDGE TO WAIAHOLE VALLEY ROAD",HIF013817,21.474925,-157.84275,Permitted Feature,State Government,NPDES
"KAMEHAMEHA HIGHWAY RESURFACING, KAHALUU STREAM BRIDGE TO WAIAHOLE VALLEY ROAD",HIF013817,21.475286,-157.842414,Permitted Feature,State Government,NPDES
"KAMEHAMEHA HIGHWAY RESURFACING, KAHALUU STREAM BRIDGE TO WAIAHOLE VALLEY ROAD",HIF013817,21.47568,-157.842272,Permitted Feature,State Government,NPDES
"KAMEHAMEHA HIGHWAY RESURFACING, KAHALUU STREAM BRIDGE TO WAIAHOLE VALLEY ROAD",HIF013817,21.478054,-157.841805,Permitted Feature,State Government,NPDES
"KAMEHAMEHA HIGHWAY RESURFACING, KAHALUU STREAM BRIDGE TO WAIAHOLE VALLEY ROAD",HIF013817,21.478964,-157.841724,Permitted Feature,State Government,NPDES
"KAMEHAMEHA HIGHWAY RESURFACING, KAHALUU STREAM BRIDGE TO WAIAHOLE VALLEY ROAD",HIF013817,21.481787,-157.843822,Permitted Feature,State Government,NPDES
"KAMEHAMEHA HIGHWAY RESURFACING, KAHALUU STREAM BRIDGE TO WAIAHOLE VALLEY ROAD",HIF013817,21.481554,-157.84473499999999,Permitted Feature,State Government,NPDES
"KAMEHAMEHA HIGHWAY RESURFACING, KAHALUU STREAM BRIDGE TO WAIAHOLE VALLEY ROAD",HIF013817,21.481545,-157.844996,Permitted Feature,State Government,NPDES
"KAMEHAMEHA HIGHWAY RESURFACING, KAHALUU STREAM BRIDGE TO WAIAHOLE VALLEY ROAD",HIF013817,21.481508,-157.844848,Permitted Feature,State Government,NPDES
"KAMEHAMEHA HIGHWAY RESURFACING, KAHALUU STREAM BRIDGE TO WAIAHOLE VALLEY ROAD",HIF013817,21.482825,-157.843352,Permitted Feature,State Government,NPDES
"KALANIANAOLE HIGHWAY RESURFACING, MAKAPUU TO HANAUMA BAY ROAD",HIF013818,21.323,-157.67672,Permitted Feature,State Government,NPDES
"KALANIANAOLE HIGHWAY RESURFACING, MAKAPUU TO HANAUMA BAY ROAD",HIF013818,21.32274,-157.67565,Permitted Feature,State Government,NPDES
"KALANIANAOLE HIGHWAY RESURFACING, MAKAPUU TO HANAUMA BAY ROAD",HIF013818,21.3101,-157.65922,Permitted Feature,State Government,NPDES
"KALANIANAOLE HIGHWAY RESURFACING, MAKAPUU TO HANAUMA BAY ROAD",HIF013818,21.3225,-157.67505,Permitted Feature,State Government,NPDES
"KALANIANAOLE HIGHWAY RESURFACING, MAKAPUU TO HANAUMA BAY ROAD",HIF013818,21.32252,-157.67496,Permitted Feature,State Government,NPDES
"KALANIANAOLE HIGHWAY RESURFACING, MAKAPUU TO HANAUMA BAY ROAD",HIF013818,21.32154,-157.67361,Permitted Feature,State Government,NPDES
"KALANIANAOLE HIGHWAY RESURFACING, MAKAPUU TO HANAUMA BAY ROAD",HIF013818,21.32154,-157.67318,Permitted Feature,State Government,NPDES
"KALANIANAOLE HIGHWAY RESURFACING, MAKAPUU TO HANAUMA BAY ROAD",HIF013818,21.31924,-157.67082,Permitted Feature,State Government,NPDES
"KALANIANAOLE HIGHWAY RESURFACING, MAKAPUU TO HANAUMA BAY ROAD",HIF013818,21.31828,-157.66946,Permitted Feature,State Government,NPDES
"KALANIANAOLE HIGHWAY RESURFACING, MAKAPUU TO HANAUMA BAY ROAD",HIF013818,21.31607,-157.66584,Permitted Feature,State Government,NPDES
"KALANIANAOLE HIGHWAY RESURFACING, MAKAPUU TO HANAUMA BAY ROAD",HIF013818,21.31183,-157.66056,Permitted Feature,State Government,NPDES
"KALANIANAOLE HIGHWAY RESURFACING, MAKAPUU TO HANAUMA BAY ROAD",HIF013818,21.31164,-157.66048,Permitted Feature,State Government,NPDES
"KALANIANAOLE HIGHWAY RESURFACING, MAKAPUU TO HANAUMA BAY ROAD",HIF013818,21.3101,-157.65922,Permitted Feature,State Government,NPDES
"KALANIANAOLE HIGHWAY RESURFACING, MAKAPUU TO HANAUMA BAY ROAD",HIF013818,21.31015,-157.65923,Permitted Feature,State Government,NPDES
"KALANIANAOLE HIGHWAY RESURFACING, MAKAPUU TO HANAUMA BAY ROAD",HIF013818,21.29832,-157.65761,Permitted Feature,State Government,NPDES
"KALANIANAOLE HIGHWAY RESURFACING, MAKAPUU TO HANAUMA BAY ROAD",HIF013818,21.29757,-157.66127,Permitted Feature,State Government,NPDES
"KALANIANAOLE HIGHWAY RESURFACING, MAKAPUU TO HANAUMA BAY ROAD",HIF013818,21.29708,-157.66251,Permitted Feature,State Government,NPDES
"KALANIANAOLE HIGHWAY RESURFACING, MAKAPUU TO HANAUMA BAY ROAD",HIF013818,21.29702,-157.66265,Permitted Feature,State Government,NPDES
"KALANIANAOLE HIGHWAY RESURFACING, MAKAPUU TO HANAUMA BAY ROAD",HIF013818,21.29376,-157.66138,Permitted Feature,State Government,NPDES
"KALANIANAOLE HIGHWAY RESURFACING, MAKAPUU TO HANAUMA BAY ROAD",HIF013818,21.2916,-157.6613,Permitted Feature,State Government,NPDES
"KALANIANAOLE HIGHWAY RESURFACING, MAKAPUU TO HANAUMA BAY ROAD",HIF013818,21.27983,-157.67888,Permitted Feature,State Government,NPDES
"KALANIANAOLE HIGHWAY RESURFACING, MAKAPUU TO HANAUMA BAY ROAD",HIF013818,21.29026,-157.66459,Permitted Feature,State Government,NPDES
"KALANIANAOLE HIGHWAY RESURFACING, MAKAPUU TO HANAUMA BAY ROAD",HIF013818,21.28974,-157.66541,Permitted Feature,State Government,NPDES
"KALANIANAOLE HIGHWAY RESURFACING, MAKAPUU TO HANAUMA BAY ROAD",HIF013818,21.28809,-157.66788,Permitted Feature,State Government,NPDES
"KALANIANAOLE HIGHWAY RESURFACING, MAKAPUU TO HANAUMA BAY ROAD",HIF013818,21.2857,-157.67149,Permitted Feature,State Government,NPDES
"KALANIANAOLE HIGHWAY RESURFACING, MAKAPUU TO HANAUMA BAY ROAD",HIF013818,21.28491,-157.67444,Permitted Feature,State Government,NPDES
"KALANIANAOLE HIGHWAY RESURFACING, MAKAPUU TO HANAUMA BAY ROAD",HIF013818,21.28463,-157.67466,Permitted Feature,State Government,NPDES
"KALANIANAOLE HIGHWAY RESURFACING, MAKAPUU TO HANAUMA BAY ROAD",HIF013818,21.28391,-157.67545,Permitted Feature,State Government,NPDES
"KALANIANAOLE HIGHWAY RESURFACING, MAKAPUU TO HANAUMA BAY ROAD",HIF013818,21.2833,-157.67588,Permitted Feature,State Government,NPDES
"KALANIANAOLE HIGHWAY RESURFACING, MAKAPUU TO HANAUMA BAY ROAD",HIF013818,21.28268,-157.67629,Permitted Feature,State Government,NPDES
"KALANIANAOLE HIGHWAY RESURFACING, MAKAPUU TO HANAUMA BAY ROAD",HIF013818,21.28255,-157.67623,Permitted Feature,State Government,NPDES
"KALANIANAOLE HIGHWAY RESURFACING, MAKAPUU TO HANAUMA BAY ROAD",HIF013818,21.2818,-157.67728,Permitted Feature,State Government,NPDES
"KALANIANAOLE HIGHWAY RESURFACING, MAKAPUU TO HANAUMA BAY ROAD",HIF013818,21.28036,-157.67817,Permitted Feature,State Government,NPDES
"KALANIANAOLE HIGHWAY RESURFACING, MAKAPUU TO HANAUMA BAY ROAD",HIF013818,21.27918,-157.68017,Permitted Feature,State Government,NPDES
"KALANIANAOLE HIGHWAY RESURFACING, MAKAPUU TO HANAUMA BAY ROAD",HIF013818,21.27886,-157.68068,Permitted Feature,State Government,NPDES
"KALANIANAOLE HIGHWAY RESURFACING, MAKAPUU TO HANAUMA BAY ROAD",HIF013818,21.27897,-157.68118,Permitted Feature,State Government,NPDES
"KALANIANAOLE HIGHWAY RESURFACING, MAKAPUU TO HANAUMA BAY ROAD",HIF013818,21.27889,-157.6821,Permitted Feature,State Government,NPDES
"KALANIANAOLE HIGHWAY RESURFACING, MAKAPUU TO HANAUMA BAY ROAD",HIF013818,21.27779,-157.68221,Permitted Feature,State Government,NPDES
"KALANIANAOLE HIGHWAY RESURFACING, MAKAPUU TO HANAUMA BAY ROAD",HIF013818,21.27761,-157.68249,Permitted Feature,State Government,NPDES
"KALANIANAOLE HIGHWAY RESURFACING, MAKAPUU TO HANAUMA BAY ROAD",HIF013818,21.27886,-157.68068,Permitted Feature,State Government,NPDES
"KALANIANAOLE HIGHWAY RESURFACING, MAKAPUU TO HANAUMA BAY ROAD",HIF013818,21.27888,-157.68125,Permitted Feature,State Government,NPDES
"KALANIANAOLE HIGHWAY RESURFACING, MAKAPUU TO HANAUMA BAY ROAD",HIF013818,21.27794,-157.68184,Permitted Feature,State Government,NPDES
"KALANIANAOLE HIGHWAY RESURFACING, MAKAPUU TO HANAUMA BAY ROAD",HIF013818,21.27746,-157.6828,Permitted Feature,State Government,NPDES
"KALANIANAOLE HIGHWAY RESURFACING, MAKAPUU TO HANAUMA BAY ROAD",HIF013818,21.2774,-157.68403,Permitted Feature,State Government,NPDES
"KALANIANAOLE HIGHWAY RESURFACING, MAKAPUU TO HANAUMA BAY ROAD",HIF013818,21.27662,-157.68464,Permitted Feature,State Government,NPDES
"KALANIANAOLE HIGHWAY RESURFACING, MAKAPUU TO HANAUMA BAY ROAD",HIF013818,21.27578,-157.68615,Permitted Feature,State Government,NPDES
"KALANIANAOLE HIGHWAY RESURFACING, MAKAPUU TO HANAUMA BAY ROAD",HIF013818,21.27569,-157.68632,Permitted Feature,State Government,NPDES
"KALANIANAOLE HIGHWAY RESURFACING, MAKAPUU TO HANAUMA BAY ROAD",HIF013818,21.27585,-157.68627,Permitted Feature,State Government,NPDES
"KALANIANAOLE HIGHWAY RESURFACING, MAKAPUU TO HANAUMA BAY ROAD",HIF013818,21.27569,-157.68632,Permitted Feature,State Government,NPDES
"KALANIANAOLE HIGHWAY RESURFACING, MAKAPUU TO HANAUMA BAY ROAD",HIF013818,21.27541,-157.6863,Permitted Feature,State Government,NPDES
"KALANIANAOLE HIGHWAY RESURFACING, MAKAPUU TO HANAUMA BAY ROAD",HIF013818,21.26958,-157.6905,Permitted Feature,State Government,NPDES
"KALANIANAOLE HIGHWAY RESURFACING, MAKAPUU TO HANAUMA BAY ROAD",HIF013818,21.26957,-157.69048,Permitted Feature,State Government,NPDES
"KALANIANAOLE HIGHWAY RESURFACING, MAKAPUU TO HANAUMA BAY ROAD",HIF013818,21.27262,-157.69464,Permitted Feature,State Government,NPDES
"KALANIANAOLE HIGHWAY RESURFACING, MAKAPUU TO HANAUMA BAY ROAD",HIF013818,21.27759,-157.696,Permitted Feature,State Government,NPDES
"KALANIANAOLE HIGHWAY RESURFACING, MAKAPUU TO HANAUMA BAY ROAD",HIF013818,21.27416,-157.68705,Permitted Feature,State Government,NPDES
"KALANIANAOLE HIGHWAY RESURFACING, MAKAPUU TO HANAUMA BAY ROAD",HIF013818,21.27548,-157.68628,Permitted Feature,State Government,NPDES
"KALANIANAOLE HIGHWAY RESURFACING, MAKAPUU TO HANAUMA BAY ROAD",HIF013818,21.27794,-157.70586,Permitted Feature,State Government,NPDES
"SIGNATURE FLIGHT SUPPORT  MAIN HANGAR WITH PARKING, MAINTENANCE SHOP, DOLLY MAIN",HIF013819,21.321467,-157.912109,Facility,Privately Owned Facility,NPDES
PUAKO WATERLINE REPLACEMENT (2),HIF013820,19.972266,-155.831915,Permitted Feature,Municipal or Water District,NPDES
CARPENTER STREET PAVEMENT REHABILITATION,HIF013821,21.486821,-158.073399,Facility,Federal Facility (U.S. Government),NPDES
MELLICHAMP ROAD PAVEMENT IMPROVEMENT,HIF013822,21.490986,-158.085423,Facility,Federal Facility (U.S. Government),NPDES
"STAINBACK HIGHWAY REHABILITATION, PANAEWA ZOO TO NORTH KULANI ROAD",HIF013823,19.653811,-155.069963,Facility,Municipal or Water District,NPDES
AIR SERVICE HAWAII MAUI BASE,HIF013824,20.902443,-156.429056,Permitted Feature,Privately Owned Facility,NPDES
AIR SERVICE HAWAII HONOLULU BASE,HIF013825,21.319082,-157.910791,Permitted Feature,Privately Owned Facility,NPDES
AIR SERVICE HAWAII HONOLULU BASE,HIF013825,21.314137,-157.917879,Permitted Feature,Privately Owned Facility,NPDES
HUALALAI RESORT,HIF013826,19.83028,-155.9897,Permitted Feature,Privately Owned Facility,NPDES
HUALALAI RESORT,HIF013826,19.82194,-155.9969,Permitted Feature,Privately Owned Facility,NPDES
MASS. ELECTRIC YARD,HIF013827,21.332629,-157.903879,Facility,Privately Owned Facility,NPDES
LAVA LAVA BEACH CLUB,HIF013828,19.91303,-155.887141,Facility,Privately Owned Facility,NPDES
THE NEW KAPALAMA CONTAINER TERMINAL WHARF AND DREDGING (4),HIF013829,21.318918,-157.882919,Permitted Feature,Privately Owned Facility,NPDES
THE NEW KAPALAMA CONTAINER TERMINAL WHARF AND DREDGING (4),HIF013829,21.317819,-157.882989,Permitted Feature,Privately Owned Facility,NPDES
THE NEW KAPALAMA CONTAINER TERMINAL WHARF AND DREDGING (4),HIF013829,21.316723,-157.88395,Permitted Feature,Privately Owned Facility,NPDES
THE NEW KAPALAMA CONTAINER TERMINAL WHARF AND DREDGING (4),HIF013829,21.316289,-157.885091,Permitted Feature,Privately Owned Facility,NPDES
THE NEW KAPALAMA CONTAINER TERMINAL WHARF AND DREDGING (4),HIF013829,21.315888,-157.88646,Permitted Feature,Privately Owned Facility,NPDES
THE NEW KAPALAMA CONTAINER TERMINAL WHARF AND DREDGING (4),HIF013829,21.313753,-157.887017,Permitted Feature,Privately Owned Facility,NPDES
PVT INTEGRATED SOLID WASTE MANAGEMENT FACILITY (2),HIF013830,21.395506,-158.152545,Permitted Feature,Privately Owned Facility,NPDES
PVT INTEGRATED SOLID WASTE MANAGEMENT FACILITY (2),HIF013830,21.39678,-158.147599,Permitted Feature,Privately Owned Facility,NPDES
PVT INTEGRATED SOLID WASTE MANAGEMENT FACILITY (2),HIF013830,21.395067,-158.149564,Permitted Feature,Privately Owned Facility,NPDES
PVT INTEGRATED SOLID WASTE MANAGEMENT FACILITY (2),HIF013830,21.398568,-158.146756,Permitted Feature,Privately Owned Facility,NPDES
PVT INTEGRATED SOLID WASTE MANAGEMENT FACILITY (2),HIF013830,21.401377,-158.1456,Permitted Feature,Privately Owned Facility,NPDES
PVT INTEGRATED SOLID WASTE MANAGEMENT FACILITY (2),HIF013830,21.403448,-158.145066,Permitted Feature,Privately Owned Facility,NPDES
PVT INTEGRATED SOLID WASTE MANAGEMENT FACILITY (2),HIF013830,21.395506,-158.152545,Facility,Privately Owned Facility,NPDES
MRTP STOCKPILE,HIF013833,20.7473,-156.4579,Permitted Feature,Privately Owned Facility,NPDES
MRTP STOCKPILE,HIF013833,20.7473,-156.4579,Facility,Privately Owned Facility,NPDES
NOHEA MAUKA VILLAS,HIF013835,19.944317,-155.86144,Facility,Privately Owned Facility,NPDES
"KULA I'O RESIDENCE, LOT 26",HIF013838,20.800833,-156.468333,Permitted Feature,Privately Owned Facility,NPDES
"KULA I'O RESIDENCE, LOT 26",HIF013838,20.785799,-156.328043,Facility,Privately Owned Facility,NPDES
"WEST MAUI RECYCLED WATER EXPANSION, PHASE 3",HIF013839,20.94708,-156.68516,Permitted Feature,Municipal or Water District,NPDES
"WEST MAUI RECYCLED WATER EXPANSION, PHASE 3",HIF013839,20.94637,-156.68221,Permitted Feature,Municipal or Water District,NPDES
"WEST MAUI RECYCLED WATER EXPANSION, PHASE 3",HIF013839,20.94618,-156.67844,Permitted Feature,Municipal or Water District,NPDES
"WEST MAUI RECYCLED WATER EXPANSION, PHASE 3",HIF013839,20.94608,-156.67785,Permitted Feature,Municipal or Water District,NPDES
"WEST MAUI RECYCLED WATER EXPANSION, PHASE 3",HIF013839,20.94597,-156.67418,Permitted Feature,Municipal or Water District,NPDES
"WEST MAUI RECYCLED WATER EXPANSION, PHASE 3",HIF013839,20.94708,-156.68516,Facility,Municipal or Water District,NPDES
BLOOD BANK OF HAWAII,HIF013840,21.318897,-158.088278,Permitted Feature,Privately Owned Facility,NPDES
BLOOD BANK OF HAWAII,HIF013840,21.318897,-158.088278,Facility,Privately Owned Facility,NPDES
WEST MAUI RECLAMATION FACILITY,HIF013841,20.947216,-156.685804,Permitted Feature,Municipal or Water District,NPDES
GAS CHAMBER TRAINING FACILITY,HIF013842,21.43533,-157.746024,Permitted Feature,Federal Facility (U.S. Government),NPDES
"PROPOSED MONITORING WELLS: RHMW18, RHMW20, NWM22, NWM23, NWM24, NWM25 & NWM26 -",HIF013843,21.371953,-157.899978,Facility,Federal Facility (U.S. Government),NPDES
"MILLYARD SUBDIVISION PAVEMENT RECONSTRUCTION, PHASE 2",HIF013844,20.895961,-156.49835,Permitted Feature,Municipal or Water District,NPDES
QKA ACCESS ROAD RESURFACE AND SITE WORK,HIF013845,21.582165,-158.12996,Facility,Federal Facility (U.S. Government),NPDES
COVE BEACH,HIF013848,20.72778,-156.449947,Permitted Feature,Privately Owned Facility,NPDES
COVE BEACH,HIF013848,20.72778,-156.449947,Facility,Privately Owned Facility,NPDES
WAIAKEA UKA PARK AND GYM,HIF013849,19.6736,-155.1077,Facility,Municipal or Water District,NPDES
OLOMANA HEIGHTS,HIF013851,21.357339,-157.739161,Facility,Privately Owned Facility,NPDES
ARNESON RESIDENCE,HIF013853,20.883203,-156.302276,Facility,Privately Owned Facility,NPDES
FLORES AND CHANG AGRICULTURAL PROPERTY,HIF013854,20.934806,-156.279568,Facility,Privately Owned Facility,NPDES
RICHARD BENTO ELEMENTARY CAMPUS,HIF013856,21.320628,-157.853468,Permitted Feature,Privately Owned Facility,NPDES
"JOB NO. 17-10, WP2020 PROJECT NO. KW-07, REHABILITATE PAUA VALLEY TANK NO. 1, 0.",HIF013858,21.983019,-159.710392,Permitted Feature,Municipal or Water District,NPDES
"JOB NO. 17-10, WP2020 PROJECT NO. KW-07, REHABILITATE PAUA VALLEY TANK NO. 1, 0.",HIF013858,21.983019,-159.710392,Facility,Municipal or Water District,NPDES
KAWA STREAM & DITCH IMPROVEMENTS,HIF013859,21.405622,-157.791134,Permitted Feature,Municipal or Water District,NPDES
KAWA STREAM & DITCH IMPROVEMENTS,HIF013859,21.404049,-157.792034,Permitted Feature,Municipal or Water District,NPDES
KAWA STREAM & DITCH IMPROVEMENTS,HIF013859,21.40549,-157.791352,Permitted Feature,Municipal or Water District,NPDES
KAWA STREAM & DITCH IMPROVEMENTS,HIF013859,21.405282,-157.791575,Permitted Feature,Municipal or Water District,NPDES
KAWA STREAM & DITCH IMPROVEMENTS,HIF013859,21.401943,-157.791264,Permitted Feature,Municipal or Water District,NPDES
KAWA STREAM & DITCH IMPROVEMENTS,HIF013859,21.402051,-157.791519,Permitted Feature,Municipal or Water District,NPDES
KAWA STREAM & DITCH IMPROVEMENTS,HIF013859,21.399894,-157.791048,Permitted Feature,Municipal or Water District,NPDES
KAWA STREAM & DITCH IMPROVEMENTS,HIF013859,21.400168,-157.790835,Permitted Feature,Municipal or Water District,NPDES
KAWA STREAM & DITCH IMPROVEMENTS,HIF013859,21.400305,-157.790814,Permitted Feature,Municipal or Water District,NPDES
KAWA STREAM & DITCH IMPROVEMENTS,HIF013859,21.399864,-157.791016,Permitted Feature,Municipal or Water District,NPDES
KAWA STREAM & DITCH IMPROVEMENTS,HIF013859,21.39988,-157.791003,Permitted Feature,Municipal or Water District,NPDES
KAWA STREAM & DITCH IMPROVEMENTS,HIF013859,21.400083,-157.79086,Permitted Feature,Municipal or Water District,NPDES
KAWA STREAM & DITCH IMPROVEMENTS,HIF013859,21.399772,-157.791087,Permitted Feature,Municipal or Water District,NPDES
KAWA STREAM & DITCH IMPROVEMENTS,HIF013859,21.399663,-157.791161,Permitted Feature,Municipal or Water District,NPDES
KAWA STREAM & DITCH IMPROVEMENTS,HIF013859,21.399801,-157.791124,Permitted Feature,Municipal or Water District,NPDES
KAWA STREAM & DITCH IMPROVEMENTS,HIF013859,21.399669,-157.791208,Permitted Feature,Municipal or Water District,NPDES
KAWA STREAM & DITCH IMPROVEMENTS,HIF013859,21.396878,-157.791909,Permitted Feature,Municipal or Water District,NPDES
KAWA STREAM & DITCH IMPROVEMENTS,HIF013859,21.39704,-157.791814,Permitted Feature,Municipal or Water District,NPDES
KAWA STREAM & DITCH IMPROVEMENTS,HIF013859,21.400877,-157.788514,Permitted Feature,Municipal or Water District,NPDES
KAWA STREAM & DITCH IMPROVEMENTS,HIF013859,21.40101,-157.789458,Permitted Feature,Municipal or Water District,NPDES
KAWA STREAM & DITCH IMPROVEMENTS,HIF013859,21.401101,-157.789019,Permitted Feature,Municipal or Water District,NPDES
KAWA STREAM & DITCH IMPROVEMENTS,HIF013859,21.401043,-157.789469,Permitted Feature,Municipal or Water District,NPDES
KAWA STREAM & DITCH IMPROVEMENTS,HIF013859,21.401027,-157.789542,Permitted Feature,Municipal or Water District,NPDES
KAWA STREAM & DITCH IMPROVEMENTS,HIF013859,21.401672,-157.790809,Permitted Feature,Municipal or Water District,NPDES
KAWA STREAM & DITCH IMPROVEMENTS,HIF013859,21.401552,-157.790714,Permitted Feature,Municipal or Water District,NPDES
KAWA STREAM & DITCH IMPROVEMENTS,HIF013859,21.401617,-157.790846,Permitted Feature,Municipal or Water District,NPDES
KAWA STREAM & DITCH IMPROVEMENTS,HIF013859,21.39741,-157.791656,Permitted Feature,Municipal or Water District,NPDES
KAWA STREAM & DITCH IMPROVEMENTS,HIF013859,21.400883,-157.788495,Permitted Feature,Municipal or Water District,NPDES
P-716 RED HILL WATER TREATMENT FACILITY GEOTECHNICAL BORINGS,HIF013860,21.370278,-157.910833,Facility,Federal Facility (U.S. Government),NPDES
SAFEWAY REFUELING CENTER,HIF013861,20.885001,-156.683208,Permitted Feature,Privately Owned Facility,NPDES
SAFEWAY REFUELING CENTER,HIF013861,20.885001,-156.683208,Facility,Privately Owned Facility,NPDES
"HANAPEPE RESIDENTIAL SUBDIVISION, PHASE II (2)",HIF013863,21.910694,-159.59016,Permitted Feature,State Government,NPDES
KOLOA MAKAI DEVELOPMENT,HIF013864,21.892913,-159.465483,Permitted Feature,Municipality,NPDES
SEABURY HALL FACULTY HOUSING,HIF013865,20.853,-156.338749,Permitted Feature,Privately Owned Facility,NPDES
MICHAELY RESIDENCES,HIF013866,20.758694,-156.459833,Facility,Privately Owned Facility,NPDES
KRAUSZ DOWNTOWN KIHEI,HIF013867,20.750505,-156.454209,Permitted Feature,Privately Owned Facility,NPDES
KRAUSZ DOWNTOWN KIHEI,HIF013867,20.751592,-156.453575,Permitted Feature,Privately Owned Facility,NPDES
KRAUSZ DOWNTOWN KIHEI,HIF013867,20.749166,-156.453353,Permitted Feature,Privately Owned Facility,NPDES
KRAUSZ DOWNTOWN KIHEI,HIF013867,20.749226,-156.452351,Permitted Feature,Privately Owned Facility,NPDES
KRAUSZ DOWNTOWN KIHEI,HIF013867,20.750505,-156.454209,Facility,Privately Owned Facility,NPDES
OMAO RANCH LANDS,HIF013869,21.916302,-159.487379,Permitted Feature,Privately Owned Facility,NPDES
OMAO RANCH LANDS,HIF013869,21.915931,-159.486486,Permitted Feature,Privately Owned Facility,NPDES
OMAO RANCH LANDS,HIF013869,21.916302,-159.487379,Facility,Privately Owned Facility,NPDES
HAPUNA D3 LLC (2),HIF013870,20.001982,-155.806159,Facility,Privately Owned Facility,NPDES
AIRBORNE AVIATION HAWAII,HIF013874,21.986844,-159.333333,Permitted Feature,Privately Owned Facility,NPDES
AIRBORNE AVIATION HAWAII,HIF013874,21.986844,-159.333333,Facility,Privately Owned Facility,NPDES
ISLAND HELICOPTERS KAUAI,HIF013875,21.986844,-159.333333,Permitted Feature,Privately Owned Facility,NPDES
MAGNUM HELICOPTERS,HIF013876,21.32136,-157.907697,Permitted Feature,Privately Owned Facility,NPDES
MAGNUM HELICOPTERS,HIF013876,21.32136,-157.907697,Facility,Privately Owned Facility,NPDES
"INTERSTATE H-1 EASTBOUND IMPROVEMENTS, OLA LANE TO LIKELIKE HIGHWAY OFF-RAMP (2)",HIF013878,21.334031,-157.879538,Permitted Feature,State Government,NPDES
"INTERSTATE H-1 EASTBOUND IMPROVEMENTS, OLA LANE TO LIKELIKE HIGHWAY OFF-RAMP (2)",HIF013878,21.335713,-157.877585,Permitted Feature,State Government,NPDES
"INTERSTATE H-1 EASTBOUND IMPROVEMENTS, OLA LANE TO LIKELIKE HIGHWAY OFF-RAMP (2)",HIF013878,21.336104,-157.876798,Permitted Feature,State Government,NPDES
"ASPHALT PAVEMENT PRESERVATION, RESURFACING, AND RECONSTRUCTION AT VARIOUS LOCATI",HIF013880,21.92166,-159.53882,Permitted Feature,State Government,NPDES
"ASPHALT PAVEMENT PRESERVATION, RESURFACING, AND RECONSTRUCTION AT VARIOUS LOCATI",HIF013880,21.92186,-159.53521,Permitted Feature,State Government,NPDES
"ASPHALT PAVEMENT PRESERVATION, RESURFACING, AND RECONSTRUCTION AT VARIOUS LOCATI",HIF013880,21.91496,-159.54378,Permitted Feature,State Government,NPDES
"ASPHALT PAVEMENT PRESERVATION, RESURFACING, AND RECONSTRUCTION AT VARIOUS LOCATI",HIF013880,21.90586,-159.54734,Permitted Feature,State Government,NPDES
"ASPHALT PAVEMENT PRESERVATION, RESURFACING, AND RECONSTRUCTION AT VARIOUS LOCATI",HIF013880,21.92166,-159.53882,Facility,State Government,NPDES
MAUI RESEARCH AND TECHNOLOGY PARK RESIDENTIAL AND MIXED USE FACILITY,HIF013881,20.759,-156.4471,Permitted Feature,Privately Owned Facility,NPDES
MAUI RESEARCH AND TECHNOLOGY PARK RESIDENTIAL AND MIXED USE FACILITY,HIF013881,20.759,-156.4471,Permitted Feature,Privately Owned Facility,NPDES
MAUI RESEARCH AND TECHNOLOGY PARK RESIDENTIAL AND MIXED USE FACILITY,HIF013881,20.7519,-156.4599,Permitted Feature,Privately Owned Facility,NPDES
MAUI RESEARCH AND TECHNOLOGY PARK RESIDENTIAL AND MIXED USE FACILITY,HIF013881,20.7519,-156.4599,Permitted Feature,Privately Owned Facility,NPDES
FY23 MCON PROJECT P-209 DRY DOCK 3 REPLACEMENT (2),HIF013884,21.35239,-157.960813,Permitted Feature,Federal Facility (U.S. Government),NPDES
FY23 MCON PROJECT P-209 DRY DOCK 3 REPLACEMENT (2),HIF013884,21.352617,-157.9624,Permitted Feature,Federal Facility (U.S. Government),NPDES
FY23 MCON PROJECT P-209 DRY DOCK 3 REPLACEMENT (2),HIF013884,21.35239,-157.960813,Facility,Federal Facility (U.S. Government),NPDES
"RELOCATE RUNWAY 3-21 AT LIHUE AIRPORT, STATE #AK1031-14",HIF013885,21.986778,-159.333472,Facility,State Government,NPDES
KE?EHI SMALL BOAT HARBOR PARKING AND DRAINAGE IMPROVEMENTS,HIF013886,21.319706,-157.892234,Permitted Feature,State Government,NPDES
KE?EHI SMALL BOAT HARBOR PARKING AND DRAINAGE IMPROVEMENTS,HIF013886,21.319599,-157.892304,Permitted Feature,State Government,NPDES
KE?EHI SMALL BOAT HARBOR PARKING AND DRAINAGE IMPROVEMENTS,HIF013886,21.318516,-157.891836,Permitted Feature,State Government,NPDES
KE?EHI SMALL BOAT HARBOR PARKING AND DRAINAGE IMPROVEMENTS,HIF013886,21.317213,-157.891334,Permitted Feature,State Government,NPDES
KAMEHAMEHA SCHOOLS - MAUI CAMPUS SOFTBALL FIELD,HIF013887,20.824418,-156.340902,Facility,Privately Owned Facility,NPDES
DURO - KULA IO,HIF013888,20.785817,-156.349475,Facility,Privately Owned Facility,NPDES
"KAUAI HIGH SCHOOL ATHLETIC COURTS, PARKING AND DRAINAGE IMPROVEMENTS",HIF013889,21.9539,-159.3584,Permitted Feature,State Government,NPDES
"KAUAI HIGH SCHOOL ATHLETIC COURTS, PARKING AND DRAINAGE IMPROVEMENTS",HIF013889,21.959454,-159.352207,Permitted Feature,State Government,NPDES
KALOKO LOT 22,HIF013890,19.685296,-156.033615,Permitted Feature,Privately Owned Facility,NPDES
HOOPILI 13B HOTEL,HIF013892,21.212495,-158.010422,Permitted Feature,Privately Owned Facility,NPDES
"GRADING OF LOT 33, UKUMEHAME AGRICULTURAL SUBDIVISION, PHASE II",HIF013897,20.798288,-156.589686,Permitted Feature,Privately Owned Facility,NPDES
"GRADING OF LOT 33, UKUMEHAME AGRICULTURAL SUBDIVISION, PHASE II",HIF013897,20.798288,-156.589686,Facility,Privately Owned Facility,NPDES
UKUMEHAME RESERVOIR REMOVAL,HIF013902,20.808775,-156.588206,Facility,Privately Owned Facility,NPDES
MAHIPAPA BIOMASS POWER PLANT FACILITIES,HIF013903,21.964075,-159.456465,Permitted Feature,Privately Owned Facility,NPDES
MAHIPAPA BIOMASS POWER PLANT FACILITIES,HIF013903,22.034719,-159.376481,Permitted Feature,Privately Owned Facility,NPDES
MAHIPAPA BIOMASS POWER PLANT FACILITIES,HIF013903,21.964075,-159.456465,Facility,Privately Owned Facility,NPDES
"KUAMOO ROAD RESURFACING, VICINITY OF U.H. AGRICULTURAL EXPERIMENT STATION TO END",HIF013906,22.07165,-159.41789,Permitted Feature,State Government,NPDES
"KUAMOO ROAD RESURFACING, VICINITY OF U.H. AGRICULTURAL EXPERIMENT STATION TO END",HIF013906,22.07186,-159.41702,Permitted Feature,State Government,NPDES
"KUAMOO ROAD RESURFACING, VICINITY OF U.H. AGRICULTURAL EXPERIMENT STATION TO END",HIF013906,22.06878,-159.41417,Permitted Feature,State Government,NPDES
"KUAMOO ROAD RESURFACING, VICINITY OF U.H. AGRICULTURAL EXPERIMENT STATION TO END",HIF013906,22.06243,-159.40585,Permitted Feature,State Government,NPDES
"KUAMOO ROAD RESURFACING, VICINITY OF U.H. AGRICULTURAL EXPERIMENT STATION TO END",HIF013906,22.06252,-159.40451,Permitted Feature,State Government,NPDES
"KUAMOO ROAD RESURFACING, VICINITY OF U.H. AGRICULTURAL EXPERIMENT STATION TO END",HIF013906,22.06316,-159.39856,Permitted Feature,State Government,NPDES
"KUAMOO ROAD RESURFACING, VICINITY OF U.H. AGRICULTURAL EXPERIMENT STATION TO END",HIF013906,22.07165,-159.41789,Facility,State Government,NPDES
SECURE INTEGRATION SUPPORT LAB,HIF013908,20.738309,-156.440925,Permitted Feature,Federal Facility (U.S. Government),NPDES
SECURE INTEGRATION SUPPORT LAB,HIF013908,20.738309,-156.440925,Facility,Federal Facility (U.S. Government),NPDES
BUILDING 502 KAWAMURA HALL - FY20 REPAIR BUILDING 502,HIF013909,21.343633,-157.88439,Facility,Federal Facility (U.S. Government),NPDES
GLENWOOD WASABI FARM,HIF013910,19.50318,-155.147348,Facility,Privately Owned Facility,NPDES
GRACE PACIFIC KONA HMA PLANT,HIF013912,19.683254,-156.011801,Permitted Feature,Privately Owned Facility,NPDES
GRACE PACIFIC WAHIAWA GULCH HMA PLANT,HIF013913,21.896667,-159.574444,Permitted Feature,Privately Owned Facility,NPDES
ISLAND MOVERS,HIF013914,21.321398,-157.907705,Permitted Feature,Privately Owned Facility,NPDES
WAIPIO HEIGHTS WELLS AND WELLS I RENOVATION,HIF013932,21.399305,-157.985034,Permitted Feature,Municipal or Water District,NPDES
ALOHA HELICOPTER TOURS,HIF013934,21.986844,-159.333333,Permitted Feature,Privately Owned Facility,NPDES
KAUAI ASPHALT HMA PLANT,HIF013935,21.992188,-159.365134,Facility,Privately Owned Facility,NPDES
KALAHEO WATER SYSTEM IMPROVEMENTS (3),HIF013936,21.944076,-159.528741,Permitted Feature,Municipal or Water District,NPDES
KALAHEO WATER SYSTEM IMPROVEMENTS (3),HIF013936,21.933171,-159.522398,Permitted Feature,Municipal or Water District,NPDES
KALAHEO WATER SYSTEM IMPROVEMENTS (3),HIF013936,21.929662,-159.51757,Permitted Feature,Municipal or Water District,NPDES
KALAHEO WATER SYSTEM IMPROVEMENTS (3),HIF013936,21.938057,-159.516368,Permitted Feature,Municipal or Water District,NPDES
B440 PARKING AND ROAD REPAVING,HIF013939,21.330031,-157.972453,Facility,Federal Facility (U.S. Government),NPDES
KALAHEO WATER SYSTEM IMPROVEMENTS (2),HIF013941,21.944076,-159.528741,Permitted Feature,Municipal or Water District,NPDES
KALAHEO WATER SYSTEM IMPROVEMENTS (2),HIF013941,21.933171,-159.522398,Permitted Feature,Municipal or Water District,NPDES
MALAEKAHANA STATE RECREATION AREA KAHUKU SECTION PARK IMPROVEMENTS,HIF013943,21.668968,-157.936738,Permitted Feature,State Government,NPDES
MALAEKAHANA STATE RECREATION AREA KAHUKU SECTION PARK IMPROVEMENTS,HIF013943,21.672871,-157.940531,Permitted Feature,State Government,NPDES
MALAEKAHANA STATE RECREATION AREA KAHUKU SECTION PARK IMPROVEMENTS,HIF013943,21.672871,-157.940531,Facility,State Government,NPDES
"PAUL'S ELECTRICAL CONTRACTING, LLC - WAREHOUSE C",HIF013944,21.424206,-158.009483,Permitted Feature,Privately Owned Facility,NPDES
"PAUL'S ELECTRICAL CONTRACTING, LLC - WAREHOUSE C",HIF013944,21.424206,-158.009483,Facility,Privately Owned Facility,NPDES
HAMAKUA ENERGY PLANT,HIF013947,20.093527,-155.473482,Permitted Feature,Privately Owned Facility,NPDES
HAMAKUA ENERGY PLANT,HIF013947,20.093711,-155.46937,Permitted Feature,Privately Owned Facility,NPDES
HAMAKUA ENERGY PLANT,HIF013947,20.093936,-155.469215,Permitted Feature,Privately Owned Facility,NPDES
HAMAKUA ENERGY PLANT,HIF013947,20.094363,-155.468965,Permitted Feature,Privately Owned Facility,NPDES
HAMAKUA ENERGY PLANT,HIF013947,20.094575,-155.468929,Permitted Feature,Privately Owned Facility,NPDES
HAMAKUA ENERGY PLANT,HIF013947,20.093527,-155.473482,Facility,Privately Owned Facility,NPDES
"HART UTILITY RELOCATION (CCUR) IV STOCKPILE, STAGING & STORAGE AREAS",HIF013949,21.3279,-157.899074,Facility,Municipal or Water District,NPDES
"PAVEMENT REPAIRS AT VARIOUS LOCATIONS, HONOLULU HARBOR",HIF013950,21.327906,-157.890992,Permitted Feature,State Government,NPDES
"PAVEMENT REPAIRS AT VARIOUS LOCATIONS, HONOLULU HARBOR",HIF013950,21.326846,-157.891459,Permitted Feature,State Government,NPDES
"PAVEMENT REPAIRS AT VARIOUS LOCATIONS, HONOLULU HARBOR",HIF013950,21.326846,-157.891459,Permitted Feature,State Government,NPDES
"PAVEMENT REPAIRS AT VARIOUS LOCATIONS, HONOLULU HARBOR",HIF013950,21.32622,-157.894055,Permitted Feature,State Government,NPDES
"PAVEMENT REPAIRS AT VARIOUS LOCATIONS, HONOLULU HARBOR",HIF013950,21.322726,-157.893508,Permitted Feature,State Government,NPDES
"PAVEMENT REPAIRS AT VARIOUS LOCATIONS, HONOLULU HARBOR",HIF013950,21.320653,-157.891359,Permitted Feature,State Government,NPDES
"PAVEMENT REPAIRS AT VARIOUS LOCATIONS, HONOLULU HARBOR",HIF013950,21.315601,-157.88732,Permitted Feature,State Government,NPDES
"PAVEMENT REPAIRS AT VARIOUS LOCATIONS, HONOLULU HARBOR",HIF013950,21.316152,-157.887583,Permitted Feature,State Government,NPDES
"PAVEMENT REPAIRS AT VARIOUS LOCATIONS, HONOLULU HARBOR",HIF013950,21.315571,-157.887347,Permitted Feature,State Government,NPDES
"PAVEMENT REPAIRS AT VARIOUS LOCATIONS, HONOLULU HARBOR",HIF013950,21.31699,-157.883173,Permitted Feature,State Government,NPDES
"PAVEMENT REPAIRS AT VARIOUS LOCATIONS, HONOLULU HARBOR",HIF013950,21.31709,-157.883184,Permitted Feature,State Government,NPDES
"PAVEMENT REPAIRS AT VARIOUS LOCATIONS, HONOLULU HARBOR",HIF013950,21.317589,-157.882948,Permitted Feature,State Government,NPDES
"PAVEMENT REPAIRS AT VARIOUS LOCATIONS, HONOLULU HARBOR",HIF013950,21.317714,-157.882921,Permitted Feature,State Government,NPDES
"PAVEMENT REPAIRS AT VARIOUS LOCATIONS, HONOLULU HARBOR",HIF013950,21.317964,-157.8829,Permitted Feature,State Government,NPDES
"PAVEMENT REPAIRS AT VARIOUS LOCATIONS, HONOLULU HARBOR",HIF013950,21.318733,-157.882814,Permitted Feature,State Government,NPDES
"PAVEMENT REPAIRS AT VARIOUS LOCATIONS, HONOLULU HARBOR",HIF013950,21.319653,-157.882771,Permitted Feature,State Government,NPDES
"PAVEMENT REPAIRS AT VARIOUS LOCATIONS, HONOLULU HARBOR",HIF013950,21.319942,-157.882481,Permitted Feature,State Government,NPDES
"PAVEMENT REPAIRS AT VARIOUS LOCATIONS, HONOLULU HARBOR",HIF013950,21.319942,-157.882481,Permitted Feature,State Government,NPDES
"PAVEMENT REPAIRS AT VARIOUS LOCATIONS, HONOLULU HARBOR",HIF013950,21.319793,-157.88055,Permitted Feature,State Government,NPDES
"PAVEMENT REPAIRS AT VARIOUS LOCATIONS, HONOLULU HARBOR",HIF013950,21.319026,-157.878061,Permitted Feature,State Government,NPDES
"PAVEMENT REPAIRS AT VARIOUS LOCATIONS, HONOLULU HARBOR",HIF013950,21.318007,-157.878769,Permitted Feature,State Government,NPDES
"PAVEMENT REPAIRS AT VARIOUS LOCATIONS, HONOLULU HARBOR",HIF013950,21.316887,-157.87937,Permitted Feature,State Government,NPDES
"PAVEMENT REPAIRS AT VARIOUS LOCATIONS, HONOLULU HARBOR",HIF013950,21.316952,-157.878222,Permitted Feature,State Government,NPDES
"PAVEMENT REPAIRS AT VARIOUS LOCATIONS, HONOLULU HARBOR",HIF013950,21.316502,-157.878464,Permitted Feature,State Government,NPDES
"PAVEMENT REPAIRS AT VARIOUS LOCATIONS, HONOLULU HARBOR",HIF013950,21.317302,-157.877755,Permitted Feature,State Government,NPDES
"PAVEMENT REPAIRS AT VARIOUS LOCATIONS, HONOLULU HARBOR",HIF013950,21.317282,-157.876725,Permitted Feature,State Government,NPDES
"PAVEMENT REPAIRS AT VARIOUS LOCATIONS, HONOLULU HARBOR",HIF013950,21.317006,-157.876259,Permitted Feature,State Government,NPDES
"PAVEMENT REPAIRS AT VARIOUS LOCATIONS, HONOLULU HARBOR",HIF013950,21.316842,-157.876243,Permitted Feature,State Government,NPDES
"PAVEMENT REPAIRS AT VARIOUS LOCATIONS, HONOLULU HARBOR",HIF013950,21.316562,-157.876328,Permitted Feature,State Government,NPDES
"PAVEMENT REPAIRS AT VARIOUS LOCATIONS, HONOLULU HARBOR",HIF013950,21.315932,-157.876699,Permitted Feature,State Government,NPDES
"PAVEMENT REPAIRS AT VARIOUS LOCATIONS, HONOLULU HARBOR",HIF013950,21.315422,-157.876849,Permitted Feature,State Government,NPDES
"PAVEMENT REPAIRS AT VARIOUS LOCATIONS, HONOLULU HARBOR",HIF013950,21.315382,-157.876865,Permitted Feature,State Government,NPDES
"PAVEMENT REPAIRS AT VARIOUS LOCATIONS, HONOLULU HARBOR",HIF013950,21.315003,-157.877187,Permitted Feature,State Government,NPDES
"PAVEMENT REPAIRS AT VARIOUS LOCATIONS, HONOLULU HARBOR",HIF013950,21.314773,-157.877305,Permitted Feature,State Government,NPDES
"PAVEMENT REPAIRS AT VARIOUS LOCATIONS, HONOLULU HARBOR",HIF013950,21.314373,-157.877573,Permitted Feature,State Government,NPDES
"PAVEMENT REPAIRS AT VARIOUS LOCATIONS, HONOLULU HARBOR",HIF013950,21.314163,-157.877707,Permitted Feature,State Government,NPDES
"PAVEMENT REPAIRS AT VARIOUS LOCATIONS, HONOLULU HARBOR",HIF013950,21.313908,-157.877847,Permitted Feature,State Government,NPDES
"PAVEMENT REPAIRS AT VARIOUS LOCATIONS, HONOLULU HARBOR",HIF013950,21.313721,-157.877691,Permitted Feature,State Government,NPDES
"PAVEMENT REPAIRS AT VARIOUS LOCATIONS, HONOLULU HARBOR",HIF013950,21.313368,-157.877128,Permitted Feature,State Government,NPDES
"PAVEMENT REPAIRS AT VARIOUS LOCATIONS, HONOLULU HARBOR",HIF013950,21.313305,-157.877031,Permitted Feature,State Government,NPDES
"PAVEMENT REPAIRS AT VARIOUS LOCATIONS, HONOLULU HARBOR",HIF013950,21.31279,-157.876189,Permitted Feature,State Government,NPDES
"PAVEMENT REPAIRS AT VARIOUS LOCATIONS, HONOLULU HARBOR",HIF013950,21.31279,-157.876189,Permitted Feature,State Government,NPDES
"PAVEMENT REPAIRS AT VARIOUS LOCATIONS, HONOLULU HARBOR",HIF013950,21.31203,-157.874944,Permitted Feature,State Government,NPDES
"PAVEMENT REPAIRS AT VARIOUS LOCATIONS, HONOLULU HARBOR",HIF013950,21.311671,-157.874515,Permitted Feature,State Government,NPDES
"PAVEMENT REPAIRS AT VARIOUS LOCATIONS, HONOLULU HARBOR",HIF013950,21.311031,-157.873335,Permitted Feature,State Government,NPDES
"PAVEMENT REPAIRS AT VARIOUS LOCATIONS, HONOLULU HARBOR",HIF013950,21.310231,-157.872262,Permitted Feature,State Government,NPDES
"PAVEMENT REPAIRS AT VARIOUS LOCATIONS, HONOLULU HARBOR",HIF013950,21.310521,-157.871549,Permitted Feature,State Government,NPDES
"PAVEMENT REPAIRS AT VARIOUS LOCATIONS, HONOLULU HARBOR",HIF013950,21.310951,-157.87142,Permitted Feature,State Government,NPDES
"PAVEMENT REPAIRS AT VARIOUS LOCATIONS, HONOLULU HARBOR",HIF013950,21.310581,-157.870165,Permitted Feature,State Government,NPDES
"PAVEMENT REPAIRS AT VARIOUS LOCATIONS, HONOLULU HARBOR",HIF013950,21.310921,-157.870294,Permitted Feature,State Government,NPDES
"PAVEMENT REPAIRS AT VARIOUS LOCATIONS, HONOLULU HARBOR",HIF013950,21.311461,-157.870497,Permitted Feature,State Government,NPDES
"PAVEMENT REPAIRS AT VARIOUS LOCATIONS, HONOLULU HARBOR",HIF013950,21.31218,-157.870712,Permitted Feature,State Government,NPDES
"PAVEMENT REPAIRS AT VARIOUS LOCATIONS, HONOLULU HARBOR",HIF013950,21.31232,-157.870562,Permitted Feature,State Government,NPDES
"PAVEMENT REPAIRS AT VARIOUS LOCATIONS, HONOLULU HARBOR",HIF013950,21.31243,-157.870197,Permitted Feature,State Government,NPDES
"PAVEMENT REPAIRS AT VARIOUS LOCATIONS, HONOLULU HARBOR",HIF013950,21.31245,-157.869982,Permitted Feature,State Government,NPDES
"PAVEMENT REPAIRS AT VARIOUS LOCATIONS, HONOLULU HARBOR",HIF013950,21.310391,-157.86921,Permitted Feature,State Government,NPDES
"PAVEMENT REPAIRS AT VARIOUS LOCATIONS, HONOLULU HARBOR",HIF013950,21.310112,-157.869049,Permitted Feature,State Government,NPDES
"PAVEMENT REPAIRS AT VARIOUS LOCATIONS, HONOLULU HARBOR",HIF013950,21.31014,-157.868899,Permitted Feature,State Government,NPDES
"PAVEMENT REPAIRS AT VARIOUS LOCATIONS, HONOLULU HARBOR",HIF013950,21.31016,-157.868826,Permitted Feature,State Government,NPDES
"PAVEMENT REPAIRS AT VARIOUS LOCATIONS, HONOLULU HARBOR",HIF013950,21.310125,-157.868612,Permitted Feature,State Government,NPDES
"PAVEMENT REPAIRS AT VARIOUS LOCATIONS, HONOLULU HARBOR",HIF013950,21.310315,-157.867989,Permitted Feature,State Government,NPDES
"PAVEMENT REPAIRS AT VARIOUS LOCATIONS, HONOLULU HARBOR",HIF013950,21.310302,-157.868032,Permitted Feature,State Government,NPDES
"PAVEMENT REPAIRS AT VARIOUS LOCATIONS, HONOLULU HARBOR",HIF013950,21.310302,-157.868032,Permitted Feature,State Government,NPDES
"PAVEMENT REPAIRS AT VARIOUS LOCATIONS, HONOLULU HARBOR",HIF013950,21.311632,-157.867442,Permitted Feature,State Government,NPDES
"PAVEMENT REPAIRS AT VARIOUS LOCATIONS, HONOLULU HARBOR",HIF013950,21.312431,-157.867314,Permitted Feature,State Government,NPDES
"PAVEMENT REPAIRS AT VARIOUS LOCATIONS, HONOLULU HARBOR",HIF013950,21.313117,-157.867217,Permitted Feature,State Government,NPDES
"PAVEMENT REPAIRS AT VARIOUS LOCATIONS, HONOLULU HARBOR",HIF013950,21.313407,-157.867137,Permitted Feature,State Government,NPDES
"PAVEMENT REPAIRS AT VARIOUS LOCATIONS, HONOLULU HARBOR",HIF013950,21.311982,-157.865431,Permitted Feature,State Government,NPDES
"PAVEMENT REPAIRS AT VARIOUS LOCATIONS, HONOLULU HARBOR",HIF013950,21.311902,-157.865431,Permitted Feature,State Government,NPDES
"PAVEMENT REPAIRS AT VARIOUS LOCATIONS, HONOLULU HARBOR",HIF013950,21.311842,-157.865441,Permitted Feature,State Government,NPDES
"PAVEMENT REPAIRS AT VARIOUS LOCATIONS, HONOLULU HARBOR",HIF013950,21.311777,-157.865463,Permitted Feature,State Government,NPDES
"PAVEMENT REPAIRS AT VARIOUS LOCATIONS, HONOLULU HARBOR",HIF013950,21.311717,-157.865463,Permitted Feature,State Government,NPDES
"PAVEMENT REPAIRS AT VARIOUS LOCATIONS, HONOLULU HARBOR",HIF013950,21.311447,-157.865511,Permitted Feature,State Government,NPDES
"PAVEMENT REPAIRS AT VARIOUS LOCATIONS, HONOLULU HARBOR",HIF013950,21.311348,-157.865533,Permitted Feature,State Government,NPDES
"PAVEMENT REPAIRS AT VARIOUS LOCATIONS, HONOLULU HARBOR",HIF013950,21.311228,-157.865533,Permitted Feature,State Government,NPDES
"PAVEMENT REPAIRS AT VARIOUS LOCATIONS, HONOLULU HARBOR",HIF013950,21.311158,-157.865538,Permitted Feature,State Government,NPDES
"PAVEMENT REPAIRS AT VARIOUS LOCATIONS, HONOLULU HARBOR",HIF013950,21.311078,-157.865538,Permitted Feature,State Government,NPDES
"PAVEMENT REPAIRS AT VARIOUS LOCATIONS, HONOLULU HARBOR",HIF013950,21.311757,-157.865361,Permitted Feature,State Government,NPDES
"PAVEMENT REPAIRS AT VARIOUS LOCATIONS, HONOLULU HARBOR",HIF013950,21.309512,-157.864614,Permitted Feature,State Government,NPDES
"PAVEMENT REPAIRS AT VARIOUS LOCATIONS, HONOLULU HARBOR",HIF013950,21.309502,-157.8647,Permitted Feature,State Government,NPDES
"PAVEMENT REPAIRS AT VARIOUS LOCATIONS, HONOLULU HARBOR",HIF013950,21.309605,-157.864483,Permitted Feature,State Government,NPDES
"PAVEMENT REPAIRS AT VARIOUS LOCATIONS, HONOLULU HARBOR",HIF013950,21.309605,-157.864483,Permitted Feature,State Government,NPDES
"PAVEMENT REPAIRS AT VARIOUS LOCATIONS, HONOLULU HARBOR",HIF013950,21.309535,-157.864794,Permitted Feature,State Government,NPDES
"PAVEMENT REPAIRS AT VARIOUS LOCATIONS, HONOLULU HARBOR",HIF013950,21.30947,-157.864762,Permitted Feature,State Government,NPDES
"PAVEMENT REPAIRS AT VARIOUS LOCATIONS, HONOLULU HARBOR",HIF013950,21.30939,-157.864711,Permitted Feature,State Government,NPDES
"PAVEMENT REPAIRS AT VARIOUS LOCATIONS, HONOLULU HARBOR",HIF013950,21.309388,-157.864644,Permitted Feature,State Government,NPDES
"PAVEMENT REPAIRS AT VARIOUS LOCATIONS, HONOLULU HARBOR",HIF013950,21.309393,-157.864491,Permitted Feature,State Government,NPDES
"PAVEMENT REPAIRS AT VARIOUS LOCATIONS, HONOLULU HARBOR",HIF013950,21.308683,-157.864696,Permitted Feature,State Government,NPDES
"PAVEMENT REPAIRS AT VARIOUS LOCATIONS, HONOLULU HARBOR",HIF013950,21.308623,-157.864749,Permitted Feature,State Government,NPDES
"PAVEMENT REPAIRS AT VARIOUS LOCATIONS, HONOLULU HARBOR",HIF013950,21.308533,-157.864835,Permitted Feature,State Government,NPDES
"PAVEMENT REPAIRS AT VARIOUS LOCATIONS, HONOLULU HARBOR",HIF013950,21.30842,-157.865023,Permitted Feature,State Government,NPDES
"PAVEMENT REPAIRS AT VARIOUS LOCATIONS, HONOLULU HARBOR",HIF013950,21.30825,-157.865173,Permitted Feature,State Government,NPDES
"PAVEMENT REPAIRS AT VARIOUS LOCATIONS, HONOLULU HARBOR",HIF013950,21.3079,-157.865645,Permitted Feature,State Government,NPDES
"PAVEMENT REPAIRS AT VARIOUS LOCATIONS, HONOLULU HARBOR",HIF013950,21.30765,-157.865688,Permitted Feature,State Government,NPDES
"PAVEMENT REPAIRS AT VARIOUS LOCATIONS, HONOLULU HARBOR",HIF013950,21.30717,-157.866332,Permitted Feature,State Government,NPDES
"PAVEMENT REPAIRS AT VARIOUS LOCATIONS, HONOLULU HARBOR",HIF013950,21.306621,-157.8663,Permitted Feature,State Government,NPDES
"PAVEMENT REPAIRS AT VARIOUS LOCATIONS, HONOLULU HARBOR",HIF013950,21.306441,-157.864787,Permitted Feature,State Government,NPDES
"PAVEMENT REPAIRS AT VARIOUS LOCATIONS, HONOLULU HARBOR",HIF013950,21.306336,-157.864733,Permitted Feature,State Government,NPDES
"PAVEMENT REPAIRS AT VARIOUS LOCATIONS, HONOLULU HARBOR",HIF013950,21.306141,-157.86461,Permitted Feature,State Government,NPDES
"PAVEMENT REPAIRS AT VARIOUS LOCATIONS, HONOLULU HARBOR",HIF013950,21.305581,-157.864256,Permitted Feature,State Government,NPDES
"PAVEMENT REPAIRS AT VARIOUS LOCATIONS, HONOLULU HARBOR",HIF013950,21.305471,-157.864197,Permitted Feature,State Government,NPDES
"PAVEMENT REPAIRS AT VARIOUS LOCATIONS, HONOLULU HARBOR",HIF013950,21.305349,-157.864119,Permitted Feature,State Government,NPDES
"PAVEMENT REPAIRS AT VARIOUS LOCATIONS, HONOLULU HARBOR",HIF013950,21.305349,-157.864119,Permitted Feature,State Government,NPDES
"PAVEMENT REPAIRS AT VARIOUS LOCATIONS, HONOLULU HARBOR",HIF013950,21.306468,-157.864929,Permitted Feature,State Government,NPDES
"PAVEMENT REPAIRS AT VARIOUS LOCATIONS, HONOLULU HARBOR",HIF013950,21.305169,-157.863963,Permitted Feature,State Government,NPDES
"PAVEMENT REPAIRS AT VARIOUS LOCATIONS, HONOLULU HARBOR",HIF013950,21.305169,-157.863963,Permitted Feature,State Government,NPDES
"PAVEMENT REPAIRS AT VARIOUS LOCATIONS, HONOLULU HARBOR",HIF013950,21.304669,-157.864671,Permitted Feature,State Government,NPDES
"PAVEMENT REPAIRS AT VARIOUS LOCATIONS, HONOLULU HARBOR",HIF013950,21.303914,-157.864312,Permitted Feature,State Government,NPDES
"PAVEMENT REPAIRS AT VARIOUS LOCATIONS, HONOLULU HARBOR",HIF013950,21.303894,-157.863947,Permitted Feature,State Government,NPDES
"PAVEMENT REPAIRS AT VARIOUS LOCATIONS, HONOLULU HARBOR",HIF013950,21.303679,-157.863615,Permitted Feature,State Government,NPDES
"PAVEMENT REPAIRS AT VARIOUS LOCATIONS, HONOLULU HARBOR",HIF013950,21.302839,-157.864108,Permitted Feature,State Government,NPDES
"PAVEMENT REPAIRS AT VARIOUS LOCATIONS, HONOLULU HARBOR",HIF013950,21.3025,-157.864486,Permitted Feature,State Government,NPDES
"PAVEMENT REPAIRS AT VARIOUS LOCATIONS, HONOLULU HARBOR",HIF013950,21.302435,-157.864529,Permitted Feature,State Government,NPDES
"PAVEMENT REPAIRS AT VARIOUS LOCATIONS, HONOLULU HARBOR",HIF013950,21.301815,-157.86513,Permitted Feature,State Government,NPDES
"PAVEMENT REPAIRS AT VARIOUS LOCATIONS, HONOLULU HARBOR",HIF013950,21.301196,-157.865581,Permitted Feature,State Government,NPDES
"PAVEMENT REPAIRS AT VARIOUS LOCATIONS, HONOLULU HARBOR",HIF013950,21.300496,-157.866117,Permitted Feature,State Government,NPDES
"PAVEMENT REPAIRS AT VARIOUS LOCATIONS, HONOLULU HARBOR",HIF013950,21.299616,-157.866975,Permitted Feature,State Government,NPDES
"PAVEMENT REPAIRS AT VARIOUS LOCATIONS, HONOLULU HARBOR",HIF013950,21.298387,-157.867855,Permitted Feature,State Government,NPDES
"PAVEMENT REPAIRS AT VARIOUS LOCATIONS, HONOLULU HARBOR",HIF013950,21.297727,-157.868241,Permitted Feature,State Government,NPDES
"PAVEMENT REPAIRS AT VARIOUS LOCATIONS, HONOLULU HARBOR",HIF013950,21.297459,-157.868381,Permitted Feature,State Government,NPDES
"PAVEMENT REPAIRS AT VARIOUS LOCATIONS, HONOLULU HARBOR",HIF013950,21.297006,-157.868617,Permitted Feature,State Government,NPDES
"PAVEMENT REPAIRS AT VARIOUS LOCATIONS, HONOLULU HARBOR",HIF013950,21.296526,-157.868853,Permitted Feature,State Government,NPDES
"PAVEMENT REPAIRS AT VARIOUS LOCATIONS, HONOLULU HARBOR",HIF013950,21.296081,-157.869046,Permitted Feature,State Government,NPDES
"PAVEMENT REPAIRS AT VARIOUS LOCATIONS, HONOLULU HARBOR",HIF013950,21.313823,-157.886557,Permitted Feature,State Government,NPDES
"PAVEMENT REPAIRS AT VARIOUS LOCATIONS, HONOLULU HARBOR",HIF013950,21.313913,-157.88571,Permitted Feature,State Government,NPDES
"PAVEMENT REPAIRS AT VARIOUS LOCATIONS, HONOLULU HARBOR",HIF013950,21.313828,-157.885519,Permitted Feature,State Government,NPDES
"PAVEMENT REPAIRS AT VARIOUS LOCATIONS, HONOLULU HARBOR",HIF013950,21.313828,-157.885519,Permitted Feature,State Government,NPDES
"PAVEMENT REPAIRS AT VARIOUS LOCATIONS, HONOLULU HARBOR",HIF013950,21.313688,-157.884725,Permitted Feature,State Government,NPDES
"PAVEMENT REPAIRS AT VARIOUS LOCATIONS, HONOLULU HARBOR",HIF013950,21.313467,-157.883115,Permitted Feature,State Government,NPDES
"PAVEMENT REPAIRS AT VARIOUS LOCATIONS, HONOLULU HARBOR",HIF013950,21.313361,-157.882624,Permitted Feature,State Government,NPDES
"PAVEMENT REPAIRS AT VARIOUS LOCATIONS, HONOLULU HARBOR",HIF013950,21.31337,-157.882109,Permitted Feature,State Government,NPDES
"PAVEMENT REPAIRS AT VARIOUS LOCATIONS, HONOLULU HARBOR",HIF013950,21.313356,-157.882029,Permitted Feature,State Government,NPDES
"PAVEMENT REPAIRS AT VARIOUS LOCATIONS, HONOLULU HARBOR",HIF013950,21.313329,-157.881867,Permitted Feature,State Government,NPDES
"PAVEMENT REPAIRS AT VARIOUS LOCATIONS, HONOLULU HARBOR",HIF013950,21.313308,-157.881679,Permitted Feature,State Government,NPDES
"PAVEMENT REPAIRS AT VARIOUS LOCATIONS, HONOLULU HARBOR",HIF013950,21.313301,-157.88147,Permitted Feature,State Government,NPDES
"PAVEMENT REPAIRS AT VARIOUS LOCATIONS, HONOLULU HARBOR",HIF013950,21.313301,-157.88147,Permitted Feature,State Government,NPDES
"PAVEMENT REPAIRS AT VARIOUS LOCATIONS, HONOLULU HARBOR",HIF013950,21.313241,-157.88133,Permitted Feature,State Government,NPDES
"PAVEMENT REPAIRS AT VARIOUS LOCATIONS, HONOLULU HARBOR",HIF013950,21.313161,-157.88088,Permitted Feature,State Government,NPDES
"PAVEMENT REPAIRS AT VARIOUS LOCATIONS, HONOLULU HARBOR",HIF013950,21.313002,-157.880172,Permitted Feature,State Government,NPDES
"PAVEMENT REPAIRS AT VARIOUS LOCATIONS, HONOLULU HARBOR",HIF013950,21.312241,-157.879152,Permitted Feature,State Government,NPDES
"PAVEMENT REPAIRS AT VARIOUS LOCATIONS, HONOLULU HARBOR",HIF013950,21.311791,-157.878425,Permitted Feature,State Government,NPDES
"PAVEMENT REPAIRS AT VARIOUS LOCATIONS, HONOLULU HARBOR",HIF013950,21.312023,-157.878672,Permitted Feature,State Government,NPDES
"PAVEMENT REPAIRS AT VARIOUS LOCATIONS, HONOLULU HARBOR",HIF013950,21.312023,-157.878672,Permitted Feature,State Government,NPDES
"PAVEMENT REPAIRS AT VARIOUS LOCATIONS, HONOLULU HARBOR",HIF013950,21.311344,-157.877578,Permitted Feature,State Government,NPDES
"PAVEMENT REPAIRS AT VARIOUS LOCATIONS, HONOLULU HARBOR",HIF013950,21.310064,-157.875475,Permitted Feature,State Government,NPDES
"PAVEMENT REPAIRS AT VARIOUS LOCATIONS, HONOLULU HARBOR",HIF013950,21.308845,-157.873951,Permitted Feature,State Government,NPDES
"PAVEMENT REPAIRS AT VARIOUS LOCATIONS, HONOLULU HARBOR",HIF013950,21.308725,-157.873833,Permitted Feature,State Government,NPDES
"PAVEMENT REPAIRS AT VARIOUS LOCATIONS, HONOLULU HARBOR",HIF013950,21.308725,-157.873833,Permitted Feature,State Government,NPDES
RUNWAY 8L WIDENING PHASE 2 (2),HIF013951,21.326198,-157.947727,Facility,State Government,NPDES
PARADISE PLANTATION LOT 12,HIF013952,20.852049,-156.661351,Permitted Feature,Privately Owned Facility,NPDES
HIANG PARKING LOT PAVEMENT REHABILITATION WAAF 829,HIF013954,21.475085,-158.050662,Facility,Privately Owned Facility,NPDES
ALOHA PICKLEBALL,HIF013956,20.7473,-156.4579,Permitted Feature,Privately Owned Facility,NPDES
JAMIESON RESIDENCE,HIF013957,20.809603,-156.614263,Permitted Feature,Privately Owned Facility,NPDES
JAMIESON RESIDENCE,HIF013957,20.809603,-156.614263,Facility,Privately Owned Facility,NPDES
"FARRINGTON HIGHWAY, REPLACEMENT OF MAIPALAOA STREAM BRIDGE",HIF013958,21.409233,-158.177172,Permitted Feature,State Government,NPDES
"FARRINGTON HIGHWAY, REPLACEMENT OF MAIPALAOA STREAM BRIDGE",HIF013958,21.408959,-158.17722,Permitted Feature,State Government,NPDES
UHM STUDENT SUCCESS CENTER,HIF013960,21.296054,-157.813559,Facility,State Government,NPDES
MAUI PAVING CAMP 10,HIF013962,20.863923,-156.421473,Permitted Feature,Privately Owned Facility,NPDES
KAHALA BEACH VILLAS,HIF013963,21.267936,-157.779894,Permitted Feature,Privately Owned Facility,NPDES
KAHALA BEACH VILLAS,HIF013963,21.267548,-157.77838,Permitted Feature,Privately Owned Facility,NPDES
KAHALA BEACH VILLAS,HIF013963,21.267548,-157.77838,Facility,Privately Owned Facility,NPDES
SIGNATURE FLIGHT SUPPORT OGG,HIF013968,20.900433,-156.440798,Permitted Feature,Privately Owned Facility,NPDES
SALES AND DISTRIBUTION FACILITY MASS GRADING AND SITE IMPROVEMENTS,HIF013969,21.314306,-158.119028,Permitted Feature,Privately Owned Facility,NPDES
SALES AND DISTRIBUTION FACILITY MASS GRADING AND SITE IMPROVEMENTS,HIF013969,21.314306,-158.119028,Facility,Privately Owned Facility,NPDES
MILILANI TECHNOLOGY PARK LOT 17 DEVELOPMENT,HIF013970,21.474757,-158.014914,Permitted Feature,Privately Owned Facility,NPDES
MILILANI TECHNOLOGY PARK LOT 17 DEVELOPMENT,HIF013970,21.475638,-158.013167,Permitted Feature,Privately Owned Facility,NPDES
MILILANI TECHNOLOGY PARK LOT 17 DEVELOPMENT,HIF013970,21.476857,-158.011179,Permitted Feature,Privately Owned Facility,NPDES
RUNWAY 8L WIDENING PHASE 2 (3),HIF013971,21.326198,-157.947727,Facility,State Government,NPDES
REPLACEMENT OF MAKAHA BRIDGES 3 AND 3A,HIF013972,21.47705,-158.219924,Facility,State Government,NPDES
"KP7 PARTNERS, LLLP - KAPOLEI PARKWAY LOT 7",HIF013974,21.295564,-158.086389,Facility,Privately Owned Facility,NPDES
"EWA BY GENTRY - EAST, AREA 27C",HIF013975,21.305811,-158.028575,Permitted Feature,Privately Owned Facility,NPDES
"EWA BY GENTRY - EAST, AREA 27C",HIF013975,21.305811,-158.028575,Facility,Privately Owned Facility,NPDES
KD QUARRY METZLER CONTRACTING BASE YARD,HIF013978,19.836567,-155.975541,Permitted Feature,Privately Owned Facility,NPDES
KD QUARRY METZLER CONTRACTING BASE YARD,HIF013978,19.837771,-155.974297,Permitted Feature,Privately Owned Facility,NPDES
"TRIPLER UPPER & LOWER PARKING LOT, AND FORT SHAFTER BUILDINGS 1543 & 1547 PARKIN",HIF013979,21.33942,-157.890426,Facility,Federal Facility (U.S. Government),NPDES
IFB-CONST #3786 - WAIMEA LEVEE REPAIR AND NEW PUMP STATION,HIF013980,21.954001,-159.664143,Facility,Municipal or Water District,NPDES
WAREHOUSE & DISTRIBUTION FACILITY FOR KAPOLEI PROPERTIES LLC,HIF013981,21.31983,-158.10647,Permitted Feature,Privately Owned Facility,NPDES
WAREHOUSE & DISTRIBUTION FACILITY FOR KAPOLEI PROPERTIES LLC,HIF013981,21.31983,-158.10647,Facility,Privately Owned Facility,NPDES
GREEN ENTERPRISE BUILDING,HIF013983,19.695922,-154.982453,Permitted Feature,Privately Owned Facility,NPDES
KOA RIDGE PUBLIC STORAGE,HIF013984,21.423516,-158.009739,Permitted Feature,Privately Owned Facility,NPDES
PERRY RESIDENCE,HIF013986,20.859024,-156.669724,Facility,Privately Owned Facility,NPDES
HALEAKALA GREENS SUBDIVISION (SUBD. FILE NO. 2.3395),HIF013988,20.7467,-156.4398,Facility,Privately Owned Facility,NPDES
KOA FEDERAL INSPECTION SERVICES BUILDING ELLISON ONIZUKA KONA INTERNATIONAL AIRP,HIF013989,19.73629,-156.05288,Permitted Feature,State Government,NPDES
KOA FEDERAL INSPECTION SERVICES BUILDING ELLISON ONIZUKA KONA INTERNATIONAL AIRP,HIF013989,19.73629,-156.05288,Facility,State Government,NPDES
PERIMETER FENCE REPLACEMENT,HIF013991,19.764,-156.05,Facility,State Government,NPDES
AIR STATION BARBERS POINT C130J EXPANSION,HIF013993,21.298153,-158.073954,Facility,Federal Facility (U.S. Government),NPDES
"WHEELER ARMY AIRFIELD (REPLACE APPROXIMATELY 3,400 FEET OF WATERLINE AT AIRFIELD",HIF013994,21.470321,-158.0414,Permitted Feature,Federal Facility (U.S. Government),NPDES
HUALALAI COURT,HIF013999,19.716835,-155.087,Permitted Feature,Privately Owned Facility,NPDES
INTERSTATE ROUTE H-2 PANAKAUAHI CULVERT REHABILITATION,HIF014004,21.415512,-157.991606,Permitted Feature,State Government,NPDES
INTERSTATE ROUTE H-2 PANAKAUAHI CULVERT REHABILITATION,HIF014004,21.415428,-157.991502,Permitted Feature,State Government,NPDES
INTERSTATE ROUTE H-2 PANAKAUAHI CULVERT REHABILITATION,HIF014004,21.414446,-157.992556,Permitted Feature,State Government,NPDES
INTERSTATE ROUTE H-2 PANAKAUAHI CULVERT REHABILITATION,HIF014004,21.414326,-157.992457,Permitted Feature,State Government,NPDES
INTERSTATE ROUTE H-2 PANAKAUAHI CULVERT REHABILITATION,HIF014004,21.412259,-157.991391,Permitted Feature,State Government,NPDES
INTERSTATE ROUTE H-2 PANAKAUAHI CULVERT REHABILITATION,HIF014004,21.411465,-157.990966,Permitted Feature,State Government,NPDES
INTERSTATE ROUTE H-2 PANAKAUAHI CULVERT REHABILITATION,HIF014004,21.409136,-157.990131,Permitted Feature,State Government,NPDES
REHABILITATION OF STREETS UNIT 89A - ADDITIONAL STAGING AREAS,HIF014007,21.288536,-157.837543,Permitted Feature,Municipal or Water District,NPDES
REHABILITATION OF STREETS UNIT 89A - ADDITIONAL STAGING AREAS,HIF014007,21.290148,-157.834603,Permitted Feature,Municipal or Water District,NPDES
REHABILITATION OF STREETS UNIT 89A - ADDITIONAL STAGING AREAS,HIF014007,21.289092,-157.833821,Permitted Feature,Municipal or Water District,NPDES
REHABILITATION OF STREETS UNIT 89A - ADDITIONAL STAGING AREAS,HIF014007,21.287325,-157.831064,Permitted Feature,Municipal or Water District,NPDES
REHABILITATION OF STREETS UNIT 89A - ADDITIONAL STAGING AREAS,HIF014007,21.286357,-157.829897,Permitted Feature,Municipal or Water District,NPDES
REHABILITATION OF STREETS UNIT 89A - ADDITIONAL STAGING AREAS,HIF014007,21.284986,-157.828326,Permitted Feature,Municipal or Water District,NPDES
REHABILITATION OF STREETS UNIT 89A - ADDITIONAL STAGING AREAS,HIF014007,21.283944,-157.827157,Permitted Feature,Municipal or Water District,NPDES
REHABILITATION OF STREETS UNIT 89A - ADDITIONAL STAGING AREAS,HIF014007,21.286572,-157.818924,Permitted Feature,Municipal or Water District,NPDES
REHABILITATION OF STREETS UNIT 89A - ADDITIONAL STAGING AREAS,HIF014007,21.288036,-157.817176,Permitted Feature,Municipal or Water District,NPDES
REHABILITATION OF STREETS UNIT 89A - ADDITIONAL STAGING AREAS,HIF014007,21.276173,-157.818366,Permitted Feature,Municipal or Water District,NPDES
FOUNDATIONS HAWAII INC. KAPOLEI KAI WAREHOUSE,HIF014008,21.314313,-158.118652,Facility,Privately Owned Facility,NPDES
"MAMALAHOA HIGHWAY SAFETY IMPROVEMENTS, VICINITY OF HALEILI STREET AND BRUNER ROA",HIF014009,19.427282,-155.880334,Permitted Feature,State Government,NPDES
"MAMALAHOA HIGHWAY SAFETY IMPROVEMENTS, VICINITY OF HALEILI STREET AND BRUNER ROA",HIF014009,19.41492,-155.880685,Permitted Feature,State Government,NPDES
"MAMALAHOA HIGHWAY SAFETY IMPROVEMENTS, VICINITY OF HALEILI STREET AND BRUNER ROA",HIF014009,19.413684,-155.880828,Permitted Feature,State Government,NPDES
"MAMALAHOA HIGHWAY SAFETY IMPROVEMENTS, VICINITY OF HALEILI STREET AND BRUNER ROA",HIF014009,19.410846,-155.881025,Permitted Feature,State Government,NPDES
"MAMALAHOA HIGHWAY SAFETY IMPROVEMENTS, VICINITY OF HALEILI STREET AND BRUNER ROA",HIF014009,19.4095,-155.880836,Permitted Feature,State Government,NPDES
"MAMALAHOA HIGHWAY SAFETY IMPROVEMENTS, VICINITY OF HALEILI STREET AND BRUNER ROA",HIF014009,19.409266,-155.880725,Permitted Feature,State Government,NPDES
"MAMALAHOA HIGHWAY SAFETY IMPROVEMENTS, VICINITY OF HALEILI STREET AND BRUNER ROA",HIF014009,19.395725,-155.879404,Permitted Feature,State Government,NPDES
"MAMALAHOA HIGHWAY SAFETY IMPROVEMENTS, VICINITY OF HALEILI STREET AND BRUNER ROA",HIF014009,19.392193,-155.878493,Permitted Feature,State Government,NPDES
"MAMALAHOA HIGHWAY SAFETY IMPROVEMENTS, VICINITY OF HALEILI STREET AND BRUNER ROA",HIF014009,19.391206,-155.878681,Permitted Feature,State Government,NPDES
"MAMALAHOA HIGHWAY SAFETY IMPROVEMENTS, VICINITY OF HALEILI STREET AND BRUNER ROA",HIF014009,19.390688,-155.878634,Permitted Feature,State Government,NPDES
"MAMALAHOA HIGHWAY SAFETY IMPROVEMENTS, VICINITY OF HALEILI STREET AND BRUNER ROA",HIF014009,19.38318,-155.879113,Permitted Feature,State Government,NPDES
"MAMALAHOA HIGHWAY SAFETY IMPROVEMENTS, VICINITY OF HALEILI STREET AND BRUNER ROA",HIF014009,19.379924,-155.878361,Permitted Feature,State Government,NPDES
"MAMALAHOA HIGHWAY SAFETY IMPROVEMENTS, VICINITY OF HALEILI STREET AND BRUNER ROA",HIF014009,19.376231,-155.876648,Permitted Feature,State Government,NPDES
"MAMALAHOA HIGHWAY SAFETY IMPROVEMENTS, VICINITY OF HALEILI STREET AND BRUNER ROA",HIF014009,19.373895,-155.876448,Permitted Feature,State Government,NPDES
"MAMALAHOA HIGHWAY SAFETY IMPROVEMENTS, VICINITY OF HALEILI STREET AND BRUNER ROA",HIF014009,19.3701,-155.8774,Permitted Feature,State Government,NPDES
"MAMALAHOA HIGHWAY SAFETY IMPROVEMENTS, VICINITY OF HALEILI STREET AND BRUNER ROA",HIF014009,19.368022,-155.877172,Permitted Feature,State Government,NPDES
"MAMALAHOA HIGHWAY SAFETY IMPROVEMENTS, VICINITY OF HALEILI STREET AND BRUNER ROA",HIF014009,19.366224,-155.87718,Permitted Feature,State Government,NPDES
"MAMALAHOA HIGHWAY SAFETY IMPROVEMENTS, VICINITY OF HALEILI STREET AND BRUNER ROA",HIF014009,19.365354,-155.877154,Permitted Feature,State Government,NPDES
"MAMALAHOA HIGHWAY SAFETY IMPROVEMENTS, VICINITY OF HALEILI STREET AND BRUNER ROA",HIF014009,19.362767,-155.87722,Permitted Feature,State Government,NPDES
"MAMALAHOA HIGHWAY SAFETY IMPROVEMENTS, VICINITY OF HALEILI STREET AND BRUNER ROA",HIF014009,19.361808,-155.877211,Permitted Feature,State Government,NPDES
"MAMALAHOA HIGHWAY SAFETY IMPROVEMENTS, VICINITY OF HALEILI STREET AND BRUNER ROA",HIF014009,19.360014,-155.877668,Permitted Feature,State Government,NPDES
"MAMALAHOA HIGHWAY SAFETY IMPROVEMENTS, VICINITY OF HALEILI STREET AND BRUNER ROA",HIF014009,19.358102,-155.877415,Permitted Feature,State Government,NPDES
"MAMALAHOA HIGHWAY SAFETY IMPROVEMENTS, VICINITY OF HALEILI STREET AND BRUNER ROA",HIF014009,19.35302,-155.879655,Permitted Feature,State Government,NPDES
"MAMALAHOA HIGHWAY SAFETY IMPROVEMENTS, VICINITY OF HALEILI STREET AND BRUNER ROA",HIF014009,19.351671,-155.876177,Permitted Feature,State Government,NPDES
"MAMALAHOA HIGHWAY SAFETY IMPROVEMENTS, VICINITY OF HALEILI STREET AND BRUNER ROA",HIF014009,19.3509,-155.875898,Permitted Feature,State Government,NPDES
"MAMALAHOA HIGHWAY SAFETY IMPROVEMENTS, VICINITY OF HALEILI STREET AND BRUNER ROA",HIF014009,19.347263,-155.87463,Permitted Feature,State Government,NPDES
"MAMALAHOA HIGHWAY SAFETY IMPROVEMENTS, VICINITY OF HALEILI STREET AND BRUNER ROA",HIF014009,19.343073,-155.874062,Permitted Feature,State Government,NPDES
"MAMALAHOA HIGHWAY SAFETY IMPROVEMENTS, VICINITY OF HALEILI STREET AND BRUNER ROA",HIF014009,19.335912,-155.872725,Permitted Feature,State Government,NPDES
"MAMALAHOA HIGHWAY SAFETY IMPROVEMENTS, VICINITY OF HALEILI STREET AND BRUNER ROA",HIF014009,19.333549,-155.872856,Permitted Feature,State Government,NPDES
"MAMALAHOA HIGHWAY SAFETY IMPROVEMENTS, VICINITY OF HALEILI STREET AND BRUNER ROA",HIF014009,19.332016,-155.872883,Permitted Feature,State Government,NPDES
"MAMALAHOA HIGHWAY SAFETY IMPROVEMENTS, VICINITY OF HALEILI STREET AND BRUNER ROA",HIF014009,19.331156,-155.872844,Permitted Feature,State Government,NPDES
"MAMALAHOA HIGHWAY SAFETY IMPROVEMENTS, VICINITY OF HALEILI STREET AND BRUNER ROA",HIF014009,19.329676,-155.872763,Permitted Feature,State Government,NPDES
"MAMALAHOA HIGHWAY SAFETY IMPROVEMENTS, VICINITY OF HALEILI STREET AND BRUNER ROA",HIF014009,19.328197,-155.872904,Permitted Feature,State Government,NPDES
"MAMALAHOA HIGHWAY SAFETY IMPROVEMENTS, VICINITY OF HALEILI STREET AND BRUNER ROA",HIF014009,19.325644,-155.872871,Permitted Feature,State Government,NPDES
"MAMALAHOA HIGHWAY SAFETY IMPROVEMENTS, VICINITY OF HALEILI STREET AND BRUNER ROA",HIF014009,19.323639,-155.872704,Permitted Feature,State Government,NPDES
"MAMALAHOA HIGHWAY SAFETY IMPROVEMENTS, VICINITY OF HALEILI STREET AND BRUNER ROA",HIF014009,19.427282,-155.880334,Facility,State Government,NPDES
ELCCO OFFICE / WAREHOUSE,HIF014010,20.887819,-156.448744,Facility,Privately Owned Facility,NPDES
LANIKAULA STREET REHABILITATION FROM KILAUEA AVENUE TO MANONO STREET,HIF014011,19.713568,-155.075351,Permitted Feature,Municipal or Water District,NPDES
LANIKAULA STREET REHABILITATION FROM KILAUEA AVENUE TO MANONO STREET,HIF014011,19.714493,-155.073298,Permitted Feature,Municipal or Water District,NPDES
LANIKAULA STREET REHABILITATION FROM KILAUEA AVENUE TO MANONO STREET,HIF014011,19.713568,-155.075351,Facility,Municipal or Water District,NPDES
REPAIR CONCRETE FOUNDATION AND DRAINAGE OF BUILDING B1054,HIF014012,21.504229,-158.069673,Facility,Federal Facility (U.S. Government),NPDES
WAIALAE WEST WELL,HIF014014,21.266924,-157.778662,Permitted Feature,Municipal or Water District,NPDES
BIG ISLAND JET CENTER,HIF014016,19.71945,-156.05402,Permitted Feature,Privately Owned Facility,NPDES
BIG ISLAND JET CENTER,HIF014016,19.71483,-156.04878,Permitted Feature,Privately Owned Facility,NPDES
PARCEL A2/F2/F3,HIF014023,21.884722,-159.500556,Permitted Feature,Privately Owned Facility,NPDES
PARCEL A2/F2/F3,HIF014023,21.884722,-159.499444,Permitted Feature,Privately Owned Facility,NPDES
PARCEL A2/F2/F3,HIF014023,21.885833,-159.487778,Permitted Feature,Privately Owned Facility,NPDES
"MISCELLANEOUS ROADS PAVING FOR FACILITIES 208, 209, AND 210",HIF014024,21.348769,-157.99235,Facility,Federal Facility (U.S. Government),NPDES
THURSTON FIRE TRAINING CENTER PAVEMENT AND ROADWAY IMPROVEMENTS,HIF014027,21.313245,-157.933038,Permitted Feature,Municipal or Water District,NPDES
"HNL TICKET LOBBY RENOVATIONS AND BAGGAGE HANDLING SYSTEM IMPROVEMENTS, PHASE 2 (",HIF014029,21.328639,-157.9,Permitted Feature,State Government,NPDES
"HNL TICKET LOBBY RENOVATIONS AND BAGGAGE HANDLING SYSTEM IMPROVEMENTS, PHASE 2 (",HIF014029,21.333714,-157.91486,Permitted Feature,State Government,NPDES
"HNL TICKET LOBBY RENOVATIONS AND BAGGAGE HANDLING SYSTEM IMPROVEMENTS, PHASE 2 (",HIF014029,21.334569,-157.927886,Permitted Feature,State Government,NPDES
"HNL TICKET LOBBY RENOVATIONS AND BAGGAGE HANDLING SYSTEM IMPROVEMENTS, PHASE 2 (",HIF014029,21.327928,-157.929647,Permitted Feature,State Government,NPDES
REPAIR BUILDING 1670,HIF014030,21.484847,-158.085706,Permitted Feature,Federal Facility (U.S. Government),NPDES
REPAIR BUILDING 1670,HIF014030,21.490812,-158.084963,Permitted Feature,Federal Facility (U.S. Government),NPDES
REPAIR BUILDING 1670,HIF014030,21.484847,-158.085706,Facility,Federal Facility (U.S. Government),NPDES
"HART UTILITY RELOCATION (CCUR) IV STOCKPILE, STAGING & STORAGE AREAS (2)",HIF014032,21.3279,-157.899074,Permitted Feature,Municipal or Water District,NPDES
"HART UTILITY RELOCATION (CCUR) IV STOCKPILE, STAGING & STORAGE AREAS (2)",HIF014032,21.332968,-157.893259,Permitted Feature,Municipal or Water District,NPDES
MATERIAL STOCKPILING ON LOT 3-E-1 OF HALEAKALA GREENS SUBDIVISION,HIF014034,20.746666,-156.44104,Permitted Feature,Privately Owned Facility,NPDES
MATERIAL STOCKPILING ON LOT 3-E-1 OF HALEAKALA GREENS SUBDIVISION,HIF014034,20.744166,-156.442544,Permitted Feature,Privately Owned Facility,NPDES
HONOLULU COOKIE COMPANY KAPOLEI BUSINESS PARK WEST LOT 13,HIF014037,21.32472,-158.10278,Permitted Feature,Privately Owned Facility,NPDES
PU'UNANI HOMESTEAD WATER STORAGE TANK,HIF014040,20.891389,-156.473056,Permitted Feature,State Government,NPDES
PU'UNANI HOMESTEAD WATER STORAGE TANK,HIF014040,20.891389,-156.473056,Facility,State Government,NPDES
GULCH ADJACENT TO THE VILLAS AT KENOLIO,HIF014041,20.765522,-156.45848,Facility,Privately Owned Facility,NPDES
INTEROFFICE CABLE ROUTE D2 - EWA BEACH TO KEAHI,HIF014042,21.307693,-158.01542800000001,Permitted Feature,Privately Owned Facility,NPDES
INTEROFFICE CABLE G2 - LIKINI STREET,HIF014043,21.364549,-157.932324,Permitted Feature,Privately Owned Facility,NPDES
REPLACE 8-INCH CAST IRON WATER LINE AT CRATER RIM ROAD (3),HIF014044,21.364708,-157.932059,Permitted Feature,Federal Facility (U.S. Government),NPDES
REPLACE 8-INCH CAST IRON WATER LINE AT CRATER RIM ROAD (3),HIF014044,21.355196,-157.909189,Permitted Feature,Federal Facility (U.S. Government),NPDES
REPLACE 2216-INCH TRANSITE WATER LINE AT BOUGAINVILLE (3),HIF014045,21.364708,-157.932059,Permitted Feature,Federal Facility (U.S. Government),NPDES
REPLACE 2216-INCH TRANSITE WATER LINE AT BOUGAINVILLE (3),HIF014045,21.355193,-157.909117,Permitted Feature,Federal Facility (U.S. Government),NPDES
KD QUARRY MARYL CONSTRUCTION INC BASE YARD,HIF014047,19.837491,-155.976247,Permitted Feature,Privately Owned Facility,NPDES
KD QUARRY MARYL CONSTRUCTION INC BASE YARD,HIF014047,19.837084,-155.976628,Permitted Feature,Privately Owned Facility,NPDES
KD QUARRY MARYL CONSTRUCTION INC BASE YARD,HIF014047,19.837491,-155.976247,Facility,Privately Owned Facility,NPDES
KAPIOLANI ELEMENTARY SCHOOL SOFTBALL FIELD IMPROVEMENTS,HIF014048,19.714696,-155.079629,Permitted Feature,State Government,NPDES
LOT 19,HIF014049,21.885922,-159.48749,Permitted Feature,Privately Owned Facility,NPDES
KILOLANI AT KUKUIULA (PARCEL HH),HIF014050,21.885556,-159.487778,Permitted Feature,Privately Owned Facility,NPDES
KILOLANI AT KUKUIULA (PARCEL HH),HIF014050,21.885556,-159.487778,Facility,Privately Owned Facility,NPDES
UHM CTAHR WAIALEE LIVESTOCK RESEARCH STATION CAPITAL IMPROVEMENTS PROJECT,HIF014051,21.687586,-158.028725,Permitted Feature,State Government,NPDES
UHM CTAHR WAIALEE LIVESTOCK RESEARCH STATION CAPITAL IMPROVEMENTS PROJECT,HIF014051,21.687586,-158.028725,Facility,State Government,NPDES
HOME DEPOT MAPUNAPUNA,HIF014052,21.34451,-157.8941,Facility,Privately Owned Facility,NPDES
BELLOWS AIR FORCE STATION,HIF014053,21.363769,-157.71159,Permitted Feature,Municipality,NPDES
KAPOLEI HARBORSIDE PHASE 1B,HIF014054,21.314485,-158.119114,Permitted Feature,Privately Owned Facility,NPDES
POLYNESIAN ADVENTURE TOURS - MAUI,HIF014057,20.894367,-156.443719,Permitted Feature,Privately Owned Facility,NPDES
ARIZONA HALL PARKING LOT REPAVING,HIF014058,21.35,-157.943,Facility,Federal Facility (U.S. Government),NPDES
HONOULIULI WELLS II MCC REPLACEMENT,HIF014060,21.392561,-158.060045,Permitted Feature,Municipal or Water District,NPDES
HONOULIULI WELLS II MCC REPLACEMENT,HIF014060,21.391257,-158.060118,Permitted Feature,Municipal or Water District,NPDES
"CLEANING OF CAMP SMITH TANKS S325, S326, AND S327",HIF014061,21.390042,-157.903251,Facility,Federal Facility (U.S. Government),NPDES
KALAELOA DEWATERING SITE FOR HONOLULU HARBOR MAINTENANCE DREDGING,HIF014063,21.328365,-158.115482,Facility,Federal Facility (U.S. Government),NPDES
POIPU ROAD SAFETY AND MOBILITY PROJECT,HIF014064,21.893049,-159.465238,Permitted Feature,Municipal or Water District,NPDES
POIPU ROAD SAFETY AND MOBILITY PROJECT,HIF014064,21.890357,-159.464464,Permitted Feature,Municipal or Water District,NPDES
POIPU ROAD SAFETY AND MOBILITY PROJECT,HIF014064,21.886967,-159.467361,Permitted Feature,Municipal or Water District,NPDES
POIPU ROAD SAFETY AND MOBILITY PROJECT,HIF014064,21.886,-159.46778,Permitted Feature,Municipal or Water District,NPDES
POIPU ROAD SAFETY AND MOBILITY PROJECT,HIF014064,21.88104,-159.47361,Permitted Feature,Municipal or Water District,NPDES
POIPU ROAD SAFETY AND MOBILITY PROJECT,HIF014064,21.87868,-159.46818,Permitted Feature,Municipal or Water District,NPDES
POIPU ROAD SAFETY AND MOBILITY PROJECT,HIF014064,21.87618,-159.46409,Permitted Feature,Municipal or Water District,NPDES
POIPU ROAD SAFETY AND MOBILITY PROJECT,HIF014064,21.87599,-159.4606,Permitted Feature,Municipal or Water District,NPDES
POIPU ROAD SAFETY AND MOBILITY PROJECT,HIF014064,21.87558,-159.45918,Permitted Feature,Municipal or Water District,NPDES
POIPU ROAD SAFETY AND MOBILITY PROJECT,HIF014064,21.87487,-159.45844,Permitted Feature,Municipal or Water District,NPDES
POIPU ROAD SAFETY AND MOBILITY PROJECT,HIF014064,21.87321,-159.45425,Permitted Feature,Municipal or Water District,NPDES
POIPU ROAD SAFETY AND MOBILITY PROJECT,HIF014064,21.87309,-159.45146,Permitted Feature,Municipal or Water District,NPDES
POIPU ROAD SAFETY AND MOBILITY PROJECT,HIF014064,21.87192,-159.45014,Permitted Feature,Municipal or Water District,NPDES
POIPU ROAD SAFETY AND MOBILITY PROJECT,HIF014064,21.87322,-159.44062,Permitted Feature,Municipal or Water District,NPDES
POIPU ROAD SAFETY AND MOBILITY PROJECT,HIF014064,21.893049,-159.465238,Facility,Municipal or Water District,NPDES
BLUE HAWAIIAN HELICOPTERS (OGG),HIF014065,20.892162,-156.43225,Permitted Feature,Privately Owned Facility,NPDES
HALE MALIE RESIDENCE,HIF014066,19.845344,-155.97594900000001,Permitted Feature,Privately Owned Facility,NPDES
PUKALANI TERRACE SUBDIVISION PAVEMENT RECONSTRUCTION (2),HIF014067,20.825663,-156.343152,Permitted Feature,Municipal or Water District,NPDES
PUKALANI TERRACE SUBDIVISION PAVEMENT RECONSTRUCTION (2),HIF014067,20.826182,-156.34446,Permitted Feature,Municipal or Water District,NPDES
PUKALANI TERRACE SUBDIVISION PAVEMENT RECONSTRUCTION (2),HIF014067,20.828014,-156.347505,Permitted Feature,Municipal or Water District,NPDES
PUKALANI TERRACE SUBDIVISION PAVEMENT RECONSTRUCTION (2),HIF014067,20.837463,-156.353511,Permitted Feature,Municipal or Water District,NPDES
BOTANICALS OF HAWAII KALOKO WAREHOUSE,HIF014068,19.684857,-156.033498,Permitted Feature,Privately Owned Facility,NPDES
BOTANICALS OF HAWAII KALOKO WAREHOUSE,HIF014068,19.691678,-156.015711,Facility,Privately Owned Facility,NPDES
KEALAULA WEST AT LIMA OLA,HIF014069,21.896111,-159.580833,Permitted Feature,Municipal or Water District,NPDES
KEALAULA WEST AT LIMA OLA,HIF014069,21.9086,-159.57573,Facility,Municipal or Water District,NPDES
LAULIMA KAPOLEI WEST DEVELOPMENT LA-5 MASS GRADING,HIF014070,21.314,-158.119,Permitted Feature,Privately Owned Facility,NPDES
CENTRAL MAUI LANDFILL PHASE III-B,HIF014072,20.860483,-156.420702,Permitted Feature,Municipal or Water District,NPDES
"KUHIO HIGHWAY RESURFACING AND SAFETY IMPROVEMENTS, PRINCEVILLE TO WAIKOKO",HIF014073,22.20959,-159.51693,Permitted Feature,State Government,NPDES
"KUHIO HIGHWAY RESURFACING AND SAFETY IMPROVEMENTS, PRINCEVILLE TO WAIKOKO",HIF014073,22.20403,-159.51406,Permitted Feature,State Government,NPDES
"KUHIO HIGHWAY RESURFACING AND SAFETY IMPROVEMENTS, PRINCEVILLE TO WAIKOKO",HIF014073,22.206816,-159.51665,Permitted Feature,State Government,NPDES
"KUHIO HIGHWAY RESURFACING AND SAFETY IMPROVEMENTS, PRINCEVILLE TO WAIKOKO",HIF014073,22.206932,-159.516383,Permitted Feature,State Government,NPDES
"KUHIO HIGHWAY RESURFACING AND SAFETY IMPROVEMENTS, PRINCEVILLE TO WAIKOKO",HIF014073,22.203802,-159.514083,Permitted Feature,State Government,NPDES
"KUHIO HIGHWAY RESURFACING AND SAFETY IMPROVEMENTS, PRINCEVILLE TO WAIKOKO",HIF014073,22.204416,-159.513691,Permitted Feature,State Government,NPDES
"KUHIO HIGHWAY RESURFACING AND SAFETY IMPROVEMENTS, PRINCEVILLE TO WAIKOKO",HIF014073,22.200466,-159.506798,Permitted Feature,State Government,NPDES
"KUHIO HIGHWAY RESURFACING AND SAFETY IMPROVEMENTS, PRINCEVILLE TO WAIKOKO",HIF014073,22.200653,-159.507069,Permitted Feature,State Government,NPDES
"KUHIO HIGHWAY RESURFACING AND SAFETY IMPROVEMENTS, PRINCEVILLE TO WAIKOKO",HIF014073,22.204019,-159.492112,Permitted Feature,State Government,NPDES
"KUHIO HIGHWAY RESURFACING AND SAFETY IMPROVEMENTS, PRINCEVILLE TO WAIKOKO",HIF014073,22.204171,-159.492112,Permitted Feature,State Government,NPDES
"KUHIO HIGHWAY RESURFACING AND SAFETY IMPROVEMENTS, PRINCEVILLE TO WAIKOKO",HIF014073,22.205673,-159.4927,Permitted Feature,State Government,NPDES
"KUHIO HIGHWAY RESURFACING AND SAFETY IMPROVEMENTS, PRINCEVILLE TO WAIKOKO",HIF014073,22.210949,-159.475721,Permitted Feature,State Government,NPDES
"KUHIO HIGHWAY RESURFACING AND SAFETY IMPROVEMENTS, PRINCEVILLE TO WAIKOKO",HIF014073,22.214417,-159.497983,Permitted Feature,State Government,NPDES
"KUHIO HIGHWAY RESURFACING AND SAFETY IMPROVEMENTS, PRINCEVILLE TO WAIKOKO",HIF014073,22.209745,-159.516913,Permitted Feature,State Government,NPDES
"KUHIO HIGHWAY RESURFACING AND SAFETY IMPROVEMENTS, PRINCEVILLE TO WAIKOKO",HIF014073,22.210949,-159.475721,Permitted Feature,State Government,NPDES
PN 100065 REPAIR BLDG 759 FOR IEW BN,HIF014075,21.499857,-158.062226,Permitted Feature,Federal Facility (U.S. Government),NPDES
PN 100065 REPAIR BLDG 759 FOR IEW BN,HIF014075,21.483845,-158.056221,Permitted Feature,Federal Facility (U.S. Government),NPDES
PN 100065 REPAIR BLDG 759 FOR IEW BN,HIF014075,21.483845,-158.056221,Facility,Federal Facility (U.S. Government),NPDES
GALBRAITH IRRIGATION SYSTEM IMPROVEMENTS - PHASE 1,HIF014076,21.503892,-158.055521,Permitted Feature,State Government,NPDES
GALBRAITH IRRIGATION SYSTEM IMPROVEMENTS - PHASE 1,HIF014076,21.503458,-158.053878,Permitted Feature,State Government,NPDES
GALBRAITH IRRIGATION SYSTEM IMPROVEMENTS - PHASE 1,HIF014076,21.498109,-158.050103,Permitted Feature,State Government,NPDES
GALBRAITH IRRIGATION SYSTEM IMPROVEMENTS - PHASE 1,HIF014076,21.497206,-158.046327,Permitted Feature,State Government,NPDES
GALBRAITH IRRIGATION SYSTEM IMPROVEMENTS - PHASE 1,HIF014076,21.493699,-158.043893,Permitted Feature,State Government,NPDES
GALBRAITH IRRIGATION SYSTEM IMPROVEMENTS - PHASE 1,HIF014076,21.492795,-158.042319,Permitted Feature,State Government,NPDES
GALBRAITH IRRIGATION SYSTEM IMPROVEMENTS - PHASE 1,HIF014076,21.492454,-158.042246,Permitted Feature,State Government,NPDES
GALBRAITH IRRIGATION SYSTEM IMPROVEMENTS - PHASE 1,HIF014076,21.492192,-158.041876,Permitted Feature,State Government,NPDES
GALBRAITH IRRIGATION SYSTEM IMPROVEMENTS - PHASE 1,HIF014076,21.492738,-158.034725,Permitted Feature,State Government,NPDES
"ASPHALT PAVEMENT PRESERVATION, RESURFACING, AND RECONSTRUCTION AT VARIOUS LOCATI",HIF014078,22.078536,-159.315389,Permitted Feature,State Government,NPDES
"ASPHALT PAVEMENT PRESERVATION, RESURFACING, AND RECONSTRUCTION AT VARIOUS LOCATI",HIF014078,22.081642,-159.31688,Permitted Feature,State Government,NPDES
"ASPHALT PAVEMENT PRESERVATION, RESURFACING, AND RECONSTRUCTION AT VARIOUS LOCATI",HIF014078,22.073637,-159.323327,Permitted Feature,State Government,NPDES
STATEWIDE VECTOR CONTROL PROGRAM,HIF014079,21.480488,-158.005446,Permitted Feature,State Government,NPDES
STATEWIDE VECTOR CONTROL PROGRAM,HIF014079,22.088828,-159.51471,Permitted Feature,State Government,NPDES
STATEWIDE VECTOR CONTROL PROGRAM,HIF014079,20.758523,-156.234755,Permitted Feature,State Government,NPDES
STATEWIDE VECTOR CONTROL PROGRAM,HIF014079,21.127914,-157.030965,Permitted Feature,State Government,NPDES
STATEWIDE VECTOR CONTROL PROGRAM,HIF014079,19.615871,-155.487013,Permitted Feature,State Government,NPDES
STATEWIDE VECTOR CONTROL PROGRAM,HIF014079,20.831728,-156.913764,Permitted Feature,State Government,NPDES
KAPOLEI ELEMENT HOTEL,HIF014080,21.295628,-158.086334,Permitted Feature,Privately Owned Facility,NPDES
IN-VESSEL BIOCONVERSION FACILITY DIGESTION CAPACITY UPGRADES (SAND ISLAND WWTP S,HIF014082,21.303466,-157.885128,Permitted Feature,Municipal or Water District,NPDES
IN-VESSEL BIOCONVERSION FACILITY DIGESTION CAPACITY UPGRADES (SAND ISLAND WWTP S,HIF014082,21.303466,-157.885128,Facility,Municipal or Water District,NPDES
OULI FARMS,HIF014083,20.004342,-155.800259,Permitted Feature,Privately Owned Facility,NPDES
OULI FARMS,HIF014083,20.004813,-155.798639,Permitted Feature,Privately Owned Facility,NPDES
OULI FARMS,HIF014083,20.006084,-155.795147,Permitted Feature,Privately Owned Facility,NPDES
OULI FARMS,HIF014083,20.010533,-155.774086,Permitted Feature,Privately Owned Facility,NPDES
OULI FARMS,HIF014083,20.0128,-155.780613,Permitted Feature,Privately Owned Facility,NPDES
OULI FARMS,HIF014083,20.014833,-155.772708,Permitted Feature,Privately Owned Facility,NPDES
OULI FARMS,HIF014083,20.01724,-155.777804,Permitted Feature,Privately Owned Facility,NPDES
OULI FARMS,HIF014083,20.017197,-155.773291,Permitted Feature,Privately Owned Facility,NPDES
OULI FARMS,HIF014083,20.019979,-155.781072,Permitted Feature,Privately Owned Facility,NPDES
OULI FARMS,HIF014083,20.021042,-155.774325,Permitted Feature,Privately Owned Facility,NPDES
OULI FARMS,HIF014083,20.004342,-155.800259,Facility,Privately Owned Facility,NPDES
FAIRWAYS AT MAUNA KEA NORTH - LANDSCAPE POND AREA REGRADING,HIF014085,20.0107,-155.825231,Facility,Privately Owned Facility,NPDES
PAIA ELEMENTARY SCHOOL: NEW CLASSROOM BUILDING,HIF014087,20.900571,-156.363309,Facility,State Government,NPDES
THOMAS F. MALONE (TFM) TERMINAL,HIF014089,21.30263,-158.101416,Permitted Feature,Privately Owned Facility,NPDES
THOMAS F. MALONE (TFM) TERMINAL,HIF014089,21.30263,-158.101416,Facility,Privately Owned Facility,NPDES
HILO HIGH SCHOOL TRACK AND FIELD IMPROVEMENTS,HIF014092,19.723222,-155.094301,Permitted Feature,State Government,NPDES
INTEROFFICE CABLE ROUTE D - EWA BEACH TO KEAHI,HIF014099,21.310226,-158.005498,Permitted Feature,Privately Owned Facility,NPDES
WAIAU GENERATING STATION 46KV SUB TRANSITION (2),HIF014100,21.387628,-157.960567,Permitted Feature,Privately Owned Facility,NPDES
AVIATION UNIT OPERATION BUILDING,HIF014101,21.480064,-158.031491,Facility,Federal Facility (U.S. Government),NPDES
MCPHERSON RESIDENCE,HIF014102,22.10863,-159.29973,Permitted Feature,Privately Owned Facility,NPDES
MCPHERSON RESIDENCE,HIF014102,22.10461,-159.30045,Permitted Feature,Privately Owned Facility,NPDES
MCPHERSON RESIDENCE,HIF014102,22.10382,-159.29951,Permitted Feature,Privately Owned Facility,NPDES
MCPHERSON RESIDENCE,HIF014102,22.10424,-159.29745,Permitted Feature,Privately Owned Facility,NPDES
MCPHERSON RESIDENCE,HIF014102,22.10319,-159.29817,Permitted Feature,Privately Owned Facility,NPDES
MCPHERSON RESIDENCE,HIF014102,22.10863,-159.29973,Facility,Privately Owned Facility,NPDES
"RELOCATE SAND PILE, PARC",HIF014103,21.529096,-158.229463,Facility,Privately Owned Facility,NPDES
RODENT ERADICATION FOR ENDANGERED SPECIES PROTECTION IN THE HI?I PREDATOR-PROOF,HIF014108,20.813429,-156.888739,Facility,Federal Facility (U.S. Government),NPDES
"EROSION CONTROL IMPROVEMENTS AT VARIOUS MAUNAWILI LOCATION, FY 23",HIF014115,21.374173,-157.766998,Permitted Feature,Municipal or Water District,NPDES
"EROSION CONTROL IMPROVEMENTS AT VARIOUS MAUNAWILI LOCATION, FY 23",HIF014115,21.364141,-157.765663,Permitted Feature,Municipal or Water District,NPDES
"EROSION CONTROL IMPROVEMENTS AT VARIOUS MAUNAWILI LOCATION, FY 23",HIF014115,21.361198,-157.76468,Permitted Feature,Municipal or Water District,NPDES
"EROSION CONTROL IMPROVEMENTS AT VARIOUS MAUNAWILI LOCATION, FY 23",HIF014115,21.360371,-157.764544,Permitted Feature,Municipal or Water District,NPDES
"EROSION CONTROL IMPROVEMENTS AT VARIOUS MAUNAWILI LOCATION, FY 23",HIF014115,21.360233,-157.764239,Permitted Feature,Municipal or Water District,NPDES
"EROSION CONTROL IMPROVEMENTS AT VARIOUS MAUNAWILI LOCATION, FY 23",HIF014115,21.359376,-157.763265,Permitted Feature,Municipal or Water District,NPDES
THE CROSSING AT KAPOLEI BUSINESS PARK WEST LOT 8,HIF014117,21.324722,-158.102778,Permitted Feature,Privately Owned Facility,NPDES
THE CROSSING AT KAPOLEI BUSINESS PARK WEST LOT 8,HIF014117,21.324722,-158.102778,Facility,Privately Owned Facility,NPDES
HOKUALA SUBDIVISION 1 AND 1A,HIF014118,21.956571,-159.344897,Permitted Feature,Privately Owned Facility,NPDES
HOKUALA SUBDIVISION 1 AND 1A,HIF014118,21.958021,-159.339188,Permitted Feature,Privately Owned Facility,NPDES
WAIPAHU ESTATES,HIF014119,21.390591,-158.00005,Permitted Feature,Privately Owned Facility,NPDES
RESTROOM IMPROVEMENTS AND NEW COVERED WALKWAY AT ELLISON ONIZUKA KONA INTERNATIO,HIF014120,19.736,-156.053,Permitted Feature,State Government,NPDES
HMA ASPHALT PLANT,HIF014122,19.91581,-155.8685,Permitted Feature,Privately Owned Facility,NPDES
HMA ASPHALT PLANT,HIF014122,19.91581,-155.8685,Facility,Privately Owned Facility,NPDES
OMAO RESERVOIR (FEDERAL ID HI-00113 / STATE ID KA-0113),HIF014123,21.920603,-159.483757,Permitted Feature,Privately Owned Facility,NPDES
OMAO RESERVOIR (FEDERAL ID HI-00113 / STATE ID KA-0113),HIF014123,21.920603,-159.483757,Facility,Privately Owned Facility,NPDES
"REHABILITATION OF ACCESS ROAD AND PARKING LOT FOR B141, B145, B155 & B153, AND K",HIF014125,21.35874,-157.898662,Permitted Feature,Federal Facility (U.S. Government),NPDES
"REHABILITATION OF ACCESS ROAD AND PARKING LOT FOR B141, B145, B155 & B153, AND K",HIF014125,21.364793,-157.894364,Permitted Feature,Federal Facility (U.S. Government),NPDES
"REHABILITATION OF ACCESS ROAD AND PARKING LOT FOR B141, B145, B155 & B153, AND K",HIF014125,21.35874,-157.898662,Facility,Federal Facility (U.S. Government),NPDES
KANEOHE COMMUNITY PARK CONSTRUCTION OF NPDES EROSION MITIGATION IMPROVEMENTS,HIF014126,21.411786,-157.796777,Permitted Feature,Municipal or Water District,NPDES
UAHI RIDGE HOUSING PHASE I,HIF014127,21.975785,-159.373943,Permitted Feature,Privately Owned Facility,NPDES
MISCELLANEOUS STORAGE WEST LOCH,HIF014128,21.355585,-158.019941,Permitted Feature,Federal Facility (U.S. Government),NPDES
MISCELLANEOUS STORAGE WEST LOCH,HIF014128,21.355499,-158.017555,Permitted Feature,Federal Facility (U.S. Government),NPDES
MISCELLANEOUS STORAGE WEST LOCH,HIF014128,21.355243,-158.007535,Permitted Feature,Federal Facility (U.S. Government),NPDES
MISCELLANEOUS STORAGE WEST LOCH,HIF014128,21.351943,-158.002275,Permitted Feature,Federal Facility (U.S. Government),NPDES
MISCELLANEOUS STORAGE WEST LOCH,HIF014128,21.352538,-157.999452,Permitted Feature,Federal Facility (U.S. Government),NPDES
MISCELLANEOUS STORAGE WEST LOCH,HIF014128,21.355585,-158.019941,Facility,Federal Facility (U.S. Government),NPDES
INTEROFFICE CABLE ROUTE K - EWA BEACH CO TO BARBERS POINT,HIF014132,21.299939,-158.061676,Permitted Feature,Privately Owned Facility,NPDES
INTEROFFICE CABLE ROUTE K - EWA BEACH CO TO BARBERS POINT,HIF014132,21.300826,-158.051875,Permitted Feature,Privately Owned Facility,NPDES
INTEROFFICE CABLE ROUTE K - EWA BEACH CO TO BARBERS POINT,HIF014132,21.30347,-158.0444,Permitted Feature,Privately Owned Facility,NPDES
POHOIKI BOAT RAMP EXCAVATION AND DREDGING OF VOLCANIC DEBRIS,HIF014134,19.455975,-154.84342,Permitted Feature,State Government,NPDES
POHOIKI BOAT RAMP EXCAVATION AND DREDGING OF VOLCANIC DEBRIS,HIF014134,19.4578,-154.837818,Permitted Feature,State Government,NPDES
POHOIKI BOAT RAMP EXCAVATION AND DREDGING OF VOLCANIC DEBRIS,HIF014134,19.45784,-154.842133,Facility,State Government,NPDES
"ASPHALT PAVEMENT PRESERVATION, RESURFACING, AND RECONSTRUCTION AT VARIOUS LOCATI",HIF014136,22.014844,-159.384581,Permitted Feature,State Government,NPDES
"ASPHALT PAVEMENT PRESERVATION, RESURFACING, AND RECONSTRUCTION AT VARIOUS LOCATI",HIF014136,22.019604,-159.384435,Permitted Feature,State Government,NPDES
"ASPHALT PAVEMENT PRESERVATION, RESURFACING, AND RECONSTRUCTION AT VARIOUS LOCATI",HIF014136,22.024636,-159.386144,Permitted Feature,State Government,NPDES
"ASPHALT PAVEMENT PRESERVATION, RESURFACING, AND RECONSTRUCTION AT VARIOUS LOCATI",HIF014136,22.031665,-159.378216,Permitted Feature,State Government,NPDES
SPEEDISHUTTLE,HIF014137,21.330345,-157.91412,Permitted Feature,Privately Owned Facility,NPDES
KALAUPAPA CONSTRUCTION AND DEMOLITION LANDFILL,HIF014138,21.185487,-156.98186,Permitted Feature,State Government,NPDES
KALAUPAPA CONSTRUCTION AND DEMOLITION LANDFILL,HIF014138,21.186044,-156.984299,Permitted Feature,State Government,NPDES
"ITO EN (HAWAII), LLC",HIF014139,21.323448,-157.888372,Permitted Feature,Privately Owned Facility,NPDES
"ITO EN (HAWAII), LLC",HIF014139,21.323105,-157.88817,Permitted Feature,Privately Owned Facility,NPDES
MAUI AIRPORT INDUSTRIAL,HIF014142,20.896498,-156.446198,Permitted Feature,Privately Owned Facility,NPDES
PGV STORAGE TENT,HIF014144,19.445018,-154.855251,Facility,Privately Owned Facility,NPDES
PUAKO WATERLINE REPLACEMENT (3),HIF014145,19.958727,-155.858307,Permitted Feature,Municipal or Water District,NPDES
MONSARRAT AVENUE WATER SYSTEM IMPROVEMENTS,HIF014146,21.271198,-157.823296,Permitted Feature,Municipal or Water District,NPDES
MONSARRAT AVENUE WATER SYSTEM IMPROVEMENTS,HIF014146,21.274837,-157.81767,Permitted Feature,Municipal or Water District,NPDES
HART RESIDENCE,HIF014156,21.014323,-156.63937,Permitted Feature,Privately Owned Facility,NPDES
HART RESIDENCE,HIF014156,21.014323,-156.63937,Facility,Privately Owned Facility,NPDES
ZIELINSKI SUBDIVISION,HIF014157,20.977335,-156.679449,Facility,Privately Owned Facility,NPDES
"RELOCATE SAND PILE, PARC (2)",HIF014159,21.529096,-158.229463,Permitted Feature,Privately Owned Facility,NPDES
"RELOCATE SAND PILE, PARC (2)",HIF014159,21.528732,-158.229463,Permitted Feature,Privately Owned Facility,NPDES
"RELOCATE SAND PILE, PARC (2)",HIF014159,21.448886,-158.194243,Permitted Feature,Privately Owned Facility,NPDES
"RELOCATE SAND PILE, PARC (2)",HIF014159,21.448585,-158.193468,Permitted Feature,Privately Owned Facility,NPDES
"CASTLE HIGH SCHOOL TRACK, FIELD AND OTHER IMPROVEMENTS",HIF014160,21.404108,-157.792125,Permitted Feature,State Government,NPDES
W.H. SHIPMAN BUSINESS PARK INCREMENTS 182-PHASE 1-E,HIF014161,19.695833,-154.9825,Facility,Privately Owned Facility,NPDES
MILILANI HIGH SCHOOL SOFTBALL SYNTHETIC TURF,HIF014162,21.450867,-158.015153,Permitted Feature,State Government,NPDES
LBR FAMILY CONDOMINIUM,HIF014163,20.80385,-156.327264,Permitted Feature,Privately Owned Facility,NPDES
HAWAII KLOECKNER METALS BRANCH,HIF014164,21.301184,-158.097524,Permitted Feature,Privately Owned Facility,NPDES
HAWAII KLOECKNER METALS BRANCH,HIF014164,21.300951,-158.098097,Permitted Feature,Privately Owned Facility,NPDES
HAWAII KLOECKNER METALS BRANCH,HIF014164,21.301204,-158.098923,Permitted Feature,Privately Owned Facility,NPDES
HAWAII KLOECKNER METALS BRANCH,HIF014164,21.302271,-158.098446,Permitted Feature,Privately Owned Facility,NPDES
HAWAII KLOECKNER METALS BRANCH,HIF014164,21.301184,-158.097524,Facility,Privately Owned Facility,NPDES
RICE STREET APARTMENTS,HIF014165,21.973355,-159.368429,Permitted Feature,Privately Owned Facility,NPDES
RICE STREET APARTMENTS,HIF014165,21.967251,-159.363584,Permitted Feature,Privately Owned Facility,NPDES
INTEROFFICE CABLE ROUTE A2 - WAHIAWA TO PU'ULOA,HIF014166,21.492484,-158.034113,Permitted Feature,Privately Owned Facility,NPDES
INTEROFFICE CABLE ROUTE A2 - WAHIAWA TO PU'ULOA,HIF014166,21.503061,-158.026733,Permitted Feature,Privately Owned Facility,NPDES
RENOVATE AREA X SEWER SYSTEM,HIF014169,21.508347,-158.070654,Permitted Feature,Privately Owned Facility,NPDES
ROYAL CONTRACTING CO. WAREHOUSE,HIF014170,21.423611,-158.010536,Permitted Feature,Privately Owned Facility,NPDES
ROYAL CONTRACTING CO. WAREHOUSE,HIF014170,21.423611,-158.010536,Facility,Privately Owned Facility,NPDES
MAALAEA GENERATING FACILITY,HIF014173,20.799627,-156.493795,Permitted Feature,Privately Owned Facility,NPDES
MAALAEA GENERATING FACILITY,HIF014173,20.799627,-156.493795,Facility,Privately Owned Facility,NPDES
ALII PALMS (3),HIF014177,19.614075,-155.982687,Permitted Feature,Privately Owned Facility,NPDES
ALII PALMS (3),HIF014177,19.614075,-155.982687,Facility,Privately Owned Facility,NPDES
ANAHOLA RESERVOIRS IMPROVEMENT PROJECT,HIF014178,22.1324,-159.34836,Facility,State Government,NPDES
"HO'OKIPA MAKAI COTTAGE RENOVATION, WOMEN'S COMMUNITY CORRECTIONAL CENTER",HIF014179,21.383571,-157.759413,Permitted Feature,State Government,NPDES
PALOLO VALLEY HOMES MODERNIZATION PHASE 4,HIF014183,21.301306,-157.793383,Permitted Feature,State Government,NPDES
PALOLO VALLEY HOMES MODERNIZATION PHASE 4,HIF014183,21.299961,-157.793437,Permitted Feature,State Government,NPDES
BEI HAWAII - BARBERS POINT FACILITY,HIF014184,21.304963,-158.114204,Permitted Feature,Privately Owned Facility,NPDES
LOT 34 HALEAKALA ACRES,HIF014185,20.772842,-156.301308,Permitted Feature,Privately Owned Facility,NPDES
LOT 34 HALEAKALA ACRES,HIF014185,20.772027,-156.303964,Permitted Feature,Privately Owned Facility,NPDES
LOT 34 HALEAKALA ACRES,HIF014185,20.772842,-156.301308,Facility,Privately Owned Facility,NPDES
P-716 RED HILL WATER TREATMENT FACILITY GEOTECHNICAL BORINGS (2),HIF014186,21.370278,-157.910833,Permitted Feature,Federal Facility (U.S. Government),NPDES
P-716 RED HILL WATER TREATMENT FACILITY GEOTECHNICAL BORINGS (2),HIF014186,21.371297,-157.907656,Permitted Feature,Federal Facility (U.S. Government),NPDES
P-716 RED HILL WATER TREATMENT FACILITY GEOTECHNICAL BORINGS (2),HIF014186,21.370894,-157.904198,Permitted Feature,Federal Facility (U.S. Government),NPDES
P-716 RED HILL WATER TREATMENT FACILITY GEOTECHNICAL BORINGS (2),HIF014186,21.370956,-157.903456,Permitted Feature,Federal Facility (U.S. Government),NPDES
P-716 RED HILL WATER TREATMENT FACILITY GEOTECHNICAL BORINGS (2),HIF014186,21.370278,-157.910833,Facility,Federal Facility (U.S. Government),NPDES
KONA HAWAII TEMPLE RENOVATION,HIF014187,19.635952,-155.991888,Permitted Feature,Privately Owned Facility,NPDES
KONA HAWAII TEMPLE RENOVATION,HIF014187,19.635952,-155.991888,Facility,Privately Owned Facility,NPDES
"REPLACE TRANSITE WATERLINE AT ALIAMANU RIM LOOP, AMR",HIF014188,21.355196,-157.909189,Permitted Feature,Federal Facility (U.S. Government),NPDES
"MAMALAHOA HIGHWAY DRAINAGE IMPROVEMENTS, VICINITY OF HOOKENA ELEMENTARY SCHOOL",HIF014190,19.3868,-155.9025,Permitted Feature,State Government,NPDES
"MAMALAHOA HIGHWAY DRAINAGE IMPROVEMENTS, VICINITY OF HOOKENA ELEMENTARY SCHOOL",HIF014190,19.3785,-155.8967,Permitted Feature,State Government,NPDES
BEI HAWAII - KAUAI PORT ALLEN FACILITY,HIF014191,21.89878,-159.586493,Permitted Feature,Privately Owned Facility,NPDES
BEI HAWAII - KAUAI PORT ALLEN FACILITY,HIF014191,21.89878,-159.586493,Facility,Privately Owned Facility,NPDES
BEI HAWAII - HONOLULU FACILITY,HIF014192,21.320506,-157.876657,Permitted Feature,Privately Owned Facility,NPDES
HONOULIULI WASTEWATER TREATMENT PLANT SECONDARY TREATMENT AND SUPPORT FACILITIES,HIF014193,21.329423,-158.033413,Permitted Feature,Municipal or Water District,NPDES
HONOULIULI WASTEWATER TREATMENT PLANT SECONDARY TREATMENT AND SUPPORT FACILITIES,HIF014193,21.33049,-158.033933,Permitted Feature,Municipal or Water District,NPDES
HONOULIULI WASTEWATER TREATMENT PLANT SECONDARY TREATMENT AND SUPPORT FACILITIES,HIF014193,21.331859,-158.033825,Permitted Feature,Municipal or Water District,NPDES
SAND ISLAND STORMWATER IMPROVEMENTS,HIF014198,21.317131,-157.8913,Permitted Feature,Privately Owned Facility,NPDES
MONSARRAT AVENUE WATER SYSTEM IMPROVEMENTS (2),HIF014199,21.271198,-157.823296,Permitted Feature,Municipal or Water District,NPDES
MONSARRAT AVENUE WATER SYSTEM IMPROVEMENTS (2),HIF014199,21.274837,-157.81767,Permitted Feature,Municipal or Water District,NPDES
REPAIR WEST WATER LINE AND APPURTENANCES,HIF014207,21.361973,-157.89397,Facility,Federal Facility (U.S. Government),NPDES
US ARMY GARRISON HAWAII RANGE DIVISION AERIAL SPRAY,HIF014209,21.507932,-158.097325,Permitted Feature,Federal Facility (U.S. Government),NPDES
US ARMY GARRISON HAWAII RANGE DIVISION AERIAL SPRAY,HIF014209,21.507932,-158.097325,Facility,Federal Facility (U.S. Government),NPDES
NEW WAREHOUSE 91-209 KUHELA STREET,HIF014213,21.295818,-158.103901,Permitted Feature,Privately Owned Facility,NPDES
NEW WAREHOUSE 91-209 KUHELA STREET,HIF014213,21.295818,-158.103901,Facility,Privately Owned Facility,NPDES
FIRST HAWAIIAN BANK - LIHUE BANKING CENTER,HIF014216,21.962018,-159.38515,Permitted Feature,Privately Owned Facility,NPDES
FIRST HAWAIIAN BANK - LIHUE BANKING CENTER,HIF014216,21.960227,-159.384109,Permitted Feature,Privately Owned Facility,NPDES
THE PARK ON KEEAUMOKU,HIF014217,21.28801,-157.840095,Permitted Feature,Privately Owned Facility,NPDES
THE PARK ON KEEAUMOKU,HIF014217,21.28801,-157.840095,Facility,Privately Owned Facility,NPDES
NSP29,HIF014223,22.225355,-159.457024,Permitted Feature,Privately Owned Facility,NPDES
NSP29,HIF014223,22.225845,-159.455794,Permitted Feature,Privately Owned Facility,NPDES
NSP29,HIF014223,22.225845,-159.455794,Facility,Privately Owned Facility,NPDES
SCHOFIELD HOLISTIC,HIF014224,21.508566,-158.074972,Permitted Feature,Federal Facility (U.S. Government),NPDES
SCHOFIELD HOLISTIC,HIF014224,21.482693,-158.052226,Permitted Feature,Federal Facility (U.S. Government),NPDES
SCHOFIELD HOLISTIC,HIF014224,21.506728,-158.071242,Permitted Feature,Federal Facility (U.S. Government),NPDES
SCHOFIELD HOLISTIC,HIF014224,21.506589,-158.065445,Permitted Feature,Federal Facility (U.S. Government),NPDES
SCHOFIELD HOLISTIC,HIF014224,21.476217,-158.050472,Permitted Feature,Federal Facility (U.S. Government),NPDES
SCHOFIELD HOLISTIC,HIF014224,21.484247,-158.084045,Permitted Feature,Federal Facility (U.S. Government),NPDES
DXD KIHEI SELF STORAGE FACILITY,HIF014225,20.7505,-156.4405,Facility,Privately Owned Facility,NPDES
HAVO DISASTER DAMAGE REPAIR,HIF014228,19.265467,-155.239551,Permitted Feature,Federal Facility (U.S. Government),NPDES
HAVO DISASTER DAMAGE REPAIR,HIF014228,19.611914,-154.942952,Permitted Feature,Federal Facility (U.S. Government),NPDES
HAVO DISASTER DAMAGE REPAIR,HIF014228,19.611914,-154.942952,Facility,Federal Facility (U.S. Government),NPDES
"POLYNESIAN ADVENTURE TOURS, LLC - OAHU STATION",HIF014230,21.335192,-157.905282,Permitted Feature,Privately Owned Facility,NPDES
"POLYNESIAN ADVENTURE TOURS, LLC - OAHU STATION",HIF014230,21.335192,-157.905282,Facility,Privately Owned Facility,NPDES
MAKAHA SHAFT TUNNEL REHABILITATION PROJECT,HIF014231,21.479165,-158.213472,Permitted Feature,Municipal or Water District,NPDES
MAKAHA SHAFT TUNNEL REHABILITATION PROJECT,HIF014231,21.479165,-158.213472,Facility,Municipal or Water District,NPDES
FACILITY REPAIR AND REPAINTING: KAPOLEI 215' RESERVOIR,HIF014233,21.344747,-158.075701,Permitted Feature,Municipal or Water District,NPDES
PIILANI HIGHWAY PAVEMENT RECONSTRUCTION,HIF014234,20.634479,-156.113314,Permitted Feature,Municipal or Water District,NPDES
PIILANI HIGHWAY PAVEMENT RECONSTRUCTION,HIF014234,20.637865,-156.111257,Permitted Feature,Municipal or Water District,NPDES
PIILANI HIGHWAY PAVEMENT RECONSTRUCTION,HIF014234,20.639869,-156.111125,Permitted Feature,Municipal or Water District,NPDES
PIILANI HIGHWAY PAVEMENT RECONSTRUCTION,HIF014234,20.640522,-156.108768,Permitted Feature,Municipal or Water District,NPDES
USGS HILO RESEARCH FACILITY,HIF014236,19.703482,-155.091767,Permitted Feature,Federal Facility (U.S. Government),NPDES
USGS HILO RESEARCH FACILITY,HIF014236,19.703482,-155.091767,Facility,Federal Facility (U.S. Government),NPDES
"WAIMEA CANYON DRIVE / KOKEE ROAD IMPROVEMENTS, PHASE 2B",HIF014237,22.049489,-159.663735,Permitted Feature,State Government,NPDES
FEINGOLD RESIDENCE,HIF014240,20.729898,-156.453838,Permitted Feature,Privately Owned Facility,NPDES
HONOULIULI WWTP PHASE 1C (2),HIF014241,21.331667,-158.033889,Permitted Feature,Municipal or Water District,NPDES
LOT 13-B-2-B-6 GRADING AND UTILITY WORK AT THE MAUI RESEARCH AND TECHNOLOGY PARK,HIF014243,20.7532,-156.460211,Permitted Feature,Privately Owned Facility,NPDES
LOT 13-B-2-B-6 GRADING AND UTILITY WORK AT THE MAUI RESEARCH AND TECHNOLOGY PARK,HIF014243,20.7532,-156.460211,Facility,Privately Owned Facility,NPDES
HDCC KALAHEO BASEYARD,HIF014244,21.929319,-159.527639,Permitted Feature,Privately Owned Facility,NPDES
HDCC KALAHEO BASEYARD,HIF014244,21.929319,-159.527639,Facility,Privately Owned Facility,NPDES
WILHELMINA RISE 811' RESERVOIR REPLACEMENT,HIF014245,21.278598,-157.788173,Permitted Feature,Municipal or Water District,NPDES
WILHELMINA RISE 811' RESERVOIR REPLACEMENT (2),HIF014246,21.278598,-157.788173,Permitted Feature,Municipal or Water District,NPDES
WILHELMINA RISE 811' RESERVOIR REPLACEMENT (2),HIF014246,21.278598,-157.788173,Facility,Municipal or Water District,NPDES
"REHABILITATION OF STREETS, UNIT 93, KAMEHAMEHA HIGHWAY IMPROVEMENTS IN HALEIWA",HIF014247,21.593503,-158.103537,Permitted Feature,Municipal or Water District,NPDES
"REHABILITATION OF STREETS, UNIT 93, KAMEHAMEHA HIGHWAY IMPROVEMENTS IN HALEIWA",HIF014247,21.580237,-158.105381,Permitted Feature,Municipal or Water District,NPDES
"REHABILITATION OF STREETS, UNIT 93, KAMEHAMEHA HIGHWAY IMPROVEMENTS IN HALEIWA",HIF014247,21.578529,-158.115364,Permitted Feature,Municipal or Water District,NPDES
LOT 18,HIF014249,21.889288,-159.48925500000001,Permitted Feature,Privately Owned Facility,NPDES
LOT 18,HIF014249,21.885862,-159.487587,Permitted Feature,Privately Owned Facility,NPDES
LOT 18,HIF014249,21.890588,-159.48925500000001,Permitted Feature,Privately Owned Facility,NPDES
EKAHA LANDS AGRICULTURAL SUBDIVISION,HIF014251,21.43078,-158.045,Permitted Feature,Privately Owned Facility,NPDES
EKAHA LANDS AGRICULTURAL SUBDIVISION,HIF014251,21.42375,-158.04817,Permitted Feature,Privately Owned Facility,NPDES
EKAHA LANDS AGRICULTURAL SUBDIVISION,HIF014251,21.42375,-158.04817,Facility,Privately Owned Facility,NPDES
KO OLINA LAGOON MAINTENANCE,HIF014252,21.337567,-158.125109,Permitted Feature,Privately Owned Facility,NPDES
KO OLINA LAGOON MAINTENANCE,HIF014252,21.334891,-158.124037,Permitted Feature,Privately Owned Facility,NPDES
KO OLINA LAGOON MAINTENANCE,HIF014252,21.331799,-158.122771,Permitted Feature,Privately Owned Facility,NPDES
KO OLINA LAGOON MAINTENANCE,HIF014252,21.331909,-158.122922,Permitted Feature,Privately Owned Facility,NPDES
KO OLINA LAGOON MAINTENANCE,HIF014252,21.337567,-158.125109,Facility,Privately Owned Facility,NPDES
"WAIAPO PLACE, WAIHUA PLACE, AND WAIMONONA PLACE WATER SYSTEM IMPROVEMENTS",HIF014253,21.333419,-158.034395,Permitted Feature,Municipality,NPDES
"WAIAPO PLACE, WAIHUA PLACE, AND WAIMOMONA PLACE WATER SYSTEM IMPROVEMENTS",HIF014254,21.333419,-158.034395,Permitted Feature,Municipality,NPDES
OPIHIHALE SUBDIVISION ROAD IMPROVEMENTS (2),HIF014255,19.276263,-155.888868,Permitted Feature,Privately Owned Facility,NPDES
NATIONAL GUARD READINESS CENTER ADDITION,HIF014258,21.300301,-158.058464,Permitted Feature,Federal Facility (U.S. Government),NPDES
"REHABILITATION OF LOCALIZED STREETS, PHASE 24B, IN MILILANI",HIF014259,21.465681,-158.006143,Permitted Feature,Municipal or Water District,NPDES
"REHABILITATION OF LOCALIZED STREETS, PHASE 24B, IN MILILANI",HIF014259,21.458165,-157.994,Permitted Feature,Municipal or Water District,NPDES
"REHABILITATION OF STREETS, UNIT 73A, KAMEHAMEHA HIGHWAY IN KANEOHE",HIF014260,21.426776,-157.803033,Permitted Feature,Municipal or Water District,NPDES
"REHABILITATION OF STREETS, UNIT 73A, KAMEHAMEHA HIGHWAY IN KANEOHE",HIF014260,21.416886,-157.801384,Permitted Feature,Municipal or Water District,NPDES
"REHABILITATION OF STREETS, UNIT 73A, KAMEHAMEHA HIGHWAY IN KANEOHE",HIF014260,21.418107,-157.790219,Permitted Feature,Municipal or Water District,NPDES
"REHABILITATION OF STREETS, UNIT 73A, KAMEHAMEHA HIGHWAY IN KANEOHE",HIF014260,21.41168,-157.799298,Permitted Feature,Municipal or Water District,NPDES
"REHABILITATION OF STREETS, UNIT 73A, KAMEHAMEHA HIGHWAY IN KANEOHE",HIF014260,21.408674,-157.801559,Permitted Feature,Municipal or Water District,NPDES
"REHABILITATION OF STREETS, UNIT 73A, KAMEHAMEHA HIGHWAY IN KANEOHE",HIF014260,21.406339,-157.80191,Permitted Feature,Municipal or Water District,NPDES
UNIVERSITY OF HAWAII AT MANOA LANDSCAPE BUILDING REPLACEMENT,HIF014261,21.299354,-157.813614,Permitted Feature,State Government,NPDES
DOD OFFICE OF THE ADJUTANT GENERAL RECONSTRUCTION PARKING,HIF014263,21.25716,-157.79673,Permitted Feature,State Government,NPDES
"REHABILITATION OF STREETS ALIIPOE DRIVE, KULAWAI STREET, HOIO STREET, AND ALA AO",HIF014266,21.370788,-157.922749,Permitted Feature,Municipal or Water District,NPDES
"REHABILITATION OF STREETS ALIIPOE DRIVE, KULAWAI STREET, HOIO STREET, AND ALA AO",HIF014266,21.391764,-157.921881,Permitted Feature,Municipal or Water District,NPDES
"REHABILITATION OF STREETS ALIIPOE DRIVE, KULAWAI STREET, HOIO STREET, AND ALA AO",HIF014266,21.385664,-157.924847,Permitted Feature,Municipal or Water District,NPDES
"REHABILITATION OF STREETS ALIIPOE DRIVE, KULAWAI STREET, HOIO STREET, AND ALA AO",HIF014266,21.372204,-157.885335,Permitted Feature,Municipal or Water District,NPDES
"REHABILITATION OF STREETS ALIIPOE DRIVE, KULAWAI STREET, HOIO STREET, AND ALA AO",HIF014266,21.371147,-157.885278,Permitted Feature,Municipal or Water District,NPDES
"MONITORING WELLS: RHP01, RHP02, RHP03, RHP04A, RHP04B, RHP04C, RHP05, RHP06, RHP",HIF014267,21.371953,-157.899978,Permitted Feature,Federal Facility (U.S. Government),NPDES
"MONITORING WELLS: RHP01, RHP02, RHP03, RHP04A, RHP04B, RHP04C, RHP05, RHP06, RHP",HIF014267,21.371074,-157.905372,Permitted Feature,Federal Facility (U.S. Government),NPDES
"MONITORING WELLS: RHP01, RHP02, RHP03, RHP04A, RHP04B, RHP04C, RHP05, RHP06, RHP",HIF014267,21.370276,-157.910969,Permitted Feature,Federal Facility (U.S. Government),NPDES
"MONITORING WELLS: RHP01, RHP02, RHP03, RHP04A, RHP04B, RHP04C, RHP05, RHP06, RHP",HIF014267,21.375466,-157.892433,Permitted Feature,Federal Facility (U.S. Government),NPDES
"MONITORING WELLS: RHP01, RHP02, RHP03, RHP04A, RHP04B, RHP04C, RHP05, RHP06, RHP",HIF014267,21.375326,-157.893508,Permitted Feature,Federal Facility (U.S. Government),NPDES
"MONITORING WELLS: RHP01, RHP02, RHP03, RHP04A, RHP04B, RHP04C, RHP05, RHP06, RHP",HIF014267,21.373959,-157.895938,Permitted Feature,Federal Facility (U.S. Government),NPDES
"MONITORING WELLS: RHP01, RHP02, RHP03, RHP04A, RHP04B, RHP04C, RHP05, RHP06, RHP",HIF014267,21.373852,-157.896294,Permitted Feature,Federal Facility (U.S. Government),NPDES
"MONITORING WELLS: RHP01, RHP02, RHP03, RHP04A, RHP04B, RHP04C, RHP05, RHP06, RHP",HIF014267,21.378857,-157.929101,Permitted Feature,Federal Facility (U.S. Government),NPDES
"MONITORING WELLS: RHP01, RHP02, RHP03, RHP04A, RHP04B, RHP04C, RHP05, RHP06, RHP",HIF014267,21.370072,-157.927131,Permitted Feature,Federal Facility (U.S. Government),NPDES
"MONITORING WELLS: RHP01, RHP02, RHP03, RHP04A, RHP04B, RHP04C, RHP05, RHP06, RHP",HIF014267,21.374942,-157.900064,Permitted Feature,Federal Facility (U.S. Government),NPDES
"MONITORING WELLS: RHP01, RHP02, RHP03, RHP04A, RHP04B, RHP04C, RHP05, RHP06, RHP",HIF014267,21.37391,-157.900748,Permitted Feature,Federal Facility (U.S. Government),NPDES
"MONITORING WELLS: RHP01, RHP02, RHP03, RHP04A, RHP04B, RHP04C, RHP05, RHP06, RHP",HIF014267,21.37315,-157.901036,Permitted Feature,Federal Facility (U.S. Government),NPDES
"MONITORING WELLS: RHP01, RHP02, RHP03, RHP04A, RHP04B, RHP04C, RHP05, RHP06, RHP",HIF014267,21.372289,-157.901495,Permitted Feature,Federal Facility (U.S. Government),NPDES
"MONITORING WELLS: RHP01, RHP02, RHP03, RHP04A, RHP04B, RHP04C, RHP05, RHP06, RHP",HIF014267,21.372028,-157.901562,Permitted Feature,Federal Facility (U.S. Government),NPDES
"MONITORING WELLS: RHP01, RHP02, RHP03, RHP04A, RHP04B, RHP04C, RHP05, RHP06, RHP",HIF014267,21.371615,-157.901696,Permitted Feature,Federal Facility (U.S. Government),NPDES
"MONITORING WELLS: RHP01, RHP02, RHP03, RHP04A, RHP04B, RHP04C, RHP05, RHP06, RHP",HIF014267,21.360205,-157.898886,Permitted Feature,Federal Facility (U.S. Government),NPDES
"MONITORING WELLS: RHP01, RHP02, RHP03, RHP04A, RHP04B, RHP04C, RHP05, RHP06, RHP",HIF014267,21.371016,-157.904796,Permitted Feature,Federal Facility (U.S. Government),NPDES
"MONITORING WELLS: RHP01, RHP02, RHP03, RHP04A, RHP04B, RHP04C, RHP05, RHP06, RHP",HIF014267,21.38923,-157.909019,Permitted Feature,Federal Facility (U.S. Government),NPDES
"MONITORING WELLS: RHP01, RHP02, RHP03, RHP04A, RHP04B, RHP04C, RHP05, RHP06, RHP",HIF014267,21.372754,-157.912303,Permitted Feature,Federal Facility (U.S. Government),NPDES
"MONITORING WELLS: RHP01, RHP02, RHP03, RHP04A, RHP04B, RHP04C, RHP05, RHP06, RHP",HIF014267,21.368387,-157.914621,Permitted Feature,Federal Facility (U.S. Government),NPDES
"MONITORING WELLS: RHP01, RHP02, RHP03, RHP04A, RHP04B, RHP04C, RHP05, RHP06, RHP",HIF014267,21.368272,-157.914886,Permitted Feature,Federal Facility (U.S. Government),NPDES
"MONITORING WELLS: RHP01, RHP02, RHP03, RHP04A, RHP04B, RHP04C, RHP05, RHP06, RHP",HIF014267,21.364769,-157.932536,Permitted Feature,Federal Facility (U.S. Government),NPDES
"MONITORING WELLS: RHP01, RHP02, RHP03, RHP04A, RHP04B, RHP04C, RHP05, RHP06, RHP",HIF014267,21.370714,-157.922878,Permitted Feature,Federal Facility (U.S. Government),NPDES
"MONITORING WELLS: RHP01, RHP02, RHP03, RHP04A, RHP04B, RHP04C, RHP05, RHP06, RHP",HIF014267,21.371974,-157.913284,Permitted Feature,Federal Facility (U.S. Government),NPDES
"MONITORING WELLS: RHP01, RHP02, RHP03, RHP04A, RHP04B, RHP04C, RHP05, RHP06, RHP",HIF014267,21.355622,-157.909404,Permitted Feature,Federal Facility (U.S. Government),NPDES
"MONITORING WELLS: RHP01, RHP02, RHP03, RHP04A, RHP04B, RHP04C, RHP05, RHP06, RHP",HIF014267,21.370187,-157.911113,Permitted Feature,Federal Facility (U.S. Government),NPDES
"MONITORING WELLS: RHP01, RHP02, RHP03, RHP04A, RHP04B, RHP04C, RHP05, RHP06, RHP",HIF014267,21.371953,-157.899978,Facility,Federal Facility (U.S. Government),NPDES
WHEELER ARMY AIRFIELD FY22 BUILDING 118,HIF014268,21.48024,-158.047604,Permitted Feature,Federal Facility (U.S. Government),NPDES
WHEELER ARMY AIRFIELD FY22 BUILDING 118,HIF014268,21.48024,-158.047604,Facility,Federal Facility (U.S. Government),NPDES
"LALAMILO HOUSING PHASE 2A, INCREMENT 1",HIF014269,20.020555,-155.701388,Permitted Feature,Municipality,NPDES
"LALAMILO HOUSING PHASE 2A, INCREMENT 1",HIF014269,20.025277,-155.699722,Permitted Feature,Municipality,NPDES
"LALAMILO HOUSING PHASE 2A, INCREMENT 1",HIF014269,20.025277,-155.699722,Facility,Municipality,NPDES
HALE HOPE LOA,HIF014270,20.099324,-155.460209,Permitted Feature,Privately Owned Facility,NPDES
HALE HOPE LOA,HIF014270,20.099324,-155.460209,Facility,Privately Owned Facility,NPDES
KOLEKOLE PASS DRAINAGE IMPROVEMENTS,HIF014271,21.481291,-158.108559,Permitted Feature,Privately Owned Facility,NPDES
KOLEKOLE PASS DRAINAGE IMPROVEMENTS,HIF014271,21.477747,-158.11145,Permitted Feature,Privately Owned Facility,NPDES
WAIPIO COSTCO REPAVE PROJECT,HIF014272,21.388185,-157.988537,Permitted Feature,Municipality,NPDES
WAIPIO COSTCO REPAVE PROJECT,HIF014272,21.388185,-157.988537,Facility,Municipality,NPDES
"FREEWAY MANAGEMENT SYSTEM INTERSTATE H-1, FARRINGTON HIGHWAY (RTE 93) PHASE 3, U",HIF014274,21.34514,-158.12887,Permitted Feature,State Government,NPDES
"FREEWAY MANAGEMENT SYSTEM INTERSTATE H-1, FARRINGTON HIGHWAY (RTE 93) PHASE 3, U",HIF014274,21.33003,-158.11686,Permitted Feature,State Government,NPDES
"FREEWAY MANAGEMENT SYSTEM INTERSTATE H-1, FARRINGTON HIGHWAY (RTE 93) PHASE 3, U",HIF014274,21.33003,-158.11686,Permitted Feature,State Government,NPDES
"FREEWAY MANAGEMENT SYSTEM INTERSTATE H-1, FARRINGTON HIGHWAY (RTE 93) PHASE 3, U",HIF014274,21.33885,-158.10065,Permitted Feature,State Government,NPDES
"FREEWAY MANAGEMENT SYSTEM INTERSTATE H-1, FARRINGTON HIGHWAY (RTE 93) PHASE 3, U",HIF014274,21.33503,-158.09602,Permitted Feature,State Government,NPDES
"FREEWAY MANAGEMENT SYSTEM INTERSTATE H-1, FARRINGTON HIGHWAY (RTE 93) PHASE 3, U",HIF014274,21.29581,-158.08639,Permitted Feature,State Government,NPDES
"FREEWAY MANAGEMENT SYSTEM INTERSTATE H-1, FARRINGTON HIGHWAY (RTE 93) PHASE 3, U",HIF014274,21.29581,-158.08639,Permitted Feature,State Government,NPDES
"FREEWAY MANAGEMENT SYSTEM INTERSTATE H-1, FARRINGTON HIGHWAY (RTE 93) PHASE 3, U",HIF014274,21.29581,-158.08639,Permitted Feature,State Government,NPDES
"FREEWAY MANAGEMENT SYSTEM INTERSTATE H-1, FARRINGTON HIGHWAY (RTE 93) PHASE 3, U",HIF014274,21.29581,-158.08639,Permitted Feature,State Government,NPDES
ALAMO RENT A CAR LIH - A.C. REPAVING,HIF014275,21.986744,-159.333474,Permitted Feature,Privately Owned Facility,NPDES
MAHANA ESTATES LOT 22 (1),HIF014277,20.995652,-156.642713,Permitted Feature,Privately Owned Facility,NPDES
WAIANUENUE AVENUE BRIDGE NO. 23-4 MODERNIZATION,HIF014278,19.719849,-155.103305,Permitted Feature,Municipal or Water District,NPDES
"PIPELINE REPLACEMENT ALONG WEKE, ANAE, MAHIMAHI, AND HEE ROADS",HIF014279,22.20073,-159.5068,Permitted Feature,Municipal or Water District,NPDES
"PIPELINE REPLACEMENT ALONG WEKE, ANAE, MAHIMAHI, AND HEE ROADS",HIF014279,22.20152,-159.50764,Permitted Feature,Municipal or Water District,NPDES
EMERGENCY SEDIMENT REMOVAL AT KULANIHAKOI STREAM,HIF014280,20.764475,-156.450838,Permitted Feature,Municipality,NPDES
EMERGENCY SEDIMENT REMOVAL AT KULANIHAKOI STREAM,HIF014280,20.765526,-156.458334,Permitted Feature,Municipality,NPDES
EMERGENCY SEDIMENT REMOVAL AT KULANIHAKOI STREAM,HIF014280,20.765526,-156.458334,Facility,Municipality,NPDES
LOWER HONOAPIILANI ROAD PAVEMENT REHABILITATION,HIF014281,20.949586,-156.687767,Permitted Feature,Municipality,NPDES
LOWER HONOAPIILANI ROAD PAVEMENT REHABILITATION,HIF014281,20.954217,-156.686913,Permitted Feature,Municipality,NPDES
LOWER HONOAPIILANI ROAD PAVEMENT REHABILITATION,HIF014281,20.959384,-156.683668,Permitted Feature,Municipality,NPDES
LOWER HONOAPIILANI ROAD PAVEMENT REHABILITATION,HIF014281,20.967359,-156.681504,Permitted Feature,Municipality,NPDES
LOWER HONOAPIILANI ROAD PAVEMENT REHABILITATION,HIF014281,20.969481,-156.68037,Permitted Feature,Municipality,NPDES
LOWER HONOAPIILANI ROAD PAVEMENT REHABILITATION,HIF014281,20.971054,-156.680268,Permitted Feature,Municipality,NPDES
LOWER HONOAPIILANI ROAD PAVEMENT REHABILITATION,HIF014281,20.969481,-156.68037,Facility,Municipality,NPDES
COUNTY OF MAUI DEPARTMENT OF PUBLIC WORKS,HIF014282,20.813758,-156.325819,Permitted Feature,Municipality,NPDES
COUNTY OF MAUI DEPARTMENT OF PUBLIC WORKS,HIF014282,20.80424,-156.323287,Permitted Feature,Municipality,NPDES
COUNTY OF MAUI DEPARTMENT OF PUBLIC WORKS,HIF014282,20.80424,-156.323287,Facility,Municipality,NPDES
FOUNDATIONS HAWAII WAREHOUSE,HIF014283,21.314313,-158.118652,Permitted Feature,Privately Owned Facility,NPDES
FOUNDATIONS HAWAII WAREHOUSE,HIF014283,21.314313,-158.118652,Facility,Privately Owned Facility,NPDES
WAIANAE HIGH SCHOOL TRACK AND FIELD IMPROVEMENTS,HIF014286,21.453553,-158.201466,Permitted Feature,State Government,NPDES
PULEHU 2020 LLC WAREHOUSE,HIF014287,20.889197,-156.449282,Permitted Feature,Privately Owned Facility,NPDES
PULEHU 2020 LLC WAREHOUSE,HIF014287,20.889197,-156.449282,Facility,Privately Owned Facility,NPDES
WAIMEA HIGH SCHOOL GYMNASIUM,HIF014288,21.954621,-159.670688,Permitted Feature,State Government,NPDES
WAHIAWA PEDESTRIAN BRIDGE,HIF014289,21.504849,-158.02499,Permitted Feature,State Government,NPDES
WAHIAWA PEDESTRIAN BRIDGE,HIF014289,21.504663,-158.025926,Permitted Feature,State Government,NPDES
WAHIAWA PEDESTRIAN BRIDGE,HIF014289,21.503864,-158.026141,Permitted Feature,State Government,NPDES
WAHIAWA PEDESTRIAN BRIDGE,HIF014289,21.503265,-158.026377,Permitted Feature,State Government,NPDES
SCHOOL STREET SENIOR AFFORDABLE HOUSING PHASE 1A (1),HIF014290,21.327644,-157.867047,Permitted Feature,Privately Owned Facility,NPDES
SCHOOL STREET SENIOR AFFORDABLE HOUSING PHASE 1A (1),HIF014290,21.327644,-157.867047,Facility,Privately Owned Facility,NPDES
HALE PILINA (2),HIF014291,20.893292,-156.468302,Permitted Feature,Privately Owned Facility,NPDES
HALE PILINA (2),HIF014291,20.888277,-156.462459,Permitted Feature,Privately Owned Facility,NPDES
PHILIPPSON RESIDENCE,HIF014292,20.801939,-156.361925,Permitted Feature,Privately Owned Facility,NPDES
PHILIPPSON RESIDENCE,HIF014292,20.801939,-156.361925,Facility,Privately Owned Facility,NPDES
KA'ALA PAR HAWAII REFINERY - DEMOLITION TO EQUIPMENT,HIF014293,21.306741,-158.114667,Permitted Feature,Municipality,NPDES
KA'ALA PAR HAWAII REFINERY - DEMOLITION TO EQUIPMENT,HIF014293,21.305836,-158.114185,Permitted Feature,Municipality,NPDES
KA'ALA PAR HAWAII REFINERY - DEMOLITION TO EQUIPMENT,HIF014293,21.305836,-158.114185,Facility,Municipality,NPDES
"KAHAKAI BOULEVARD SHOULDER IMPROVEMENTS, PHASE 1",HIF014294,19.560799,-154.888039,Permitted Feature,Municipal or Water District,NPDES
KIHEI HIGH SCHOOL PHASE 1B INFRASTRUCTURE - STOCKPILE REMOVAL,HIF014295,20.7615,-156.4596,Permitted Feature,State Government,NPDES
KIHEI HIGH SCHOOL PHASE 1B INFRASTRUCTURE - STOCKPILE REMOVAL,HIF014295,20.7615,-156.4596,Facility,State Government,NPDES
RED HILL TEMPORARY WATER TREATMENT FACILITY,HIF014296,21.370278,-157.910833,Permitted Feature,Federal Facility (U.S. Government),NPDES
RED HILL TEMPORARY WATER TREATMENT FACILITY,HIF014296,21.371297,-157.907656,Permitted Feature,Federal Facility (U.S. Government),NPDES
RED HILL TEMPORARY WATER TREATMENT FACILITY,HIF014296,21.370894,-157.904198,Permitted Feature,Federal Facility (U.S. Government),NPDES
RED HILL TEMPORARY WATER TREATMENT FACILITY,HIF014296,21.370278,-157.910833,Facility,Federal Facility (U.S. Government),NPDES
GOLF RIDGE-PHASE 2 UPPER LOT SITE WORK,HIF014297,21.367063,-157.892608,Permitted Feature,Privately Owned Facility,NPDES
REPAIR SOUTH WATER LINE AND APPURTENANCES (1),HIF014299,21.35329,-157.895612,Permitted Feature,Federal Facility (U.S. Government),NPDES
REPAIR SOUTH WATER LINE AND APPURTENANCES (1),HIF014299,21.356786,-157.888237,Permitted Feature,Federal Facility (U.S. Government),NPDES
REPAIR SOUTH WATER LINE AND APPURTENANCES (1),HIF014299,21.356786,-157.888237,Facility,Federal Facility (U.S. Government),NPDES
REPAIR NORTH WATER LINE AND APPURTENANCES,HIF014300,21.357672,-157.887506,Permitted Feature,Federal Facility (U.S. Government),NPDES
WARD VILLAGE - KALAE,HIF014303,21.2941,-157.8569,Permitted Feature,Privately Owned Facility,NPDES
WARD VILLAGE - KALAE,HIF014303,21.2937,-157.8561,Permitted Feature,Privately Owned Facility,NPDES
WARD VILLAGE - KALAE,HIF014303,21.2944,-157.8573,Permitted Feature,Privately Owned Facility,NPDES
MCON PROJECT FY22 P-956 & FY23 P-973 BACHELOR ENLISTED QUARTERS,HIF014304,21.441535,-157.75189,Permitted Feature,Federal Facility (U.S. Government),NPDES
MCON PROJECT FY22 P-956 & FY23 P-973 BACHELOR ENLISTED QUARTERS,HIF014304,21.436713,-157.752191,Permitted Feature,Federal Facility (U.S. Government),NPDES
MCON PROJECT FY22 P-956 & FY23 P-973 BACHELOR ENLISTED QUARTERS,HIF014304,21.447714,-157.762224,Permitted Feature,Federal Facility (U.S. Government),NPDES
MCON PROJECT FY22 P-956 & FY23 P-973 BACHELOR ENLISTED QUARTERS,HIF014304,21.436713,-157.752191,Facility,Federal Facility (U.S. Government),NPDES
MOANALUA ROAD: 8-INCH WATER MAIN (3),HIF014305,21.39053,-157.948143,Permitted Feature,Municipality,NPDES
NORTH SHORE PRESERVE CLUBHOUSE,HIF014306,22.210582,-159.451857,Permitted Feature,Privately Owned Facility,NPDES
HONUA OLA BIOENERGY PLANT,HIF014308,19.842819,-155.084842,Permitted Feature,Privately Owned Facility,NPDES
HONUA OLA BIOENERGY PLANT,HIF014308,19.843906,-155.084575,Permitted Feature,Privately Owned Facility,NPDES
HONUA OLA BIOENERGY PLANT,HIF014308,19.844819,-155.084128,Permitted Feature,Privately Owned Facility,NPDES
HONUA OLA BIOENERGY PLANT,HIF014308,19.843631,-155.084714,Permitted Feature,Privately Owned Facility,NPDES
HONUA OLA BIOENERGY PLANT,HIF014308,19.842819,-155.084842,Facility,Privately Owned Facility,NPDES
HONOLULU HARBOR MAINTENANCE DREDGING (4),HIF014310,21.328365,-158.115482,Permitted Feature,Federal Facility (U.S. Government),NPDES
HONOLULU HARBOR MAINTENANCE DREDGING (4),HIF014310,21.327,-158.112,Permitted Feature,Federal Facility (U.S. Government),NPDES
HONOLULU HARBOR MAINTENANCE DREDGING (4),HIF014310,21.321686,-158.119768,Permitted Feature,Federal Facility (U.S. Government),NPDES
HONOLULU HARBOR MAINTENANCE DREDGING (4),HIF014310,21.309498,-157.864765,Permitted Feature,Federal Facility (U.S. Government),NPDES
HONOLULU HARBOR MAINTENANCE DREDGING (4),HIF014310,21.328365,-158.115482,Facility,Federal Facility (U.S. Government),NPDES
UPLANDS AT MAUNA KEA PARCELS D-2 AND D-5,HIF014311,20.002817,-155.79842,Permitted Feature,Privately Owned Facility,NPDES
UPLANDS AT MAUNA KEA PARCELS D-2 AND D-5,HIF014311,20.002665,-155.802668,Permitted Feature,Privately Owned Facility,NPDES
UPLANDS AT MAUNA KEA PARCELS D-2 AND D-5,HIF014311,20.001462,-155.802095,Permitted Feature,Privately Owned Facility,NPDES
UPLANDS AT MAUNA KEA PARCELS D-2 AND D-5,HIF014311,20.000858,-155.80401,Permitted Feature,Privately Owned Facility,NPDES
UPLANDS AT MAUNA KEA PARCELS D-2 AND D-5,HIF014311,20.002377,-155.80622,Permitted Feature,Privately Owned Facility,NPDES
UPLANDS AT MAUNA KEA PARCELS D-2 AND D-5,HIF014311,20.000422,-155.805391,Permitted Feature,Privately Owned Facility,NPDES
UPLANDS AT MAUNA KEA PARCELS D-2 AND D-5,HIF014311,20.002817,-155.79842,Facility,Privately Owned Facility,NPDES
KAHUINA,HIF014312,21.294397,-157.866993,Permitted Feature,Privately Owned Facility,NPDES
"INTERSTATE H-1 EASTBOUND IMPROVEMENTS, OLA LANE TO LIKELIKE HIGHWAY OFF-RAMP (4)",HIF014313,21.334031,-157.879538,Permitted Feature,State Government,NPDES
"INTERSTATE H-1 EASTBOUND IMPROVEMENTS, OLA LANE TO LIKELIKE HIGHWAY OFF-RAMP (4)",HIF014313,21.326098000000002,-157.867744,Permitted Feature,State Government,NPDES
"INTERSTATE H-1 EASTBOUND IMPROVEMENTS, OLA LANE TO LIKELIKE HIGHWAY OFF-RAMP (4)",HIF014313,21.324014,-157.870483,Permitted Feature,State Government,NPDES
"INTERSTATE H-1 EASTBOUND IMPROVEMENTS, OLA LANE TO LIKELIKE HIGHWAY OFF-RAMP (4)",HIF014313,21.335713,-157.877585,Permitted Feature,State Government,NPDES
"INTERSTATE H-1 EASTBOUND IMPROVEMENTS, OLA LANE TO LIKELIKE HIGHWAY OFF-RAMP (4)",HIF014313,21.336104,-157.876798,Permitted Feature,State Government,NPDES
"INTERSTATE H-1 EASTBOUND IMPROVEMENTS, OLA LANE TO LIKELIKE HIGHWAY OFF-RAMP (4)",HIF014313,21.335987,-157.877404,Permitted Feature,State Government,NPDES
"INTERSTATE H-1 EASTBOUND IMPROVEMENTS, OLA LANE TO LIKELIKE HIGHWAY OFF-RAMP (4)",HIF014313,21.335602,-157.877863,Permitted Feature,State Government,NPDES
"INTERSTATE H-1 EASTBOUND IMPROVEMENTS, OLA LANE TO LIKELIKE HIGHWAY OFF-RAMP (4)",HIF014313,21.341837,-157.886047,Permitted Feature,State Government,NPDES
"INTERSTATE H-1 EASTBOUND IMPROVEMENTS, OLA LANE TO LIKELIKE HIGHWAY OFF-RAMP (4)",HIF014313,21.342386,-157.888526,Permitted Feature,State Government,NPDES
"INTERSTATE H-1 EASTBOUND IMPROVEMENTS, OLA LANE TO LIKELIKE HIGHWAY OFF-RAMP (4)",HIF014313,21.341964,-157.887377,Permitted Feature,State Government,NPDES
"INTERSTATE H-1 EASTBOUND IMPROVEMENTS, OLA LANE TO LIKELIKE HIGHWAY OFF-RAMP (4)",HIF014313,21.335625,-157.887223,Permitted Feature,State Government,NPDES
"INTERSTATE H-1 EASTBOUND IMPROVEMENTS, OLA LANE TO LIKELIKE HIGHWAY OFF-RAMP (4)",HIF014313,21.324002,-157.865087,Permitted Feature,State Government,NPDES
HOOKENA INTERSECTION DESIGN IMPROVEMENTS,HIF014314,20.758691,-156.450041,Permitted Feature,Privately Owned Facility,NPDES
HOOKENA INTERSECTION DESIGN IMPROVEMENTS,HIF014314,20.759626,-156.460287,Permitted Feature,Privately Owned Facility,NPDES
HOOKENA INTERSECTION DESIGN IMPROVEMENTS,HIF014314,20.758691,-156.450041,Facility,Privately Owned Facility,NPDES
HO?OPILI INDUSTRIAL MIXED USE (IMX) SUBDIVISION MASS GRADING AND INFRASTRUCTURE,HIF014316,21.375291,-158.03887,Permitted Feature,Privately Owned Facility,NPDES
HO?OPILI INDUSTRIAL MIXED USE (IMX) SUBDIVISION MASS GRADING AND INFRASTRUCTURE,HIF014316,21.375291,-158.03887,Facility,Privately Owned Facility,NPDES
FLORES AND CHANG AGRICULTURAL PROPERTY (1),HIF014317,20.934806,-156.279568,Permitted Feature,Privately Owned Facility,NPDES
KALOKO COMMERCIAL CENTER LOT 22,HIF014320,19.686911,-156.014902,Facility,Privately Owned Facility,NPDES
TAMC WATERLINE REPLACEMENT UPPER TANK,HIF014322,21.36136,-157.880967,Permitted Feature,Federal Facility (U.S. Government),NPDES
TAMC WATERLINE REPLACEMENT UPPER TANK,HIF014322,21.363409,-157.877899,Permitted Feature,Federal Facility (U.S. Government),NPDES
TAMC WATERLINE REPLACEMENT UPPER TANK,HIF014322,21.36136,-157.880967,Facility,Federal Facility (U.S. Government),NPDES
TAMC WATERLINE REPLACEMENT IHG HOTEL,HIF014323,21.358219,-157.886759,Permitted Feature,Federal Facility (U.S. Government),NPDES
TAMC WATERLINE REPLACEMENT IHG HOTEL,HIF014323,21.360243,-157.885421,Permitted Feature,Federal Facility (U.S. Government),NPDES
TAMC WATERLINE REPLACEMENT CENTRAL PLANT,HIF014324,21.359385,-157.898944,Permitted Feature,Federal Facility (U.S. Government),NPDES
TAMC WATERLINE REPLACEMENT CENTRAL PLANT,HIF014324,21.359385,-157.898944,Facility,Federal Facility (U.S. Government),NPDES
TAMC WATERLINE REPLACEMENT JARRETT WHITE,HIF014325,21.356728,-157.888221,Permitted Feature,Federal Facility (U.S. Government),NPDES
DEVELOPMENT OF THE LOWER SITE IN TMK (1) 4-2-15:014,HIF014326,21.401043,-157.767836,Permitted Feature,Privately Owned Facility,NPDES
DEVELOPMENT OF THE LOWER SITE IN TMK (1) 4-2-15:014,HIF014326,21.401043,-157.767836,Facility,Privately Owned Facility,NPDES
"FARRINGTON HIGHWAY WIDENING, KAPOLEI GOLF COURSE TO FORT WEAVER ROAD, CONTRACTOR",HIF014329,21.361244,-158.053436,Permitted Feature,State Government,NPDES
U HAUL KONA FACILITY 705072,HIF014330,19.674177,-156.026154,Permitted Feature,Privately Owned Facility,NPDES
CONSTRUCT 6MG POTABLE WATER STORAGE TANK S2,HIF014331,21.36109,-157.923271,Permitted Feature,Federal Facility (U.S. Government),NPDES
CONSTRUCT 6MG POTABLE WATER STORAGE TANK S2,HIF014331,21.36109,-157.923271,Facility,Federal Facility (U.S. Government),NPDES
MALAMA ONE RECYCLING,HIF014332,19.636596,-155.035935,Permitted Feature,Privately Owned Facility,NPDES
MALAMA ONE RECYCLING,HIF014332,19.636596,-155.035935,Facility,Privately Owned Facility,NPDES
P-209 DRY DOCK 3 REPLACEMENT,HIF014333,21.351466,-157.96474,Facility,Federal Facility (U.S. Government),NPDES
MAUI RESEARCH AND TECHNOLOGY PARK 2.0 MG RESERVOIR,HIF014334,20.748373,-156.428027,Permitted Feature,Privately Owned Facility,NPDES
MAUI RESEARCH AND TECHNOLOGY PARK 2.0 MG RESERVOIR,HIF014334,20.749465,-156.42739,Permitted Feature,Privately Owned Facility,NPDES
MAUI RESEARCH AND TECHNOLOGY PARK 2.0 MG RESERVOIR,HIF014334,20.748373,-156.428027,Facility,Privately Owned Facility,NPDES
"REPLACE 24-INCH WATER LINE, HOSPITAL POINT TO HICKAM (3)",HIF014335,21.352214,-157.960683,Permitted Feature,Federal Facility (U.S. Government),NPDES
"REPLACE 24-INCH WATER LINE, HOSPITAL POINT TO HICKAM (3)",HIF014335,21.345378,-157.966056,Permitted Feature,Federal Facility (U.S. Government),NPDES
"REPLACE 24-INCH WATER LINE, HOSPITAL POINT TO HICKAM (3)",HIF014335,21.343592,-157.964986,Permitted Feature,Federal Facility (U.S. Government),NPDES
"REPLACE 24-INCH WATER LINE, HOSPITAL POINT TO HICKAM (3)",HIF014335,21.330075,-157.966244,Permitted Feature,Federal Facility (U.S. Government),NPDES
"REPLACE 24-INCH WATER LINE, HOSPITAL POINT TO HICKAM (3)",HIF014335,21.341333,-157.964678,Permitted Feature,Federal Facility (U.S. Government),NPDES
FY22 MILCON P-2005 WORKING DOG TREATMENT FACILITY (1),HIF014336,21.335969,-157.935919,Permitted Feature,Federal Facility (U.S. Government),NPDES
FY22 MILCON P-2005 WORKING DOG TREATMENT FACILITY (1),HIF014336,21.335739,-157.935469,Permitted Feature,Federal Facility (U.S. Government),NPDES
"HALAWA SEWER, WATER, DRAINAGE REPAIR (1)",HIF014337,21.371111,-157.92417,Permitted Feature,Federal Facility (U.S. Government),NPDES
"HALAWA SEWER, WATER, DRAINAGE REPAIR (1)",HIF014337,21.365556,-157.93833,Permitted Feature,Federal Facility (U.S. Government),NPDES
"HALAWA SEWER, WATER, DRAINAGE REPAIR (1)",HIF014337,21.378061,-157.925465,Facility,Federal Facility (U.S. Government),NPDES
RENEWABLE ENERGY SYSTEMS INSTALLATION & FACILITY ENERGY IMPROVEMENTS (1),HIF014338,21.51514,-158.012602,Permitted Feature,Federal Facility (U.S. Government),NPDES
RENEWABLE ENERGY SYSTEMS INSTALLATION & FACILITY ENERGY IMPROVEMENTS (1),HIF014338,21.516338,-158.007313,Permitted Feature,Federal Facility (U.S. Government),NPDES
REPAIR 24-INCH WATERLINE FROM FORD ISLAND TO LANDING C,HIF014339,21.346404,-157.942275,Facility,Federal Facility (U.S. Government),NPDES
CAMPBELL HIGH SCHOOL ATHLETIC COMPLEX FACILITIES,HIF014340,21.310456,-158.005588,Permitted Feature,State Government,NPDES
TAMC 94 PUMP AND MOTOR,HIF014342,21.351122,-157.893332,Facility,Federal Facility (U.S. Government),NPDES
LAULIMA KAPOLEI WEST DEVELOPMENT LA-2 MASS GRADING (1),HIF014343,21.314,-158.119,Permitted Feature,Privately Owned Facility,NPDES
LAULIMA KAPOLEI WEST DEVELOPMENT LA-1 MASS GRADING (1),HIF014344,21.314,-158.119,Permitted Feature,Privately Owned Facility,NPDES
LAULIMA KAPOLEI WEST DEVELOPMENT LA-3 MASS GRADING (1),HIF014345,21.314,-158.119,Permitted Feature,Privately Owned Facility,NPDES
LAULIMA KAPOLEI WEST DEVELOPMENT LA-3 MASS GRADING (1),HIF014345,21.314,-158.119,Facility,Privately Owned Facility,NPDES
RUNWAYS AND TAXIWAYS SHOULDER REHABILITATION (2),HIF014346,21.329797,-157.929623,Permitted Feature,State Government,NPDES
RUNWAYS AND TAXIWAYS SHOULDER REHABILITATION (2),HIF014346,21.330606,-157.907042,Permitted Feature,State Government,NPDES
RUNWAYS AND TAXIWAYS SHOULDER REHABILITATION (2),HIF014346,21.313902,-157.917698,Permitted Feature,State Government,NPDES
RUNWAYS AND TAXIWAYS SHOULDER REHABILITATION (2),HIF014346,21.324008,-157.929624,Permitted Feature,State Government,NPDES
RUNWAYS AND TAXIWAYS SHOULDER REHABILITATION (2),HIF014346,21.32221,-157.929634,Permitted Feature,State Government,NPDES
RUNWAYS AND TAXIWAYS SHOULDER REHABILITATION (2),HIF014346,21.321957,-157.929473,Permitted Feature,State Government,NPDES
RUNWAYS AND TAXIWAYS SHOULDER REHABILITATION (2),HIF014346,21.319889,-157.925662,Permitted Feature,State Government,NPDES
RUNWAYS AND TAXIWAYS SHOULDER REHABILITATION (2),HIF014346,21.318764,-157.924541,Permitted Feature,State Government,NPDES
RUNWAYS AND TAXIWAYS SHOULDER REHABILITATION (2),HIF014346,21.312429,-157.929722,Permitted Feature,State Government,NPDES
RUNWAYS AND TAXIWAYS SHOULDER REHABILITATION (2),HIF014346,21.310646,-157.929004,Permitted Feature,State Government,NPDES
RUNWAYS AND TAXIWAYS SHOULDER REHABILITATION (2),HIF014346,21.310881,-157.928762,Permitted Feature,State Government,NPDES
RUNWAYS AND TAXIWAYS SHOULDER REHABILITATION (2),HIF014346,21.311895,-157.926585,Permitted Feature,State Government,NPDES
RUNWAYS AND TAXIWAYS SHOULDER REHABILITATION (2),HIF014346,21.330831,-157.903277,Permitted Feature,State Government,NPDES
RUNWAYS AND TAXIWAYS SHOULDER REHABILITATION (2),HIF014346,21.311929,-157.926149,Permitted Feature,State Government,NPDES
RUNWAYS AND TAXIWAYS SHOULDER REHABILITATION (2),HIF014346,21.315738,-157.915683,Permitted Feature,State Government,NPDES
RUNWAYS AND TAXIWAYS SHOULDER REHABILITATION (2),HIF014346,21.317624,-157.912844,Permitted Feature,State Government,NPDES
RUNWAYS AND TAXIWAYS SHOULDER REHABILITATION (2),HIF014346,21.318856,-157.910699,Permitted Feature,State Government,NPDES
RUNWAYS AND TAXIWAYS SHOULDER REHABILITATION (2),HIF014346,21.321386,-157.907651,Permitted Feature,State Government,NPDES
RUNWAYS AND TAXIWAYS SHOULDER REHABILITATION (2),HIF014346,21.32295,-157.905385,Permitted Feature,State Government,NPDES
RUNWAYS AND TAXIWAYS SHOULDER REHABILITATION (2),HIF014346,21.303839,-157.932153,Permitted Feature,State Government,NPDES
RUNWAYS AND TAXIWAYS SHOULDER REHABILITATION (2),HIF014346,21.303982,-157.929581,Permitted Feature,State Government,NPDES
RUNWAYS AND TAXIWAYS SHOULDER REHABILITATION (2),HIF014346,21.304018,-157.929252,Permitted Feature,State Government,NPDES
RUNWAYS AND TAXIWAYS SHOULDER REHABILITATION (2),HIF014346,21.30406,-157.92769,Permitted Feature,State Government,NPDES
RUNWAYS AND TAXIWAYS SHOULDER REHABILITATION (2),HIF014346,21.304064,-157.926349,Permitted Feature,State Government,NPDES
RUNWAYS AND TAXIWAYS SHOULDER REHABILITATION (2),HIF014346,21.304065,-157.925929,Permitted Feature,State Government,NPDES
RUNWAYS AND TAXIWAYS SHOULDER REHABILITATION (2),HIF014346,21.304063,-157.924087,Permitted Feature,State Government,NPDES
RUNWAYS AND TAXIWAYS SHOULDER REHABILITATION (2),HIF014346,21.304054,-157.922477,Permitted Feature,State Government,NPDES
RUNWAYS AND TAXIWAYS SHOULDER REHABILITATION (2),HIF014346,21.304051,-157.921849,Permitted Feature,State Government,NPDES
RUNWAYS AND TAXIWAYS SHOULDER REHABILITATION (2),HIF014346,21.304044,-157.920489,Permitted Feature,State Government,NPDES
RUNWAYS AND TAXIWAYS SHOULDER REHABILITATION (2),HIF014346,21.304035,-157.918843,Permitted Feature,State Government,NPDES
RUNWAYS AND TAXIWAYS SHOULDER REHABILITATION (2),HIF014346,21.304026,-157.916676,Permitted Feature,State Government,NPDES
RUNWAYS AND TAXIWAYS SHOULDER REHABILITATION (2),HIF014346,21.304028,-157.915152,Permitted Feature,State Government,NPDES
RUNWAYS AND TAXIWAYS SHOULDER REHABILITATION (2),HIF014346,21.30403,-157.912549,Permitted Feature,State Government,NPDES
RUNWAYS AND TAXIWAYS SHOULDER REHABILITATION (2),HIF014346,21.30403,-157.911112,Permitted Feature,State Government,NPDES
RUNWAYS AND TAXIWAYS SHOULDER REHABILITATION (2),HIF014346,21.304029,-157.910054,Permitted Feature,State Government,NPDES
RUNWAYS AND TAXIWAYS SHOULDER REHABILITATION (2),HIF014346,21.304027,-157.907799,Permitted Feature,State Government,NPDES
RUNWAYS AND TAXIWAYS SHOULDER REHABILITATION (2),HIF014346,21.304335,-157.906641,Permitted Feature,State Government,NPDES
RUNWAYS AND TAXIWAYS SHOULDER REHABILITATION (2),HIF014346,21.306361,-157.906143,Permitted Feature,State Government,NPDES
PULEHUNUI LOT 2-O,HIF014347,20.8095,-156.453,Permitted Feature,Privately Owned Facility,NPDES
PULEHUNUI LOT 2-O,HIF014347,20.8095,-156.453,Facility,Privately Owned Facility,NPDES
MCKINLEY HIGH SCHOOL ATHLETIC COMPLEX IMPROVEMENTS,HIF014348,21.292561,-157.855185,Permitted Feature,State Government,NPDES
KAWILI MANONO STREET SHOULDER IMPROVEMENTS,HIF014349,19.713498,-155.075309,Permitted Feature,Municipal or Water District,NPDES
KAWILI MANONO STREET SHOULDER IMPROVEMENTS,HIF014349,19.720875,-155.070688,Permitted Feature,Municipal or Water District,NPDES
KAWILI MANONO STREET SHOULDER IMPROVEMENTS,HIF014349,19.713498,-155.075309,Facility,Municipal or Water District,NPDES
MAUI PAGODA HOTEL (1),HIF014352,20.889966,-156.47142,Permitted Feature,Privately Owned Facility,NPDES
"TRAVEL PLAZA TRANSPORTATION, LLC (3)",HIF014353,21.313603,-157.865183,Permitted Feature,Privately Owned Facility,NPDES
WAIAKEA UKA PARK AND GYM (2),HIF014355,19.6736,-155.1077,Permitted Feature,Municipal or Water District,NPDES
ALAKONA CORPORATION RECYCLING FACILITY,HIF014356,21.315311,-158.119073,Permitted Feature,Privately Owned Facility,NPDES
REPAIR OF ADMINISTRATIVE SPACES (4),HIF014361,21.355667,-157.909408,Permitted Feature,Federal Facility (U.S. Government),NPDES
REPAIR OF ADMINISTRATIVE SPACES (4),HIF014361,21.360555,-157.898975,Permitted Feature,Federal Facility (U.S. Government),NPDES
REPAIR OF ADMINISTRATIVE SPACES (4),HIF014361,21.367322,-157.912934,Permitted Feature,Federal Facility (U.S. Government),NPDES
REPAIR OF ADMINISTRATIVE SPACES (4),HIF014361,21.352669,-157.940015,Permitted Feature,Federal Facility (U.S. Government),NPDES
P-169 WAIAWA TRANSMISSION LINE,HIF014362,21.4139,-157.9708,Permitted Feature,Federal Facility (U.S. Government),NPDES
P-169 WAIAWA TRANSMISSION LINE,HIF014362,21.4142,-157.9706,Permitted Feature,Federal Facility (U.S. Government),NPDES
P-169 WAIAWA TRANSMISSION LINE,HIF014362,21.4114,-157.9728,Permitted Feature,Federal Facility (U.S. Government),NPDES
P-169 WAIAWA TRANSMISSION LINE,HIF014362,21.4106,-157.9733,Permitted Feature,Federal Facility (U.S. Government),NPDES
P-169 WAIAWA TRANSMISSION LINE,HIF014362,21.4106,-157.9739,Permitted Feature,Federal Facility (U.S. Government),NPDES
P-169 WAIAWA TRANSMISSION LINE,HIF014362,21.4067,-157.9786,Permitted Feature,Federal Facility (U.S. Government),NPDES
P-169 WAIAWA TRANSMISSION LINE,HIF014362,21.4,-157.9844,Permitted Feature,Federal Facility (U.S. Government),NPDES
P-169 WAIAWA TRANSMISSION LINE,HIF014362,21.3964,-157.98,Permitted Feature,Federal Facility (U.S. Government),NPDES
P-169 WAIAWA TRANSMISSION LINE,HIF014362,21.3958,-157.9783,Permitted Feature,Federal Facility (U.S. Government),NPDES
P-169 WAIAWA TRANSMISSION LINE,HIF014362,21.395,-157.9781,Permitted Feature,Federal Facility (U.S. Government),NPDES
P-169 WAIAWA TRANSMISSION LINE,HIF014362,21.391105,-157.974804,Permitted Feature,Federal Facility (U.S. Government),NPDES
P-169 WAIAWA TRANSMISSION LINE,HIF014362,21.4139,-157.9708,Facility,Federal Facility (U.S. Government),NPDES
LIPOA PI'ILANI INTERSECTION DESIGN IMPROVEMENTS,HIF014363,20.745769,-156.457595,Permitted Feature,Privately Owned Facility,NPDES
LIPOA PI'ILANI INTERSECTION DESIGN IMPROVEMENTS,HIF014363,20.745769,-156.457595,Facility,Privately Owned Facility,NPDES
FY21 REPLACE UNDERGROUND SALT WATER DISTRIBUTION LINES AND 12-INCH WATER LINE AL,HIF014364,21.352222,-157.960833,Permitted Feature,Federal Facility (U.S. Government),NPDES
FY21 REPLACE UNDERGROUND SALT WATER DISTRIBUTION LINES AND 12-INCH WATER LINE AL,HIF014364,21.352222,-157.959167,Permitted Feature,Federal Facility (U.S. Government),NPDES
FY21 REPLACE UNDERGROUND SALT WATER DISTRIBUTION LINES AND 12-INCH WATER LINE AL,HIF014364,21.3525,-157.958333,Permitted Feature,Federal Facility (U.S. Government),NPDES
FY21 REPLACE UNDERGROUND SALT WATER DISTRIBUTION LINES AND 12-INCH WATER LINE AL,HIF014364,21.351944,-157.9575,Permitted Feature,Federal Facility (U.S. Government),NPDES
FY21 REPLACE UNDERGROUND SALT WATER DISTRIBUTION LINES AND 12-INCH WATER LINE AL,HIF014364,21.351941,-157.957477,Permitted Feature,Federal Facility (U.S. Government),NPDES
FY21 REPLACE UNDERGROUND SALT WATER DISTRIBUTION LINES AND 12-INCH WATER LINE AL,HIF014364,21.352504,-157.957198,Permitted Feature,Federal Facility (U.S. Government),NPDES
FY21 REPLACE UNDERGROUND SALT WATER DISTRIBUTION LINES AND 12-INCH WATER LINE AL,HIF014364,21.353681,-157.956367,Permitted Feature,Federal Facility (U.S. Government),NPDES
FY21 REPLACE UNDERGROUND SALT WATER DISTRIBUTION LINES AND 12-INCH WATER LINE AL,HIF014364,21.354167,-157.956111,Permitted Feature,Federal Facility (U.S. Government),NPDES
FY21 REPLACE UNDERGROUND SALT WATER DISTRIBUTION LINES AND 12-INCH WATER LINE AL,HIF014364,21.355,-157.955556,Permitted Feature,Federal Facility (U.S. Government),NPDES
FY21 REPLACE UNDERGROUND SALT WATER DISTRIBUTION LINES AND 12-INCH WATER LINE AL,HIF014364,21.355278,-157.954444,Permitted Feature,Federal Facility (U.S. Government),NPDES
FY21 REPLACE UNDERGROUND SALT WATER DISTRIBUTION LINES AND 12-INCH WATER LINE AL,HIF014364,21.353863,-157.953115,Permitted Feature,Federal Facility (U.S. Government),NPDES
FY21 REPLACE UNDERGROUND SALT WATER DISTRIBUTION LINES AND 12-INCH WATER LINE AL,HIF014364,21.353323,-157.953517,Permitted Feature,Federal Facility (U.S. Government),NPDES
FY21 REPLACE UNDERGROUND SALT WATER DISTRIBUTION LINES AND 12-INCH WATER LINE AL,HIF014364,21.353804,-157.953213,Permitted Feature,Federal Facility (U.S. Government),NPDES
FY21 REPLACE UNDERGROUND SALT WATER DISTRIBUTION LINES AND 12-INCH WATER LINE AL,HIF014364,21.350158,-157.942848,Permitted Feature,Federal Facility (U.S. Government),NPDES
FY21 REPLACE UNDERGROUND SALT WATER DISTRIBUTION LINES AND 12-INCH WATER LINE AL,HIF014364,21.350253,-157.942733,Permitted Feature,Federal Facility (U.S. Government),NPDES
FY21 REPLACE UNDERGROUND SALT WATER DISTRIBUTION LINES AND 12-INCH WATER LINE AL,HIF014364,21.352778,-157.94,Permitted Feature,Federal Facility (U.S. Government),NPDES
FY21 REPLACE UNDERGROUND SALT WATER DISTRIBUTION LINES AND 12-INCH WATER LINE AL,HIF014364,21.353345,-157.940051,Permitted Feature,Federal Facility (U.S. Government),NPDES
FY21 REPLACE UNDERGROUND SALT WATER DISTRIBUTION LINES AND 12-INCH WATER LINE AL,HIF014364,21.355833,-157.947222,Permitted Feature,Federal Facility (U.S. Government),NPDES
FY21 REPLACE UNDERGROUND SALT WATER DISTRIBUTION LINES AND 12-INCH WATER LINE AL,HIF014364,21.356389,-157.945556,Permitted Feature,Federal Facility (U.S. Government),NPDES
FY21 REPLACE UNDERGROUND SALT WATER DISTRIBUTION LINES AND 12-INCH WATER LINE AL,HIF014364,21.352222,-157.960833,Facility,Federal Facility (U.S. Government),NPDES
P-044 & P-1006 WHARVES WATERFRONT IMPROVEMENTS (2),HIF014365,21.355957,-157.946013,Permitted Feature,Federal Facility (U.S. Government),NPDES
P-044 & P-1006 WHARVES WATERFRONT IMPROVEMENTS (2),HIF014365,21.356797,-157.945158,Permitted Feature,Federal Facility (U.S. Government),NPDES
P-044 & P-1006 WHARVES WATERFRONT IMPROVEMENTS (2),HIF014365,21.357,-157.9449,Permitted Feature,Federal Facility (U.S. Government),NPDES
P-044 & P-1006 WHARVES WATERFRONT IMPROVEMENTS (2),HIF014365,21.357285,-157.94461,Permitted Feature,Federal Facility (U.S. Government),NPDES
P-044 & P-1006 WHARVES WATERFRONT IMPROVEMENTS (2),HIF014365,21.357555,-157.944284,Permitted Feature,Federal Facility (U.S. Government),NPDES
P-044 & P-1006 WHARVES WATERFRONT IMPROVEMENTS (2),HIF014365,21.355634,-157.943436,Permitted Feature,Federal Facility (U.S. Government),NPDES
P-044 & P-1006 WHARVES WATERFRONT IMPROVEMENTS (2),HIF014365,21.355796,-157.943276,Permitted Feature,Federal Facility (U.S. Government),NPDES
P-044 & P-1006 WHARVES WATERFRONT IMPROVEMENTS (2),HIF014365,21.355899,-157.943154,Permitted Feature,Federal Facility (U.S. Government),NPDES
P-044 & P-1006 WHARVES WATERFRONT IMPROVEMENTS (2),HIF014365,21.356394,-157.942703,Permitted Feature,Federal Facility (U.S. Government),NPDES
P-044 & P-1006 WHARVES WATERFRONT IMPROVEMENTS (2),HIF014365,21.356778,-157.942452,Permitted Feature,Federal Facility (U.S. Government),NPDES
P-044 & P-1006 WHARVES WATERFRONT IMPROVEMENTS (2),HIF014365,21.356994,-157.942228,Permitted Feature,Federal Facility (U.S. Government),NPDES
P-044 & P-1006 WHARVES WATERFRONT IMPROVEMENTS (2),HIF014365,21.35706,-157.94215,Permitted Feature,Federal Facility (U.S. Government),NPDES
P-044 & P-1006 WHARVES WATERFRONT IMPROVEMENTS (2),HIF014365,21.357697,-157.941564,Permitted Feature,Federal Facility (U.S. Government),NPDES
P-044 & P-1006 WHARVES WATERFRONT IMPROVEMENTS (2),HIF014365,21.358093,-157.94123,Permitted Feature,Federal Facility (U.S. Government),NPDES
P-044 & P-1006 WHARVES WATERFRONT IMPROVEMENTS (2),HIF014365,21.358371000000002,-157.941002,Permitted Feature,Federal Facility (U.S. Government),NPDES
P-044 & P-1006 WHARVES WATERFRONT IMPROVEMENTS (2),HIF014365,21.358611,-157.940833,Permitted Feature,Federal Facility (U.S. Government),NPDES
P-044 & P-1006 WHARVES WATERFRONT IMPROVEMENTS (2),HIF014365,21.35877,-157.940672,Permitted Feature,Federal Facility (U.S. Government),NPDES
P-044 & P-1006 WHARVES WATERFRONT IMPROVEMENTS (2),HIF014365,21.358865,-157.940655,Permitted Feature,Federal Facility (U.S. Government),NPDES
P-044 & P-1006 WHARVES WATERFRONT IMPROVEMENTS (2),HIF014365,21.359092,-157.94089,Permitted Feature,Federal Facility (U.S. Government),NPDES
P-044 & P-1006 WHARVES WATERFRONT IMPROVEMENTS (2),HIF014365,21.359313,-157.941179,Permitted Feature,Federal Facility (U.S. Government),NPDES
P-044 & P-1006 WHARVES WATERFRONT IMPROVEMENTS (2),HIF014365,21.359388,-157.941256,Permitted Feature,Federal Facility (U.S. Government),NPDES
P-044 & P-1006 WHARVES WATERFRONT IMPROVEMENTS (2),HIF014365,21.359648,-157.941595,Permitted Feature,Federal Facility (U.S. Government),NPDES
P-044 & P-1006 WHARVES WATERFRONT IMPROVEMENTS (2),HIF014365,21.359803,-157.941881,Permitted Feature,Federal Facility (U.S. Government),NPDES
P-044 & P-1006 WHARVES WATERFRONT IMPROVEMENTS (2),HIF014365,21.359509,-157.942176,Permitted Feature,Federal Facility (U.S. Government),NPDES
P-044 & P-1006 WHARVES WATERFRONT IMPROVEMENTS (2),HIF014365,21.359298,-157.942362,Permitted Feature,Federal Facility (U.S. Government),NPDES
P-044 & P-1006 WHARVES WATERFRONT IMPROVEMENTS (2),HIF014365,21.359051,-157.942571,Permitted Feature,Federal Facility (U.S. Government),NPDES
P-044 & P-1006 WHARVES WATERFRONT IMPROVEMENTS (2),HIF014365,21.353795,-157.943077,Permitted Feature,Federal Facility (U.S. Government),NPDES
P-044 & P-1006 WHARVES WATERFRONT IMPROVEMENTS (2),HIF014365,21.353768,-157.942914,Permitted Feature,Federal Facility (U.S. Government),NPDES
P-044 & P-1006 WHARVES WATERFRONT IMPROVEMENTS (2),HIF014365,21.353689,-157.942495,Permitted Feature,Federal Facility (U.S. Government),NPDES
P-044 & P-1006 WHARVES WATERFRONT IMPROVEMENTS (2),HIF014365,21.353637,-157.941944,Permitted Feature,Federal Facility (U.S. Government),NPDES
P-044 & P-1006 WHARVES WATERFRONT IMPROVEMENTS (2),HIF014365,21.353549,-157.941295,Permitted Feature,Federal Facility (U.S. Government),NPDES
P-044 & P-1006 WHARVES WATERFRONT IMPROVEMENTS (2),HIF014365,21.353549,-157.940875,Permitted Feature,Federal Facility (U.S. Government),NPDES
P-044 & P-1006 WHARVES WATERFRONT IMPROVEMENTS (2),HIF014365,21.354715,-157.943594,Permitted Feature,Federal Facility (U.S. Government),NPDES
P-044 & P-1006 WHARVES WATERFRONT IMPROVEMENTS (2),HIF014365,21.3542,-157.943409,Permitted Feature,Federal Facility (U.S. Government),NPDES
P-044 & P-1006 WHARVES WATERFRONT IMPROVEMENTS (2),HIF014365,21.357884,-157.943979,Permitted Feature,Federal Facility (U.S. Government),NPDES
P-044 & P-1006 WHARVES WATERFRONT IMPROVEMENTS (2),HIF014365,21.357408,-157.941842,Permitted Feature,Federal Facility (U.S. Government),NPDES
P-044 & P-1006 WHARVES WATERFRONT IMPROVEMENTS (2),HIF014365,21.357763,-157.941539,Permitted Feature,Federal Facility (U.S. Government),NPDES
P-044 & P-1006 WHARVES WATERFRONT IMPROVEMENTS (2),HIF014365,21.355957,-157.946013,Facility,Federal Facility (U.S. Government),NPDES
"KEHALANI MODULES 3, 6, & 7",HIF014367,20.851667,-156.496944,Permitted Feature,Privately Owned Facility,NPDES
IOLANI SCHOOL - STUDENT CENTER,HIF014368,21.283429,-157.826834,Permitted Feature,Privately Owned Facility,NPDES
35 OLAKINO PLACE,HIF014369,20.71368,-156.361412,Permitted Feature,Privately Owned Facility,NPDES
35 OLAKINO PLACE,HIF014369,20.71368,-156.361412,Facility,Privately Owned Facility,NPDES
ARIZONA HALL PARKING LOT REPAVING (2),HIF014370,21.35,-157.943,Permitted Feature,Federal Facility (U.S. Government),NPDES
ONOMEA GARDEN 5 - RESIDENCE,HIF014371,19.812223,-155.117839,Permitted Feature,Privately Owned Facility,NPDES
PUNALUU WELLS II: PART B - STATION RENOVATION,HIF014372,21.586669,-157.89251,Permitted Feature,Municipal or Water District,NPDES
PUNALUU WELLS II: PART B - STATION RENOVATION,HIF014372,21.586669,-157.89251,Facility,Municipal or Water District,NPDES
SCHOFIELD BARRACKS WWTP,HIF014373,21.475181,-158.044655,Facility,Privately Owned Facility,NPDES
KUILEI PLACE (2),HIF014375,21.284936,-157.820573,Permitted Feature,Privately Owned Facility,NPDES
ALAKAWA STREET: 12-INCH WATER MAIN,HIF014376,21.316944,-157.876111,Permitted Feature,Municipal or Water District,NPDES
ALAKAWA STREET: 12-INCH WATER MAIN,HIF014376,21.318889,-157.874167,Permitted Feature,Municipal or Water District,NPDES
BONDED MATERIALS COMPANY MANUFACTURING CENTER,HIF014377,21.311111,-158.087778,Permitted Feature,Privately Owned Facility,NPDES
AGRICULTURE PROCESSING BUILDING,HIF014379,20.985332,-156.625979,Permitted Feature,Privately Owned Facility,NPDES
"VILLAGES OF LAI OPUA III, PHASE 3 OF VILLAGE IV",HIF014381,19.669174,-156.021078,Permitted Feature,Privately Owned Facility,NPDES
"VILLAGES OF LAI OPUA III, PHASE 3 OF VILLAGE IV",HIF014381,19.653439,-156.031376,Permitted Feature,Privately Owned Facility,NPDES
"VILLAGES OF LAI OPUA III, PHASE 3 OF VILLAGE IV",HIF014381,19.669174,-156.021078,Facility,Privately Owned Facility,NPDES
"IMPROVEMENTS TO COLLECTOR ROADS - PORTIONS OF OLOHENA ROAD, KUKUI ST, ULU ST. -",HIF014382,22.074168,-159.361327,Permitted Feature,Municipal or Water District,NPDES
"IMPROVEMENTS TO COLLECTOR ROADS - PORTIONS OF OLOHENA ROAD, KUKUI ST, ULU ST. -",HIF014382,22.074844,-159.359547,Permitted Feature,Municipal or Water District,NPDES
"IMPROVEMENTS TO COLLECTOR ROADS - PORTIONS OF OLOHENA ROAD, KUKUI ST, ULU ST. -",HIF014382,22.075302,-159.359001,Permitted Feature,Municipal or Water District,NPDES
"IMPROVEMENTS TO COLLECTOR ROADS - PORTIONS OF OLOHENA ROAD, KUKUI ST, ULU ST. -",HIF014382,22.07729,-159.356298,Permitted Feature,Municipal or Water District,NPDES
"IMPROVEMENTS TO COLLECTOR ROADS - PORTIONS OF OLOHENA ROAD, KUKUI ST, ULU ST. -",HIF014382,22.077398,-159.355941,Permitted Feature,Municipal or Water District,NPDES
"IMPROVEMENTS TO COLLECTOR ROADS - PORTIONS OF OLOHENA ROAD, KUKUI ST, ULU ST. -",HIF014382,22.077485,-159.355685,Permitted Feature,Municipal or Water District,NPDES
"IMPROVEMENTS TO COLLECTOR ROADS - PORTIONS OF OLOHENA ROAD, KUKUI ST, ULU ST. -",HIF014382,22.078457,-159.350584,Permitted Feature,Municipal or Water District,NPDES
"IMPROVEMENTS TO COLLECTOR ROADS - PORTIONS OF OLOHENA ROAD, KUKUI ST, ULU ST. -",HIF014382,22.078778,-159.349467,Permitted Feature,Municipal or Water District,NPDES
"IMPROVEMENTS TO COLLECTOR ROADS - PORTIONS OF OLOHENA ROAD, KUKUI ST, ULU ST. -",HIF014382,22.080862,-159.347899,Permitted Feature,Municipal or Water District,NPDES
"IMPROVEMENTS TO COLLECTOR ROADS - PORTIONS OF OLOHENA ROAD, KUKUI ST, ULU ST. -",HIF014382,22.083189,-159.343536,Permitted Feature,Municipal or Water District,NPDES
"IMPROVEMENTS TO COLLECTOR ROADS - PORTIONS OF OLOHENA ROAD, KUKUI ST, ULU ST. -",HIF014382,22.08075,-159.338219,Permitted Feature,Municipal or Water District,NPDES
"IMPROVEMENTS TO COLLECTOR ROADS - PORTIONS OF OLOHENA ROAD, KUKUI ST, ULU ST. -",HIF014382,22.081299,-159.337898,Permitted Feature,Municipal or Water District,NPDES
"IMPROVEMENTS TO COLLECTOR ROADS - PORTIONS OF OLOHENA ROAD, KUKUI ST, ULU ST. -",HIF014382,22.078971,-159.332836,Permitted Feature,Municipal or Water District,NPDES
"IMPROVEMENTS TO COLLECTOR ROADS - PORTIONS OF OLOHENA ROAD, KUKUI ST, ULU ST. -",HIF014382,22.081116,-159.330627,Permitted Feature,Municipal or Water District,NPDES
"IMPROVEMENTS TO COLLECTOR ROADS - PORTIONS OF OLOHENA ROAD, KUKUI ST, ULU ST. -",HIF014382,22.084309,-159.347527,Permitted Feature,Municipal or Water District,NPDES
CENTRAL OAHU AGRICULTURE AND FOOD HUB SITE IMPROVEMENTS AND SEWER LIFT STATION,HIF014383,21.501977,-158.029262,Permitted Feature,State Government,NPDES
CENTRAL OAHU AGRICULTURE AND FOOD HUB SITE IMPROVEMENTS AND SEWER LIFT STATION,HIF014383,21.505468,-158.023329,Permitted Feature,State Government,NPDES
CENTRAL OAHU AGRICULTURE AND FOOD HUB SITE IMPROVEMENTS AND SEWER LIFT STATION,HIF014383,21.506902,-158.02274,Permitted Feature,State Government,NPDES
AUGUST AHRENS ELEMENTARY SCHOOL NEW CLASSROOM BUILDING,HIF014385,21.39053,-158.000019,Permitted Feature,State Government,NPDES
MAKENA RANCHES LOT 11 2-CC,HIF014387,20.649695,-156.431403,Permitted Feature,Privately Owned Facility,NPDES
PUUHALE ELEMENTARY SCHOOL SOFTBALL FIELD,HIF014388,21.320347,-157.891827,Permitted Feature,State Government,NPDES
DANIEL K. INOUYE INTERNATIONAL AIRPORT (3),HIF014390,21.333072,-157.91096,Permitted Feature,Privately Owned Facility,NPDES
DANIEL K. INOUYE INTERNATIONAL AIRPORT (3),HIF014390,21.330744,-157.907097,Permitted Feature,Privately Owned Facility,NPDES
DANIEL K. INOUYE INTERNATIONAL AIRPORT (3),HIF014390,21.327877,-157.929421,Permitted Feature,Privately Owned Facility,NPDES
BAILEY ROAD PEDESTRIAN SAFETY IMPROVEMENTS,HIF014391,21.382268,-157.920258,Permitted Feature,Federal Facility (U.S. Government),NPDES
BAILEY ROAD PEDESTRIAN SAFETY IMPROVEMENTS,HIF014391,21.381649,-157.908713,Permitted Feature,Federal Facility (U.S. Government),NPDES
BAILEY ROAD PEDESTRIAN SAFETY IMPROVEMENTS,HIF014391,21.382268,-157.920258,Facility,Federal Facility (U.S. Government),NPDES
"REPLACE WATER LINE, KAMAKAHI ROAD",HIF014393,21.327233,-157.956772,Permitted Feature,Federal Facility (U.S. Government),NPDES
"REPLACE WATER LINE, KAMAKAHI ROAD",HIF014393,21.325657,-157.956514,Permitted Feature,Federal Facility (U.S. Government),NPDES
"REPLACE WATER LINE, KAMAKAHI ROAD",HIF014393,21.328492,-157.94915,Permitted Feature,Federal Facility (U.S. Government),NPDES
"REPLACE WATER LINE, KAMAKAHI ROAD",HIF014393,21.326743,-157.953329,Permitted Feature,Federal Facility (U.S. Government),NPDES
HPHA AT KAIMALINO,HIF014394,19.643889,-156.011389,Permitted Feature,State Government,NPDES
KOLOA VILLAGE RESIDENTIAL,HIF014395,21.9008,-159.46341,Permitted Feature,Privately Owned Facility,NPDES
"SUNSHINE HELICOPTERS, INC.",HIF014396,21.986944,-159.333333,Permitted Feature,Privately Owned Facility,NPDES
"SUNSHINE HELICOPTERS, INC.",HIF014396,21.986944,-159.333333,Facility,Privately Owned Facility,NPDES
INTERSTATE ROUTE H-1 & H-2 PORTLAND CEMENT CONCRETE PAVEMENT REHABILITATION,HIF014397,21.411688,-157.990914,Permitted Feature,State Government,NPDES
INTERSTATE ROUTE H-1 & H-2 PORTLAND CEMENT CONCRETE PAVEMENT REHABILITATION,HIF014397,21.42543,-157.994343,Permitted Feature,State Government,NPDES
INTERSTATE ROUTE H-1 & H-2 PORTLAND CEMENT CONCRETE PAVEMENT REHABILITATION,HIF014397,21.431334,-157.995367,Permitted Feature,State Government,NPDES
INTERSTATE ROUTE H-1 & H-2 PORTLAND CEMENT CONCRETE PAVEMENT REHABILITATION,HIF014397,21.423611,-158.009761,Permitted Feature,State Government,NPDES
INTERSTATE ROUTE H-1 & H-2 PORTLAND CEMENT CONCRETE PAVEMENT REHABILITATION,HIF014397,21.378765,-158.020661,Permitted Feature,State Government,NPDES
INTERSTATE ROUTE H-1 & H-2 PORTLAND CEMENT CONCRETE PAVEMENT REHABILITATION,HIF014397,21.334678,-158.040208,Permitted Feature,State Government,NPDES
INTERSTATE ROUTE H-1 & H-2 PORTLAND CEMENT CONCRETE PAVEMENT REHABILITATION,HIF014397,21.344508,-158.075743,Permitted Feature,State Government,NPDES
INTERSTATE ROUTE H-1 & H-2 PORTLAND CEMENT CONCRETE PAVEMENT REHABILITATION,HIF014397,21.344442,-158.075759,Permitted Feature,State Government,NPDES
INTERSTATE ROUTE H-1 & H-2 PORTLAND CEMENT CONCRETE PAVEMENT REHABILITATION,HIF014397,21.299659,-158.068084,Permitted Feature,State Government,NPDES
INTERSTATE ROUTE H-1 & H-2 PORTLAND CEMENT CONCRETE PAVEMENT REHABILITATION,HIF014397,21.326045,-158.088843,Permitted Feature,State Government,NPDES
INTEROFFICE CABLE ROUTE A - WAHIAWA TO PUULOA,HIF014399,21.423473,-158.009743,Permitted Feature,Privately Owned Facility,NPDES
INTEROFFICE CABLE ROUTE A - WAHIAWA TO PUULOA,HIF014399,21.427018,-158.010912,Permitted Feature,Privately Owned Facility,NPDES
INTEROFFICE CABLE ROUTE A - WAHIAWA TO PUULOA,HIF014399,21.431659,-158.012885,Permitted Feature,Privately Owned Facility,NPDES
INTEROFFICE CABLE ROUTE A - WAHIAWA TO PUULOA,HIF014399,21.463602,-158.024059,Permitted Feature,Privately Owned Facility,NPDES
INTEROFFICE CABLE ROUTE - WAIALUA TO WAHIAWA,HIF014400,21.579208,-158.10301,Permitted Feature,Privately Owned Facility,NPDES
SOUTH TSA CHECKPOINT,HIF014401,20.897922,-156.447458,Facility,State Government,NPDES
HAWAII BELT ROAD SEISMIC RETROFIT OF KAHOLO STREAM BRIDGE,HIF014404,20.012501,-155.296657,Permitted Feature,State Government,NPDES
HAWAII BELT ROAD SEISMIC RETROFIT OF KAHOLO STREAM BRIDGE,HIF014404,20.01282,-155.298457,Permitted Feature,State Government,NPDES
HAWAII BELT ROAD SEISMIC RETROFIT OF KAHOLO STREAM BRIDGE,HIF014404,20.013372,-155.298089,Permitted Feature,State Government,NPDES
HAWAII BELT ROAD SEISMIC RETROFIT OF KAHOLO STREAM BRIDGE,HIF014404,20.012693,-155.296634,Permitted Feature,State Government,NPDES
HAWAII BELT ROAD SEISMIC RETROFIT OF KAHOLO STREAM BRIDGE,HIF014404,20.012649,-155.296492,Permitted Feature,State Government,NPDES
HAWAII BELT ROAD SEISMIC RETROFIT OF KAHOLO STREAM BRIDGE,HIF014404,20.012501,-155.296657,Facility,State Government,NPDES
TAMC WATERLINE REPLACEMENT CENTRAL PLANT (2),HIF014406,21.359385,-157.898944,Permitted Feature,Federal Facility (U.S. Government),NPDES
TAMC WATERLINE REPLACEMENT CENTRAL PLANT (2),HIF014406,21.359385,-157.898944,Facility,Federal Facility (U.S. Government),NPDES
TAMC WATERLINE REPLACEMENT IHG HOTEL (2),HIF014407,21.359183,-157.88598,Permitted Feature,Federal Facility (U.S. Government),NPDES
TAMC WATERLINE REPLACEMENT IHG HOTEL (2),HIF014407,21.360133,-157.885474,Permitted Feature,Federal Facility (U.S. Government),NPDES
TAMC WATERLINE REPLACEMENT JARRETT WHITE (2),HIF014408,21.356728,-157.888221,Permitted Feature,Federal Facility (U.S. Government),NPDES
TAMC 162 REPLACE DIESEL MOTOR / PUMP BUILDING,HIF014409,21.355457,-157.89699,Permitted Feature,Federal Facility (U.S. Government),NPDES
TAMC 94 PUMP AND MOTOR,HIF014410,21.350778,-157.893641,Permitted Feature,Federal Facility (U.S. Government),NPDES
TAMC WATERLINE REPLACEMENT UPPER TANK (2),HIF014411,21.36198,-157.880462,Permitted Feature,Federal Facility (U.S. Government),NPDES
TAMC WATERLINE REPLACEMENT UPPER TANK (2),HIF014411,21.363409,-157.877899,Permitted Feature,Federal Facility (U.S. Government),NPDES
PARADISE MEMORIAL PARK (2),HIF014414,21.306061,-157.693622,Permitted Feature,Privately Owned Facility,NPDES
PARADISE MEMORIAL PARK (2),HIF014414,21.300278,-157.694444,Permitted Feature,Privately Owned Facility,NPDES
LYDGATE PARK - KAPAA PHASE C (PORTION) & PHASE D BIKE/PEDESTRIAN PATH,HIF014416,22.051594,-159.328541,Permitted Feature,Municipal or Water District,NPDES
LYDGATE PARK - KAPAA PHASE C (PORTION) & PHASE D BIKE/PEDESTRIAN PATH,HIF014416,22.053755,-159.325764,Permitted Feature,Municipal or Water District,NPDES
LYDGATE PARK - KAPAA PHASE C (PORTION) & PHASE D BIKE/PEDESTRIAN PATH,HIF014416,22.055535,-159.321743,Permitted Feature,Municipal or Water District,NPDES
LYDGATE PARK - KAPAA PHASE C (PORTION) & PHASE D BIKE/PEDESTRIAN PATH,HIF014416,22.05822,-159.320059,Permitted Feature,Municipal or Water District,NPDES
LYDGATE PARK - KAPAA PHASE C (PORTION) & PHASE D BIKE/PEDESTRIAN PATH,HIF014416,22.060989,-159.321182,Permitted Feature,Municipal or Water District,NPDES
LYDGATE PARK - KAPAA PHASE C (PORTION) & PHASE D BIKE/PEDESTRIAN PATH,HIF014416,22.061,-159.321134,Permitted Feature,Municipal or Water District,NPDES
KALEIMAO VILLAGE,HIF014417,21.358367,-158.021344,Permitted Feature,Privately Owned Facility,NPDES
HALAWA WATERLINE REPLACEMENT,HIF014418,21.364323,-157.932141,Permitted Feature,Federal Facility (U.S. Government),NPDES
HALAWA WATERLINE REPLACEMENT,HIF014418,21.352759,-157.940015,Permitted Feature,Federal Facility (U.S. Government),NPDES
SPECIAL PROJECT RM15-1330 REPLACE PRIMARY CIRCUITS F1 & F3,HIF014419,21.517841,-158.00596,Permitted Feature,Federal Facility (U.S. Government),NPDES
SPECIAL PROJECT RM15-1330 REPLACE PRIMARY CIRCUITS F1 & F3,HIF014419,21.517201,-158.00533,Permitted Feature,Federal Facility (U.S. Government),NPDES
SPECIAL PROJECT RM15-1330 REPLACE PRIMARY CIRCUITS F1 & F3,HIF014419,21.517467,-158.004741,Permitted Feature,Federal Facility (U.S. Government),NPDES
SPECIAL PROJECT RM15-1330 REPLACE PRIMARY CIRCUITS F1 & F3,HIF014419,21.514497,-158.003807,Permitted Feature,Federal Facility (U.S. Government),NPDES
SPECIAL PROJECT RM15-1330 REPLACE PRIMARY CIRCUITS F1 & F3,HIF014419,21.514525,-158.002317,Permitted Feature,Federal Facility (U.S. Government),NPDES
SPECIAL PROJECT RM15-1330 REPLACE PRIMARY CIRCUITS F1 & F3,HIF014419,21.513391,-158.000732,Permitted Feature,Federal Facility (U.S. Government),NPDES
SPECIAL PROJECT RM15-1330 REPLACE PRIMARY CIRCUITS F1 & F3,HIF014419,21.515317,-157.996388,Permitted Feature,Federal Facility (U.S. Government),NPDES
SPECIAL PROJECT RM15-1330 REPLACE PRIMARY CIRCUITS F1 & F3,HIF014419,21.514201,-157.999915,Permitted Feature,Federal Facility (U.S. Government),NPDES
SPECIAL PROJECT RM15-1330 REPLACE PRIMARY CIRCUITS F1 & F3,HIF014419,21.517841,-158.00596,Facility,Federal Facility (U.S. Government),NPDES
AALII VILLAGE,HIF014421,20.893245,-156.468321,Permitted Feature,Privately Owned Facility,NPDES
INTEROFFICE CABLE ROUTE I2 - KANEOHE,HIF014422,21.412043,-157.772025,Permitted Feature,Privately Owned Facility,NPDES
INTEROFFICE CABLE ROUTE I2 - KANEOHE,HIF014422,21.414334,-157.769192,Permitted Feature,Privately Owned Facility,NPDES
INTEROFFICE CABLE ROUTE I2 - KANEOHE,HIF014422,21.416086,-157.764989,Permitted Feature,Privately Owned Facility,NPDES
INTEROFFICE CABLE ROUTE I2 - KANEOHE,HIF014422,21.41989,-157.764985,Permitted Feature,Privately Owned Facility,NPDES
INTEROFFICE CABLE ROUTE I2 - KANEOHE,HIF014422,21.423898,-157.765494,Permitted Feature,Privately Owned Facility,NPDES
KOKEE STATE PARK ROAD IMPROVEMENTS INCR 2,HIF014423,22.115643,-159.666965,Permitted Feature,State Government,NPDES
KOKEE STATE PARK ROAD IMPROVEMENTS INCR 2,HIF014423,22.143715,-159.631921,Permitted Feature,State Government,NPDES
KOKEE STATE PARK ROAD IMPROVEMENTS INCR 2,HIF014423,22.152483,-159.628854,Permitted Feature,State Government,NPDES
KOKEE STATE PARK ROAD IMPROVEMENTS INCR 2,HIF014423,22.154597,-159.657699,Permitted Feature,State Government,NPDES
"KUHIO HIGHWAY INTERSECTION IMPROVEMENTS, VICINITY OF KOOLAU ROAD (SOUTH)",HIF014424,22.177407,-159.318144,Permitted Feature,State Government,NPDES
KOKOMO ROAD RESIDENCE,HIF014425,20.902997,-156.314582,Permitted Feature,Privately Owned Facility,NPDES
KOKOMO ROAD RESIDENCE,HIF014425,20.902997,-156.314582,Facility,Privately Owned Facility,NPDES
"DRAINAGE AND WIND CONE IMPROVEMENTS, ITO (2)",HIF014426,19.71478,-155.05702,Facility,State Government,NPDES
SAFE ROUTES TO WAIAKEA SCHOOLS - KILAUEA AVENUE,HIF014427,19.715023,-155.077718,Permitted Feature,Municipal or Water District,NPDES
SAFE ROUTES TO WAIAKEA SCHOOLS - KILAUEA AVENUE,HIF014427,19.721104,-155.070691,Permitted Feature,Municipal or Water District,NPDES
SAFE ROUTES TO WAIAKEA SCHOOLS - KILAUEA AVENUE,HIF014427,19.721104,-155.070691,Facility,Municipal or Water District,NPDES
TEMPORARY HOUSING SITE KILOHANA,HIF014428,20.883793,-156.681793,Facility,State Government,NPDES
MANUHONUHONU BORROW SITE (2),HIF014429,21.902654,-159.487019,Permitted Feature,Privately Owned Facility,NPDES
MANUHONUHONU BORROW SITE (2),HIF014429,21.897061,-159.488563,Permitted Feature,Privately Owned Facility,NPDES
MANUHONUHONU BORROW SITE (2),HIF014429,21.895119,-159.480613,Permitted Feature,Privately Owned Facility,NPDES
MANANA CORPORATION YARD - PHASE 1 (2),HIF014430,21.386893,-157.966683,Permitted Feature,Municipal or Water District,NPDES
MANANA CORPORATION YARD - PHASE 1 (2),HIF014430,21.386893,-157.966683,Facility,Municipal or Water District,NPDES
"INTERSTATE ROUTE H-1 REHABILITATION, SALT LAKE BOULEVARD TO AIRPORT VIADUCT (STA",HIF014431,21.372325,-157.925047,Permitted Feature,State Government,NPDES
AIRCRAFT RESCUE AND FIRE FIGHTING TRAINING FACILITY REPLACEMENT,HIF014432,20.903659,-156.434185,Permitted Feature,State Government,NPDES
AIRCRAFT RESCUE AND FIRE FIGHTING TRAINING FACILITY REPLACEMENT,HIF014432,20.903659,-156.434185,Facility,State Government,NPDES
MODIFIED ONE-COMPANY SATELLITE WILDLAND FIRE STATION,HIF014434,21.500939,-158.075394,Permitted Feature,Federal Facility (U.S. Government),NPDES
KO'OLAU KAI,HIF014435,21.41167,-157.77194,Permitted Feature,Privately Owned Facility,NPDES
HAPUNA BEACH STATE RECREATION AREA,HIF014437,19.991371,-155.826556,Permitted Feature,State Government,NPDES
CHICK-FIL-A (CFA) H1 & KAMOKILA BOULEVARD,HIF014439,21.325924,-158.088869,Permitted Feature,Privately Owned Facility,NPDES
LIPOA DUAL-BRAND HOTEL,HIF014440,20.7532,-156.460211,Permitted Feature,Privately Owned Facility,NPDES
LIPOA DUAL-BRAND HOTEL,HIF014440,20.745771,-156.457645,Permitted Feature,Privately Owned Facility,NPDES
LIPOA DUAL-BRAND HOTEL,HIF014440,20.7532,-156.460211,Facility,Privately Owned Facility,NPDES
RM 15-2763 REPLACE PRIMARY CIRCUITS H-2 AND I-4,HIF014441,21.365631,-157.939834,Facility,Federal Facility (U.S. Government),NPDES
KAWAIHAU-HAU`A`ALA-MAILIHUNA COMPLETE STREETS,HIF014442,22.094132,-159.311581,Permitted Feature,Municipal or Water District,NPDES
KAWAIHAU-HAU`A`ALA-MAILIHUNA COMPLETE STREETS,HIF014442,22.093833,-159.307901,Permitted Feature,Municipal or Water District,NPDES
KAWAIHAU-HAU`A`ALA-MAILIHUNA COMPLETE STREETS,HIF014442,22.081962,-159.311971,Permitted Feature,Municipal or Water District,NPDES
KAWAIHAU-HAU`A`ALA-MAILIHUNA COMPLETE STREETS,HIF014442,22.081696,-159.316978,Permitted Feature,Municipal or Water District,NPDES
KAWAIHAU-HAU`A`ALA-MAILIHUNA COMPLETE STREETS,HIF014442,22.081786,-159.318592,Permitted Feature,Municipal or Water District,NPDES
KAWAIHAU-HAU`A`ALA-MAILIHUNA COMPLETE STREETS,HIF014442,22.094132,-159.311581,Facility,Municipal or Water District,NPDES
PARCEL J1-A,HIF014443,21.885833,-159.487778,Permitted Feature,Privately Owned Facility,NPDES
LALAMILO 10 MG RESERVOIR,HIF014444,19.980756,-155.775,Permitted Feature,Municipal or Water District,NPDES
LALAMILO 10 MG RESERVOIR,HIF014444,19.980756,-155.775,Facility,Municipal or Water District,NPDES
"UPOLU WELL DEVELOPMENT, 0.5 MG RESERVOIR, AND TRANSMISSION MAIN",HIF014445,20.241836,-155.844588,Permitted Feature,State Government,NPDES
"UPOLU WELL DEVELOPMENT, 0.5 MG RESERVOIR, AND TRANSMISSION MAIN",HIF014445,20.241836,-155.844588,Facility,State Government,NPDES
"INTERSTATE ROUTE H-1 SEISMIC RETROFIT, WAIALAE VIADUCT INBOUND AND OUTBOUND",HIF014446,21.266943,-157.778836,Permitted Feature,State Government,NPDES
"INTERSTATE ROUTE H-1 SEISMIC RETROFIT, WAIALAE VIADUCT INBOUND AND OUTBOUND",HIF014446,21.27844,-157.782994,Permitted Feature,State Government,NPDES
"INTERSTATE ROUTE H-1 SEISMIC RETROFIT, WAIALAE VIADUCT INBOUND AND OUTBOUND",HIF014446,21.27799,-157.783061,Permitted Feature,State Government,NPDES
WAHIAWA ORGANICS COMPOSTING FACILITY,HIF014447,21.508671,-158.062903,Permitted Feature,Privately Owned Facility,NPDES
NEW CONEN'S WAREHOUSE,HIF014449,19.72631,-155.056139,Permitted Feature,Privately Owned Facility,NPDES
NEW CONEN'S WAREHOUSE,HIF014449,19.728656,-155.057216,Permitted Feature,Privately Owned Facility,NPDES
KALAMA VALEY WATER SYSTEM IMPROVEMENTS PART II,HIF014450,21.311313,-157.672824,Permitted Feature,Municipal or Water District,NPDES
DEMO OF LITTLE MAKALAPA HOUSING,HIF014451,21.350283,-157.942958,Permitted Feature,Federal Facility (U.S. Government),NPDES
DEMO OF LITTLE MAKALAPA HOUSING,HIF014451,21.350283,-157.942958,Facility,Federal Facility (U.S. Government),NPDES
RSA CLEARING,HIF014452,21.297653,-158.080433,Facility,State Government,NPDES
HIKINA LANI,HIF014457,19.676507,-155.086359,Facility,Privately Owned Facility,NPDES
MALAMALAMA OLE ALOFA TUNOA CHURCH,HIF014458,21.475,-158.01583,Permitted Feature,Privately Owned Facility,NPDES
MALAMALAMA OLE ALOFA TUNOA CHURCH,HIF014458,21.475,-158.01583,Facility,Privately Owned Facility,NPDES
NEW HOPE CENTRAL OAHU (2),HIF014459,21.470782,-157.98736,Permitted Feature,Privately Owned Facility,NPDES
NEW HOPE CENTRAL OAHU (2),HIF014459,21.474692,-157.987615,Permitted Feature,Privately Owned Facility,NPDES
UAHI RIDGE HOUSING PHASE 2,HIF014460,21.975785,-159.373943,Permitted Feature,Privately Owned Facility,NPDES
IAO STREAM LEVEE 27 REPAIR (2),HIF014461,20.895922,-156.499138,Permitted Feature,Municipal or Water District,NPDES
GOODFELLOW RESIDENCE,HIF014462,20.8386,-156.316397,Permitted Feature,Privately Owned Facility,NPDES
KALIA ROAD - FORT DERUSSY,HIF014463,21.284486,-157.828802,Facility,Federal Facility (U.S. Government),NPDES
ALIA AT 888 ALA MOANA (2),HIF014464,21.295949,-157.865286,Permitted Feature,Privately Owned Facility,NPDES
ALIA AT 888 ALA MOANA (2),HIF014464,21.294296,-157.857544,Permitted Feature,Privately Owned Facility,NPDES
"KALIHI WATER SYSTEM IMPROVEMENTS, PART VI",HIF014465,21.333957,-157.879684,Permitted Feature,Municipal or Water District,NPDES
"KALIHI WATER SYSTEM IMPROVEMENTS, PART VI",HIF014465,21.320445,-157.892724,Permitted Feature,Municipal or Water District,NPDES
"KALIHI WATER SYSTEM IMPROVEMENTS, PART VI",HIF014465,21.324903,-157.869065,Permitted Feature,Municipal or Water District,NPDES
"KALIHI WATER SYSTEM IMPROVEMENTS, PART VI (2)",HIF014466,21.333957,-157.879684,Permitted Feature,Municipal or Water District,NPDES
"KALIHI WATER SYSTEM IMPROVEMENTS, PART VI (2)",HIF014466,21.320445,-157.892724,Permitted Feature,Municipal or Water District,NPDES
"KALIHI WATER SYSTEM IMPROVEMENTS, PART VI (2)",HIF014466,21.324903,-157.869065,Permitted Feature,Municipal or Water District,NPDES
KIPUKA O KE OLA HALE O KA PIKO SITE IMPROVEMENTS,HIF014467,20.008027,-155.651845,Permitted Feature,Privately Owned Facility,NPDES
KIPUKA O KE OLA HALE O KA PIKO SITE IMPROVEMENTS,HIF014467,20.006089,-155.650676,Permitted Feature,Privately Owned Facility,NPDES
KIPUKA O KE OLA HALE O KA PIKO SITE IMPROVEMENTS,HIF014467,20.008027,-155.651845,Facility,Privately Owned Facility,NPDES
NALU OLA RANCH WEST (4),HIF014469,20.938907,-156.334247,Permitted Feature,Privately Owned Facility,NPDES
NALU OLA RANCH WEST (4),HIF014469,20.941574,-156.33232,Permitted Feature,Privately Owned Facility,NPDES
NALU OLA RANCH WEST (4),HIF014469,20.942332,-156.327451,Permitted Feature,Privately Owned Facility,NPDES
KALI'U,HIF014470,21.294562,-157.86677,Permitted Feature,Privately Owned Facility,NPDES
NA HALE MAKOA,HIF014471,19.966983,-155.853682,Permitted Feature,Privately Owned Facility,NPDES
"MASS GRADING PLAN FOR TMK: (3) 6-8-003: 032 AND 041, AND PORTION OF TMK: (3) 6-8",HIF014473,19.923973,-155.797027,Permitted Feature,Privately Owned Facility,NPDES
WAIKOLOA KAMAKOA WASTEWATER TREATMENT PLANT,HIF014475,19.957725,-155.790016,Permitted Feature,Privately Owned Facility,NPDES
WAIKOLOA KAMAKOA WASTEWATER TREATMENT PLANT,HIF014475,19.961608,-155.802981,Permitted Feature,Privately Owned Facility,NPDES
WAIKOLOA KAMAKOA WASTEWATER TREATMENT PLANT,HIF014475,19.957725,-155.790016,Permitted Feature,Privately Owned Facility,NPDES
WAIKOLOA KAMAKOA WASTEWATER TREATMENT PLANT,HIF014475,19.961771,-155.803879,Permitted Feature,Privately Owned Facility,NPDES
UKUMEHAME RESERVOIRS NO. 02 AND 03,HIF014476,20.809577,-156.587285,Permitted Feature,Privately Owned Facility,NPDES
UKUMEHAME RESERVOIRS NO. 02 AND 03,HIF014476,20.809577,-156.587285,Facility,Privately Owned Facility,NPDES
FERGUSON WAREHOUSE,HIF014477,21.32874,-158.032933,Permitted Feature,Privately Owned Facility,NPDES
KAPOLEI HARBORSIDE PHASE 2,HIF014478,21.314722,-158.118889,Permitted Feature,Privately Owned Facility,NPDES
ORCHIDLAND TRADE CENTER (2),HIF014479,19.603307,-154.942743,Permitted Feature,Privately Owned Facility,NPDES
KOLOA ROAD,HIF014481,21.918647,-159.496595,Permitted Feature,Privately Owned Facility,NPDES
C2F PHASE 3 - PARKING GARAGE,HIF014482,21.347292,-157.885146,Permitted Feature,Federal Facility (U.S. Government),NPDES
C2F PHASE 3 - PARKING GARAGE,HIF014482,21.348035,-157.883087,Permitted Feature,Federal Facility (U.S. Government),NPDES
C2F PHASE 3 - PARKING GARAGE,HIF014482,21.34347,-157.884737,Permitted Feature,Federal Facility (U.S. Government),NPDES
C2F PHASE 3 - PARKING GARAGE,HIF014482,21.34347,-157.884737,Facility,Federal Facility (U.S. Government),NPDES
"INTERSTATE ROUTE H-1, HIGHWAY LIGHTING IMPROVEMENTS, KAIMAKANI OVERPASS TO GULIC",HIF014483,21.379391,-157.928773,Permitted Feature,State Government,NPDES
"INTERSTATE ROUTE H-1, HIGHWAY LIGHTING IMPROVEMENTS, KAIMAKANI OVERPASS TO GULIC",HIF014483,21.370271,-157.926259,Permitted Feature,State Government,NPDES
"INTERSTATE ROUTE H-1, HIGHWAY LIGHTING IMPROVEMENTS, KAIMAKANI OVERPASS TO GULIC",HIF014483,21.370151,-157.927135,Permitted Feature,State Government,NPDES
"INTERSTATE ROUTE H-1, HIGHWAY LIGHTING IMPROVEMENTS, KAIMAKANI OVERPASS TO GULIC",HIF014483,21.365171,-157.928726,Permitted Feature,State Government,NPDES
"INTERSTATE ROUTE H-1, HIGHWAY LIGHTING IMPROVEMENTS, KAIMAKANI OVERPASS TO GULIC",HIF014483,21.363998,-157.929245,Permitted Feature,State Government,NPDES
"INTERSTATE ROUTE H-1, HIGHWAY LIGHTING IMPROVEMENTS, KAIMAKANI OVERPASS TO GULIC",HIF014483,21.353108,-157.944107,Permitted Feature,State Government,NPDES
"INTERSTATE ROUTE H-1, HIGHWAY LIGHTING IMPROVEMENTS, KAIMAKANI OVERPASS TO GULIC",HIF014483,21.31353,-157.93394,Permitted Feature,State Government,NPDES
WAIHEE WELLS I RENOVATION - CONVERSION TO CHLORINATOR,HIF014484,21.4463,-157.8584,Permitted Feature,Municipal or Water District,NPDES
WAIHEE WELLS I RENOVATION - CONVERSION TO CHLORINATOR,HIF014484,21.446,-157.8595,Permitted Feature,Municipal or Water District,NPDES
WAIHEE WELLS I RENOVATION - CONVERSION TO CHLORINATOR,HIF014484,21.4425,-157.8669,Permitted Feature,Municipal or Water District,NPDES
WAIHEE WELLS I RENOVATION - CONVERSION TO CHLORINATOR,HIF014484,21.4464,-157.8582,Permitted Feature,Municipal or Water District,NPDES
WAIHEE WELLS I RENOVATION - CONVERSION TO CHLORINATOR,HIF014484,21.4461,-157.8592,Permitted Feature,Municipal or Water District,NPDES
WAIHEE WELLS I RENOVATION - CONVERSION TO CHLORINATOR,HIF014484,21.4424,-157.8669,Permitted Feature,Municipal or Water District,NPDES
WAIHEE WELLS I RENOVATION - CONVERSION TO CHLORINATOR (2),HIF014485,21.4461,-157.8581,Permitted Feature,Municipal or Water District,NPDES
WAIHEE WELLS I RENOVATION - CONVERSION TO CHLORINATOR (2),HIF014485,21.4425,-157.8669,Permitted Feature,Municipal or Water District,NPDES
FORT KAMEHAMEHA WASTEWATER TREATMENT PLANT REPAIRS,HIF014486,21.3285,-157.964455,Permitted Feature,Federal Facility (U.S. Government),NPDES
FORT KAMEHAMEHA WASTEWATER TREATMENT PLANT REPAIRS,HIF014486,21.328242,-157.96432,Permitted Feature,Federal Facility (U.S. Government),NPDES
FORT KAMEHAMEHA WASTEWATER TREATMENT PLANT REPAIRS,HIF014486,21.32684,-157.964575,Permitted Feature,Federal Facility (U.S. Government),NPDES
FORT KAMEHAMEHA WASTEWATER TREATMENT PLANT REPAIRS,HIF014486,21.327904,-157.963222,Permitted Feature,Federal Facility (U.S. Government),NPDES
FORT KAMEHAMEHA WASTEWATER TREATMENT PLANT REPAIRS,HIF014486,21.3285,-157.964455,Facility,Federal Facility (U.S. Government),NPDES
KONA DEVELOPMENT PARTNERS SUBDIVISION ACCESS ROAD GRADING - PART 1 & 2,HIF014487,19.270107,-155.893513,Permitted Feature,Privately Owned Facility,NPDES
AHUA AND JBPHH WETLAND RESTORATION (2),HIF014491,21.316978,-157.957557,Permitted Feature,Federal Facility (U.S. Government),NPDES
AHUA AND JBPHH WETLAND RESTORATION (2),HIF014491,21.318586,-157.959832,Permitted Feature,Federal Facility (U.S. Government),NPDES
AHUA AND JBPHH WETLAND RESTORATION (2),HIF014491,21.429027,-158.141761,Permitted Feature,Federal Facility (U.S. Government),NPDES
KA MAKANA ALII,HIF014492,21.299722,-158.067222,Permitted Feature,Privately Owned Facility,NPDES
KA MAKANA ALII,HIF014492,21.300833,-158.055278,Permitted Feature,Privately Owned Facility,NPDES
KA MAKANA ALII,HIF014492,21.334722,-158.040278,Permitted Feature,Privately Owned Facility,NPDES
EAST KAPOLEI 215' 3.0 MG R-1 RESERVOIR,HIF014493,21.357778,-158.060278,Permitted Feature,Municipal or Water District,NPDES
EAST KAPOLEI 215' 3.0 MG R-1 RESERVOIR,HIF014493,21.357778,-158.060278,Facility,Municipal or Water District,NPDES
C2F PHASE 3 - PARKING GARAGE (2),HIF014494,21.347292,-157.885146,Permitted Feature,Federal Facility (U.S. Government),NPDES
C2F PHASE 3 - PARKING GARAGE (2),HIF014494,21.348035,-157.883087,Permitted Feature,Federal Facility (U.S. Government),NPDES
C2F PHASE 3 - PARKING GARAGE (2),HIF014494,21.34347,-157.884737,Permitted Feature,Federal Facility (U.S. Government),NPDES
MA?O ORGANIC FARMS NEW PACKAGING FACILITY,HIF014495,21.45115,-158.157626,Permitted Feature,Privately Owned Facility,NPDES
MA?O ORGANIC FARMS NEW PACKAGING FACILITY,HIF014495,21.45115,-158.157626,Facility,Privately Owned Facility,NPDES
MAUI BUSINESS PARK HOOKELE LOT D-E-F SUBDIVISION (2),HIF014496,20.896389,-156.446111,Permitted Feature,Privately Owned Facility,NPDES
INTEROFFICE CABLE ROUTE I - KANEOHE BAY DRIVE,HIF014497,21.405969,-157.790515,Permitted Feature,Privately Owned Facility,NPDES
INTEROFFICE CABLE ROUTE I - KANEOHE BAY DRIVE,HIF014497,21.411833,-157.779918,Permitted Feature,Privately Owned Facility,NPDES
INTEROFFICE CABLE ROUTE I - KANEOHE BAY DRIVE,HIF014497,21.412826,-157.775356,Permitted Feature,Privately Owned Facility,NPDES
INTEROFFICE CABLE ROUTE I - KANEOHE BAY DRIVE,HIF014497,21.412007,-157.772005,Permitted Feature,Privately Owned Facility,NPDES
WAIMEA HOMESTEAD COMMUNITY AGRICULTURAL PARK WATERLINE (2),HIF014500,19.989167,-155.83,Permitted Feature,Privately Owned Facility,NPDES
KAPOLEI HARBORSIDE PHASE 3,HIF014501,21.314722,-158.118889,Permitted Feature,Privately Owned Facility,NPDES
MAUI COLLEGE IRRIGATION REPAIR CAMPUSWIDE - PHASE 2,HIF014503,20.89352,-156.47799,Permitted Feature,State Government,NPDES
MAUI COLLEGE IRRIGATION REPAIR CAMPUSWIDE - PHASE 2,HIF014503,20.88919,-156.47453,Permitted Feature,State Government,NPDES
MARISCO  B LOT,HIF014507,21.320907,-158.116593,Permitted Feature,Privately Owned Facility,NPDES
"PUUNENE AVENUE IMPROVEMENTS, WAKEA AVENUE TO KUIHELANI HIGHWAY",HIF014508,20.88561,-156.46404,Permitted Feature,State Government,NPDES
"PUUNENE AVENUE IMPROVEMENTS, WAKEA AVENUE TO KUIHELANI HIGHWAY",HIF014508,20.88561,-156.46404,Facility,State Government,NPDES
"MONITORING WELLS: RHP01, RHP02, RHP03, RHP04A, RHP04B, RHP04C, RHP05, RHP06, RHP",HIF014509,21.371953,-157.899978,Facility,Federal Facility (U.S. Government),NPDES
"REPAIR ROADS AND EROSION CONTROL JBPHH, RED HILL",HIF014510,21.373668,-157.898002,Permitted Feature,Federal Facility (U.S. Government),NPDES
"REPAIR ROADS AND EROSION CONTROL JBPHH, RED HILL",HIF014510,21.3718,-157.900123,Permitted Feature,Federal Facility (U.S. Government),NPDES
"REPAIR ROADS AND EROSION CONTROL JBPHH, RED HILL",HIF014510,21.371373,-157.90138,Permitted Feature,Federal Facility (U.S. Government),NPDES
"REPAIR ROADS AND EROSION CONTROL JBPHH, RED HILL",HIF014510,21.373668,-157.898002,Facility,Federal Facility (U.S. Government),NPDES
KONA EXPRESS CAR WASH/FAST LUBE,HIF014511,19.641788,-155.991144,Permitted Feature,Privately Owned Facility,NPDES
KONA EXPRESS CAR WASH/FAST LUBE,HIF014511,19.642541,-155.990038,Permitted Feature,Privately Owned Facility,NPDES
KONA EXPRESS CAR WASH/FAST LUBE,HIF014511,19.639747,-155.994775,Permitted Feature,Privately Owned Facility,NPDES
MONA STREET REHABILITATION (3),HIF014513,21.299263,-157.756038,Permitted Feature,Municipal or Water District,NPDES
MONA STREET REHABILITATION (3),HIF014513,21.297749,-157.755814,Permitted Feature,Municipal or Water District,NPDES
MONA STREET REHABILITATION (3),HIF014513,21.296596,-157.755488,Permitted Feature,Municipal or Water District,NPDES
MONA STREET REHABILITATION (3),HIF014513,21.295447,-157.755339,Permitted Feature,Municipal or Water District,NPDES
MONA STREET REHABILITATION (3),HIF014513,21.294578,-157.755222,Permitted Feature,Municipal or Water District,NPDES
HONOLULU ZOO WATER SYSTEM UPGRADE PHASE 1 - POTABLE SYSTEM (4),HIF014515,21.27117,-157.823356,Permitted Feature,Municipal or Water District,NPDES
PUKALANI TERRACE SUBDIVISION PAVEMENT RECONSTRUCTION (3),HIF014516,20.830454,-156.356872,Permitted Feature,Municipal or Water District,NPDES
DEMOLITION OF WAIPAHU INCINERATOR BUILDING AND MISCELLANEOUS STRUCTURES,HIF014518,21.375099,-158.002926,Permitted Feature,Municipal or Water District,NPDES
DEMOLITION OF WAIPAHU INCINERATOR BUILDING AND MISCELLANEOUS STRUCTURES,HIF014518,21.375099,-158.002926,Facility,Municipal or Water District,NPDES
HAWAII ORGANICS COMPOST,HIF014519,20.736932,-156.44508,Permitted Feature,Privately Owned Facility,NPDES
HAWAII ORGANICS COMPOST,HIF014519,20.736932,-156.44508,Facility,Privately Owned Facility,NPDES
COMMON GROUND SITE IMPROVEMENTS,HIF014520,22.19506,-159.41826,Permitted Feature,Privately Owned Facility,NPDES
COMMON GROUND SITE IMPROVEMENTS,HIF014520,22.196568,-159.417366,Permitted Feature,Privately Owned Facility,NPDES
COMMON GROUND SITE IMPROVEMENTS,HIF014520,22.199987,-159.423025,Permitted Feature,Privately Owned Facility,NPDES
FY23 MCON P-935 ELECTRICAL DISTRIBUTION MODERNIZATION,HIF014522,21.442899,-157.750755,Permitted Feature,Federal Facility (U.S. Government),NPDES
FY23 MCON P-935 ELECTRICAL DISTRIBUTION MODERNIZATION,HIF014522,21.442386,-157.750931,Permitted Feature,Federal Facility (U.S. Government),NPDES
FY23 MCON P-935 ELECTRICAL DISTRIBUTION MODERNIZATION,HIF014522,21.443518,-157.750347,Permitted Feature,Federal Facility (U.S. Government),NPDES
FY23 MCON P-935 ELECTRICAL DISTRIBUTION MODERNIZATION,HIF014522,21.441384,-157.752097,Permitted Feature,Federal Facility (U.S. Government),NPDES
FY23 MCON P-935 ELECTRICAL DISTRIBUTION MODERNIZATION,HIF014522,21.443851,-157.750665,Permitted Feature,Federal Facility (U.S. Government),NPDES
FY23 MCON P-935 ELECTRICAL DISTRIBUTION MODERNIZATION,HIF014522,21.437543,-157.749709,Permitted Feature,Federal Facility (U.S. Government),NPDES
FY23 MCON P-935 ELECTRICAL DISTRIBUTION MODERNIZATION,HIF014522,21.44002,-157.762428,Permitted Feature,Federal Facility (U.S. Government),NPDES
FY23 MCON P-935 ELECTRICAL DISTRIBUTION MODERNIZATION,HIF014522,21.442899,-157.750755,Facility,Federal Facility (U.S. Government),NPDES
HILO SENIOR LIVING,HIF014523,19.68994,-155.064646,Permitted Feature,Privately Owned Facility,NPDES
HILO SENIOR LIVING,HIF014523,19.68994,-155.064646,Facility,Privately Owned Facility,NPDES
KAANAPALI SUBDIVISION,HIF014525,20.9125,-156.693722,Permitted Feature,Privately Owned Facility,NPDES
WAIKO LOT A,HIF014526,20.850067,-156.482188,Permitted Feature,Privately Owned Facility,NPDES
PAHALA WASTEWATER COLLECTION SYSTEM IMPROVEMENTS,HIF014527,19.191004,-155.480123,Permitted Feature,Municipal or Water District,NPDES
PAHALA WASTEWATER COLLECTION SYSTEM IMPROVEMENTS,HIF014527,19.191004,-155.480123,Facility,Municipal or Water District,NPDES
REPLACE ACTIVE VEHICLE BARRIERS JBPHH,HIF014529,21.350023,-157.943053,Permitted Feature,Federal Facility (U.S. Government),NPDES
REPLACE ACTIVE VEHICLE BARRIERS JBPHH,HIF014529,21.352646,-157.940019,Permitted Feature,Federal Facility (U.S. Government),NPDES
REPLACE ACTIVE VEHICLE BARRIERS JBPHH,HIF014529,21.321396,-157.979412,Permitted Feature,Federal Facility (U.S. Government),NPDES
REPLACE ACTIVE VEHICLE BARRIERS JBPHH,HIF014529,21.365162,-157.938193,Permitted Feature,Federal Facility (U.S. Government),NPDES
REPLACE ACTIVE VEHICLE BARRIERS JBPHH,HIF014529,21.365524,-157.939368,Permitted Feature,Federal Facility (U.S. Government),NPDES
REPLACE ACTIVE VEHICLE BARRIERS JBPHH,HIF014529,21.364454,-157.936919,Permitted Feature,Federal Facility (U.S. Government),NPDES
REPLACE ACTIVE VEHICLE BARRIERS JBPHH,HIF014529,21.363888,-157.9366,Permitted Feature,Federal Facility (U.S. Government),NPDES
REPLACE ACTIVE VEHICLE BARRIERS JBPHH,HIF014529,21.327383,-157.946517,Permitted Feature,Federal Facility (U.S. Government),NPDES
REPLACE ACTIVE VEHICLE BARRIERS JBPHH,HIF014529,21.33248,-157.929532,Permitted Feature,Federal Facility (U.S. Government),NPDES
REPLACE ACTIVE VEHICLE BARRIERS JBPHH,HIF014529,21.418596,-158.13536,Permitted Feature,Federal Facility (U.S. Government),NPDES
REPLACE ACTIVE VEHICLE BARRIERS JBPHH,HIF014529,21.417054,-158.136718,Permitted Feature,Federal Facility (U.S. Government),NPDES
REPLACE ACTIVE VEHICLE BARRIERS JBPHH,HIF014529,21.335083,-157.93251,Permitted Feature,Federal Facility (U.S. Government),NPDES
REPLACE ACTIVE VEHICLE BARRIERS JBPHH,HIF014529,21.350023,-157.943053,Facility,Federal Facility (U.S. Government),NPDES
AMAZON.COM SERVICES LLC - DHI2 (2),HIF014530,21.3209,-157.8909,Permitted Feature,Privately Owned Facility,NPDES
AMAZON.COM SERVICES LLC - DHI2 (2),HIF014530,21.320563,-157.891363,Permitted Feature,Privately Owned Facility,NPDES
LILOA HALE (2),HIF014531,20.736184,-156.447322,Permitted Feature,Privately Owned Facility,NPDES
DIAMOND HEAD SEAFOOD FISH AND PET FEED MILL,HIF014535,21.297526,-158.098483,Permitted Feature,Privately Owned Facility,NPDES
FY25 MCA PN76583 COMPANY OPERATIONS FACILITY,HIF014536,21.482081,-158.063262,Permitted Feature,Federal Facility (U.S. Government),NPDES
FY25 MCA PN76583 COMPANY OPERATIONS FACILITY,HIF014536,21.482081,-158.063262,Facility,Federal Facility (U.S. Government),NPDES
FORT SHAFTER BUILDINGS 1543 & 1547 PARKING LOT PAVEMENT REHABILITATIONS,HIF014539,21.33748,-157.887209,Facility,Federal Facility (U.S. Government),NPDES
PAPAALOA PARK PHASE 1 DEVELOPMENT,HIF014542,19.977173,-155.218667,Permitted Feature,Municipal or Water District,NPDES
PAPAALOA PARK PHASE 1 DEVELOPMENT,HIF014542,19.976335,-155.215895,Permitted Feature,Municipal or Water District,NPDES
KONA LOWER QUARRY,HIF014543,19.675521,-156.012221,Permitted Feature,Privately Owned Facility,NPDES
KONA LOWER QUARRY,HIF014543,19.672018,-156.02626,Permitted Feature,Privately Owned Facility,NPDES
MAKAKILO LOWER QUARRY MASS GRADING,HIF014544,21.352,-158.063,Permitted Feature,Privately Owned Facility,NPDES
K. J. L. ASSOCIATES - NIMITZ HIGHWAY & LAGOON DRIVE EXISTING BUILDING DEMOLITION,HIF014547,21.330733,-157.90219,Permitted Feature,Privately Owned Facility,NPDES
VIDINHA STADIUM IMPROVEMENTS,HIF014551,21.959478,-159.352252,Permitted Feature,Municipal or Water District,NPDES
KAIPAPAU STREAM BRIDGE REPLACEMENT (2),HIF014552,21.617178,-157.914286,Permitted Feature,State Government,NPDES
KAIPAPAU STREAM BRIDGE REPLACEMENT (2),HIF014552,21.617151,-157.913347,Permitted Feature,State Government,NPDES
KAIPAPAU STREAM BRIDGE REPLACEMENT (3),HIF014553,21.617178,-157.914286,Permitted Feature,State Government,NPDES
KAIPAPAU STREAM BRIDGE REPLACEMENT (3),HIF014553,21.617151,-157.913347,Permitted Feature,State Government,NPDES
KAIPAPAU STREAM BRIDGE REPLACEMENT (4),HIF014554,21.617178,-157.914286,Permitted Feature,State Government,NPDES
KAIPAPAU STREAM BRIDGE REPLACEMENT (4),HIF014554,21.617151,-157.913347,Permitted Feature,State Government,NPDES
HANAPEPE ROAD RESURFACING,HIF014555,21.90569,-159.596128,Permitted Feature,Municipal or Water District,NPDES
HANAPEPE ROAD RESURFACING,HIF014555,21.910545,-159.589718,Permitted Feature,Municipal or Water District,NPDES
HANAPEPE ROAD RESURFACING,HIF014555,21.904623,-159.5914,Permitted Feature,Municipal or Water District,NPDES
PANDA EXPRESS,HIF014556,20.896111,-156.498611,Permitted Feature,Privately Owned Facility,NPDES
PANDA EXPRESS,HIF014556,20.896111,-156.498611,Facility,Privately Owned Facility,NPDES
"KEOLU HILLS WATER SYSTEM IMPROVEMENTS, PART II (4)",HIF014557,21.377652,-157.732587,Permitted Feature,Municipal or Water District,NPDES
"KEOLU HILLS WATER SYSTEM IMPROVEMENTS, PART II (4)",HIF014557,21.377647,-157.732216,Permitted Feature,Municipal or Water District,NPDES
"KEOLU HILLS WATER SYSTEM IMPROVEMENTS, PART II (4)",HIF014557,21.378074,-157.731712,Permitted Feature,Municipal or Water District,NPDES
"KEOLU HILLS WATER SYSTEM IMPROVEMENTS, PART II (4)",HIF014557,21.379595,-157.73171,Permitted Feature,Municipal or Water District,NPDES
"KEOLU HILLS WATER SYSTEM IMPROVEMENTS, PART II (4)",HIF014557,21.380081,-157.731238,Permitted Feature,Municipal or Water District,NPDES
"KEOLU HILLS WATER SYSTEM IMPROVEMENTS, PART II (4)",HIF014557,21.380558,-157.730921,Permitted Feature,Municipal or Water District,NPDES
"KEOLU HILLS WATER SYSTEM IMPROVEMENTS, PART II (4)",HIF014557,21.381349,-157.730314,Permitted Feature,Municipal or Water District,NPDES
"KEOLU HILLS WATER SYSTEM IMPROVEMENTS, PART II (4)",HIF014557,21.381954,-157.728616,Permitted Feature,Municipal or Water District,NPDES
PARKING LOT IMPROVEMENTS AT LIHUE AIRPORT,HIF014559,21.986906,-159.336206,Permitted Feature,State Government,NPDES
SHAW SUBDIVISION SUB-2023-000180,HIF014561,19.494119,-155.918328,Permitted Feature,Privately Owned Facility,NPDES
SHAW SUBDIVISION SUB-2023-000180,HIF014561,19.4802,-155.925469,Permitted Feature,Privately Owned Facility,NPDES
SHAW SUBDIVISION SUB-2023-000180,HIF014561,19.494119,-155.918328,Facility,Privately Owned Facility,NPDES
"REPLACE TRANSITE WATERLINE AT PALM CIRCLE, FORT SHAFTER",HIF014563,21.3418,-157.887539,Permitted Feature,Federal Facility (U.S. Government),NPDES
UH MANOA MINI MASTER PLAN - PH 2,HIF014564,21.2973,-157.813832,Permitted Feature,State Government,NPDES
"FARRINGTON HIGHWAY WIDENING, KAPOLEI GOLF COURSE ROAD TO FORT WEAVER ROAD (2)",HIF014566,21.378763,-158.020672,Permitted Feature,State Government,NPDES
HALE OHANA,HIF014568,19.664934,-155.113753,Permitted Feature,Privately Owned Facility,NPDES
LAUEKI RESIDENCE,HIF014570,19.821982,-155.997138,Permitted Feature,Privately Owned Facility,NPDES
LAUEKI RESIDENCE,HIF014570,19.821982,-155.997138,Facility,Privately Owned Facility,NPDES
HONOLULU FREIGHT SERVICE (1),HIF014571,21.33444,-157.885,Permitted Feature,Privately Owned Facility,NPDES
KUHIO HIGHWAY (HARDY STREET TO OXFORD STREET) 18  MAIN REPLACEMENT WATER SYSTEM,HIF014572,21.9769,-159.3693,Permitted Feature,Municipal or Water District,NPDES
"REPAIR CHARLIE, BRAVO, AND KAWELA CAMP ROADS AT KAHUKU TRAINING AREA",HIF014573,21.685981,-157.98622,Facility,Federal Facility (U.S. Government),NPDES
REPAIR AMMUNITION WHARVES W3 & W1,HIF014577,21.352571,-157.999576,Permitted Feature,Federal Facility (U.S. Government),NPDES
REPAIR AMMUNITION WHARVES W3 & W1,HIF014577,21.353672,-157.996465,Permitted Feature,Federal Facility (U.S. Government),NPDES
KNWR NORTH SLOPE STABILIZATION,HIF014578,22.227944,-159.401512,Facility,Federal Facility (U.S. Government),NPDES
KIUC KILOHANA SUBSTATION,HIF014580,21.987973,-159.444828,Permitted Feature,Privately Owned Facility,NPDES
KIUC KILOHANA SUBSTATION,HIF014580,21.987933,-159.44058,Permitted Feature,Privately Owned Facility,NPDES
KIUC KILOHANA SUBSTATION,HIF014580,21.987973,-159.444828,Facility,Privately Owned Facility,NPDES
HONOLULU FREIGHT SAND ISLAND PAVING,HIF014581,21.320586,-157.891366,Permitted Feature,Privately Owned Facility,NPDES
"KAMEHAMEHA HIGHWAY DRAINAGE AND SAFETY IMPROVEMENTS, VICINITY OF LANIAKEA BEACH",HIF014583,21.616866,-158.086494,Permitted Feature,State Government,NPDES
"KAMEHAMEHA HIGHWAY DRAINAGE AND SAFETY IMPROVEMENTS, VICINITY OF LANIAKEA BEACH",HIF014583,21.617218,-158.086817,Permitted Feature,State Government,NPDES
"KAMEHAMEHA HIGHWAY DRAINAGE AND SAFETY IMPROVEMENTS, VICINITY OF LANIAKEA BEACH",HIF014583,21.617488,-158.087368,Permitted Feature,State Government,NPDES
"KAMEHAMEHA HIGHWAY DRAINAGE AND SAFETY IMPROVEMENTS, VICINITY OF LANIAKEA BEACH",HIF014583,21.619519,-158.085347,Permitted Feature,State Government,NPDES
CENTRAL MAUI LANDFILL (2),HIF014584,20.861876,-156.420956,Permitted Feature,Municipal or Water District,NPDES
CENTRAL MAUI LANDFILL (2),HIF014584,20.860493,-156.420718,Permitted Feature,Municipal or Water District,NPDES
HANA LANDFILL (3),HIF014585,20.768599,-155.993805,Permitted Feature,Municipal or Water District,NPDES
SIGNATURE FLIGHT SUPPORT HNL,HIF014586,21.321467,-157.912109,Permitted Feature,Privately Owned Facility,NPDES
900 GREEN VALLEY MASS GRADING,HIF014587,21.461062,-158.02424,Permitted Feature,Privately Owned Facility,NPDES
900 GREEN VALLEY MASS GRADING,HIF014587,21.461062,-158.02424,Facility,Privately Owned Facility,NPDES
GRADING PLAN FOR WAIKOKO SLOPE STABILIZATION,HIF014588,22.206674,-159.517046,Permitted Feature,Privately Owned Facility,NPDES
GRADING PLAN FOR WAIKOKO SLOPE STABILIZATION,HIF014588,22.205063,-159.518019,Permitted Feature,Privately Owned Facility,NPDES
GRADING PLAN FOR WAIKOKO SLOPE STABILIZATION,HIF014588,22.203362,-159.51924,Permitted Feature,Privately Owned Facility,NPDES
ARIA LANE MANOA,HIF014594,21.299711,-157.813464,Permitted Feature,Privately Owned Facility,NPDES
ARIA LANE MANOA,HIF014594,21.299711,-157.813464,Facility,Privately Owned Facility,NPDES
BRIGHAM YOUNG UNIVERSITY - HAWAII - MCKAY COMPLEX REPLACEMENT,HIF014595,21.642193,-157.925264,Permitted Feature,Privately Owned Facility,NPDES
WAIALUA HIGH & INTERMEDIATE ATHLETIC FIELD REMEDIATION,HIF014597,21.569041,-158.129365,Permitted Feature,State Government,NPDES
"THE QUEEN'S MEDICAL CENTER - WEST OAHU, EMERGENCY DEPARTMENT EXPANSION",HIF014599,21.370657,-158.029678,Permitted Feature,Privately Owned Facility,NPDES
ATLANTIC AVIATION LIH,HIF014600,21.986766,-159.338935,Permitted Feature,Privately Owned Facility,NPDES
ATLANTIC AVIATION LIH,HIF014600,21.986766,-159.338935,Facility,Privately Owned Facility,NPDES
MOHALA PLACE,HIF014601,19.727103,-155.084977,Permitted Feature,Privately Owned Facility,NPDES
MOHALA PLACE,HIF014601,19.727103,-155.084977,Facility,Privately Owned Facility,NPDES
PN 96540 CHILD DEVELOPMENT CENTER,HIF014602,21.368828,-157.914544,Permitted Feature,Federal Facility (U.S. Government),NPDES
XANADU RESIDENCE,HIF014603,21.00907,-156.647064,Permitted Feature,Privately Owned Facility,NPDES
XANADU RESIDENCE,HIF014603,21.012275,-156.644119,Permitted Feature,Privately Owned Facility,NPDES
XANADU RESIDENCE,HIF014603,21.00907,-156.647064,Facility,Privately Owned Facility,NPDES
WATSON RESIDENCE (2),HIF014604,20.768518,-156.355604,Permitted Feature,Privately Owned Facility,NPDES
OLOWALU COTTAGE,HIF014605,20.815931,-156.628586,Permitted Feature,Privately Owned Facility,NPDES
OLOWALU COTTAGE,HIF014605,20.813303,-156.627213,Permitted Feature,Privately Owned Facility,NPDES
OLOWALU COTTAGE,HIF014605,20.813303,-156.627213,Facility,Privately Owned Facility,NPDES
HALE WA?A,HIF014607,21.960281,-159.69457,Permitted Feature,Privately Owned Facility,NPDES
AE'O SUBDIVISION SUB-2005-000010,HIF014608,19.60445,-155.975748,Permitted Feature,Privately Owned Facility,NPDES
AE'O SUBDIVISION SUB-2005-000010,HIF014608,19.60445,-155.975748,Facility,Privately Owned Facility,NPDES
"HI1422M REPAIR HELO PARKING AREA SOUTHEAST OF H101, GROUNDING POINT REPAIR",HIF014610,21.439641,-157.765732,Permitted Feature,Federal Facility (U.S. Government),NPDES
"HI1422M REPAIR HELO PARKING AREA SOUTHEAST OF H101, GROUNDING POINT REPAIR",HIF014610,21.439538,-157.762798,Permitted Feature,Federal Facility (U.S. Government),NPDES
"HI1422M REPAIR HELO PARKING AREA SOUTHEAST OF H101, GROUNDING POINT REPAIR",HIF014610,21.439641,-157.765732,Facility,Federal Facility (U.S. Government),NPDES
SCHOFIELD BARRACKS WWTP (2),HIF014612,21.475181,-158.044655,Permitted Feature,Privately Owned Facility,NPDES
SCHOFIELD BARRACKS WWTP (2),HIF014612,21.472239,-158.044883,Permitted Feature,Privately Owned Facility,NPDES
SCHOFIELD BARRACKS WWTP (2),HIF014612,21.475275,-158.042867,Permitted Feature,Privately Owned Facility,NPDES
SCHOFIELD BARRACKS WWTP (2),HIF014612,21.465875,-158.034044,Permitted Feature,Privately Owned Facility,NPDES
CHUN WAH KAM KAPOLEI BUSINESS PARK WEST,HIF014613,21.32472,-158.10278,Permitted Feature,Privately Owned Facility,NPDES
CHUN WAH KAM KAPOLEI BUSINESS PARK WEST,HIF014613,21.32472,-158.10278,Facility,Privately Owned Facility,NPDES
A&B KOMOHANA INDUSTRIAL WAREHOUSE,HIF014614,21.311911,-158.092077,Permitted Feature,Privately Owned Facility,NPDES
KAAHUMANU WELLS CONTROL VALVES,HIF014615,21.390132,-157.951027,Permitted Feature,Municipal or Water District,NPDES
KAAHUMANU WELLS CONTROL VALVES,HIF014615,21.390132,-157.951027,Facility,Municipal or Water District,NPDES
MANANA WELLS CONTROL VALVES,HIF014616,21.395787,-157.978221,Permitted Feature,Municipal or Water District,NPDES
MANANA WELLS CONTROL VALVES,HIF014616,21.395787,-157.978221,Facility,Municipal or Water District,NPDES
MOANALUA HIGH SCHOOL RESURFACE PARKING LOT PHASE 1,HIF014617,21.340649,-157.89426,Permitted Feature,State Government,NPDES
"MAILIILII ROAD: 20-INCH WATER MAIN, PAAKEA ROAD TO LUALUALEI HOMESTEAD ROAD",HIF014618,21.430066,-158.174166,Permitted Feature,Municipal or Water District,NPDES
"MAILIILII ROAD: 20-INCH WATER MAIN, PAAKEA ROAD TO LUALUALEI HOMESTEAD ROAD",HIF014618,21.430066,-158.174166,Facility,Municipal or Water District,NPDES
HAWAIIAN MEMORIAL PARK EXPANSION,HIF014619,21.3982,-157.791,Permitted Feature,Privately Owned Facility,NPDES
HAWAIIAN MEMORIAL PARK EXPANSION,HIF014619,21.401,-157.7885,Permitted Feature,Privately Owned Facility,NPDES
HAWAIIAN MEMORIAL PARK EXPANSION,HIF014619,21.3915,-157.7892,Permitted Feature,Privately Owned Facility,NPDES
KOA RIDGE OFF-SITE SEWER LINES  A  &  B  (2),HIF014622,21.39165,-158.018189,Permitted Feature,Privately Owned Facility,NPDES
KOA RIDGE OFF-SITE SEWER LINES  A  &  B  (2),HIF014622,21.397333,-158.015286,Permitted Feature,Privately Owned Facility,NPDES
KOA RIDGE OFF-SITE SEWER LINES  A  &  B  (2),HIF014622,21.398319,-158.015458,Permitted Feature,Privately Owned Facility,NPDES
KOA RIDGE OFF-SITE SEWER LINES  A  &  B  (2),HIF014622,21.399769,-158.0164,Permitted Feature,Privately Owned Facility,NPDES
KOA RIDGE OFF-SITE SEWER LINES  A  &  B  (2),HIF014622,21.402739,-158.015453,Permitted Feature,Privately Owned Facility,NPDES
KOA RIDGE OFF-SITE SEWER LINES  A  &  B  (2),HIF014622,21.405689,-158.013261,Permitted Feature,Privately Owned Facility,NPDES
KOA RIDGE OFF-SITE SEWER LINES  A  &  B  (2),HIF014622,21.407969,-158.014044,Permitted Feature,Privately Owned Facility,NPDES
KOA RIDGE OFF-SITE SEWER LINES  A  &  B  (2),HIF014622,21.414417,-158.012033,Permitted Feature,Privately Owned Facility,NPDES
KOA RIDGE OFF-SITE SEWER LINES  A  &  B  (2),HIF014622,21.416031,-158.012131,Permitted Feature,Privately Owned Facility,NPDES
KOA RIDGE OFF-SITE SEWER LINES  A  &  B  (2),HIF014622,21.416858,-158.012028,Permitted Feature,Privately Owned Facility,NPDES
KOA RIDGE OFF-SITE SEWER LINES  A  &  B  (2),HIF014622,21.418703,-158.012983,Permitted Feature,Privately Owned Facility,NPDES
KOA RIDGE OFF-SITE SEWER LINES  A  &  B  (2),HIF014622,21.420608,-158.012072,Permitted Feature,Privately Owned Facility,NPDES
KOA RIDGE OFF-SITE SEWER LINES  A  &  B  (2),HIF014622,21.421689,-158.012114,Permitted Feature,Privately Owned Facility,NPDES
CENTRAL MAUI PICKLEBALL COURTS,HIF014625,20.886439,-156.460629,Permitted Feature,State Government,NPDES
PERRY RESIDENCE,HIF014627,20.861717,-156.656368,Permitted Feature,Privately Owned Facility,NPDES
ISLAND TOPSOIL WAIPAHU (2),HIF014629,21.379294,-158.046283,Permitted Feature,Privately Owned Facility,NPDES
ISLAND TOPSOIL WAIPAHU (2),HIF014629,21.381078,-158.045225,Permitted Feature,Privately Owned Facility,NPDES
PORTABLE HOT-MIX ASHPLANT PLANT,HIF014630,21.96417,-159.686483,Permitted Feature,Privately Owned Facility,NPDES
PORTABLE HOT-MIX ASHPLANT PLANT,HIF014630,21.96417,-159.686483,Facility,Privately Owned Facility,NPDES
ZIELINSKI SUBDIVISION (2),HIF014634,20.977335,-156.679449,Permitted Feature,Privately Owned Facility,NPDES
KAANAPALI RESORT R-1 WATER DISTRIBUTION SYSTEM EXPANSION,HIF014635,20.928747,-156.695611,Permitted Feature,Municipal or Water District,NPDES
KAANAPALI RESORT R-1 WATER DISTRIBUTION SYSTEM EXPANSION,HIF014635,20.92264,-156.695811,Permitted Feature,Municipal or Water District,NPDES
KAANAPALI RESORT R-1 WATER DISTRIBUTION SYSTEM EXPANSION,HIF014635,20.912594,-156.693409,Permitted Feature,Municipal or Water District,NPDES
KAHUKU VILLAS AT LOT 9,HIF014636,21.67222,-157.94111,Permitted Feature,Privately Owned Facility,NPDES
NORTH KONA AG LOT,HIF014637,19.71352,-155.977808,Permitted Feature,Privately Owned Facility,NPDES
MOO'S MACHINE WORKS,HIF014638,21.31889,-158.08833,Permitted Feature,Privately Owned Facility,NPDES
MOO'S MACHINE WORKS,HIF014638,21.31889,-158.08833,Facility,Privately Owned Facility,NPDES
HONOKEANA HOUSING PROJECT,HIF014639,20.986625,-156.662806,Permitted Feature,Privately Owned Facility,NPDES
ATHLETIC FACILITY RELOCATION AND UPGRADES AT LOWER CAMPUS (2),HIF014640,21.289,-157.8165,Permitted Feature,State Government,NPDES
"REHABILITATION OF STREETS, UNIT 89B KAPIOLANI BOULEVARD",HIF014642,21.294403,-157.857377,Permitted Feature,Municipal or Water District,NPDES
"REHABILITATION OF STREETS, UNIT 89B KAPIOLANI BOULEVARD",HIF014642,21.292781,-157.855252,Permitted Feature,Municipal or Water District,NPDES
"REHABILITATION OF STREETS, UNIT 89B KAPIOLANI BOULEVARD",HIF014642,21.291294,-157.849583,Permitted Feature,Municipal or Water District,NPDES
"REHABILITATION OF STREETS, UNIT 89B KAPIOLANI BOULEVARD",HIF014642,21.290698,-157.847892,Permitted Feature,Municipal or Water District,NPDES
"REHABILITATION OF STREETS, UNIT 89B KAPIOLANI BOULEVARD",HIF014642,21.288222,-157.841325,Permitted Feature,Municipal or Water District,NPDES
"REHABILITATION OF STREETS, UNIT 89B KAPIOLANI BOULEVARD",HIF014642,21.288584,-157.837367,Permitted Feature,Municipal or Water District,NPDES
FARRINGTON HIGH SCHOOL LONG RANGE DEVELOPMENT MASTER PLAN - PHASE 2,HIF014643,21.32401,-157.870485,Permitted Feature,State Government,NPDES
P-947 MCTAB PERIMETER SECURITY FENCE (2),HIF014646,21.372347,-157.707574,Permitted Feature,Federal Facility (U.S. Government),NPDES
P-947 MCTAB PERIMETER SECURITY FENCE (2),HIF014646,21.364647,-157.709425,Permitted Feature,Federal Facility (U.S. Government),NPDES
P-947 MCTAB PERIMETER SECURITY FENCE (2),HIF014646,21.372347,-157.707574,Facility,Federal Facility (U.S. Government),NPDES
NUUANU RESERVOIR NO. 1 DAM IMPROVEMENTS,HIF014647,21.337975,-157.840004,Permitted Feature,Municipal or Water District,NPDES
THE LAUNIU WARD VILLAGE,HIF014652,21.294331,-157.857475,Permitted Feature,Privately Owned Facility,NPDES
THE LAUNIU WARD VILLAGE,HIF014652,21.294414,-157.857357,Permitted Feature,Privately Owned Facility,NPDES
THE LAUNIU WARD VILLAGE,HIF014652,21.294393,-157.857323,Permitted Feature,Privately Owned Facility,NPDES
THE LAUNIU WARD VILLAGE,HIF014652,21.294331,-157.857475,Facility,Privately Owned Facility,NPDES
KIHEI FORCE MAIN NO. 3 REPLACEMENT - DEWATERING,HIF014654,20.763831,-156.459401,Permitted Feature,Privately Owned Facility,NPDES
KIHEI FORCE MAIN NO. 3 REPLACEMENT - DEWATERING,HIF014654,20.758687,-156.459938,Permitted Feature,Privately Owned Facility,NPDES
ANONUI STREET EXTENSION INCREMENT 1,HIF014655,21.399722,-158.016438,Permitted Feature,Privately Owned Facility,NPDES
REPLACE 16-INCH TRANSITE WATER LINE AT BOUGAINVILLE ALIAMANU MILITARY RESERVATIO,HIF014656,21.364209,-157.932702,Permitted Feature,Federal Facility (U.S. Government),NPDES
REPLACE 16-INCH TRANSITE WATER LINE AT BOUGAINVILLE ALIAMANU MILITARY RESERVATIO,HIF014656,21.354965,-157.909391,Permitted Feature,Federal Facility (U.S. Government),NPDES
KONA VIEW COUNTRY ESTATES PHASE III,HIF014657,19.690137,-155.98816,Permitted Feature,Privately Owned Facility,NPDES
KONA VIEW COUNTRY ESTATES PHASE III,HIF014657,19.688269,-155.987247,Permitted Feature,Privately Owned Facility,NPDES
MAUI HS RELOCATED DISTRICT MOWERS AND ADULT SCHOOL,HIF014660,20.891484,-156.473264,Permitted Feature,State Government,NPDES
ROYAL KUNIA PHASE II INDUSTRIAL SUBDIVISION MASS GRADING,HIF014661,21.405244,-158.038056,Permitted Feature,Privately Owned Facility,NPDES
REHABILITATION OF LOCALIZED STREETS PHASE 24C,HIF014662,21.458165,-157.994,Permitted Feature,Municipality,NPDES
REHABILITATION OF LOCALIZED STREETS PHASE 24C,HIF014662,21.470485,-157.988108,Permitted Feature,Municipality,NPDES
REHABILITATION OF LOCALIZED STREETS PHASE 24C,HIF014662,21.477361,-157.985762,Permitted Feature,Municipality,NPDES
TURTLE BAY MAUKA LAND DRAINAGE IMPROVEMENT PHASE 1 (3),HIF014663,21.699374,-158.00366,Permitted Feature,Privately Owned Facility,NPDES
"TURTLE BAY ONSITE INFRASTRUCTURE IMPROVEMENTS KAIHALULU ROAD EAST, KAIHALULU ROA",HIF014665,21.704786,-157.990327,Permitted Feature,Privately Owned Facility,NPDES
"TURTLE BAY ONSITE INFRASTRUCTURE IMPROVEMENTS KAIHALULU ROAD EAST, KAIHALULU ROA",HIF014665,21.704786,-157.990327,Facility,Privately Owned Facility,NPDES
PGV BUILDING DESIGN AND EXPANSION,HIF014666,19.478149,-154.892688,Permitted Feature,Privately Owned Facility,NPDES
PGV BUILDING DESIGN AND EXPANSION,HIF014666,19.444143,-154.85362,Permitted Feature,Privately Owned Facility,NPDES
PGV BUILDING DESIGN AND EXPANSION,HIF014666,19.478149,-154.892688,Facility,Privately Owned Facility,NPDES
SAND ISLAND READY-MIX,HIF014669,21.325066,-157.894937,Permitted Feature,Privately Owned Facility,NPDES
SAND ISLAND READY-MIX,HIF014669,21.322845,-157.893673,Permitted Feature,Privately Owned Facility,NPDES
SAND ISLAND READY-MIX,HIF014669,21.326725,-157.893148,Permitted Feature,Privately Owned Facility,NPDES
MAMALA BAY GOLF COURSE CLUBHOUSE,HIF014670,21.3139,-157.9346,Permitted Feature,Federal Facility (U.S. Government),NPDES
FORT SHAFTER LOOP ROAD RESURFACING,HIF014671,21.340097,-157.889694,Facility,Privately Owned Facility,NPDES
"RE-PAVE, MILL PARKING LOT AT POST OFFICE, SB BLDG 258",HIF014672,21.475589,-158.050088,Permitted Feature,Privately Owned Facility,NPDES
"RE-PAVE, MILL PARKING LOT AT POST OFFICE, SB BLDG 258",HIF014672,21.475589,-158.050088,Facility,Privately Owned Facility,NPDES
CAMPBELL YARD (2),HIF014674,21.295807,-158.103893,Permitted Feature,Privately Owned Facility,NPDES
HALIIMAILE WASTEWATER TREATMENT PLANT - GRADING OF BASIN,HIF014675,20.8786,-156.3411,Permitted Feature,Privately Owned Facility,NPDES
HALIIMAILE WASTEWATER TREATMENT PLANT - GRADING OF BASIN,HIF014675,20.8786,-156.3411,Facility,Privately Owned Facility,NPDES
PIER 12 LAUNCH SERVICES,HIF014676,21.309439,-157.86456,Permitted Feature,Privately Owned Facility,NPDES
KAHILI QUARRY ROAD PROPERTY - BARN GRADING PLAN,HIF014677,22.215466,-159.38865,Permitted Feature,Privately Owned Facility,NPDES
KAHILI QUARRY ROAD PROPERTY - BARN GRADING PLAN,HIF014677,22.215074,-159.389657,Permitted Feature,Privately Owned Facility,NPDES
KAHILI QUARRY ROAD PROPERTY - BARN GRADING PLAN,HIF014677,22.215466,-159.38865,Facility,Privately Owned Facility,NPDES
MAUNA KEA BEACH HOTEL - MAINTENANCE FACILITY,HIF014680,20.012377,-155.82179,Permitted Feature,Privately Owned Facility,NPDES
MAUI ELECTRIC COMPANY'S WAENA BESS,HIF014681,20.849636,-156.415311,Permitted Feature,Privately Owned Facility,NPDES
MAUI ELECTRIC COMPANY'S WAENA BESS,HIF014681,20.849389,-156.415297,Permitted Feature,Privately Owned Facility,NPDES
MID PACIFIC INSTITUTE NEW TRACK AND FIELD,HIF014682,21.299511,-157.813557,Permitted Feature,Privately Owned Facility,NPDES
RM 15-2763 REPLACE PRIMARY CIRCUITS H-2 AND I-4,HIF014684,21.365631,-157.939834,Permitted Feature,Federal Facility (U.S. Government),NPDES
RM 15-2763 REPLACE PRIMARY CIRCUITS H-2 AND I-4,HIF014684,21.36528,-157.940687,Permitted Feature,Federal Facility (U.S. Government),NPDES
RM 15-2763 REPLACE PRIMARY CIRCUITS H-2 AND I-4,HIF014684,21.364539,-157.940965,Permitted Feature,Federal Facility (U.S. Government),NPDES
RM 15-2763 REPLACE PRIMARY CIRCUITS H-2 AND I-4,HIF014684,21.363624,-157.941341,Permitted Feature,Federal Facility (U.S. Government),NPDES
RM 15-2763 REPLACE PRIMARY CIRCUITS H-2 AND I-4,HIF014684,21.363275,-157.942831,Permitted Feature,Federal Facility (U.S. Government),NPDES
RM 15-2763 REPLACE PRIMARY CIRCUITS H-2 AND I-4,HIF014684,21.360766,-157.945421,Permitted Feature,Federal Facility (U.S. Government),NPDES
RM 15-2763 REPLACE PRIMARY CIRCUITS H-2 AND I-4,HIF014684,21.360603,-157.945421,Permitted Feature,Federal Facility (U.S. Government),NPDES
RM 15-2763 REPLACE PRIMARY CIRCUITS H-2 AND I-4,HIF014684,21.360437,-157.94542,Permitted Feature,Federal Facility (U.S. Government),NPDES
RM 15-2763 REPLACE PRIMARY CIRCUITS H-2 AND I-4,HIF014684,21.360144,-157.945421,Permitted Feature,Federal Facility (U.S. Government),NPDES
RM 15-2763 REPLACE PRIMARY CIRCUITS H-2 AND I-4,HIF014684,21.35995,-157.945421,Permitted Feature,Federal Facility (U.S. Government),NPDES
RM 15-2763 REPLACE PRIMARY CIRCUITS H-2 AND I-4,HIF014684,21.359758,-157.945421,Permitted Feature,Federal Facility (U.S. Government),NPDES
RM 15-2763 REPLACE PRIMARY CIRCUITS H-2 AND I-4,HIF014684,21.359164,-157.946734,Permitted Feature,Federal Facility (U.S. Government),NPDES
RM 15-2763 REPLACE PRIMARY CIRCUITS H-2 AND I-4,HIF014684,21.359903,-157.941848,Permitted Feature,Federal Facility (U.S. Government),NPDES
RM 15-2763 REPLACE PRIMARY CIRCUITS H-2 AND I-4,HIF014684,21.359548,-157.941528,Permitted Feature,Federal Facility (U.S. Government),NPDES
RM 15-2763 REPLACE PRIMARY CIRCUITS H-2 AND I-4,HIF014684,21.352646,-157.940003,Permitted Feature,Federal Facility (U.S. Government),NPDES
HANALEI WATERLINE IMPROVEMENTS,HIF014686,22.20073,-159.5068,Permitted Feature,Municipal or Water District,NPDES
HANALEI WATERLINE IMPROVEMENTS,HIF014686,22.20152,-159.50764,Permitted Feature,Municipal or Water District,NPDES
HANALEI WATERLINE IMPROVEMENTS,HIF014686,22.20073,-159.5068,Facility,Municipal or Water District,NPDES
WAIMAAUOU STREAM BRIDGE REPLACEMENT,HIF014689,19.834344,-155.09935,Permitted Feature,Municipal or Water District,NPDES
RUNWAY 17-35 REHABILITATION (2),HIF014691,19.7362,-156.0528,Permitted Feature,State Government,NPDES
RUNWAYS AND TAXIWAYS SHOULDER REHABILITATION (4),HIF014692,21.324008,-157.929624,Permitted Feature,State Government,NPDES
RUNWAYS AND TAXIWAYS SHOULDER REHABILITATION (4),HIF014692,21.32221,-157.929634,Permitted Feature,State Government,NPDES
RUNWAYS AND TAXIWAYS SHOULDER REHABILITATION (4),HIF014692,21.321957,-157.929473,Permitted Feature,State Government,NPDES
RUNWAYS AND TAXIWAYS SHOULDER REHABILITATION (4),HIF014692,21.319889,-157.925662,Permitted Feature,State Government,NPDES
RUNWAYS AND TAXIWAYS SHOULDER REHABILITATION (4),HIF014692,21.318764,-157.924541,Permitted Feature,State Government,NPDES
RUNWAYS AND TAXIWAYS SHOULDER REHABILITATION (4),HIF014692,21.312429,-157.929722,Permitted Feature,State Government,NPDES
RUNWAYS AND TAXIWAYS SHOULDER REHABILITATION (4),HIF014692,21.310646,-157.929004,Permitted Feature,State Government,NPDES
RUNWAYS AND TAXIWAYS SHOULDER REHABILITATION (4),HIF014692,21.310881,-157.928762,Permitted Feature,State Government,NPDES
RUNWAYS AND TAXIWAYS SHOULDER REHABILITATION (4),HIF014692,21.311895,-157.926585,Permitted Feature,State Government,NPDES
RUNWAYS AND TAXIWAYS SHOULDER REHABILITATION (4),HIF014692,21.311929,-157.926149,Permitted Feature,State Government,NPDES
RUNWAYS AND TAXIWAYS SHOULDER REHABILITATION (4),HIF014692,21.313902,-157.917698,Permitted Feature,State Government,NPDES
RUNWAYS AND TAXIWAYS SHOULDER REHABILITATION (4),HIF014692,21.315738,-157.915683,Permitted Feature,State Government,NPDES
RUNWAYS AND TAXIWAYS SHOULDER REHABILITATION (4),HIF014692,21.317624,-157.912844,Permitted Feature,State Government,NPDES
RUNWAYS AND TAXIWAYS SHOULDER REHABILITATION (4),HIF014692,21.318856,-157.910699,Permitted Feature,State Government,NPDES
RUNWAYS AND TAXIWAYS SHOULDER REHABILITATION (4),HIF014692,21.321386,-157.907651,Permitted Feature,State Government,NPDES
RUNWAYS AND TAXIWAYS SHOULDER REHABILITATION (4),HIF014692,21.32295,-157.905385,Permitted Feature,State Government,NPDES
RUNWAYS AND TAXIWAYS SHOULDER REHABILITATION (4),HIF014692,21.330606,-157.907042,Permitted Feature,State Government,NPDES
RUNWAYS AND TAXIWAYS SHOULDER REHABILITATION (4),HIF014692,21.330831,-157.903277,Permitted Feature,State Government,NPDES
RUNWAYS AND TAXIWAYS SHOULDER REHABILITATION (4),HIF014692,21.303839,-157.932153,Permitted Feature,State Government,NPDES
RUNWAYS AND TAXIWAYS SHOULDER REHABILITATION (4),HIF014692,21.303982,-157.929581,Permitted Feature,State Government,NPDES
RUNWAYS AND TAXIWAYS SHOULDER REHABILITATION (4),HIF014692,21.304018,-157.929252,Permitted Feature,State Government,NPDES
RUNWAYS AND TAXIWAYS SHOULDER REHABILITATION (4),HIF014692,21.30406,-157.92769,Permitted Feature,State Government,NPDES
RUNWAYS AND TAXIWAYS SHOULDER REHABILITATION (4),HIF014692,21.304064,-157.926349,Permitted Feature,State Government,NPDES
RUNWAYS AND TAXIWAYS SHOULDER REHABILITATION (4),HIF014692,21.304065,-157.925929,Permitted Feature,State Government,NPDES
RUNWAYS AND TAXIWAYS SHOULDER REHABILITATION (4),HIF014692,21.304063,-157.924087,Permitted Feature,State Government,NPDES
RUNWAYS AND TAXIWAYS SHOULDER REHABILITATION (4),HIF014692,21.304054,-157.922477,Permitted Feature,State Government,NPDES
RUNWAYS AND TAXIWAYS SHOULDER REHABILITATION (4),HIF014692,21.304051,-157.921849,Permitted Feature,State Government,NPDES
RUNWAYS AND TAXIWAYS SHOULDER REHABILITATION (4),HIF014692,21.304044,-157.920489,Permitted Feature,State Government,NPDES
RUNWAYS AND TAXIWAYS SHOULDER REHABILITATION (4),HIF014692,21.304035,-157.918843,Permitted Feature,State Government,NPDES
RUNWAYS AND TAXIWAYS SHOULDER REHABILITATION (4),HIF014692,21.304026,-157.916676,Permitted Feature,State Government,NPDES
RUNWAYS AND TAXIWAYS SHOULDER REHABILITATION (4),HIF014692,21.304028,-157.915152,Permitted Feature,State Government,NPDES
RUNWAYS AND TAXIWAYS SHOULDER REHABILITATION (4),HIF014692,21.30403,-157.912549,Permitted Feature,State Government,NPDES
RUNWAYS AND TAXIWAYS SHOULDER REHABILITATION (4),HIF014692,21.30403,-157.911112,Permitted Feature,State Government,NPDES
RUNWAYS AND TAXIWAYS SHOULDER REHABILITATION (4),HIF014692,21.304029,-157.910054,Permitted Feature,State Government,NPDES
RUNWAYS AND TAXIWAYS SHOULDER REHABILITATION (4),HIF014692,21.304027,-157.907799,Permitted Feature,State Government,NPDES
RUNWAYS AND TAXIWAYS SHOULDER REHABILITATION (4),HIF014692,21.304335,-157.906641,Permitted Feature,State Government,NPDES
RUNWAYS AND TAXIWAYS SHOULDER REHABILITATION (4),HIF014692,21.306361,-157.906143,Permitted Feature,State Government,NPDES
RUNWAYS AND TAXIWAYS SHOULDER REHABILITATION (4),HIF014692,21.329797,-157.929623,Permitted Feature,State Government,NPDES
KAPOLEI HARBORSIDE BUILDING 2,HIF014694,21.324927,-158.10177,Permitted Feature,Municipality,NPDES
NAMAHANA PUBLIC CHARTER SCHOOL,HIF014695,22.215153,-159.413613,Permitted Feature,Privately Owned Facility,NPDES
NAMAHANA PUBLIC CHARTER SCHOOL,HIF014695,22.213091,-159.412242,Permitted Feature,Privately Owned Facility,NPDES
NAMAHANA PUBLIC CHARTER SCHOOL,HIF014695,22.215153,-159.413613,Facility,Privately Owned Facility,NPDES
"REPLACE 24 INCH TRANSMISSION WATER LINE, LEHUA AVENU",HIF014700,21.378,-157.974,Permitted Feature,Federal Facility (U.S. Government),NPDES
"REPLACE 24 INCH TRANSMISSION WATER LINE, LEHUA AVENU",HIF014700,21.373,-157.974,Permitted Feature,Federal Facility (U.S. Government),NPDES
"REPLACE 24 INCH TRANSMISSION WATER LINE, LEHUA AVENU",HIF014700,21.377,-157.967,Permitted Feature,Federal Facility (U.S. Government),NPDES
"REPLACE 24 INCH TRANSMISSION WATER LINE, LEHUA AVENU",HIF014700,21.381,-157.968,Permitted Feature,Federal Facility (U.S. Government),NPDES
"REPLACE 24 INCH TRANSMISSION WATER LINE, LEHUA AVENU",HIF014700,21.381,-157.968,Permitted Feature,Federal Facility (U.S. Government),NPDES
"REPLACE 24 INCH TRANSMISSION WATER LINE, LEHUA AVENU",HIF014700,21.383,-157.97,Permitted Feature,Federal Facility (U.S. Government),NPDES
"REPLACE 24 INCH TRANSMISSION WATER LINE, LEHUA AVENU",HIF014700,21.384,-157.97,Permitted Feature,Federal Facility (U.S. Government),NPDES
"REPLACE 24 INCH TRANSMISSION WATER LINE, LEHUA AVENU",HIF014700,21.384,-157.97,Permitted Feature,Federal Facility (U.S. Government),NPDES
"REPLACE 24 INCH TRANSMISSION WATER LINE, LEHUA AVENU",HIF014700,21.385,-157.971,Permitted Feature,Federal Facility (U.S. Government),NPDES
KONA CONCRETE & AC PLANT,HIF014701,19.67089,-156.027728,Permitted Feature,Privately Owned Facility,NPDES
KONA CONCRETE & AC PLANT,HIF014701,19.67089,-156.027728,Facility,Privately Owned Facility,NPDES
MASS GRADING PLAN FOR TMK: (3) 6-8-003: 032 & 048,HIF014702,19.923973,-155.797027,Permitted Feature,Privately Owned Facility,NPDES
SAND ISLAND ACCESS ROAD TRUCK WEIGHT STATION,HIF014703,21.315124,-157.888614,Permitted Feature,State Government,NPDES
MAKALAPA PARKING LOT,HIF014705,21.352664,-157.940009,Permitted Feature,Federal Facility (U.S. Government),NPDES
MAKALAPA PARKING LOT,HIF014705,21.352664,-157.940009,Facility,Federal Facility (U.S. Government),NPDES
HEWITT STREET PAVEMENT IMPROVEMENTS,HIF014712,21.504289,-158.069907,Facility,Privately Owned Facility,NPDES
WAILUA WASTEWATER TREATMENT PLANT,HIF014798,22.079093,-159.351389,Facility,Municipal or Water District,NPDES
OAHU SCHOOLS SMALL MUNICIPAL SEPARATE STORM SEWER SYSTEMS (SMALL MS4S) (1),HIS000003,21.380694,-157.924667,Facility,NA,NPDES
MARINE CORPS BASE HAWAII KANEOHE BAY MUNICIPAL SEPARATE STORM SEWER SYSTEM (MS4),HIS000007,21.458333,-157.774999,Facility,Federal Facility (U.S. Government),NPDES
MARINE CORPS BASE HAWAII KANEOHE BAY MUNICIPAL SEPARATE STORM SEWER SYSTEM (MS4),HIS000007,21.433333,-157.733333,Permitted Feature,Federal Facility (U.S. Government),NPDES
"MOKAPU SADDLE ROAD & MOKAPU BLVD., KAPAA QUARRY RD., TO NORTH KALAHEO AVE.",HIS000012,21.406527,-157.759166,Facility,NA,NPDES
KANEOHE BAY DRIVE TRUNK SEWER RECONSTRUCTION,HIS000014,21.415833,-157.774999,Facility,NA,NPDES
VOLCANO HWY SHLDR IMP HI PLH,HIS000021,19.434722,-155.283611,Facility,Federal Facility (U.S. Government),NPDES
THE FAIRWAYS AT MAUNA LANI,HIS000026,19.947611,-155.855889,Facility,Privately Owned Facility,NPDES
"HAWAII, COUNTY OF",HIS000028,19.70713,-155.062497,Facility,Municipality,NPDES
STEVENS RESIDENCE,HIS000029,20.631206,-156.443892,Facility,NA,NPDES
PED. FAC. ADA COMPLIANCE,HIS000034,21.411444,-157.772917,Facility,State Government,NPDES
"HAWAII, STATE OF (DOT-KAUAI)",HIS000035,22.21266,-159.54304,Facility,State Government,NPDES
WAINANI ESTATES,HIS000036,19.718334,-156.0525,Facility,Privately Owned Facility,NPDES
KIKALA-KEOKEA SUBDIVISION,HIS000037,19.41033,-154.95757,Facility,State Government,NPDES
MALAE HEIAU RESTORATION,HIS000039,22.045,-159.336944,Facility,State Government,NPDES
SAVERS HOLDINGS LTD PROJ. SITE,HIS000040,19.71525,-156.041111,Facility,State Government,NPDES
REPLACEMENT OF NORTH KAHANA BRIDGE PROJECT SITE,HIS000041,21.555833,-157.875,Facility,NA,NPDES
KAHAKAI ELEMENTARY SCHOOL,HIS000048,19.613,-155.97825,Facility,State Government,NPDES
MAUNA LANI - SITE  N,HIS000049,19.947778,-155.855833,Facility,NA,NPDES
BIG ISLAND NATL WILDLIFE REFUG,HIS000050,19.97325,-155.54859,Facility,Federal Facility (U.S. Government),NPDES
HAWAII ARMY NATIONAL GUARD MAINTENANCE SHOPS AND SMALL MUNICIPAL SEPARATE STORM,HIS000052,21.266203,-157.779009,Permitted Feature,NA,NPDES
HAWAII ARMY NATIONAL GUARD MAINTENANCE SHOPS AND SMALL MUNICIPAL SEPARATE STORM,HIS000052,21.40667,-157.9786,Permitted Feature,NA,NPDES
HAWAII ARMY NATIONAL GUARD MAINTENANCE SHOPS AND SMALL MUNICIPAL SEPARATE STORM,HIS000052,21.40639,-157.9786,Permitted Feature,NA,NPDES
HAWAII ARMY NATIONAL GUARD MAINTENANCE SHOPS AND SMALL MUNICIPAL SEPARATE STORM,HIS000052,21.475833,-158.05,Permitted Feature,NA,NPDES
HAWAII ARMY NATIONAL GUARD MAINTENANCE SHOPS AND SMALL MUNICIPAL SEPARATE STORM,HIS000052,21.480556,-158.028889,Permitted Feature,NA,NPDES
HAWAII ARMY NATIONAL GUARD MAINTENANCE SHOPS AND SMALL MUNICIPAL SEPARATE STORM,HIS000052,21.298611,-158.052222,Facility,NA,NPDES
WAIKOLOA BEACH MARRIOTT,HIS000054,19.916778,-155.883833,Facility,Privately Owned Facility,NPDES
KONA BAY MARINE #674 PROJ_SITE,HIS000058,19.720556,-156.055833,Facility,Privately Owned Facility,NPDES
PILI MAI AT POIPU,HIS000060,21.879270000000002,-159.46303,Facility,Privately Owned Facility,NPDES
"SANDWICH ISLES COMMUNICATIONS, INC.",HIS000061,21.329444,-157.691667,Facility,Privately Owned Facility,NPDES
KAM HWY 16 &8  WM-HEEIA PROJ.,HIS000064,21.442167,-157.810833,Facility,Municipality,NPDES
SCD MLB LLC,HIS000065,19.949167,-155.865833,Facility,Privately Owned Facility,NPDES
KB DRIVE REHABILITATION,HIS000066,21.405694,-157.790667,Facility,State Government,NPDES
PALANI ROAD SAFETY IMPROVEMENTS PROJECT SITE,HIS000073,19.667028,-155.981778,Facility,NA,NPDES
MATSUYAMA COMMERCIAL CENTER,HIS000083,19.69986,-156.02389,Facility,NA,NPDES
"PERIMETER ROAD AND FENCE, GENERAL AVIATION APRON LIGHTING",HIS000086,19.763611,-156.05,Facility,NA,NPDES
BIG ISLAND HONDA SHOWROOM & FACILITY,HIS000087,19.639444,-155.9975,Facility,NA,NPDES
US ARMY GARRISON HAWAII,HIS000090,21.535778,-158.020222,Permitted Feature,NA,NPDES
US ARMY GARRISON HAWAII,HIS000090,21.499111,-158.061972,Permitted Feature,NA,NPDES
US ARMY GARRISON HAWAII,HIS000090,21.4865,-158.028389,Permitted Feature,NA,NPDES
US ARMY GARRISON HAWAII,HIS000090,21.361083,-157.911889,Permitted Feature,NA,NPDES
US ARMY GARRISON HAWAII,HIS000090,21.363167,-157.896111,Permitted Feature,NA,NPDES
US ARMY GARRISON HAWAII,HIS000090,21.343083,-157.888,Permitted Feature,NA,NPDES
"STATE OF HAWAII, DEPARTMENT OF DEFENSE, HAWAII ARMY NATIONAL GUARD",HIS000092,21.261667,-157.803611,Facility,NA,NPDES
JAMES MONK PROJECT SITE,HIS000094,19.340556,-155.885556,Facility,NA,NPDES
KAILUA ROAD PERMANENT ROCKFALL AND LANDSLIDE MIGITATION PROJECT SITE,HIS000096,21.389444,-157.748333,Facility,NA,NPDES
KILAUEA MILITARY CAMP,HIS000099,19.433889,-155.276111,Facility,NA,NPDES
PRIVATIZATION OF MARINE CORPS BASE HAWAII FAMILY HOUSING,HIS000101,21.4435,-157.777194,Facility,NA,NPDES
HILTON HAWAIIAN VILLAGE (SEE FIGURE 1),HIS000104,19.921972,-155.886972,Facility,NA,NPDES
LANIHAU CENTER PHASE II EXPANSION PROJECT,HIS000105,19.636111,-155.9925,Facility,NA,NPDES
PALAMANUI - PHASE I PROJECT,HIS000110,19.749722,-156.0275,Facility,NA,NPDES
"KALOKO LIGHT INDUSTRIAL SUBDIVISION, PHASE III",HIS000112,19.692538,-156.017101,Facility,NA,NPDES
SHERATON KAUAI POIPU BEACH VILLAS & SHERATON HOTEL RENOVATION,HIS000123,21.876666,-159.464444,Facility,NA,NPDES
"WB KD ACQUISITION, LLC",HIS000124,19.851,-155.965083,Facility,NA,NPDES
HINALANI STREET 1.0 MILLION GALLON RESERVOIR & TRANSMISSION WATERLINE; DWS JOB N,HIS000126,19.685305,-156.035141,Facility,NA,NPDES
ROADWAY IMPROVEMENTS - KANEOHE BAY DRIVE,HIS000127,21.419721,-157.764722,Facility,NA,NPDES
KAUNAKAKAI FIRE STATION,HIS000130,21.083333,-157.013611,Facility,NA,NPDES
KAWAINUI MARSH,HIS000137,21.383888,-157.760555,Facility,Municipality,NPDES
NAPILI COAST STATE WILDERNESS PARK,HIS000138,22.172111,-159.660889,Facility,NA,NPDES
ANE KEOHOKALOLE HIGHWAY,HIS000141,19.645555,-156.015277,Facility,NA,NPDES
"KUHIO HIGHWAY SHORT-TERM IMPROVEMENTS KUAMOO ROAD TO TEMPORARY BYPASS ROAD, KUHI",HIS000142,22.045833,-159.337221,Facility,Municipality,NPDES
"FY08 MCON, P-749 & P-750, BACHELOR ENLISTED QUARTERS, MCB HAWAII, KANEOHE",HIS000143,21.44036,-157.75325,Facility,NA,NPDES
KIILAE FARMS,HIS000144,19.4075,-155.904722,Facility,NA,NPDES
"REPLACE EFFLUENT PIPELINE TO KAILUA WWTP, MARINE CORPS BASE HAWAII, KANEOHE BAY",HIS000145,21.430226,-157.753462,Facility,NA,NPDES
KEALIA POND NATIONAL WILDLIFE REFUGE HEADQUARTERS/VISITOR CENTER BLDG.,HIS000150,20.78585,-156.46179,Facility,NA,NPDES
KALOKO HOUSING PROJECT,HIS000156,19.684999,-156.022499,Facility,NA,NPDES
SADDLE ROAD MP 5.6 TO MP 11,HIS000157,19.7,-155.215555,Facility,NA,NPDES
"ALII KAI SUBDIVISION, NEW PARK DEVELOPMENT",HIS000160,19.609444,-155.979443,Facility,NA,NPDES
KAWAIHAE RESTAURANT,HIS000165,20.040277,-155.832499,Facility,NA,NPDES
SOUTH KONA POLICE STATION,HIS000166,19.475554,-155.919721,Facility,NA,NPDES
PILI MAI AT POIPU (1),HIS000167,21.874758,-159.4584,Facility,Federal Facility (U.S. Government),NPDES
OUTDOOR RECREATION EQUIPMENT CENTER,HIS000170,21.438333,-157.764166,Facility,NA,NPDES
"HI1120 REPAIR 3RD STREET TF-1, TRAFFIC SIGNALS AND INTERSECTION UPGRADES",HIS000171,21.436666,-157.758333,Facility,NA,NPDES
HI 1116M REPAIR REED AND REEVES ROADS,HIS000174,21.444166,-157.777499,Facility,NA,NPDES
"COUNTY OF KAUA`I DEPARTMENT OF WATER JOB NO. 02-16, WK-36",HIS000178,22.046287,-159.339444,Facility,Municipal or Water District,NPDES
KOKEE/WAIMEA CANYON STATE PARK WATER SYSTEM IMPROVEMENTS,HIS000181,21.96552,-159.35546,Facility,Municipal or Water District,NPDES
"P-816 WATERFRONT OPERATIONS FACILITY, MARINE CORPS BASE HAWAII (MCBH), KANEOHE B",HIS000183,21.449444,-157.776667,Facility,Federal Facility (U.S. Government),NPDES
WAILUA HOUSELOTS MAIN REPLACEMENT - PHASE I,HIS000215,21.96552,-159.35546,Facility,Municipal or Water District,NPDES
TOKAI UNIVERSITY PACIFIC CENTER,HIS000218,21.356667,-158.060278,Facility,Privately Owned Facility,NPDES
"KAMEHAMEHA HIGHWAY RESURFACING, VICINITY OF KA UKA BOULEVARD TO VICINITY OF WAIH",HIS000225,21.409167,-158.014444,Facility,Municipal or Water District,NPDES
KO OLINA MARINA,HIS000228,21.330278,-158.116944,Facility,Privately Owned Facility,NPDES
PIER 31 SHED DEMOLITION,HIS000231,21.313383,-157.872739,Facility,Municipal or Water District,NPDES
KEHALANI VILLAGE CENTER FOODLAND,HIS000253,20.872222,-156.502778,Facility,Privately Owned Facility,NPDES
RUNWAY 26L PAVEMENT IMPROVEMENTS AT HONOLULU INTERNATIONAL AIRPORT,HIS000256,21.310556,-157.916944,Facility,Federal Facility (U.S. Government),NPDES
NAVY REGION HAWAII MS4,HIS000257,21.347193999999998,-157.943556,Facility,Federal Facility (U.S. Government),NPDES
PONOHOLO RANCH LIMITED (BLACK POINT),HIS000284,20.073608,-155.855719,Facility,Privately Owned Facility,NPDES
REPAVE BOLE LOOP AT JOINT BASE PEARL HARBOR-HICKAM,HIS000285,21.35293,-157.93873,Facility,Federal Facility (U.S. Government),NPDES
"LAWRENCE ROAD REPAIRS AT MARINE CORPS BASE, HAWAII [MCBH], KANEOHE BAY",HIS000293,21.447222,-157.748611,Facility,Federal Facility (U.S. Government),NPDES
KAPOLEI INTERCHANGE COMPLEX PHASE 2,HIS000295,21.295532,-158.086352,Facility,Municipal or Water District,NPDES
HANALEI STREAMBANK RESTORATION,HIS000296,22.187,-159.464,Facility,Municipal or Water District,NPDES
TEMPORARY RETENTION BASIN / KAPOLEI HARBORSIDE CHANNEL - PHASE 2,HIS000298,21.3142,-158.1189,Facility,Privately Owned Facility,NPDES
EWA GOLF ESTATES,HIS000302,21.335833,-158.040556,Facility,Privately Owned Facility,NPDES
REPAIR AND REPAVE CENTER STREET,HIS000303,21.516389,-158.001111,Facility,Federal Facility (U.S. Government),NPDES
PUUNENE SHOPPING CENTER,HIS000305,20.874711,-156.457119,Facility,Privately Owned Facility,NPDES
LALAMILO HOUSING PHASE 1 - KAWAIHAE ROAD IMPROVEMENTS,HIS000307,20.027,-155.709233,Facility,Municipal or Water District,NPDES
KEAUKAHA MILITARY RESERVATION YOUTH CHALLENGE ACADEMY BUILDING 621 RENOVATION,HIS000312,19.724454,-155.062387,Facility,Municipal or Water District,NPDES
"MEHANA AT KAPOLEI, PHASE 4 ARTERIAL ROADWAYS",HIS000314,21.295833,-158.086389,Facility,Privately Owned Facility,NPDES
"MEHANA AT KAPOLEI, PHASE 4 MASS GRADING",HIS000315,21.295833,-158.086389,Facility,Privately Owned Facility,NPDES
"HAWAII BELT ROAD, REHABILITATION OF UMAUMA STREAM BRIDGE",HIS000317,19.906292,-155.139561,Facility,Municipal or Water District,NPDES
"MEHANA AT KAPOLEI, PHASE 5 MASS GRADING",HIS000323,21.295833,-158.086389,Facility,Privately Owned Facility,NPDES
"MEHANA AT KAPOLEI, ARTERIAL ROADWAYS PHASE 5",HIS000325,21.295833,-158.086389,Facility,Privately Owned Facility,NPDES
"KAPIOLANI STREET EXTENSION, LANIKAULA STREET TO MOHOULI STREET PROJECT",HIS000326,19.708267,-155.081474,Facility,Municipal or Water District,NPDES
PANIOLO AVENUE EXTENSION INTERIM ROADWAY,HIS000330,19.958583,-155.788992,Facility,Privately Owned Facility,NPDES
HPPOA PAVING PROJECT-PHASE V,HIS000331,19.600757,-154.943445,Facility,Privately Owned Facility,NPDES
HEEWAI MAUKA TRAIL EXPANSION,HIS000332,19.828661,-155.681045,Facility,Federal Facility (U.S. Government),NPDES
"REHABILITATION OF STREETS, UNIT 71",HIS000338,21.285556,-157.716389,Facility,Municipal or Water District,NPDES
MAUI LANI PHASE 6 SUBDIVISION,HIS000340,20.866937,-156.482928,Facility,Privately Owned Facility,NPDES
BOQ REHABILITATION,HIS000352,21.296332,-158.084024,Facility,Privately Owned Facility,NPDES
MANUHONUHONOU BORROW SITE,HIS000355,21.904,-159.487,Facility,Privately Owned Facility,NPDES
KA MALANAI - PHASE 2,HIS000356,21.388333,-157.737778,Facility,Privately Owned Facility,NPDES
KAPOLEI CITY URBAN CORE 8 ROADS,HIS000357,21.295722,-158.086417,Facility,Privately Owned Facility,NPDES
"WAILEA ALANUI DRIVE, OKOLANI DRIVE TO WAILEA IKE DRIVE AND WAILEA IKE DRIVE, PII",HIS000358,20.697222,-156.439167,Facility,Municipal or Water District,NPDES
NAALEHU WASTEWATER COLLECTION SYSTEM,HIS000359,19.057463,-155.553499,Facility,Municipal or Water District,NPDES
VARONA VILLAGES - LCC REPLACEMENT PROJECT,HIS000361,21.334619,-158.040303,Facility,Municipal or Water District,NPDES
RUNWAY SAFETY AREA (RSA) IMPROVEMENTS AT LANAI AIRPORT,HIS000362,20.785556,-156.953611,Facility,Municipal or Water District,NPDES
KIKIAOLA SMALL BOAT HARBOR SAND BY-PASS SYSTEM,HIS000366,21.961495,-159.697591,Facility,Municipal or Water District,NPDES
"KALANIANAOLE HIGHWAY IMPROVEMENTS, PHASE 1",HIS000367,21.34808,-157.72313,Facility,Municipal or Water District,NPDES
ALA IMUA MALAKOLE ASPHALT PLANT,HIS000368,21.295767,-158.086406,Facility,Privately Owned Facility,NPDES
"LALAMILO HOUSING PHASE 2A, INCREMENT 1 AND LALAMILO HOUSING PHASE 2A, KAWAIHAE R",HIS000369,20.020555,-155.701388,Facility,Municipal or Water District,NPDES
FLEET SERVICES LOT,HIS000370,21.29722,-157.81389,Facility,Municipal or Water District,NPDES
URBAN CLOSE AIR SUPPORT (UCAS) AND AVIATION BULLS-EYE RANGE,HIS000378,19.836667,-155.732778,Facility,Federal Facility (U.S. Government),NPDES
MAMALAHOA HIGHWAY BYPASS ROAD AND NAPOOPOO ROAD/MAMALAHOA HIGHWAY INTERSECTION I,HIS000380,19.507056,-155.951142,Facility,Municipal or Water District,NPDES
MIKI BASIN 16-INCH OFFSITE WATER LINE,HIS000382,20.78866,-156.933631,Facility,Privately Owned Facility,NPDES
BALDWIN AVENUE PAVEMENT REHABILITATION (FROM MAKAWAO AVENUE TO HALIIMAILE ROAD),HIS000383,20.86778,-156.31083,Facility,Municipal or Water District,NPDES
MIKI BASIN WAREHOUSE,HIS000384,20.79,-156.94,Facility,Privately Owned Facility,NPDES
AIRPORT ACCESS ROAD TO HANA HIGHWAY,HIS000386,20.897592,-156.447453,Facility,Municipal or Water District,NPDES
"REHABILITATION OF LOCALIZED STREETS, PHASE 11A",HIS000387,21.28635,-157.754638,Facility,Municipal or Water District,NPDES
KUKUIULA PARCEL FF AKA CLUB BUNGALOWS AT KUKUIULA,HIS000389,21.888707,-159.47914,Facility,Privately Owned Facility,NPDES
WAILEA SF-11 CONDOMINIUM,HIS000390,20.684167,-156.436389,Facility,Privately Owned Facility,NPDES
SPECIAL OLYMPICS HAWAII,HIS000391,21.306213,-158.028475,Facility,Privately Owned Facility,NPDES
KAPOLEI WEST MASS GRADING PLAN (PHASE I),HIS000393,21.33,-158.12,Facility,Privately Owned Facility,NPDES
NDWP DH SITE IMPROVEMENTS/NDWP DH COMMUTER TERMINAL,HIS000394,21.327844,-157.899031,Facility,State Government,NPDES
"INTERSTATE ROUTE H-3, H-3 FINISH, UNIT VIIC",HIS000396,21.37642,-157.90834,Facility,State Government,NPDES
GRAND ISLANDER,HIS000398,21.283516,-157.839481,Facility,Privately Owned Facility,NPDES
"WAINANI ESTATES ELUA, SUBDIVISION NO. 2004-0178",HIS000403,19.720859,-156.008623,Facility,Privately Owned Facility,NPDES
KEHALANI MAUKA PARK,HIS000404,20.881321,-156.507765,Facility,Municipality,NPDES
HONOLULU COMMUNITY COLLEGE ADVANCED TECHNOLOGY TRAINING CENTER,HIS000405,21.323125,-157.871303,Facility,Municipal or Water District,NPDES
CENTRAL MAUI REGIONAL PARK,HIS000406,20.862541,-156.48782,Facility,State Government,NPDES
ROADWAY IMPROVEMENTS AND CONSOLIDATED CAR RENTAL (CONRAC) FACILITY KAHULUI AIRPO,HIS000412,20.892,-156.441314,Facility,State Government,NPDES
"REPAVE RADFORD DRIVE, BOUGAINVILLE DRIVE, AND DEHAVEN STREET",HIS000423,21.3528,-157.9286,Facility,Federal Facility (U.S. Government),NPDES
LODGE AT KOELE GOLF COURSE RENOVATION GRADING & DRAINAGE IMPROVEMENTS,HIS000424,20.83385,-156.91524,Facility,Privately Owned Facility,NPDES
KEHALANI OFFSITE DRAINAGE SYSTEM (R/C INLET SPILLWAY AND STILLING BASIN),HIS000426,20.85169,-156.49688,Facility,Privately Owned Facility,NPDES
PUHI ROAD REHABILITATION,HIS000428,21.95852,-159.39106,Facility,Municipal or Water District,NPDES
THIRTY METER TELESCOPE (TMT) OBSERVATORY,HIS000431,19.711944,-155.3075,Facility,Privately Owned Facility,NPDES
"KAMEHAMEHA HIGHWAY RESURFACING, DAIRY ROAD TO LAIEWAI BRIDGE",HIS000436,21.67251,-157.94109,Facility,State Government,NPDES
EVANS RESIDENCE,HIS000446,20.622756,-156.440008,Facility,Privately Owned Facility,NPDES
KIILAE FARMS (1),HIS000458,19.407451,-155.906063,Facility,Privately Owned Facility,NPDES
"FARRINGTON HIGHWAY RESURFACING, VICINITY OF KILI DRIVE TO SATELLITE TRACKING STA",HIS000462,21.47723,-158.21997,Facility,State Government,NPDES
MANELE QUARRY STOCKPILE,HIS000463,20.737628,-156.914553,Facility,Privately Owned Facility,NPDES
KONA JUDICIARY,HIS000465,19.643056,-156.009722,Facility,Municipality,NPDES
MILITARY CONSTRUCTION PROJECTS P-907 MV-22 PARKING APRON/INFRASTRUCTURE AND P-90,HIS000466,21.443578,-157.777092,Facility,Federal Facility (U.S. Government),NPDES
"REHABILITATION OF LOCALIZED STREETS, PHASE 13A",HIS000469,21.395211,-157.792792,Facility,Municipality,NPDES
"REHABILITATION OF LOCALIZED STREETS, PHASE 13D",HIS000470,21.49404,-157.851874,Facility,Municipality,NPDES
"REHABILITATION OF LOCALIZED STREETS, PHASE 13H, KANEOHE AREA",HIS000471,21.403937,-157.808179,Facility,Municipality,NPDES
MAUNA KEA RECREATION AREA IMPROVEMENTS,HIS000472,19.749771,-155.528279,Facility,Municipal or Water District,NPDES
KUAWA STREET NEW SPORTS FIELDS DEVELOPMENT,HIS000473,19.72174,-155.070238,Facility,Municipal or Water District,NPDES
"HI1126M -REPAIRS TO MOTORCYCLE TRAINING COURSE, FACILITY 6707 (WR 171171)",HIS000474,21.456756,-157.771096,Facility,Federal Facility (U.S. Government),NPDES
MAUNA KEA PHASE 1 INGRESS/EGRESS,HIS000476,19.722127,-155.331091,Facility,State Government,NPDES
"FISCAL YEAR 2014 MILITARY CONSTRUCTION PROJECT (MCON) P-884, AVIATION SIMULATOR",HIS000479,21.444167,-157.736389,Facility,Federal Facility (U.S. Government),NPDES
"PRIVATIZATION OF FAMILY HOUSING FOR MARINE CORPS BASE HAWAII, PHASE 6 MOLOLANI L",HIS000481,21.435591,-157.757407,Facility,Federal Facility (U.S. Government),NPDES
"MOKAPU SADDLE ROAD REHABILITATION, NANAMOANA STREET TO ONEAWA STREET",HIS000482,21.4128,-157.77208,Facility,State Government,NPDES
FISCAL YEAR (FY) 2014 MILITARY CONSTRUCTION PROJECT (MCON) P-852 THIRD (3RD) RAD,HIS000484,21.435481,-157.747728,Facility,Federal Facility (U.S. Government),NPDES
"FISCAL YEAR 2014 (FY14) MILITARY CONSTRUCTION PROJECT (MCON) P-778, ARMORY ADDIT",HIS000487,21.443611,-157.750833,Facility,Federal Facility (U.S. Government),NPDES
FISCAL YEAR 2016 (FY16) MILITARY CONSTRUCTION PROJECT (MCON) P-8150 MEDICAL / DE,HIS000489,21.434842,-157.746215,Facility,Federal Facility (U.S. Government),NPDES
WAIKALUA BAYSIDE (1),HIS000490,21.414445,-157.787336,Facility,Privately Owned Facility,NPDES
FISCAL YEAR 2014 (FY14) MILITARY CONSTRUCTION PROJECT (MCON) P-863 AIRCRAFT MAIN,HIS000492,21.44025,-157.762425,Facility,Federal Facility (U.S. Government),NPDES
"REHABILITATION OF LOCALIZED STREETS, PHASE 18",HIS000493,21.575727,-158.120211,Facility,Municipal or Water District,NPDES
INTERSTATE ROUTE H-2 AND MOANALUA FREEWAY GUARDRAIL AND SHOULDER IMPROVEMENTS,HIS000494,21.48996,-158.02782,Facility,State Government,NPDES
HAWAIIAN SHORES COMMUNITY ASSOCIATION WATER SYSTEM IMPROVEMENTS,HIS000497,19.557421,-154.884278,Facility,Privately Owned Facility,NPDES
FISCAL YEAR (FY) 2015 P-924 ROAD AND INFRASTRUCTURE IMPROVEMENTS,HIS000498,21.436917,-157.746756,Facility,Federal Facility (U.S. Government),NPDES
FISCAL YEAR (FY) 2016 P-902 AIRFIELD LIGHTING MODERNIZATION,HIS000502,21.44358,-157.77711,Facility,Federal Facility (U.S. Government),NPDES
"DEMOLITION OF BUILDING 304 COMPLEX, BUILDING 301, AND SITE RESTORATION",HIS000505,21.2622,-157.8042,Facility,State Government,NPDES
FISCAL YEAR (FY) 2016 P-910 BACHELOR ENLISTED QUARTERS,HIS000506,21.437191,-157.76018,Facility,Federal Facility (U.S. Government),NPDES
P-116 P-8A DETACHMENT SUPPORT FACILITIES,HIS000507,21.444787,-157.777695,Facility,Federal Facility (U.S. Government),NPDES
"REHABILITATION OF LOCALIZED STREETS, PHASE 13G",HIS000510,21.410946,-157.815794,Facility,Municipal or Water District,NPDES
"REHABILITATION OF LOCALIZED STREETS, PHASE 13B",HIS000511,21.418051,-157.795073,Facility,Municipal or Water District,NPDES
WAIKOLOA RESERVOIR NO. 1 EARTHQUAKE REPAIRS,HIS000516,20.03815,-155.675448,Facility,Municipal or Water District,NPDES
"REHABILITATION OF STREETS, IDIQ4",HIS000517,21.382661,-157.763252,Facility,Municipal or Water District,NPDES
WAILOA RIVER STATE RECREATION AREA IMPROVEMENTS,HIS000520,19.720839,-155.071306,Facility,State Government,NPDES
"KEAAU-PAHOA ROAD SHOULER LANE CONVERSION, KEAAU BYPASS ROAD TO SHOWER DRIVE",HIS000521,19.623333,-154.947778,Permitted Feature,Municipality,NPDES
"KEAAU-PAHOA ROAD SHOULER LANE CONVERSION, KEAAU BYPASS ROAD TO SHOWER DRIVE",HIS000521,19.622778,-154.957778,Permitted Feature,Municipality,NPDES
"KEAAU-PAHOA ROAD SHOULER LANE CONVERSION, KEAAU BYPASS ROAD TO SHOWER DRIVE",HIS000521,19.622778,-154.957778,Facility,Municipality,NPDES
FISCAL YEAR (FY) 2016 P910 BACHELOR ENLISTED QUARTERS,HIS000522,21.442041,-157.751545,Facility,Federal Facility (U.S. Government),NPDES
"KAMEHAMEHA HIGHWAY REHABILITATION, VICINITY OF KAPUHI STREET TO DAIRY ROAD",HIS000523,21.6431,-158.0634,Facility,State Government,NPDES
FY17 MCON P-923 REGIMENTAL CONSOLIDATED COMM/ELEC FACILITY MARINE CORPS BASE HAW,HIS000525,21.434917,-157.745028,Facility,Federal Facility (U.S. Government),NPDES
HAPUNA RESIDENCES AT MAUNA KEA RESORT,HIS000527,19.995446,-155.826784,Facility,Privately Owned Facility,NPDES
WESTIN HAPUNA BEACH RESORT,HIS000528,19.994346,-155.82492,Facility,Privately Owned Facility,NPDES
FISCAL YEAR 2011 (FY11) MILITARY CONSTRUCTION PROJECT (MCON) P-816 WATERFRONT OP,HIS000529,21.449444,-157.776667,Facility,Federal Facility (U.S. Government),NPDES
HAWAII VISION SPECIALISTS,HIS000531,19.721111,-155.0803,Permitted Feature,Privately Owned Facility,NPDES
LONO KONA SEWER IMPROVEMENT,HIS000533,19.638828,-155.994156,Facility,Municipal or Water District,NPDES
"REHABILITATION OF KAMEHAMEHA HIGHWAY, UNIT 73B HE'EIA HARBOR TO HAIKU ROAD",HIS000539,21.428271,-157.763324,Facility,Municipality,NPDES
KAHANAHOU WASTEWATER PUMP STATION UPGRADE AND SEWER IMPROVEMENTS - PUMP STATION,HIS000542,21.423187,-157.788698,Facility,Municipality,NPDES
CULVERT REMEDIATION AT VARIOUS LOCATIONS ON OAHU,HIS000546,21.423821,-157.765442,Facility,State Government,NPDES
INSTALLATION OF FIRE HYDRANTS AT VARIOUS LOCATIONS,HIS000548,21.384657,-157.755807,Facility,Municipality,NPDES
P-887 LHD PAD CONVERSION & NEW MV-22 LANDING PADS,HIS000555,21.447784,-157.777402,Facility,Federal Facility (U.S. Government),NPDES
KANEOHE YACHT CLUB MAINTENANCE AREA,HIS000556,21.417558,-157.766283,Facility,Privately Owned Facility,NPDES
KANEOHE YACHT CLUB MAINTENANCE AREA,HIS000556,21.417558,-157.766283,Permitted Feature,Privately Owned Facility,NPDES
"WAIMEA RIVER MOUTH MAINTENANCE, WAIMEA, KAUAI, HAWAII",HIS000561,21.951672,-159.665592,Permitted Feature,State Government,NPDES
"WAIMEA RIVER MOUTH MAINTENANCE, WAIMEA, KAUAI, HAWAII",HIS000561,21.960324,-159.694485,Permitted Feature,State Government,NPDES
"WAIMEA RIVER MOUTH MAINTENANCE, WAIMEA, KAUAI, HAWAII",HIS000561,21.960324,-159.694485,Facility,State Government,NPDES
KONA JET CENTER,HIS000562,19.714832,-156.048786,Facility,Privately Owned Facility,NPDES
FY 19 MCON P-946 CORROSION CONTROL HANGAR & PARKING FACILITY,HIS000563,21.443557,-157.777187,Facility,Federal Facility (U.S. Government),NPDES
WIKI WIKI MARINE MART,HIS000564,21.437461,-157.750847,Facility,Privately Owned Facility,NPDES
HFFC LIHUE FUEL FACILITY,HIS000569,21.986944,-159.333333,Facility,Privately Owned Facility,NPDES
BYU HAWAII - SCIENCE & MATHEMATICS BUILDING,HIS000570,21.648611,-157.921944,Permitted Feature,Privately Owned Facility,NPDES
BYU HAWAII - SCIENCE & MATHEMATICS BUILDING,HIS000570,21.648611,-157.921944,Facility,Privately Owned Facility,NPDES
HAOULI STREET DRAINAGE BASIN & OUTLET REPAIR,HIS000572,20.794857,-156.506733,Permitted Feature,Municipal or Water District,NPDES
HAOULI STREET DRAINAGE BASIN & OUTLET REPAIR,HIS000572,20.794857,-156.506733,Facility,Municipal or Water District,NPDES
KALAELOA STORAGE YARDS PARCEL 17 PROJECT,HIS000573,21.300259,-158.052913,Permitted Feature,Privately Owned Facility,NPDES
KUHIO BEACH STUB GROIN EROSION MITIGATION,HIS000574,21.272992,-157.824141,Permitted Feature,State Government,NPDES
KUHIO BEACH STUB GROIN EROSION MITIGATION,HIS000574,21.274967,-157.825352,Permitted Feature,State Government,NPDES
KUHIO BEACH STUB GROIN EROSION MITIGATION,HIS000574,21.274967,-157.825352,Facility,State Government,NPDES
GIRL SCOUTS OF HAWAII PAUMALU LODGE,HIS000576,21.6573,-158.0183,Permitted Feature,Privately Owned Facility,NPDES
GIRL SCOUTS OF HAWAII PAUMALU LODGE,HIS000576,21.6573,-158.0183,Facility,Privately Owned Facility,NPDES
"MILCON P-402, UPGRADE TO POWER AND ELECTRIC DISTRIBUTION SYSTEM",HIS000578,22.133781,-159.732658,Facility,Federal Facility (U.S. Government),NPDES
"DELTA AIR LINES, INC.",HIS000580,21.330689,-157.907013,Facility,Privately Owned Facility,NPDES
KS KEAUHOU SHOPPING CENTER PARKING LOT,HIS000581,19.571111,-155.9675,Facility,Privately Owned Facility,NPDES
WEST HAWAII ORGANICS FACILITY,HIS000582,19.90092,-155.90171900000001,Permitted Feature,Municipal or Water District,NPDES
KAIMUKI PARKING LOT #2 IMPROVEMENTS,HIS000583,21.288169,-157.805555,Permitted Feature,Municipal or Water District,NPDES
LILIA WAIKIKI,HIS000584,21.279991,-157.823611,Permitted Feature,Privately Owned Facility,NPDES
LILIA WAIKIKI,HIS000584,21.279835,-157.823425,Permitted Feature,Privately Owned Facility,NPDES
LILIA WAIKIKI,HIS000584,21.279442,-157.822974,Permitted Feature,Privately Owned Facility,NPDES
LILIA WAIKIKI,HIS000584,21.279991,-157.823611,Facility,Privately Owned Facility,NPDES
RAIL STATION CONNECTIVITY FOR TRANSIT-ORIENTED-DEVELOPMENT WAIPAHU,HIS000590,21.383441,-158.006452,Facility,Municipality,NPDES
PACIFIC FLIGHT LLC,HIS000593,20.131301,-155.890998,Facility,Privately Owned Facility,NPDES
MANELE GOLF COURSE CART PATH RESTORATION PROJECT,HIS000597,20.73749,-156.90325,Facility,Privately Owned Facility,NPDES
WAIMANALO GULCH SANITARY LANDFILL (2),HIS000606,21.34795,-158.12547,Permitted Feature,Municipal or Water District,NPDES
NAALEHU QUARRY,HIS000618,19.03455,-155.596205,Facility,Privately Owned Facility,NPDES
HILO BOTANICAL GARDENS,HIU000105,19.73501,-155.037136,Facility,NA,NPDES
"ABC CONSTRUCTION, HILO",HIU000106,19.715107,-155.05068,Facility,NA,NPDES
HAWAII DEPT OF PUBLIC SAFETY,HIU000107,19.717868,-155.098411,Facility,NA,NPDES
WEST HAWAII UTILITIES,HIU000111,19.91828,-155.84382,Facility,NA,NPDES
1009 MAUNAWILI ROAD,HIU000201,21.370623,-157.765016,Facility,NA,NPDES
1011 A MAUNAWILI ROAD,HIU000202,21.370484,-157.765059,Facility,NA,NPDES
2122 KALENA DR. (HCDCH),HIU000204,21.97098,-159.36602,Facility,NA,NPDES
2427 PALOLO AVENUE (COMPLAINT),HIU000205,21.306284,-157.789286,Facility,NA,NPDES
3923 WAIALAE AVE.,HIU000207,21.279655,-157.793133,Facility,NA,NPDES
ATLANTIS SUBMARINES,HIU000211,20.872414,-156.677485,Facility,NA,NPDES
AUHUHU STREET,HIU000212,21.42473,-157.95489,Facility,NA,NPDES
BUZZS WHARF,HIU000218,20.878036,-156.682092,Facility,NA,NPDES
BWS NUUANU WATER LINE PROJECT,HIU000220,21.31652,-157.8558,Facility,NA,NPDES
CONTRACTORS EQUIPMENT CORP,HIU000223,21.337755,-157.900138,Facility,NA,NPDES
CUTTER ALA MOANA,HIU000225,21.295966,-157.85995,Facility,NA,NPDES
DREAM CRUISES HAWAII,HIU000235,21.296615,-157.857042,Facility,NA,NPDES
EWA BY GENTRY,HIU000237,21.314088,-157.869029,Facility,NA,NPDES
GENTRYS WOODBRIDGE (EWA BEACH),HIU000240,21.33608,-158.01933,Facility,NA,NPDES
HAGADONE PRINTING COMPANY,HIU000243,21.325886,-157.886479,Facility,NA,NPDES
HAWAII KAI GRADING COMPLAINT,HIU000244,21.27653,-157.68753,Facility,NA,NPDES
HAWAII METAL RECYCLING,HIU000245,19.701237,-155.066034,Facility,NA,NPDES
HIANG MATES,HIU000249,21.295421,-157.858766,Facility,NA,NPDES
HPD TRAINING FACILITY,HIU000251,21.3019,-157.86327,Facility,NA,NPDES
HT&T CO. INC.,HIU000252,19.728756,-155.051524,Facility,NA,NPDES
J&J LIVESTOCK,HIU000255,21.412509,-158.15161,Facility,NA,NPDES
JAMES CAMPBELL,HIU000256,21.334602,-158.08134,Facility,NA,NPDES
KAHALA SAW CUT COMPLAINT,HIU000258,21.26215,-157.7872,Facility,NA,NPDES
KAHANA SUNSET CONDOMINUMS,HIU000260,21.46732,-158.02722,Facility,NA,NPDES
KAHEWAI PARK (NORTH SHORE),HIU000261,21.31197,-157.80719,Facility,NA,NPDES
KALAKAUA AVENUE BRIDGE,HIU000266,21.29508,-157.83687,Facility,NA,NPDES
KAMAKEE STREET COMPLAINT,HIU000269,21.29455,-157.85176,Facility,NA,NPDES
KANEOHE PS,HIU000270,21.395726,-157.797417,Facility,NA,NPDES
KANEOHE STREAM BRIDGE,HIU000272,21.420637,-157.763702,Facility,NA,NPDES
KEWALO BASIN DIESEL SPILL,HIU000281,21.297116,-157.854902,Facility,NA,NPDES
KIBUN FOODS,HIU000282,21.297641,-157.857048,Facility,NA,NPDES
KILIHAU COMPLAINT,HIU000283,21.33533,-157.89656,Facility,NA,NPDES
KUMU CORPORATION,HIU000284,21.294331,-157.840394,Facility,NA,NPDES
LA MARIANA SAILING CLUB,HIU000286,21.320983,-157.891342,Facility,NA,NPDES
LAHAINA WATER TREATMENT PLANT,HIU000287,20.94262,-156.68911,Facility,NA,NPDES
M.S. BREMEN CRUISE SHIP,HIU000290,21.295421,-157.858766,Facility,NA,NPDES
MANUWAI CULVERT STORMWTR RECON,HIU000291,21.295421,-157.858766,Facility,NA,NPDES
MOUNTAIN VIEW DAIRY,HIU000294,21.295421,-157.858766,Facility,NA,NPDES
NOAA (KEWALO BASIN),HIU000295,21.295421,-157.858766,Facility,NA,NPDES
NORWEGIAN CRUISE LINE,HIU000296,21.295421,-157.858766,Facility,NA,NPDES
NORWEGIAN WIND,HIU000297,21.295421,-157.858766,Facility,NA,NPDES
NUUANU DUMPING,HIU000298,21.295421,-157.858766,Facility,NA,NPDES
OAHU SUISAN SHRIMP FARM,HIU000299,21.295421,-157.858766,Facility,NA,NPDES
OCEANIC INSTITUTE,HIU000300,21.295421,-157.858766,Facility,NA,NPDES
OPERATING ENGINEERS,HIU000301,21.295421,-157.858766,Facility,NA,NPDES
ORMITA PIG FARM,HIU000302,21.295421,-157.858766,Facility,NA,NPDES
PEARL HARBOR FED CREDIT UNION,HIU000304,21.35094,-157.94599,Facility,NA,NPDES
PFLUEGER PROPERTIES - KALOKO,HIU000305,19.6892,-156.02081,Facility,NA,NPDES
PHAM AND ASSOC. NAV,HIU000306,21.419893,-157.791341,Facility,NA,NPDES
RESOURCE RECOVERY,HIU000313,21.295421,-157.858766,Facility,NA,NPDES
RICHARDS CHEVRON SERVICE,HIU000314,21.320248,-157.85233,Facility,NA,NPDES
MAUI EKO SYSTEMS,HIU000321,20.88069,-156.46246,Facility,NA,NPDES
HDOT CASTLE JCT PROJECT,HIU000322,21.402855,-157.799637,Facility,NA,NPDES
SUISAN FISH MARKET,HIU000325,19.724374,-155.070048,Facility,NA,NPDES
SUNSET BEACH SEPTIC SYSTEM,HIU000327,21.295421,-157.858766,Facility,NA,NPDES
THE PENINSULA AT HAWAII KAI,HIU000328,21.287197,-157.697131,Facility,NA,NPDES
TRANS HAWAIIAN COMPANY,HIU000329,21.316267,-157.870273,Facility,NA,NPDES
UH AGRICULTURAL RESEARCH STA,HIU000330,21.307203,-157.810192,Facility,NA,NPDES
UNISYN,HIU000331,21.295421,-157.858766,Facility,NA,NPDES
UNITED FISHING AGENCY,HIU000332,21.292269,-157.860707,Facility,NA,NPDES
WAIHUNA VILLAGE,HIU000338,21.295421,-157.858766,Facility,NA,NPDES
WEINBERG VILLAGE WAIMANALO,HIU000342,21.348678,-157.724459,Facility,NA,NPDES
YEE HOP PROPERTY MIDDLE STREET,HIU000346,21.312476,-157.863968,Facility,NA,NPDES
KAINEHE-HAMAKUA-KEOLU,HIU000347,21.295421,-157.858766,Facility,NA,NPDES
KAINEHE-HAMAKUA,HIU000352,21.295421,-157.858766,Facility,NA,NPDES
UNNAMED STREAM,HIU000356,21.295421,-157.858766,Facility,NA,NPDES
HAWAII LOA RIDGE-595 MOANIALA,HIU000358,21.295421,-157.858766,Facility,NA,NPDES
"AY INVESTMENTS, INC.",HIU000359,21.295421,-157.858766,Facility,NA,NPDES
EDWIN LAU PROPERTY,HIU000360,21.295421,-157.858766,Facility,NA,NPDES
KITIGAWA'S TOWING-HOBRON,HIU000366,20.891833,-156.460028,Facility,NA,NPDES
CENTEX HOMES - KO OLINA KAI,HIU001003,21.341836,-158.118493,Facility,NA,NPDES
KAPAA SANITARY LANDFILL,HIU001006,21.393028,-157.749676,Facility,NA,NPDES
PEARL HARBOR BRAVO PIER,HIU001008,21.35094,-157.94599,Facility,NA,NPDES
110 HAWAII LOA STREET,HIU001011,21.280785,-157.742948,Facility,NA,NPDES
2 LUMAHAI STREET,HIU001012,21.260102,-157.70704,Facility,NA,NPDES
SPEED STOP,HIU001013,21.390804,-158.033633,Facility,NA,NPDES
HILTON HAWAIIAN VILLAGE LAGOON,HIU001021,21.28502,-157.8382,Facility,NA,NPDES
HILTON HAWAIIAN VILLAGE WAKIKIAN DEVELOPMENT,HIU001022,21.28502,-157.8382,Facility,NA,NPDES
3484 KAHAWALU DRIVE,HIU001024,21.342522,-157.826525,Facility,NA,NPDES
932 WARD AVENUE BUILDING - HONOLULU CLUB,HIU001026,21.301323,-157.850709,Facility,NA,NPDES
HK CONSTRUCTION SITE,HIU001031,21.343632,-157.829092,Facility,NA,NPDES
KOOLAU CENTER,HIU001032,21.43657,-157.83078,Facility,NA,NPDES
KANEOHE YACHT CLUB,HIU001034,21.416861,-157.764694,Facility,NA,NPDES
VIRGIL PLACE PROPERTY,HIU001041,20.070583,-155.849928,Facility,NA,NPDES
DOT HIGHWAYS PUU KAMALII STREAM SITE,HIU001042,19.52026,-155.05241,Facility,NA,NPDES
"SAUSE BROS., INC. - PIERS 27 AND 28",HIU001047,21.313828,-157.871918,Facility,NA,NPDES
LILI LAUNDRY,HIU001053,20.886082,-156.457582,Facility,NA,NPDES
"HERMAN'S REPAIRS, AUTO WRECKING AND TOWING",HIU001058,20.894167,-156.29275,Facility,NA,NPDES
KAPAA QUARRY ROAD,HIU001066,21.391569,-157.76406,Facility,NA,NPDES
2315 & 2319 HALAKAU STREET,HIU001069,21.297092,-157.764175,Facility,NA,NPDES
WAIKALANI WOODLANDS,HIU001083,21.47358,-158.01709,Facility,NA,NPDES
THE KNG GROUP,HIU001085,21.51727,-157.83727,Facility,NA,NPDES
HAWAIIN MEMORIAL PARK CEMETARY,HIU001086,21.389441,-157.794586,Facility,NA,NPDES
CCH DIV. OF ROAD MAINT.,HIU001098,21.391569,-157.76406,Facility,NA,NPDES
RHS LEE FACILITY,HIU001104,21.41119,-157.97248,Facility,NA,NPDES
TOKUNAGA MASONRY,HIU001105,21.41119,-157.97248,Facility,NA,NPDES
KATHRYN BAYNE PROPERTY,HIU001106,20.10012,-155.7898,Facility,NA,NPDES
PUU KAMALII STREAM REPAIR,HIU001107,20.0915,-155.86848,Facility,NA,NPDES
"RIGHTSTAR HAWAII MANAGEMENT, INC.",HIU001140,21.433766,-157.824297,Facility,NA,NPDES
BRENDAN CASEY PROPERTY,HIU001158,20.86271,-156.51837,Facility,NA,NPDES
ORCHIDLAND SUBDIVISION,HIU001162,19.59102,-155.04698,Facility,NA,NPDES
LAI ROAD COMPLAINT,HIU001175,21.31989,-157.78297,Facility,NA,NPDES
PEARL CITY PENINSULA,HIU001182,21.3938,-157.96975,Facility,Federal Facility (U.S. Government),NPDES
KOKUA RECYCLE,HIU010008,21.280751,-157.799856,Facility,NA,NPDES
SER TRUCKING,HIU010037,21.463787,-158.162299,Facility,NA,NPDES
"POTENTIAL INDUSTRIAL ACTIVITIES AT 41-875 A KAKAINA STREET, WAIMANALO",HIU010044,21.340232,-157.73427,Facility,NA,NPDES
41-875 B KAKAINA STREET,HIU010045,21.340232,-157.73427,Facility,NA,NPDES
PETER KAMA/DEPENDABLE HAWAIIAN EXPRESS,HIU010050,21.31303,-157.87062,Facility,NA,NPDES
JAMES KAWAMURA/4060 HOOHANA ST.,HIU010051,21.993664,-159.354637,Facility,NA,NPDES
BRADLEY BRYSON/59-111 UMAUMALEI PL.,HIU010054,20.062574,-155.84853,Facility,NA,NPDES
"ALFRED WOODS/INSITUFORM TECHNOLOGIES, INC.",HIU010060,21.347658,-157.863113,Facility,NA,NPDES
THOMAS SANTOS/KALENA KUNDE,HIU010064,21.493038,-158.028485,Facility,NA,NPDES
ALA MOANA DRAINAGE CANAL WALLS,HIU010093,21.29161,-157.84993,Facility,NA,NPDES
CELLANA KONA PILOT FACILITY,HIU010097,19.73356,-156.0399,Facility,NA,NPDES
ANDY WALTERS PROPERTY,HIU010098,21.310485,-158.012585,Facility,NA,NPDES
DANIEL CHARTRAND PROPERTY,HIU010102,22.055365,-159.38686,Facility,NA,NPDES
DONALD FUJIMOTO NAV,HIU010103,22.19553,-159.42901,Facility,NA,NPDES
HI INTERGENERATIONAL COMMUNITY DEVELOPMENT,HIU010109,21.29228,-157.6999,Facility,NA,NPDES
RENO HENRIQUES PROPERTY/PROJECT,HIU010112,21.46217,-157.84866,Facility,NA,NPDES
THE PLAZA MILILANI CONSTRUCTION SITE,HIU010121,21.46939,-158.00442,Facility,NA,NPDES
PEARL CITY TIRE SITE,HIU010123,21.497493,-158.0299,Facility,NA,NPDES
LAUWILIWILI STREET COMPLAINT,HIU010138,21.31944,-158.09004,Facility,NA,NPDES
900 NORTH NIMITZ HIGHWAY,HIU010149,21.315298,-157.874269,Facility,NA,NPDES
STREAM AT 49-207 A KAMEHAMEHA HIGHWAY,HIU010156,21.509694,-157.853974,Facility,NA,NPDES
CESSPOOL AT 47-726 A KAALAEA ROAD,HIU010157,21.467342,-157.845151,Facility,NA,NPDES
BALDWIN BEACH PARK,HIU010165,20.90107,-156.3697,Facility,NA,NPDES
KAHANA VALLEY STATE PARK,HIU010168,21.54706,-157.8837,Facility,NA,NPDES
85-443 A-1 WAIANAE VALLEY ROAD,HIU010173,21.447156,-158.179977,Facility,NA,NPDES
3033 B KALAKAUA AVENUE,HIU010181,21.259369,-157.818912,Facility,NA,NPDES
BRUNO'S AUTO BODY AND COLLISION LLC,HIU010184,21.919386,-159.506707,Facility,NA,NPDES
KAILUA BEACH,HIU010197,21.39376,-157.74439,Facility,NA,NPDES
HAWAII KAI DOG PARK DUMPING COMPLAINT,HIU010198,21.29228,-157.6999,Facility,NA,NPDES
BISHOP STREET,HIU010217,21.30801,-157.86218,Facility,NA,NPDES
NAMOKU STREET COMPLAINT,HIU010229,21.40557,-157.78388,Facility,NA,NPDES
95-1153 AHOKA STREET,HIU010237,21.482084,-157.983546,Facility,NA,NPDES
"VACANT LOT ON LAUWILIWILI ST., TMK 9-1-075:035",HIU010244,21.31944,-158.09004,Facility,NA,NPDES
PUNALUU VALLEY ROAD STREAM MOUTH OPENING,HIU010246,21.304104,-157.855049,Facility,NA,NPDES
AHUI STREET DRILLING SITE,HIU010254,21.29425,-157.85962,Facility,NA,NPDES
WAHIAWA RESERVOIR,HIU010258,21.5,-158.05,Facility,NA,NPDES
UNIDENTIFIED PROPERTY SOUTH OF 98-107 KAMEHAMEHA HIGHWAY,HIU010266,21.383139,-157.945752,Facility,NA,NPDES
1059 MAUNANANI STREET,HIU010286,21.293342,-157.683219,Facility,NA,NPDES
MR. AHUNA,HIU010292,21.344415,-157.723315,Facility,NA,NPDES
PACIFIC ASIA CHRISTIAN UNIVERSITY (UNIVERSITY OF THE NATIONS),HIU010304,19.640884,-155.994105,Facility,NA,NPDES
WILLIAM SANCHEZ,HIU010306,22.06564,-159.36346,Facility,NA,NPDES
94-1100 KUNIA ROAD (TMK 92004013),HIU010307,21.390352,-158.035341,Facility,NA,NPDES
NUUANU STREAM,HIU010308,21.32,-157.86,Facility,NA,NPDES
KAHALA BEACH,HIU010317,21.271535,-157.772595,Facility,NA,NPDES
EWA BEACH COMMUNITY PARK CANAL,HIU010350,21.314411,-158.006761,Facility,NA,NPDES
ORDY POND,HIU010357,21.307433,-158.052098,Facility,NA,NPDES
KAPALAMA DRAINAGE CANAL,HIU010358,21.32,-157.87,Facility,NA,NPDES
ELM STREET SEWER LINE,HIU010380,21.299399,-157.845925,Facility,NA,NPDES
CANDYLAND RANCH,HIU010396,21.55,-158.15,Facility,NA,NPDES
BLACK POINT POOL,HIU010402,21.2564,-157.7908,Facility,NA,NPDES
ALA WAI SMALL BOAT HARBOR,HIU010417,21.286462,-157.839592,Facility,NA,NPDES
"MATSON TERMINALS, INC.",HIU010449,21.32447,-157.89022,Facility,NA,NPDES
PENN PROPERTY,HIU010460,19.711186,-155.116847,Facility,NA,NPDES
WAILEA RESIDENCE INN,HIU010462,20.686814,-156.433439,Facility,NA,NPDES
"DAVID SINGER WAIEHU, MAUI",HIU010474,20.904917,-156.515889,Facility,NA,NPDES
DRAINAGE CANAL TO ULEHAWA STREAM AT MAALOA STREET,HIU010483,21.38981,-158.152538,Facility,NA,NPDES
HAZEL GROVE RESIDENCE,HIU010533,21.370731,-157.743347,Facility,NA,NPDES
SONG RESIDENCE,HIU010534,21.370731,-157.743347,Facility,NA,NPDES
TAUFA PROPERTY,HIU010556,21.646684,-157.924011,Facility,NA,NPDES
MOLOKAI BASEYARD IMPROVEMENTS 2,HIU010564,21.110278,-157.056944,Facility,NA,NPDES
28-2695 AND 2691KAHALONO ROAD,HIU010589,19.844496,-155.14995,Facility,NA,NPDES
