cluster_label,island,log_cesspool_density,log_dist_cesspool,log_dist_stream_mouth,log_discharge_cfs,pct_impervious,pct_agriculture,mean_slope_deg,log_ksat,log_dist_outfall,mean_gwetroot,log_cattle_km2
Marine background,Maui,1.5847291059107151,6.9749465285224606,6.070291499967684,2.4050941787658666,0.036223169416189194,0.3485491070896387,11.473700523376465,3.367295829986474,7.168987893548255,0.7621052631578947,4.0447999596148
Marine background,Maui,1.5847291059107151,6.673677162615148,6.780809292839341,2.4050941787658666,0.036223169416189194,0.3485491070896387,11.473700523376465,3.367295829986474,5.949607538430931,0.7621052631578947,4.0447999596148
Storm runoff,Maui,1.8034089325212008,4.446174454497633,8.132265205501833,6.306968477292998,0.13595305383205414,0.4264885485172272,8.111989974975586,4.532599493153256,5.588642494960321,0.7621052631578947,4.0447999596148
Nearshore enriched,Maui,0.10829243445747551,6.850443912269023,7.822125553929072,3.5520985479029457,0.05048634484410286,0.06700956076383591,15.42068862915039,1.529672944072827,3.700442671639888,0.7621052631578947,4.0447999596148
Nearshore enriched,Maui,0.10829243445747551,6.106354512981937,7.619711939982412,3.5520985479029457,0.05048634484410286,0.06700956076383591,15.42068862915039,1.529672944072827,5.36769722748958,0.7621052631578947,4.0447999596148
Nearshore enriched,Maui,2.9909724066044245,4.633757642840004,5.808113616498208,4.365438191188899,0.10499675571918488,0.0038044482935220003,6.99406623840332,2.1430030203728814,2.952556645794614,0.7621052631578947,4.0447999596148
Nearshore enriched,Maui,0.10829243445747551,6.795482036499351,7.772400994526283,3.5520985479029457,0.05048634484410286,0.06700956076383591,15.42068862915039,1.529672944072827,5.314580038370553,0.7621052631578947,4.0447999596148
Nearshore enriched,Maui,0.10829243445747551,5.337538079701318,7.518389848976493,3.5520985479029457,0.05048634484410286,0.06700956076383591,15.42068862915039,1.529672944072827,5.710193308478242,0.7621052631578947,4.0447999596148
Marine background,Maui,1.6511871814897232,5.645093478307522,6.439747872789981,3.5520985479029457,0.09855561703443527,0.2578757703304291,6.2193121910095215,2.667228206581955,6.0176542471282986,0.7621052631578947,4.0447999596148
Storm runoff,Maui,0.46887876756780467,6.8347543860976465,4.380528318037574,4.365438191188899,0.025437626987695694,5.033466368331574e-5,12.490714073181152,2.9826470339852036,3.5035518511424817,0.7621052631578947,4.0447999596148
Marine background,Maui,0.46887876756780467,6.134265345739653,6.119234178785501,4.365438191188899,0.025437626987695694,5.033466368331574e-5,12.490714073181152,2.9826470339852036,5.209992116563734,0.7621052631578947,4.0447999596148
Marine background,Maui,0.7000070940056472,4.356708826689592,4.105084215881992,4.365438191188899,0.046647630631923676,0.0025663371197879314,13.055168151855469,2.9826470339852036,6.233421672790625,0.7621052631578947,4.0447999596148
Nearshore enriched,Maui,0.14643867476456884,8.05623651480338,6.259960168700591,2.4050941787658666,0.00942244566977024,0.014937569882022217,19.59808349609375,3.1780538303479458,6.202816876388655,0.7621052631578947,4.0447999596148
Marine background,Maui,1.6511871814897232,5.552184090505087,6.953725594312354,3.5520985479029457,0.09855561703443527,0.2578757703304291,6.2193121910095215,2.667228206581955,4.128180807263708,0.7621052631578947,4.0447999596148
Nearshore enriched,Maui,1.6511871814897232,6.811684810231403,5.521167872385075,3.5520985479029457,0.09855561703443527,0.2578757703304291,6.2193121910095215,2.667228206581955,4.90316827564783,0.7621052631578947,4.0447999596148
Storm runoff,Maui,3.316557812571669,4.231203744939298,6.744900655360587,3.5520985479029457,0.06268250197172165,4.726367478724569e-6,9.090831756591797,2.667228206581955,6.729955405426764,0.7621052631578947,4.0447999596148
Nearshore enriched,Maui,1.8034089325212008,5.8664680569332965,6.646523670633727,6.306968477292998,0.13595305383205414,0.4264885485172272,8.111989974975586,4.532599493153256,6.813779530688875,0.7621052631578947,4.0447999596148
Nearshore enriched,Maui,0.5231184827379162,6.83979758579891,6.160160337777821,3.5520985479029457,0.16329514980316162,0.0015597434248775244,17.596988677978516,1.9563318444615498,5.411483231770108,0.7621052631578947,4.0447999596148
Nearshore enriched,Maui,1.6511871814897232,6.462873438510181,5.15735206245093,3.5520985479029457,0.09855561703443527,0.2578757703304291,6.2193121910095215,2.667228206581955,3.375105496673862,0.7621052631578947,4.0447999596148
Nearshore enriched,Maui,1.6511871814897232,4.911919321157098,7.194448841676766,3.5520985479029457,0.09855561703443527,0.2578757703304291,6.2193121910095215,2.667228206581955,4.459285601334369,0.7621052631578947,4.0447999596148
Nearshore enriched,Maui,1.6511871814897232,5.804833718725929,7.329135480752141,3.5520985479029457,0.09855561703443527,0.2578757703304291,6.2193121910095215,2.667228206581955,4.791951802935734,0.7621052631578947,4.0447999596148
Nearshore enriched,Maui,1.6511871814897232,6.772622604990641,4.823891959806424,3.5520985479029457,0.09855561703443527,0.2578757703304291,6.2193121910095215,2.667228206581955,4.669161690846441,0.7621052631578947,4.0447999596148
Storm runoff,Maui,1.6511871814897232,6.147399348728742,7.416205518106219,3.5520985479029457,0.09855561703443527,0.2578757703304291,6.2193121910095215,2.667228206581955,5.380704963272761,0.7621052631578947,4.0447999596148
Marine background,Maui,1.5847291059107151,6.1070228877422545,5.770174801416075,2.4050941787658666,0.036223169416189194,0.3485491070896387,11.473700523376465,3.367295829986474,6.458064142284159,0.7621052631578947,4.0447999596148
Storm runoff,Maui,3.316557812571669,5.807842144580979,7.10474459034752,3.5520985479029457,0.06268250197172165,4.726367478724569e-6,9.090831756591797,2.667228206581955,5.41289958560438,0.7621052631578947,4.0447999596148
Marine background,Maui,1.0759579267258734,5.84354441703136,5.269433329495468,2.4050941787658666,0.03128986805677414,0.5737554617226124,3.6888697147369385,2.470920407813258,5.4814419998066635,0.7621052631578947,4.0447999596148
Storm runoff,Maui,1.8034089325212008,7.20800800860777,8.471580944047064,6.306968477292998,0.13595305383205414,0.4264885485172272,8.111989974975586,4.532599493153256,4.9818139269516815,0.7621052631578947,4.0447999596148
Marine background,Maui,0.9270580918013038,6.04381977744191,6.879013731591792,2.5792388344043484,0.056509919464588165,0.678783655166626,3.7008700370788574,2.0498410698570333,5.9255922269877175,0.7621052631578947,4.0447999596148
Nearshore enriched,Maui,0.5231184827379162,5.207845463383961,7.026816961399214,3.5520985479029457,0.16329514980316162,0.0015597434248775244,17.596988677978516,1.9563318444615498,6.181155557385457,0.7621052631578947,4.0447999596148
Marine background,Maui,0.5231184827379162,5.645446897643238,7.194334079013308,3.5520985479029457,0.16329514980316162,0.0015597434248775244,17.596988677978516,1.9563318444615498,5.751948875537522,0.7621052631578947,4.0447999596148
Marine background,Maui,0.14643867476456884,8.026006782902595,6.380789593998929,2.4050941787658666,0.00942244566977024,0.014937569882022217,19.59808349609375,3.1780538303479458,5.995172981137273,0.7621052631578947,4.0447999596148
Storm runoff,Maui,1.8034089325212008,7.605093664160551,8.335380364615554,6.306968477292998,0.13595305383205414,0.4264885485172272,8.111989974975586,4.532599493153256,4.029584239204721,0.7621052631578947,4.0447999596148
Storm runoff,Maui,1.8034089325212008,7.01211529430638,8.460888179419026,6.306968477292998,0.13595305383205414,0.4264885485172272,8.111989974975586,4.532599493153256,5.710996516224065,0.7621052631578947,4.0447999596148
Marine background,Maui,1.5847291059107151,7.669915330829037,5.632080571089154,2.4050941787658666,0.036223169416189194,0.3485491070896387,11.473700523376465,3.367295829986474,7.108270555313859,0.7621052631578947,4.0447999596148
Nearshore enriched,Maui,0.5495852092829008,6.09964607995251,6.3746339338706575,2.4050941787658666,0.01048337109386921,0.004998667165637016,24.607067108154297,0.19885085776803976,6.379039844156646,0.7621052631578947,4.0447999596148
Storm runoff,Moloka'i,0.772649314583202,5.740114403903592,5.141826077308672,0.8955436587293658,0.00625273771584034,0.001969771576113999,16.843708038330078,2.9826470339852036,9.59717717339814,0.38315789473684214,4.0447999596148
Freshwater plume,Moloka'i,0.834802638737546,4.648229675448539,4.782809971767813,4.221000897210178,0.00878598727285862,0,10.608473777770996,3.0058476072852525,7.9415479510255995,0.38315789473684214,4.0447999596148
Storm runoff,Maui,0.14643867476456884,6.5613135113234335,0.4551774010611246,2.4050941787658666,0.00942244566977024,0.014937569882022217,19.59808349609375,3.1780538303479458,6.1134383237186665,0.7621052631578947,4.0447999596148
Nearshore enriched,Maui,0.14643867476456884,6.935273165018876,4.782996251203065,2.4050941787658666,0.00942244566977024,0.014937569882022217,19.59808349609375,3.1780538303479458,6.647482288910256,0.7621052631578947,4.0447999596148
Nearshore enriched,Maui,0.14643867476456884,6.129050210060545,5.52064408215546,2.4050941787658666,0.00942244566977024,0.014937569882022217,19.59808349609375,3.1780538303479458,5.311948640078495,0.7621052631578947,4.0447999596148
Nearshore enriched,Maui,0.5495852092829008,4.51085950651685,5.669668661339765,2.4050941787658666,0.01048337109386921,0.004998667165637016,24.607067108154297,0.19885085776803976,5.24553502039583,0.7621052631578947,4.0447999596148
Storm runoff,Maui,0.5495852092829008,5.741399338227508,5.979060787224862,2.4050941787658666,0.01048337109386921,0.004998667165637016,24.607067108154297,0.19885085776803976,4.126221045247112,0.7621052631578947,4.0447999596148
Marine background,Maui,0.14643867476456884,8.092086443052784,6.000119275061846,2.4050941787658666,0.00942244566977024,0.014937569882022217,19.59808349609375,3.1780538303479458,6.414873048550619,0.7621052631578947,4.0447999596148
Storm runoff,Maui,0.5495852092829008,6.1465433675080625,6.443408424660985,2.4050941787658666,0.01048337109386921,0.004998667165637016,24.607067108154297,0.19885085776803976,6.44751232576345,0.7621052631578947,4.0447999596148
Nearshore enriched,Maui,0.7000070940056472,4.462453883786496,6.893998727097944,4.365438191188899,0.046647630631923676,0.0025663371197879314,13.055168151855469,2.9826470339852036,6.737460484801659,0.7621052631578947,4.0447999596148
Nearshore enriched,Maui,1.6511871814897232,6.562302840780143,4.907083415517547,3.5520985479029457,0.09855561703443527,0.2578757703304291,6.2193121910095215,2.667228206581955,3.678886140172797,0.7621052631578947,4.0447999596148
Freshwater plume,Maui,3.2298839675469737,6.514416350671813,3.7776218396871486,2.5792388344043484,0.067351795732975,0.31441986560821533,6.460170269012451,1.9563318444615498,6.44497076402447,0.7621052631578947,4.0447999596148
Nearshore enriched,Maui,1.0759579267258734,6.183323808382426,2.2556718789849937,2.4050941787658666,0.03128986805677414,0.5737554617226124,3.6888697147369385,2.470920407813258,3.1895320635288575,0.7621052631578947,4.0447999596148
Storm runoff,Maui,0.9270580918013038,5.120983351265121,7.372324448778072,2.5792388344043484,0.056509919464588165,0.678783655166626,3.7008700370788574,2.0498410698570333,5.58174049795685,0.7621052631578947,4.0447999596148
Marine background,Maui,1.6511871814897232,6.139453424821431,6.051748107639976,3.5520985479029457,0.09855561703443527,0.2578757703304291,6.2193121910095215,2.667228206581955,5.439241264030089,0.7621052631578947,4.0447999596148
Marine background,Maui,0.7000070940056472,4.454347296253507,6.755440457843128,4.365438191188899,0.046647630631923676,0.0025663371197879314,13.055168151855469,2.9826470339852036,6.819750229733812,0.7621052631578947,4.0447999596148
Nearshore enriched,Maui,2.75661844991255,4.788324729085938,6.772194145057522,4.365438191188899,0.12796686589717865,0.001779337297193706,6.269824028015137,1.578978703720431,5.646680835356143,0.7621052631578947,4.0447999596148
Nearshore enriched,Maui,2.75661844991255,5.498396978263695,6.242542069130706,4.365438191188899,0.12796686589717865,0.001779337297193706,6.269824028015137,1.578978703720431,4.477923465600663,0.7621052631578947,4.0447999596148
Freshwater plume,Maui,1.6511871814897232,4.829912458665998,7.17293295875816,3.5520985479029457,0.09855561703443527,0.2578757703304291,6.2193121910095215,2.667228206581955,4.580707934986173,0.7621052631578947,4.0447999596148
Marine background,Maui,1.6511871814897232,5.160204064418402,6.85402500886138,3.5520985479029457,0.09855561703443527,0.2578757703304291,6.2193121910095215,2.667228206581955,3.6944646919308175,0.7621052631578947,4.0447999596148
Nearshore enriched,Maui,0.10829243445747551,6.16688736221078,7.52903112089691,3.5520985479029457,0.05048634484410286,0.06700956076383591,15.42068862915039,1.529672944072827,4.914536247849319,0.7621052631578947,4.0447999596148
Nearshore enriched,Maui,0.9270580918013038,7.333284418126043,6.191142905194724,2.5792388344043484,0.056509919464588165,0.678783655166626,3.7008700370788574,2.0498410698570333,5.6661910880286275,0.7621052631578947,4.0447999596148
Storm runoff,Maui,1.6511871814897232,6.811684810231403,5.7938278856245615,3.5520985479029457,0.09855561703443527,0.2578757703304291,6.2193121910095215,2.667228206581955,5.314974854367117,0.7621052631578947,4.0447999596148
Nearshore enriched,Maui,1.6511871814897232,6.03572063836252,7.387452075081432,3.5520985479029457,0.09855561703443527,0.2578757703304291,6.2193121910095215,2.667228206581955,5.341057458964954,0.7621052631578947,4.0447999596148
Freshwater plume,Maui,2.575491735853449,7.252833237075206,3.1568098713293447,2.5792388344043484,0.04847756586968899,0.31593762757256627,6.8006227016448975,2.4879575466047505,7.664968890440435,0.7621052631578947,4.0447999596148
Freshwater plume,Moloka'i,1.5044513758941063,6.0844994130751715,4.339402994053321,4.221000897210178,0.008899277076125145,1.2733216863125563e-4,14.259186744689941,0.19885085776803976,6.075630694459704,0.38315789473684214,4.0447999596148
Nearshore enriched,Maui,0.14643867476456884,7.034123577796944,5.71298486561044,2.4050941787658666,0.00942244566977024,0.014937569882022217,19.59808349609375,3.1780538303479458,6.783330696322742,0.7621052631578947,4.0447999596148
Storm runoff,Moloka'i,0.4129688936162271,6.039778407386533,4.9049056573560215,1.1801191254465355,0.00628557289019227,0.004525600932538509,20.438617706298828,2.9826470339852036,9.489280937446816,0.38315789473684214,4.0447999596148
Storm runoff,Maui,0.9270580918013038,6.530002609440508,6.596903522610383,2.5792388344043484,0.056509919464588165,0.678783655166626,3.7008700370788574,2.0498410698570333,6.323193538525773,0.7621052631578947,4.0447999596148
Freshwater plume,Moloka'i,0.834802638737546,5.261653382176445,4.743451277895558,4.221000897210178,0.00878598727285862,0,10.608473777770996,3.0058476072852525,8.017352567222497,0.38315789473684214,4.0447999596148
Freshwater plume,Moloka'i,0.834802638737546,5.963579343618446,5.723210592102982,4.221000897210178,0.00878598727285862,0,10.608473777770996,3.0058476072852525,8.063818002359758,0.38315789473684214,4.0447999596148
Nearshore enriched,Moloka'i,0.834802638737546,5.5506312951620265,5.457589565727441,4.221000897210178,0.00878598727285862,0,10.608473777770996,3.0058476072852525,8.112311569989016,0.38315789473684214,4.0447999596148
Marine background,Maui,1.5847291059107151,7.5955883647183136,6.042072008262966,2.4050941787658666,0.036223169416189194,0.3485491070896387,11.473700523376465,3.367295829986474,7.191524607359729,0.7621052631578947,4.0447999596148
Nearshore enriched,Moloka'i,1.5044513758941063,2.617395832834079,4.568609350528459,4.221000897210178,0.008899277076125145,1.2733216863125563e-4,14.259186744689941,0.19885085776803976,7.415826603860651,0.38315789473684214,4.0447999596148
Storm runoff,Maui,0.9270580918013038,6.7086943981838845,6.435742654623634,2.5792388344043484,0.056509919464588165,0.678783655166626,3.7008700370788574,2.0498410698570333,6.468677667538147,0.7621052631578947,4.0447999596148
Freshwater plume,Moloka'i,0.4129688936162271,6.257475998649367,5.45026600547659,1.1801191254465355,0.00628557289019227,0.004525600932538509,20.438617706298828,2.9826470339852036,9.4850781992836,0.38315789473684214,4.0447999596148
Freshwater plume,Moloka'i,1.7771644182829298,4.45318382899021,5.556362972838043,1.1801191254465355,0.021619925275444984,0.0010288801277056336,19.439220428466797,2.1430030203728814,9.401752567223342,0.38315789473684214,4.0447999596148
Storm runoff,Maui,0.14643867476456884,6.91214562728343,5.7078998265084895,2.4050941787658666,0.00942244566977024,0.014937569882022217,19.59808349609375,3.1780538303479458,6.622845281515654,0.7621052631578947,4.0447999596148
Storm runoff,Moloka'i,2.2405558389560114,4.502029427068578,4.652122492464165,0.8955436587293658,0.021602096036076546,0,13.988292694091797,2.9826470339852036,9.668825210591656,0.38315789473684214,4.0447999596148
Storm runoff,Maui,1.516921631041361,7.284477918224647,4.8437000701506046,2.4050941787658666,0.02498784288764,0.04601293429732323,7.874063014984131,5.028256895446077,4.23552895395561,0.7621052631578947,4.0447999596148
Storm runoff,Moloka'i,1.0388337548844406,4.554928969551344,6.883665300220091,1.1801191254465355,0.016569958999753,0,13.80566120147705,1.252762961683408,9.240104434881388,0.38315789473684214,4.0447999596148
Nearshore enriched,Maui,0.14643867476456884,8.487166879909264,6.180272648205107,2.4050941787658666,0.00942244566977024,0.014937569882022217,19.59808349609375,3.1780538303479458,7.7156729994994455,0.7621052631578947,4.0447999596148
Freshwater plume,Moloka'i,0.22150234299882085,5.001930853466109,4.4104649103341185,0.8955436587293658,0.0026106464210897684,8.900213870219886e-4,12.953145980834961,2.9826470339852036,9.620413244252228,0.38315789473684214,4.0447999596148
Storm runoff,Moloka'i,1.7769995009603823,4.658710952916121,4.821590854467493,0.8955436587293658,0.01584590971469879,0,11.839371681213379,2.0068708437177194,9.668690865794103,0.38315789473684214,4.0447999596148
Nearshore enriched,Moloka'i,0.834802638737546,6.035959786994534,5.968385464322718,4.221000897210178,0.00878598727285862,0,10.608473777770996,3.0058476072852525,8.11762630000543,0.38315789473684214,4.0447999596148
Freshwater plume,Moloka'i,0.02856667086735805,7.995441427516694,3.4019291196604553,4.9930843234658875,7.527220295742154e-4,5.821009544888511e-4,18.195436477661133,2.9826470339852036,9.845912852345146,0.38315789473684214,4.0447999596148
Nearshore enriched,Moloka'i,0.02856667086735805,7.964016627109716,4.970777719542795,4.9930843234658875,7.527220295742154e-4,5.821009544888511e-4,18.195436477661133,2.9826470339852036,9.839783653770333,0.38315789473684214,4.0447999596148
Storm runoff,Moloka'i,1.4140123369740136,5.295312857527738,5.018474415272971,0.8955436587293658,0.009323552250862122,0,14.462302207946777,2.9826470339852036,9.653016556212307,0.38315789473684214,4.0447999596148
Storm runoff,Moloka'i,0.834802638737546,6.1450436350362825,6.031309099794746,4.221000897210178,0.00878598727285862,0,10.608473777770996,3.0058476072852525,8.098591782660714,0.38315789473684214,4.0447999596148
Marine background,Maui,0.14643867476456884,8.357634581727138,4.8738181631971855,2.4050941787658666,0.00942244566977024,0.014937569882022217,19.59808349609375,3.1780538303479458,7.39871175803871,0.7621052631578947,4.0447999596148
Nearshore enriched,Maui,0.14643867476456884,7.222054939338188,6.059930201638812,2.4050941787658666,0.00942244566977024,0.014937569882022217,19.59808349609375,3.1780538303479458,7.020244486658121,0.7621052631578947,4.0447999596148
Marine background,Maui,0.14643867476456884,8.411321433985492,4.670018312025186,2.4050941787658666,0.00942244566977024,0.014937569882022217,19.59808349609375,3.1780538303479458,7.535388571086142,0.7621052631578947,4.0447999596148
Marine background,Maui,0.14643867476456884,8.378873208917058,3.930886588038626,2.4050941787658666,0.00942244566977024,0.014937569882022217,19.59808349609375,3.1780538303479458,7.453503362516391,0.7621052631578947,4.0447999596148
Nearshore enriched,Maui,2.427550259679237,6.262636067432774,6.606231717381036,2.4050941787658666,0.04713576287031174,0.0075784188229590654,8.908180236816406,5.028256895446077,2.5275853469509646,0.7621052631578947,4.0447999596148
Freshwater plume,Maui,2.427550259679237,7.086821543055419,3.9169094968655624,2.4050941787658666,0.04713576287031174,0.0075784188229590654,8.908180236816406,5.028256895446077,3.998604775955284,0.7621052631578947,4.0447999596148
Freshwater plume,Maui,2.427550259679237,6.494056365946869,6.394146401182879,2.4050941787658666,0.04713576287031174,0.0075784188229590654,8.908180236816406,5.028256895446077,3.3135966378437307,0.7621052631578947,4.0447999596148
Marine background,Maui,1.5847291059107151,7.306799819287379,5.1095717893436845,2.4050941787658666,0.036223169416189194,0.3485491070896387,11.473700523376465,3.367295829986474,6.3906025789245975,0.7621052631578947,4.0447999596148
Storm runoff,Maui,2.427550259679237,6.951963533646458,4.931895913377064,2.4050941787658666,0.04713576287031174,0.0075784188229590654,8.908180236816406,5.028256895446077,4.896022139623307,0.7621052631578947,4.0447999596148
Storm runoff,Maui,2.427550259679237,7.199155430802329,4.611593012955327,2.4050941787658666,0.04713576287031174,0.0075784188229590654,8.908180236816406,5.028256895446077,4.451919608222069,0.7621052631578947,4.0447999596148
Storm runoff,Maui,2.427550259679237,6.775137754367298,5.874687743880599,2.4050941787658666,0.04713576287031174,0.0075784188229590654,8.908180236816406,5.028256895446077,5.612636958905569,0.7621052631578947,4.0447999596148
Storm runoff,Maui,2.427550259679237,7.260171166000486,3.8988250297746103,2.4050941787658666,0.04713576287031174,0.0075784188229590654,8.908180236816406,5.028256895446077,3.929728827470158,0.7621052631578947,4.0447999596148
Storm runoff,Maui,2.427550259679237,6.738981534733451,5.9587166494708805,2.4050941787658666,0.04713576287031174,0.0075784188229590654,8.908180236816406,5.028256895446077,5.50568013955847,0.7621052631578947,4.0447999596148
Storm runoff,Maui,1.8034089325212008,7.220812657765146,8.38161227460354,6.306968477292998,0.13595305383205414,0.4264885485172272,8.111989974975586,4.532599493153256,4.920149165545374,0.7621052631578947,4.0447999596148
Marine background,Maui,1.5847291059107151,6.997778781629726,6.353653474679988,2.4050941787658666,0.036223169416189194,0.3485491070896387,11.473700523376465,3.367295829986474,5.725906820790552,0.7621052631578947,4.0447999596148
Storm runoff,Maui,1.8034089325212008,7.174111564719166,8.443344539322501,6.306968477292998,0.13595305383205414,0.4264885485172272,8.111989974975586,4.532599493153256,4.987060066840144,0.7621052631578947,4.0447999596148
Marine background,Maui,1.5847291059107151,5.458734087953942,6.576817994256526,2.4050941787658666,0.036223169416189194,0.3485491070896387,11.473700523376465,3.367295829986474,6.316765437493032,0.7621052631578947,4.0447999596148
Nearshore enriched,Maui,1.5847291059107151,4.778282803696737,5.75309115190137,2.4050941787658666,0.036223169416189194,0.3485491070896387,11.473700523376465,3.367295829986474,5.015065696231719,0.7621052631578947,4.0447999596148
Nearshore enriched,Maui,1.0759579267258734,6.004133950208645,4.885745278977646,2.4050941787658666,0.03128986805677414,0.5737554617226124,3.6888697147369385,2.470920407813258,4.904664391739007,0.7621052631578947,4.0447999596148
Marine background,Maui,1.5847291059107151,6.72154617546099,5.2674378494437395,2.4050941787658666,0.036223169416189194,0.3485491070896387,11.473700523376465,3.367295829986474,6.966930233769775,0.7621052631578947,4.0447999596148
Marine background,Maui,1.0759579267258734,5.804833718725929,5.298249869776877,2.4050941787658666,0.03128986805677414,0.5737554617226124,3.6888697147369385,2.470920407813258,5.703493582968038,0.7621052631578947,4.0447999596148
Storm runoff,Maui,1.0759579267258734,6.262636067432774,3.7236584813508604,2.4050941787658666,0.03128986805677414,0.5737554617226124,3.6888697147369385,2.470920407813258,4.111422461707053,0.7621052631578947,4.0447999596148
Nearshore enriched,Maui,0.14643867476456884,8.131354224443252,5.62177161938279,2.4050941787658666,0.00942244566977024,0.014937569882022217,19.59808349609375,3.1780538303479458,6.609199169107928,0.7621052631578947,4.0447999596148
Nearshore enriched,Maui,1.5847291059107151,6.385363018844681,5.05648144072206,2.4050941787658666,0.036223169416189194,0.3485491070896387,11.473700523376465,3.367295829986474,6.693990843952932,0.7621052631578947,4.0447999596148
Nearshore enriched,Maui,1.5847291059107151,5.997198078955742,5.8264230680248135,2.4050941787658666,0.036223169416189194,0.3485491070896387,11.473700523376465,3.367295829986474,6.20363150842921,0.7621052631578947,4.0447999596148
Marine background,Maui,1.5847291059107151,7.48560383517862,6.443631318325086,2.4050941787658666,0.036223169416189194,0.3485491070896387,11.473700523376465,3.367295829986474,7.169317643814299,0.7621052631578947,4.0447999596148
Nearshore enriched,Maui,0.9270580918013038,6.228905403123016,6.803710135159181,2.5792388344043484,0.056509919464588165,0.678783655166626,3.7008700370788574,2.0498410698570333,5.880088393184192,0.7621052631578947,4.0447999596148
Storm runoff,Maui,2.427550259679237,6.528834726096085,5.933554489067357,2.4050941787658666,0.04713576287031174,0.0075784188229590654,8.908180236816406,5.028256895446077,6.0787813673666395,0.7621052631578947,4.0447999596148
Marine background,Maui,0.14643867476456884,8.176222853488586,4.845488632895025,2.4050941787658666,0.00942244566977024,0.014937569882022217,19.59808349609375,3.1780538303479458,6.801079637996286,0.7621052631578947,4.0447999596148
Storm runoff,Maui,0.9270580918013038,5.803326104992462,6.9872333376255655,2.5792388344043484,0.056509919464588165,0.678783655166626,3.7008700370788574,2.0498410698570333,5.408115724792011,0.7621052631578947,4.0447999596148
Nearshore enriched,Maui,3.410046227465237,4.646312129319266,3.8288560537518554,3.5520985479029457,0.6135108470916748,0,2.629654884338379,2.302585092994046,5.1988638138893375,0.7621052631578947,4.0447999596148
Nearshore enriched,Maui,0.5495852092829008,7.269059491304532,5.359373398131486,2.4050941787658666,0.01048337109386921,0.004998667165637016,24.607067108154297,0.19885085776803976,6.834577622630072,0.7621052631578947,4.0447999596148
Freshwater plume,Maui,1.5847291059107151,4.00369019395397,5.895511404667424,2.4050941787658666,0.036223169416189194,0.3485491070896387,11.473700523376465,3.367295829986474,5.337213565005348,0.7621052631578947,4.0447999596148
Nearshore enriched,Maui,1.5847291059107151,3.8543938925915096,6.183173014455736,2.4050941787658666,0.036223169416189194,0.3485491070896387,11.473700523376465,3.367295829986474,5.787189069077552,0.7621052631578947,4.0447999596148
Nearshore enriched,Maui,0.5231184827379162,6.704046640306535,5.736335102955209,3.5520985479029457,0.16329514980316162,0.0015597434248775244,17.596988677978516,1.9563318444615498,4.9240655919538625,0.7621052631578947,4.0447999596148
Nearshore enriched,Maui,1.4232248255899658,3.4904285153900982,5.020626270660988,4.365438191188899,0.07496608048677444,0.08519217371940613,8.948811531066895,1.578978703720431,5.036452791273324,0.7621052631578947,4.0447999596148
Marine background,Maui,1.5847291059107151,7.284272065134409,6.7070216130829,2.4050941787658666,0.036223169416189194,0.3485491070896387,11.473700523376465,3.367295829986474,7.15461292842729,0.7621052631578947,4.0447999596148
Marine background,Maui,0.14643867476456884,8.000315960221812,6.457655698467023,2.4050941787658666,0.00942244566977024,0.014937569882022217,19.59808349609375,3.1780538303479458,5.777606602978764,0.7621052631578947,4.0447999596148
Nearshore enriched,Maui,0.5495852092829008,6.283014131086252,6.337931781760849,2.4050941787658666,0.01048337109386921,0.004998667165637016,24.607067108154297,0.19885085776803976,6.3422399357173935,0.7621052631578947,4.0447999596148
Storm runoff,Maui,1.8034089325212008,5.711419901785413,8.289455822084873,6.306968477292998,0.13595305383205414,0.4264885485172272,8.111989974975586,4.532599493153256,5.762022326268283,0.7621052631578947,4.0447999596148
Storm runoff,Maui,1.4232248255899658,4.360547602996758,6.889235705288291,3.5520985479029457,0.07496608048677444,0.08519217371940613,8.948811531066895,1.578978703720431,4.208788623812496,0.7621052631578947,4.0447999596148
Storm runoff,Maui,0.6164002849575758,4.7140245909001735,5.382846559248111,4.365438191188899,0.034136801958084106,0,8.5499267578125,2.1430030203728814,5.5873179764438525,0.7621052631578947,4.0447999596148
Marine background,Maui,0.7000070940056472,4.523960130562548,6.779219604933151,4.365438191188899,0.046647630631923676,0.0025663371197879314,13.055168151855469,2.9826470339852036,6.814277154642962,0.7621052631578947,4.0447999596148
Marine background,Maui,1.5847291059107151,7.4767554667992,4.730920676107596,2.4050941787658666,0.036223169416189194,0.3485491070896387,11.473700523376465,3.367295829986474,6.7202934254901505,0.7621052631578947,4.0447999596148
Nearshore enriched,Maui,1.8034089325212008,5.466370951544286,7.402937748995774,6.306968477292998,0.13595305383205414,0.4264885485172272,8.111989974975586,4.532599493153256,7.334326726923893,0.7621052631578947,4.0447999596148
Nearshore enriched,Maui,0.10829243445747551,5.158480421360237,7.24701141977917,3.5520985479029457,0.05048634484410286,0.06700956076383591,15.42068862915039,1.529672944072827,5.756074165383648,0.7621052631578947,4.0447999596148
Storm runoff,Maui,0.6164002849575758,4.739701078945697,5.145614716677359,4.365438191188899,0.034136801958084106,0,8.5499267578125,2.1430030203728814,5.003974489511929,0.7621052631578947,4.0447999596148
Nearshore enriched,Maui,0.10829243445747551,6.311553304478671,7.593953222307848,3.5520985479029457,0.05048634484410286,0.06700956076383591,15.42068862915039,1.529672944072827,5.676897928509791,0.7621052631578947,4.0447999596148
Nearshore enriched,Maui,0.10829243445747551,6.698514632836919,7.7267776264212715,3.5520985479029457,0.05048634484410286,0.06700956076383591,15.42068862915039,1.529672944072827,4.783827225074998,0.7621052631578947,4.0447999596148
Nearshore enriched,Maui,1.8034089325212008,5.409411414053624,6.821588056612077,6.306968477292998,0.13595305383205414,0.4264885485172272,8.111989974975586,4.532599493153256,6.954876927768142,0.7621052631578947,4.0447999596148
Nearshore enriched,Maui,0.10829243445747551,6.792456654618674,6.499116461278617,3.5520985479029457,0.05048634484410286,0.06700956076383591,15.42068862915039,1.529672944072827,3.6090664255379004,0.7621052631578947,4.0447999596148
Nearshore enriched,Maui,2.75661844991255,4.858260813670253,6.771777393137955,4.365438191188899,0.12796686589717865,0.001779337297193706,6.269824028015137,1.578978703720431,5.6439559850342,0.7621052631578947,4.0447999596148
Storm runoff,Maui,1.1904321411308347,7.063561730120337,4.3781244863414095,3.5520985479029457,0.03426937386393547,0.11035169661045074,17.90790557861328,3.367295829986474,3.8357703830341094,0.7621052631578947,4.0447999596148
Nearshore enriched,Moloka'i,0.7014719156192951,7.885028215791086,6.85620726121797,0.7368450358256646,0.0169132068209971,0.053863283867637314,5.325418929258983,2.851707927038399,7.875390477487088,0.38315789473684214,4.0447999596148
Freshwater plume,Moloka'i,0.02856667086735805,7.9834741688369375,4.250503226457343,4.9930843234658875,7.527220295742154e-4,5.821009544888511e-4,18.195436477661133,2.9826470339852036,9.844328461893262,0.38315789473684214,4.0447999596148
Freshwater plume,Moloka'i,0.1812566227680557,5.603593747400769,1.9790010135558767,3.9041794215662247,0.031140528619289398,0.0025018122978508472,18.4531307220459,2.302585092994046,4.700183536188193,0.38315789473684214,4.0447999596148
Nearshore enriched,Moloka'i,0.1812566227680557,6.074656137994746,2.526349032296553,3.9041794215662247,0.031140528619289398,0.0025018122978508472,18.4531307220459,2.302585092994046,6.2387643732449956,0.38315789473684214,4.0447999596148
Nearshore enriched,Moloka'i,0.1812566227680557,6.074656137994746,2.526349032296553,3.9041794215662247,0.031140528619289398,0.0025018122978508472,18.4531307220459,2.302585092994046,6.2387643732449956,0.38315789473684214,4.0447999596148
Marine background,Moloka'i,0.1812566227680557,7.081960655173834,6.850769314187764,3.9041794215662247,0.031140528619289398,0.0025018122978508472,18.4531307220459,2.302585092994046,6.938891298031193,0.38315789473684214,4.0447999596148
Storm runoff,Moloka'i,0.2925708755816126,5.738827816399001,5.868180153638838,0.7368450358256646,0.007024289574474096,1.2745548701786902e-5,8.778851509094238,3.0058476072852525,6.507615777543129,0.38315789473684214,4.0447999596148
Storm runoff,O'ahu,0.8821144289475148,5.556441886757492,5.801559395409669,5.979138897417345,0.0172471571713686,0.08102012698282124,11.557167053222656,2.9826470339852036,5.4655507385355415,0.7223684210526315,4.0812304333291785
Nearshore enriched,O'ahu,2.477196669159271,7.404339980457785,7.945598044568382,4.565691375014304,0.28910722583532333,4.1361484909430146e-4,7.829522967338562,2.0573237349027753,6.514591088762367,0.7223684210526315,4.0812304333291785
Nearshore enriched,O'ahu,1.8602971571668712,6.668101175540937,7.684018180771654,2.958566222330021,0.3248221278190613,9.451926598558202e-5,13.575106620788574,1.7245507194283571,3.6213327470433683,0.7223684210526315,4.0812304333291785
Nearshore enriched,O'ahu,1.8602971571668712,2.1972245773362196,8.37384408243551,4.892270637718425,0.3248221278190613,9.451926598558202e-5,13.575106620788574,1.7245507194283571,3.6064817050242293,0.7223684210526315,4.0812304333291785
Nearshore enriched,Maui,0.10829243445747551,7.000607895996754,7.880299450993169,3.5520985479029457,0.05048634484410286,0.06700956076383591,15.42068862915039,1.529672944072827,5.235253986077811,0.7621052631578947,4.0447999596148
Nearshore enriched,Maui,0.9270580918013038,7.133455559078037,6.6431187696912275,2.5792388344043484,0.056509919464588165,0.678783655166626,3.7008700370788574,2.0498410698570333,4.136354146096879,0.7621052631578947,4.0447999596148
Nearshore enriched,Maui,3.410046227465237,3.349904087274605,4.961232928366228,3.5520985479029457,0.6135108470916748,0,2.629654884338379,2.302585092994046,5.90616059072738,0.7621052631578947,4.0447999596148
Nearshore enriched,O'ahu,2.477196669159271,7.757051142032013,8.028254384471,4.565691375014304,0.28910722583532333,4.1361484909430146e-4,7.829522967338562,2.0573237349027753,6.179478788112092,0.7223684210526315,4.0812304333291785
Nearshore enriched,Maui,1.6511871814897232,6.821979501960733,5.5490039029557705,3.5520985479029457,0.09855561703443527,0.2578757703304291,6.2193121910095215,2.667228206581955,4.917516696527918,0.7621052631578947,4.0447999596148
Nearshore enriched,Maui,0.9270580918013038,5.652138241503862,5.462780452851409,2.5792388344043484,0.056509919464588165,0.678783655166626,3.7008700370788574,2.0498410698570333,6.8674995438530715,0.7621052631578947,4.0447999596148
Nearshore enriched,Maui,0.10829243445747551,5.27658287440203,7.251344478557398,3.5520985479029457,0.05048634484410286,0.06700956076383591,15.42068862915039,1.529672944072827,5.843237674948986,0.7621052631578947,4.0447999596148
Marine background,Maui,0.10829243445747551,7.068086817884477,7.884398759401459,3.5520985479029457,0.05048634484410286,0.06700956076383591,15.42068862915039,1.529672944072827,5.6690102685502985,0.7621052631578947,4.0447999596148
Nearshore enriched,Maui,0.5231184827379162,6.842256296749442,6.37783994924431,3.5520985479029457,0.16329514980316162,0.0015597434248775244,17.596988677978516,1.9563318444615498,5.839290020636874,0.7621052631578947,4.0447999596148
Freshwater plume,Moloka'i,1.7771644182829298,4.648229675448539,5.678088213479558,1.1801191254465355,0.021619925275444984,0.0010288801277056336,19.439220428466797,2.1430030203728814,9.404061955654768,0.38315789473684214,4.0447999596148
Freshwater plume,O'ahu,3.332225940913216,6.846624278977906,7.170732249027806,2.6248789487182944,0.16553421318531036,0.014914245344698429,14.519304275512695,2.613739519884309,5.899412674115204,0.7223684210526315,4.0812304333291785
Storm runoff,Moloka'i,0.834802638737546,4.448516375942715,5.475975177465644,4.221000897210178,0.00878598727285862,0,10.608473777770996,3.0058476072852525,8.091893642934807,0.38315789473684214,4.0447999596148
Nearshore enriched,Moloka'i,1.5044513758941063,6.1070228877422545,5.70075534832531,4.221000897210178,0.008899277076125145,1.2733216863125563e-4,14.259186744689941,0.19885085776803976,6.8313830059191325,0.38315789473684214,4.0447999596148
Freshwater plume,Moloka'i,0.1186095122962532,6.649890874939539,5.356677377042382,4.221000897210178,0.004878492560237646,0,19.58201026916504,0.19885085776803976,8.658794420544584,0.38315789473684214,4.0447999596148
Freshwater plume,Moloka'i,1.5044513758941063,3.5467396869528134,5.368369134643153,4.221000897210178,0.008899277076125145,1.2733216863125563e-4,14.259186744689941,0.19885085776803976,7.650237711539138,0.38315789473684214,4.0447999596148
Nearshore enriched,O'ahu,3.332225940913216,7.306061489891822,7.389040359024362,5.363556073532758,0.16553421318531036,0.014914245344698429,14.519304275512695,2.613739519884309,7.049174662836424,0.7223684210526315,4.0812304333291785
Nearshore enriched,Moloka'i,0.31747635850124695,5.6777806721172,6.579139367296802,1.1801191254465355,0.0064003500156104565,0.012069173040799797,21.67867660522461,0.19885085776803976,8.973102605845664,0.38315789473684214,4.0447999596148
Storm runoff,Maui,1.0759579267258734,6.444766984630307,5.154867063945678,2.4050941787658666,0.03128986805677414,0.5737554617226124,3.6888697147369385,2.470920407813258,3.2069936845457057,0.7621052631578947,4.0447999596148
Freshwater plume,Maui,2.453309162683776,7.052548023883678,6.261259220348652,2.4050941787658666,0.0548902228474617,0.01759708975441754,8.342267036437988,5.028256895446077,5.535184065556907,0.7621052631578947,4.0447999596148
Storm runoff,Maui,2.453309162683776,7.058930106779255,6.848065208194826,2.4050941787658666,0.0548902228474617,0.01759708975441754,8.342267036437988,5.028256895446077,5.73835446349205,0.7621052631578947,4.0447999596148
Nearshore enriched,O'ahu,3.332225940913216,7.493818236932408,7.481390534399385,5.363556073532758,0.16553421318531036,0.014914245344698429,14.519304275512695,2.613739519884309,7.486488687813505,0.7223684210526315,4.0812304333291785
Storm runoff,Maui,2.427550259679237,7.241581159948149,3.7868305763007712,2.4050941787658666,0.04713576287031174,0.0075784188229590654,8.908180236816406,5.028256895446077,3.431361906360306,0.7621052631578947,4.0447999596148
Storm runoff,Maui,1.516921631041361,7.3108843272927535,5.30273612256227,2.4050941787658666,0.02498784288764,0.04601293429732323,7.874063014984131,5.028256895446077,2.5891012747116617,0.7621052631578947,4.0447999596148
Storm runoff,Maui,2.427550259679237,7.045253792167771,2.2822325359027076,2.4050941787658666,0.04713576287031174,0.0075784188229590654,8.908180236816406,5.028256895446077,1.6399790815536475,0.7621052631578947,4.0447999596148
Marine background,O'ahu,2.477196669159271,8.020763447933978,7.957408251380874,4.565691375014304,0.28910722583532333,4.1361484909430146e-4,7.829522967338562,2.0573237349027753,5.5163466824919984,0.7223684210526315,4.0812304333291785
Nearshore enriched,O'ahu,1.7036068253377346,7.297903682978408,6.931465178706224,3.5048112114616914,0.2794608473777771,3.246975247748196e-4,9.1135406494140625,2.17048125100026,3.7657228658191517,0.7223684210526315,4.0812304333291785
Nearshore enriched,O'ahu,2.477196669159271,8.102858867839007,7.8882278775902375,4.565691375014304,0.28910722583532333,4.1361484909430146e-4,7.829522967338562,2.0573237349027753,4.67319514874265,0.7223684210526315,4.0812304333291785
Marine background,O'ahu,2.477196669159271,8.163342826025573,7.710483874027211,4.565691375014304,0.28910722583532333,4.1361484909430146e-4,7.829522967338562,2.0573237349027753,5.437800363883295,0.7223684210526315,4.0812304333291785
Marine background,O'ahu,1.7036068253377346,7.947112840432932,6.495617359862583,3.5048112114616914,0.2794608473777771,3.246975247748196e-4,9.1135406494140625,2.17048125100026,4.19294345561706,0.7223684210526315,4.0812304333291785
Marine background,O'ahu,2.477196669159271,8.293774602282594,7.576734830203418,4.565691375014304,0.28910722583532333,4.1361484909430146e-4,7.829522967338562,2.0573237349027753,5.045663779047158,0.7223684210526315,4.0812304333291785
Nearshore enriched,O'ahu,1.986762423026089,7.501082124259871,7.689414481134888,5.363556073532758,0.020978564396500587,0.03189190849661827,19.252286911010742,1.8946168510825208,7.44069127586724,0.7223684210526315,4.0812304333291785
Marine background,O'ahu,1.7036068253377346,7.4740345309330944,7.229260132670226,3.5048112114616914,0.2794608473777771,3.246975247748196e-4,9.1135406494140625,2.17048125100026,2.9343249020660114,0.7223684210526315,4.0812304333291785
Freshwater plume,O'ahu,2.477196669159271,5.0869788606835895,7.653993735584213,4.565691375014304,0.28910722583532333,4.1361484909430146e-4,7.829522967338562,2.0573237349027753,1.6528623152522677,0.7223684210526315,4.0812304333291785
Nearshore enriched,O'ahu,2.477196669159271,6.833785758781962,7.84649460465803,4.565691375014304,0.28910722583532333,4.1361484909430146e-4,7.829522967338562,2.0573237349027753,4.7837275700195825,0.7223684210526315,4.0812304333291785
Nearshore enriched,O'ahu,2.477196669159271,6.759139254653354,7.881763666793238,4.565691375014304,0.28910722583532333,4.1361484909430146e-4,7.829522967338562,2.0573237349027753,5.589572899333956,0.7223684210526315,4.0812304333291785
Freshwater plume,O'ahu,1.7036068253377346,5.443715569237393,7.386052384562369,4.565691375014304,0.2794608473777771,3.246975247748196e-4,9.1135406494140625,2.17048125100026,5.84244617637052,0.7223684210526315,4.0812304333291785
Freshwater plume,O'ahu,2.477196669159271,5.554121700101795,7.688620497565209,4.565691375014304,0.28910722583532333,4.1361484909430146e-4,7.829522967338562,2.0573237349027753,4.603569143498314,0.7223684210526315,4.0812304333291785
Nearshore enriched,O'ahu,1.7036068253377346,6.719616836866618,7.7744775843568394,4.565691375014304,0.2794608473777771,3.246975247748196e-4,9.1135406494140625,2.17048125100026,2.7315551064714607,0.7223684210526315,4.0812304333291785
Marine background,O'ahu,1.986762423026089,7.598549693958486,7.941407201084341,5.363556073532758,0.020978564396500587,0.03189190849661827,19.252286911010742,1.8946168510825208,7.57902017470024,0.7223684210526315,4.0812304333291785
Marine background,O'ahu,0.8972782925507153,5.980909033168466,7.916228023584004,2.958566222330021,0.22234460711479187,0.004223204683512449,13.011834144592285,0.7291576083085812,5.176447685184678,0.7223684210526315,4.0812304333291785
Nearshore enriched,O'ahu,0.8831365341590993,6.833570380792761,7.5859369920135915,3.5048112114616914,0.23000787198543549,0.00252578710205853,9.806928634643555,2.137120649046716,5.495027320737543,0.7223684210526315,4.0812304333291785
Nearshore enriched,O'ahu,1.8602971571668712,4.864452783918174,8.769520814448997,4.892270637718425,0.3248221278190613,9.451926598558202e-5,13.575106620788574,1.7245507194283571,3.861992270356407,0.7223684210526315,4.0812304333291785
Marine background,O'ahu,1.8602971571668712,5.926125705799642,8.595830594648904,4.892270637718425,0.3248221278190613,9.451926598558202e-5,13.575106620788574,1.7245507194283571,6.420757458139586,0.7223684210526315,4.0812304333291785
Marine background,O'ahu,0.8831365341590993,6.833570380792761,7.5859369920135915,3.5048112114616914,0.23000787198543549,0.00252578710205853,9.806928634643555,2.137120649046716,5.495027320737543,0.7223684210526315,4.0812304333291785
Nearshore enriched,O'ahu,2.0881928190819914,5.462135451777431,3.924095936196015,2.9677309674627974,0.06726262718439102,0.02581210993230343,10.067485809326172,2.772588722239781,4.98510438021593,0.7223684210526315,4.0812304333291785
Marine background,O'ahu,0.8972782925507153,6.403077385802381,6.20960612533886,3.9706509483001966,0.22234460711479187,0.004223204683512449,13.011834144592285,0.7291576083085812,5.28752750728006,0.7223684210526315,4.0812304333291785
Nearshore enriched,O'ahu,0.8693760546741626,4.11414718951828,7.974357772598151,4.687168376907094,0.02378477342426777,0.021980343386530876,7.224698066711426,2.613739519884309,5.953224604544566,0.7223684210526315,4.0812304333291785
Marine background,O'ahu,2.9523406090953297,3.86702563949741,7.497658093210553,4.687168376907094,0.043850284069776535,8.556274697184563e-4,10.604402542114258,2.404539815481157,4.008684139914819,0.7223684210526315,4.0812304333291785
Freshwater plume,O'ahu,1.8602971571668712,4.23410650459726,8.22096198307731,4.892270637718425,0.3248221278190613,9.451926598558202e-5,13.575106620788574,1.7245507194283571,4.696469800343908,0.7223684210526315,4.0812304333291785
Marine background,O'ahu,1.636172557095891,2.9496883350525844,8.256057136181273,5.979138897417345,0.024528533220291138,0.1289089024066925,12.72521686553955,1.8946168510825208,6.935638290402989,0.7223684210526315,4.0812304333291785
Storm runoff,O'ahu,0.8845705500217499,3.9080149840306073,5.061835710554604,4.6178634777675125,0.023460183292627335,0.07058187574148178,10.841665267944336,2.404539815481157,5.042390959486023,0.7223684210526315,4.0812304333291785
Storm runoff,O'ahu,2.2987802776897617,5.400873954873129,7.546500893279095,5.979138897417345,0.02312624081969261,0.07185628265142441,11.265952110290527,1.8946168510825208,6.560881522995853,0.7223684210526315,4.0812304333291785
Marine background,O'ahu,0.8972782925507153,6.403574197934815,6.2116505544521585,3.9706509483001966,0.22234460711479187,0.004223204683512449,13.011834144592285,0.7291576083085812,5.287333763372728,0.7223684210526315,4.0812304333291785
Nearshore enriched,O'ahu,1.8602971571668712,6.808045434833125,4.3649330630354335,2.958566222330021,0.3248221278190613,9.451926598558202e-5,13.575106620788574,1.7245507194283571,4.4748846670644875,0.7223684210526315,4.0812304333291785
Storm runoff,O'ahu,2.0258088190753307,3.1654750481410856,8.601907423315964,4.687168376907094,0.019028963521122932,0.07780762016773224,10.6608247756958,1.576914717362437,6.193410446235146,0.7223684210526315,4.0812304333291785
Storm runoff,O'ahu,1.4487870795047257,5.932245187448011,6.529575653864021,5.979138897417345,0.031169584020972252,0.1818698518036399,7.677298545837402,3.2771447329921766,6.632037027610407,0.7223684210526315,4.0812304333291785
Nearshore enriched,O'ahu,0.08250559480111573,5.853638230200579,4.67158284371906,4.687168376907094,0.005836819298565388,0,13.929821968078613,2.9826470339852036,5.7270321077896424,0.7223684210526315,4.0812304333291785
Storm runoff,O'ahu,0.7524054472534272,4.739701078945697,8.073315299260805,4.687168376907094,0.029095295816659927,0.07281102240085602,6.576604843139648,2.613739519884309,4.2643075406495985,0.7223684210526315,4.0812304333291785
Nearshore enriched,O'ahu,1.8602971571668712,7.060218822108606,8.645019000883277,4.892270637718425,0.3248221278190613,9.451926598558202e-5,13.575106620788574,1.7245507194283571,4.45732064307822,0.7223684210526315,4.0812304333291785
Nearshore enriched,O'ahu,0.8972782925507153,6.393590753950631,6.201575972683074,3.9706509483001966,0.22234460711479187,0.004223204683512449,13.011834144592285,0.7291576083085812,5.258887605879797,0.7223684210526315,4.0812304333291785
Marine background,O'ahu,1.4487870795047257,5.504924949222147,6.114376575504808,5.979138897417345,0.031169584020972252,0.1818698518036399,7.677298545837402,3.2771447329921766,5.442672708004806,0.7223684210526315,4.0812304333291785
Nearshore enriched,O'ahu,1.8602971571668712,5.32593253358101,7.963613655187287,4.892270637718425,0.3248221278190613,9.451926598558202e-5,13.575106620788574,1.7245507194283571,2.2198012746714157,0.7223684210526315,4.0812304333291785
Nearshore enriched,O'ahu,0.8831365341590993,4.61512051684126,7.002747312791188,4.04782198642008,0.23000787198543549,0.00252578710205853,9.806928634643555,2.137120649046716,7.061382486007392,0.7223684210526315,4.0812304333291785
Freshwater plume,O'ahu,0.8831365341590993,6.595370593889984,4.9131908715356225,3.9706509483001966,0.23000787198543549,0.00252578710205853,9.806928634643555,2.137120649046716,7.401887211717291,0.7223684210526315,4.0812304333291785
Marine background,O'ahu,0.8972782925507153,7.11550088811625,7.197944864353612,3.9706509483001966,0.22234460711479187,0.004223204683512449,13.011834144592285,0.7291576083085812,5.107404027041712,0.7223684210526315,4.0812304333291785
Nearshore enriched,O'ahu,2.476371055459825,3.4339872044851463,7.558286544689618,4.687168376907094,0.027148732915520668,0,9.602567672729492,3.2771447329921766,6.1029305920495815,0.7223684210526315,4.0812304333291785
Marine background,O'ahu,0.8972782925507153,6.397762641520038,6.205659584991845,3.9706509483001966,0.22234460711479187,0.004223204683512449,13.011834144592285,0.7291576083085812,5.270881601975249,0.7223684210526315,4.0812304333291785
Marine background,O'ahu,0.8831365341590993,6.8724389338545695,5.913026406999994,3.9706509483001966,0.23000787198543549,0.00252578710205853,9.806928634643555,2.137120649046716,7.392564854337412,0.7223684210526315,4.0812304333291785
Marine background,O'ahu,0.8831365341590993,7.3839273442482485,7.131916860567457,3.9706509483001966,0.23000787198543549,0.00252578710205853,9.806928634643555,2.137120649046716,7.502991798079563,0.7223684210526315,4.0812304333291785
Marine background,Maui,1.5847291059107151,7.484705665139571,4.850469125563979,2.4050941787658666,0.036223169416189194,0.3485491070896387,11.473700523376465,3.367295829986474,6.732566482199254,0.7621052631578947,4.0447999596148
Marine background,O'ahu,1.7036068253377346,7.492983117322588,7.232326552553422,3.5048112114616914,0.2794608473777771,3.246975247748196e-4,9.1135406494140625,2.17048125100026,3.240223697521735,0.7223684210526315,4.0812304333291785
Marine background,O'ahu,1.8602971571668712,6.29913305349188,8.785099579385475,4.892270637718425,0.3248221278190613,9.451926598558202e-5,13.575106620788574,1.7245507194283571,5.576170792117114,0.7223684210526315,4.0812304333291785
Marine background,O'ahu,1.8602971571668712,7.025004839032377,8.755161339605072,4.892270637718425,0.3248221278190613,9.451926598558202e-5,13.575106620788574,1.7245507194283571,4.899427698904981,0.7223684210526315,4.0812304333291785
Marine background,O'ahu,1.8602971571668712,7.287287005063797,8.553279056787726,4.892270637718425,0.3248221278190613,9.451926598558202e-5,13.575106620788574,1.7245507194283571,5.8234363768173445,0.7223684210526315,4.0812304333291785
Storm runoff,O'ahu,2.0129422936552928,8.201193945582675,9.293372948902396,3.358839710385832,0.05591732760270437,0.03997392704089483,2.9219950735569,3.8607297110405954,4.224361418107886,0.7223684210526315,4.0812304333291785
Nearshore enriched,O'ahu,1.8602971571668712,7.197734710482601,8.721528273622669,4.892270637718425,0.3248221278190613,9.451926598558202e-5,13.575106620788574,1.7245507194283571,4.7400837667535844,0.7223684210526315,4.0812304333291785
Marine background,O'ahu,1.8602971571668712,6.251132873104564,8.790099301427379,4.892270637718425,0.3248221278190613,9.451926598558202e-5,13.575106620788574,1.7245507194283571,5.941727241661051,0.7223684210526315,4.0812304333291785
Freshwater plume,O'ahu,1.8602971571668712,7.080951997443533,8.158701899902988,3.479365423548319,0.3248221278190613,9.451926598558202e-5,13.575106620788574,1.7245507194283571,4.319014927936137,0.7223684210526315,4.0812304333291785
Marine background,Maui,1.5847291059107151,6.519737084477693,4.704396403120627,2.4050941787658666,0.036223169416189194,0.3485491070896387,11.473700523376465,3.367295829986474,6.802950464305355,0.7621052631578947,4.0447999596148
Nearshore enriched,O'ahu,1.8602971571668712,7.0591020314766615,8.410824328612604,3.479365423548319,0.3248221278190613,9.451926598558202e-5,13.575106620788574,1.7245507194283571,0.035878384342978006,0.7223684210526315,4.0812304333291785
Marine background,O'ahu,1.8602971571668712,7.0591020314766615,8.410824328612604,3.479365423548319,0.3248221278190613,9.451926598558202e-5,13.575106620788574,1.7245507194283571,0.035878384342978006,0.7223684210526315,4.0812304333291785
Nearshore enriched,O'ahu,2.5404955097463993,6.082903607424764,6.682596804214087,3.479365423548319,0.33621343970298767,0,12.08728313446045,1.7245507194283571,4.246898114375207,0.7223684210526315,4.0812304333291785
Nearshore enriched,O'ahu,2.1174870441364906,5.4107527958778245,8.218802551111429,3.472113548628883,0.06435501575469971,7.49072409234941e-4,18.266441345214844,3.784189633918261,6.088154669521609,0.7223684210526315,4.0812304333291785
Marine background,O'ahu,1.8725010833377753,5.561834812000519,9.003342722446122,2.8224661440630157,0.11777771264314651,0.016388773306971416,10.24023723602295,1.7245507194283571,4.72938670545803,0.7223684210526315,4.0812304333291785
Nearshore enriched,O'ahu,2.0129422936552928,7.036763959545671,9.325427435961053,3.358839710385832,0.05591732760270437,0.03997392704089483,2.9219950735569,3.8607297110405954,3.82569364716626,0.7223684210526315,4.0812304333291785
Storm runoff,Maui,1.8034089325212008,6.113239604033903,7.436225854152445,6.306968477292998,0.13595305383205414,0.4264885485172272,8.111989974975586,4.532599493153256,4.8955041083117266,0.7621052631578947,4.0447999596148
Storm runoff,Maui,1.8034089325212008,6.56582819167796,7.607483097488,6.306968477292998,0.13595305383205414,0.4264885485172272,8.111989974975586,4.532599493153256,4.401284976739626,0.7621052631578947,4.0447999596148
Nearshore enriched,Maui,1.0759579267258734,6.163104255555076,2.568845988441338,2.4050941787658666,0.03128986805677414,0.5737554617226124,3.6888697147369385,2.470920407813258,3.054208807294535,0.7621052631578947,4.0447999596148
Marine background,O'ahu,1.8602971571668712,3.7773481021015445,8.750890805834864,4.892270637718425,0.3248221278190613,9.451926598558202e-5,13.575106620788574,1.7245507194283571,5.376002459725545,0.7223684210526315,4.0812304333291785
Marine background,O'ahu,1.8602971571668712,7.2975651474797285,8.127207508475133,3.479365423548319,0.3248221278190613,9.451926598558202e-5,13.575106620788574,1.7245507194283571,4.030390273798395,0.7223684210526315,4.0812304333291785
Marine background,O'ahu,0.8972782925507153,6.659165706336452,7.727772218876661,2.958566222330021,0.22234460711479187,0.004223204683512449,13.011834144592285,0.7291576083085812,4.542170569827994,0.7223684210526315,4.0812304333291785
Marine background,O'ahu,1.8602971571668712,6.061923010756543,8.605415275596142,4.892270637718425,0.3248221278190613,9.451926598558202e-5,13.575106620788574,1.7245507194283571,6.323763354744915,0.7223684210526315,4.0812304333291785
Storm runoff,O'ahu,0.8972782925507153,7.444365601721855,7.987425672003721,3.9706509483001966,0.22234460711479187,0.004223204683512449,13.011834144592285,0.7291576083085812,5.623478924132793,0.7223684210526315,4.0812304333291785
Marine background,O'ahu,2.738352139988917,6.452837287154442,8.74820145451413,3.9706509483001966,0.13318634033203125,0.07301303697749972,10.983854293823242,1.749199854809259,4.484286100950752,0.7223684210526315,4.0812304333291785
Storm runoff,O'ahu,1.8602971571668712,7.206896444522812,6.516010292497736,2.958566222330021,0.3248221278190613,9.451926598558202e-5,13.575106620788574,1.7245507194283571,5.409286194929237,0.7223684210526315,4.0812304333291785
Marine background,O'ahu,0.8972782925507153,6.614189263371381,8.533149829979209,3.9706509483001966,0.22234460711479187,0.004223204683512449,13.011834144592285,0.7291576083085812,0.9797367749196941,0.7223684210526315,4.0812304333291785
Storm runoff,O'ahu,1.9568328242950692,5.660526965985244,8.10509198467293,4.076716987138787,0.06099339574575424,0,11.394539833068848,1.749199854809259,5.41422756572128,0.7223684210526315,4.0812304333291785
Nearshore enriched,O'ahu,1.9568328242950692,7.019117746835597,8.286509603454608,4.076716987138787,0.06099339574575424,0,11.394539833068848,1.749199854809259,6.905345152673816,0.7223684210526315,4.0812304333291785
Freshwater plume,O'ahu,1.5292648469944543,3.0106208860477417,8.158215456533158,4.076716987138787,0.017466073855757713,0.003550180932506919,16.152069091796875,1.8946168510825208,6.206256373186869,0.7223684210526315,4.0812304333291785
Storm runoff,O'ahu,2.9317113593989323,4.450852825603734,3.8893033052573913,4.901444273395651,0.04028651863336563,0.002168412785977125,20.27684783935547,1.7245507194283571,8.069809723193849,0.7223684210526315,4.0812304333291785
Storm runoff,O'ahu,1.8602971571668712,2.1972245773362196,8.37384408243551,4.892270637718425,0.3248221278190613,9.451926598558202e-5,13.575106620788574,1.7245507194283571,3.6064817050242293,0.7223684210526315,4.0812304333291785
Storm runoff,O'ahu,1.8602971571668712,3.529297384289471,8.388811968567365,4.892270637718425,0.3248221278190613,9.451926598558202e-5,13.575106620788574,1.7245507194283571,3.1900634364415814,0.7223684210526315,4.0812304333291785
Storm runoff,Maui,1.516921631041361,7.261786731975452,4.661137790086134,2.4050941787658666,0.02498784288764,0.04601293429732323,7.874063014984131,5.028256895446077,4.50985455975817,0.7621052631578947,4.0447999596148
Nearshore enriched,O'ahu,2.0129422936552928,8.141248049844064,9.310238157236629,3.358839710385832,0.05591732760270437,0.03997392704089483,2.9219950735569,3.8607297110405954,4.262804051068755,0.7223684210526315,4.0812304333291785
Marine background,O'ahu,0.8972782925507153,5.980909033168466,7.916228023584004,2.958566222330021,0.22234460711479187,0.004223204683512449,13.011834144592285,0.7291576083085812,5.176447685184678,0.7223684210526315,4.0812304333291785
Marine background,O'ahu,0.8972782925507153,5.980909033168466,7.916228023584004,2.958566222330021,0.22234460711479187,0.004223204683512449,13.011834144592285,0.7291576083085812,5.176447685184678,0.7223684210526315,4.0812304333291785
Marine background,O'ahu,1.8602971571668712,3.8264651170664994,8.754645585623525,4.892270637718425,0.3248221278190613,9.451926598558202e-5,13.575106620788574,1.7245507194283571,5.384978847024504,0.7223684210526315,4.0812304333291785
Marine background,O'ahu,2.0129422936552928,5.850476853807004,9.319371688487061,3.358839710385832,0.05591732760270437,0.03997392704089483,2.9219950735569,3.8607297110405954,3.9199804976482358,0.7223684210526315,4.0812304333291785
Marine background,O'ahu,1.8602971571668712,6.019322875236378,8.629070323751652,4.892270637718425,0.3248221278190613,9.451926598558202e-5,13.575106620788574,1.7245507194283571,6.032291959227602,0.7223684210526315,4.0812304333291785
Marine background,O'ahu,1.8602971571668712,5.573294066502264,8.083723267416612,4.892270637718425,0.3248221278190613,9.451926598558202e-5,13.575106620788574,1.7245507194283571,4.623027420019062,0.7223684210526315,4.0812304333291785
Nearshore enriched,O'ahu,0.8831365341590993,6.499787040655854,7.66157437746764,3.9706509483001966,0.23000787198543549,0.00252578710205853,9.806928634643555,2.137120649046716,7.264142454880159,0.7223684210526315,4.0812304333291785
Marine background,O'ahu,2.0129422936552928,5.597680943773655,9.335259335061696,3.358839710385832,0.05591732760270437,0.03997392704089483,2.9219950735569,3.8607297110405954,5.282818644984692,0.7223684210526315,4.0812304333291785
Nearshore enriched,O'ahu,2.0129422936552928,5.812935788552724,9.32573996928868,3.358839710385832,0.05591732760270437,0.03997392704089483,2.9219950735569,3.8607297110405954,3.238407292769071,0.7223684210526315,4.0812304333291785
Marine background,O'ahu,2.738352139988917,4.728272383122075,8.57186200596583,3.9706509483001966,0.13318634033203125,0.07301303697749972,10.983854293823242,1.749199854809259,6.522982296240178,0.7223684210526315,4.0812304333291785
Marine background,O'ahu,1.8725010833377753,6.3578422665081,9.32904100424156,2.8224661440630157,0.11777771264314651,0.016388773306971416,10.24023723602295,1.7245507194283571,5.921744382348929,0.7223684210526315,4.0812304333291785
Nearshore enriched,O'ahu,1.8602971571668712,3.708682081410116,8.494753253979953,4.892270637718425,0.3248221278190613,9.451926598558202e-5,13.575106620788574,1.7245507194283571,5.67290906380518,0.7223684210526315,4.0812304333291785
Nearshore enriched,O'ahu,0.8831365341590993,6.405724202897641,7.413959206495473,3.5048112114616914,0.23000787198543549,0.00252578710205853,9.806928634643555,2.137120649046716,6.363905461486543,0.7223684210526315,4.0812304333291785
Nearshore enriched,O'ahu,0.8831365341590993,6.094472297182211,6.66683526752833,3.5048112114616914,0.23000787198543549,0.00252578710205853,9.806928634643555,2.137120649046716,6.765513535965799,0.7223684210526315,4.0812304333291785
Storm runoff,O'ahu,2.477196669159271,7.9834741688369375,7.97984454110795,4.565691375014304,0.28910722583532333,4.1361484909430146e-4,7.829522967338562,2.0573237349027753,5.345818312016364,0.7223684210526315,4.0812304333291785
Nearshore enriched,O'ahu,2.476371055459825,3.5553480614894135,7.43218289613326,4.687168376907094,0.027148732915520668,0,9.602567672729492,3.2771447329921766,6.094655994132921,0.7223684210526315,4.0812304333291785
Marine background,O'ahu,0.8831365341590993,6.984994059322939,7.46883309294406,3.5048112114616914,0.23000787198543549,0.00252578710205853,9.806928634643555,2.137120649046716,5.560447162752674,0.7223684210526315,4.0812304333291785
Marine background,O'ahu,1.8602971571668712,7.110206207071258,8.511693433060312,4.892270637718425,0.3248221278190613,9.451926598558202e-5,13.575106620788574,1.7245507194283571,6.1068682616081515,0.7223684210526315,4.0812304333291785
Marine background,O'ahu,2.738352139988917,4.096009841541162,8.581553147510169,3.9706509483001966,0.13318634033203125,0.07301303697749972,10.983854293823242,1.749199854809259,6.427545027521191,0.7223684210526315,4.0812304333291785
Marine background,O'ahu,2.0129422936552928,8.208791271150117,9.311396060750548,3.358839710385832,0.05591732760270437,0.03997392704089483,2.9219950735569,3.8607297110405954,6.044321240598907,0.7223684210526315,4.0812304333291785
Marine background,O'ahu,1.8602971571668712,5.632286472951131,8.087293501119577,4.892270637718425,0.3248221278190613,9.451926598558202e-5,13.575106620788574,1.7245507194283571,4.726083992471851,0.7223684210526315,4.0812304333291785
Marine background,O'ahu,2.9523406090953297,3.456316680883235,7.0625164668684475,4.687168376907094,0.043850284069776535,8.556274697184563e-4,10.604402542114258,2.404539815481157,5.963675537469947,0.7223684210526315,4.0812304333291785
Nearshore enriched,O'ahu,2.0881928190819914,4.005513348515485,7.280109492620917,2.9677309674627974,0.06726262718439102,0.02581210993230343,10.067485809326172,2.772588722239781,5.607383004501779,0.7223684210526315,4.0812304333291785
Nearshore enriched,O'ahu,0.8831365341590993,6.22098770538623,7.349108450493093,3.5048112114616914,0.23000787198543549,0.00252578710205853,9.806928634643555,2.137120649046716,6.530731279227074,0.7223684210526315,4.0812304333291785
Storm runoff,Maui,1.8034089325212008,4.812184355372417,8.105385631176487,6.306968477292998,0.13595305383205414,0.4264885485172272,8.111989974975586,4.532599493153256,5.176009310910678,0.7621052631578947,4.0447999596148
Nearshore enriched,O'ahu,0.8831365341590993,6.140746249823736,4.995465954888018,3.9706509483001966,0.23000787198543549,0.00252578710205853,9.806928634643555,2.137120649046716,7.350276926548505,0.7223684210526315,4.0812304333291785
Marine background,O'ahu,4.006655278769132,4.361823927356363,5.985948307796329,4.687168376907094,0.11467483639717102,0.005344661884009838,7.717748165130615,3.2771447329921766,6.076140357977557,0.7223684210526315,4.0812304333291785
Storm runoff,O'ahu,0.48964071431988504,4.894850261102546,7.65296039550472,4.687168376907094,0.038997482508420944,0.12413184810429811,7.739075183868408,2.79910895062348,6.791623057000334,0.7223684210526315,4.0812304333291785
Marine background,O'ahu,4.006655278769132,4.665324108807838,6.085264503508671,4.687168376907094,0.11467483639717102,0.005344661884009838,7.717748165130615,3.2771447329921766,4.566694731748377,0.7223684210526315,4.0812304333291785
Storm runoff,O'ahu,1.4487870795047257,4.542230386214217,6.784550150939414,5.979138897417345,0.031169584020972252,0.1818698518036399,7.677298545837402,3.2771447329921766,5.823330735828661,0.7223684210526315,4.0812304333291785
Nearshore enriched,O'ahu,4.006655278769132,4.31748811353631,6.262600476504135,4.687168376907094,0.11467483639717102,0.005344661884009838,7.717748165130615,3.2771447329921766,4.063180703092109,0.7223684210526315,4.0812304333291785
Marine background,O'ahu,0.07264158234820549,4.959341999708705,8.269742149589543,3.472113548628883,0.02335343509912491,2.647323526616674e-5,14.76944351196289,2.3326292143135023,7.021140349908459,0.7223684210526315,4.0812304333291785
Marine background,O'ahu,0.826454919851703,5.165928178502291,8.062761310860665,4.687168376907094,0.03525610268115997,2.4429141194559634e-4,7.481982231140137,1.8946168510825208,5.22269399471719,0.7223684210526315,4.0812304333291785
Nearshore enriched,Maui,3.316557812571669,6.281144622222436,6.925075756960891,3.5520985479029457,0.06268250197172165,4.726367478724569e-6,9.090831756591797,2.667228206581955,4.935283484747752,0.7621052631578947,4.0447999596148
Marine background,O'ahu,2.9523406090953297,4.529368472571809,7.806475450582083,4.687168376907094,0.043850284069776535,8.556274697184563e-4,10.604402542114258,2.404539815481157,5.674093864099484,0.7223684210526315,4.0812304333291785
Freshwater plume,O'ahu,0.5085866596894729,6.2051636395941925,8.452461299502536,4.6178634777675125,0.07333673536777496,0.04685245454311371,8.473483085632324,1.576914717362437,5.664579782116942,0.7223684210526315,4.0812304333291785
Freshwater plume,O'ahu,4.006655278769132,2.0014800002101243,5.773301815499642,4.687168376907094,0.11467483639717102,0.005344661884009838,7.717748165130615,3.2771447329921766,3.3376392326508677,0.7223684210526315,4.0812304333291785
Storm runoff,Maui,0.9270580918013038,6.0428703351678825,6.9025150098978365,2.5792388344043484,0.056509919464588165,0.678783655166626,3.7008700370788574,2.0498410698570333,5.870316528596403,0.7621052631578947,4.0447999596148
Marine background,O'ahu,2.060202517900655,5.22413246835866,9.427826965722813,3.358839710385832,0.075663723051548,0,17.29973030090332,2.302585092994046,5.715574449082501,0.7223684210526315,4.0812304333291785
Marine background,O'ahu,1.8602971571668712,5.926125705799642,8.595830594648904,4.892270637718425,0.3248221278190613,9.451926598558202e-5,13.575106620788574,1.7245507194283571,6.420757458139586,0.7223684210526315,4.0812304333291785
Marine background,O'ahu,0.8972782925507153,6.663260401756892,7.727238081679193,2.958566222330021,0.22234460711479187,0.004223204683512449,13.011834144592285,0.7291576083085812,4.445068303906387,0.7223684210526315,4.0812304333291785
Freshwater plume,O'ahu,1.8602971571668712,7.099119163760321,8.742776282041946,4.892270637718425,0.3248221278190613,9.451926598558202e-5,13.575106620788574,1.7245507194283571,4.018569607413053,0.7223684210526315,4.0812304333291785
Storm runoff,O'ahu,2.3325439026837747,4.069026754237811,7.6778942300583735,5.979138897417345,0.029939811676740646,0.22307254374027252,13.448681831359863,1.8946168510825208,6.15074898522772,0.7223684210526315,4.0812304333291785
Marine background,O'ahu,1.8602971571668712,6.374854447564289,8.789014813933251,4.892270637718425,0.3248221278190613,9.451926598558202e-5,13.575106620788574,1.7245507194283571,5.409091970780629,0.7223684210526315,4.0812304333291785
Nearshore enriched,O'ahu,2.0129422936552928,7.0326242610280065,9.328347549557327,3.358839710385832,0.05591732760270437,0.03997392704089483,2.9219950735569,3.8607297110405954,4.1956512723727135,0.7223684210526315,4.0812304333291785
Marine background,O'ahu,2.0129422936552928,6.428912701069197,9.348082158805353,3.358839710385832,0.05591732760270437,0.03997392704089483,2.9219950735569,3.8607297110405954,3.5494339481839026,0.7223684210526315,4.0812304333291785
Marine background,O'ahu,1.8602971571668712,3.5751506887855933,8.745022762426569,4.892270637718425,0.3248221278190613,9.451926598558202e-5,13.575106620788574,1.7245507194283571,5.568893156562441,0.7223684210526315,4.0812304333291785
Marine background,O'ahu,0.8972782925507153,7.163017460177807,8.418286038957111,3.9706509483001966,0.22234460711479187,0.004223204683512449,13.011834144592285,0.7291576083085812,4.452946034356953,0.7223684210526315,4.0812304333291785
Marine background,O'ahu,1.8602971571668712,7.414633120500031,8.223608748447171,3.479365423548319,0.3248221278190613,9.451926598558202e-5,13.575106620788574,1.7245507194283571,6.127893384285188,0.7223684210526315,4.0812304333291785
Nearshore enriched,O'ahu,0.8972782925507153,7.094068857045629,8.41707097725649,3.9706509483001966,0.22234460711479187,0.004223204683512449,13.011834144592285,0.7291576083085812,4.3476350094440175,0.7223684210526315,4.0812304333291785
Nearshore enriched,O'ahu,0.2502686740329249,6.080390756302384,6.1051692220013445,3.5780199758690228,0.5798628628253937,0,6.18178316950798,2.1972245773362196,6.182418414033348,0.7223684210526315,4.0812304333291785
Marine background,O'ahu,2.738352139988917,7.045950777733537,8.81194353231971,3.9706509483001966,0.13318634033203125,0.07301303697749972,10.983854293823242,1.749199854809259,5.054277857590168,0.7223684210526315,4.0812304333291785
Nearshore enriched,O'ahu,0.20548662470374068,5.959973880016611,4.110875739582449,3.9706509483001966,0.13651075959205627,0,19.803966522216797,3.367295829986474,5.911761879933905,0.7223684210526315,4.0812304333291785
Marine background,O'ahu,2.0129422936552928,7.474715459291698,9.319049303310374,3.358839710385832,0.05591732760270437,0.03997392704089483,2.9219950735569,3.8607297110405954,3.2518188723006882,0.7223684210526315,4.0812304333291785
Nearshore enriched,O'ahu,2.0129422936552928,7.772415817619433,8.813263464525276,5.571164950041362,0.05591732760270437,0.03997392704089483,2.9219950735569,3.8607297110405954,6.184734134285331,0.7223684210526315,4.0812304333291785
Freshwater plume,O'ahu,3.332225940913216,5.45660234551375,7.632454053888522,2.6248789487182944,0.16553421318531036,0.014914245344698429,14.519304275512695,2.613739519884309,6.739876873464999,0.7223684210526315,4.0812304333291785
Nearshore enriched,O'ahu,2.0129422936552928,7.333480426097662,8.757393002879082,3.358839710385832,0.05591732760270437,0.03997392704089483,2.9219950735569,3.8607297110405954,3.395037581032272,0.7223684210526315,4.0812304333291785
Marine background,O'ahu,0.578818954116978,5.318119993844216,7.497890832706097,3.472113548628883,0.014416205696761608,0,21.776742935180664,2.302585092994046,6.873498275693672,0.7223684210526315,4.0812304333291785
Nearshore enriched,O'ahu,2.1174870441364906,4.866764923676554,8.041589507732473,3.472113548628883,0.06435501575469971,7.49072409234941e-4,18.266441345214844,3.784189633918261,4.359663419307959,0.7223684210526315,4.0812304333291785
Marine background,O'ahu,1.8602971571668712,7.0593598631140315,8.660491582008161,4.892270637718425,0.3248221278190613,9.451926598558202e-5,13.575106620788574,1.7245507194283571,2.1656621254413033,0.7223684210526315,4.0812304333291785
Marine background,O'ahu,2.9317113593989323,3.6428355156125294,6.396131582892694,4.901444273395651,0.04028651863336563,0.002168412785977125,20.27684783935547,1.7245507194283571,8.008158874888984,0.7223684210526315,4.0812304333291785
Nearshore enriched,O'ahu,1.8725010833377753,5.665734407018671,8.993589498887504,2.8224661440630157,0.11777771264314651,0.016388773306971416,10.24023723602295,1.7245507194283571,3.682900487592785,0.7223684210526315,4.0812304333291785
Marine background,O'ahu,2.0129422936552928,7.485098713798439,9.318298948781619,3.358839710385832,0.05591732760270437,0.03997392704089483,2.9219950735569,3.8607297110405954,3.7532231049376787,0.7223684210526315,4.0812304333291785
Freshwater plume,O'ahu,3.332225940913216,5.457881936219375,7.632315204184599,2.6248789487182944,0.16553421318531036,0.014914245344698429,14.519304275512695,2.613739519884309,6.739705520002576,0.7223684210526315,4.0812304333291785
Nearshore enriched,O'ahu,2.1174870441364906,3.9396381724611196,8.02570290068622,3.472113548628883,0.06435501575469971,7.49072409234941e-4,18.266441345214844,3.784189633918261,3.050499895584106,0.7223684210526315,4.0812304333291785
Nearshore enriched,O'ahu,2.477196669159271,8.090831257595088,7.898780987868486,4.565691375014304,0.28910722583532333,4.1361484909430146e-4,7.829522967338562,2.0573237349027753,4.8470213516869505,0.7223684210526315,4.0812304333291785
Marine background,O'ahu,1.8602971571668712,5.118592435601348,8.555308611279223,4.892270637718425,0.3248221278190613,9.451926598558202e-5,13.575106620788574,1.7245507194283571,6.38447050882585,0.7223684210526315,4.0812304333291785
Storm runoff,O'ahu,2.738352139988917,4.98292145552874,8.334318416172412,3.9706509483001966,0.13318634033203125,0.07301303697749972,10.983854293823242,1.749199854809259,5.6861094392645875,0.7223684210526315,4.0812304333291785
Marine background,O'ahu,1.8725010833377753,5.41565585896527,8.616272181834107,3.472113548628883,0.11777771264314651,0.016388773306971416,10.24023723602295,1.7245507194283571,5.321886285217097,0.7223684210526315,4.0812304333291785
Marine background,O'ahu,1.9568328242950692,5.45660234551375,7.632454053888522,2.6248789487182944,0.06099339574575424,0,11.394539833068848,1.749199854809259,6.739876873464999,0.7223684210526315,4.0812304333291785
Freshwater plume,O'ahu,2.477196669159271,6.289530024939451,7.663171989413022,4.565691375014304,0.28910722583532333,4.1361484909430146e-4,7.829522967338562,2.0573237349027753,2.2628982372315396,0.7223684210526315,4.0812304333291785
Freshwater plume,O'ahu,0.8831365341590993,7.431299675155903,7.098934799132369,3.9706509483001966,0.23000787198543549,0.00252578710205853,9.806928634643555,2.137120649046716,7.535141176198584,0.7223684210526315,4.0812304333291785
Nearshore enriched,O'ahu,2.476371055459825,3.3877743613300146,7.347561304815984,4.687168376907094,0.027148732915520668,0,9.602567672729492,3.2771447329921766,6.227734112264922,0.7223684210526315,4.0812304333291785
Nearshore enriched,Maui,0.9270580918013038,7.331584071107259,6.197456716498716,2.5792388344043484,0.056509919464588165,0.678783655166626,3.7008700370788574,2.0498410698570333,5.660034533431488,0.7621052631578947,4.0447999596148
Nearshore enriched,O'ahu,1.8725010833377753,5.595825999817554,8.996014095972665,2.8224661440630157,0.11777771264314651,0.016388773306971416,10.24023723602295,1.7245507194283571,3.342747548035689,0.7223684210526315,4.0812304333291785
Marine background,O'ahu,0.4391982227809177,6.455512979315044,9.236553570445913,2.8224661440630157,0.1640285663306713,0.018548646941781044,5.23984956741333,2.8205849204962012,5.888398192405037,0.7223684210526315,4.0812304333291785
Nearshore enriched,O'ahu,1.9568328242950692,6.35193228928541,8.188534694316624,4.076716987138787,0.06099339574575424,0,11.394539833068848,1.749199854809259,6.239438381997252,0.7223684210526315,4.0812304333291785
Marine background,O'ahu,1.8602971571668712,5.887769310769217,8.563663562749062,4.892270637718425,0.3248221278190613,9.451926598558202e-5,13.575106620788574,1.7245507194283571,6.4412314275591465,0.7223684210526315,4.0812304333291785
Nearshore enriched,O'ahu,0.8972782925507153,7.102910793756178,8.428807067622438,3.9706509483001966,0.22234460711479187,0.004223204683512449,13.011834144592285,0.7291576083085812,3.338710804511601,0.7223684210526315,4.0812304333291785
Nearshore enriched,O'ahu,1.8725010833377753,5.781669013313272,9.370479963879017,2.8224661440630157,0.11777771264314651,0.016388773306971416,10.24023723602295,1.7245507194283571,5.235193456374654,0.7223684210526315,4.0812304333291785
Freshwater plume,O'ahu,2.477196669159271,6.294712342663853,8.024215278159382,3.1722169363036588,0.28910722583532333,4.1361484909430146e-4,7.829522967338562,2.0573237349027753,4.882219355254924,0.7223684210526315,4.0812304333291785
Storm runoff,O'ahu,0.20548662470374068,6.238324625039508,4.965940941661111,3.9706509483001966,0.13651075959205627,0,19.803966522216797,3.367295829986474,5.9430333160325075,0.7223684210526315,4.0812304333291785
Nearshore enriched,O'ahu,1.7036068253377346,6.709548212957959,7.778691524232719,4.565691375014304,0.2794608473777771,3.246975247748196e-4,9.1135406494140625,2.17048125100026,3.481643465660926,0.7223684210526315,4.0812304333291785
Storm runoff,O'ahu,0.20548662470374068,6.162050847683516,4.626080610873753,3.9706509483001966,0.13651075959205627,0,19.803966522216797,3.367295829986474,5.935215028187077,0.7223684210526315,4.0812304333291785
Storm runoff,O'ahu,1.8725010833377753,6.522239846181593,9.576078404344605,2.8224661440630157,0.11777771264314651,0.016388773306971416,10.24023723602295,1.7245507194283571,5.435164889245055,0.7223684210526315,4.0812304333291785
Marine background,O'ahu,2.0129422936552928,6.905953657035509,9.333113476313056,3.358839710385832,0.05591732760270437,0.03997392704089483,2.9219950735569,3.8607297110405954,5.263761418305584,0.7223684210526315,4.0812304333291785
Marine background,O'ahu,1.8602971571668712,6.258433577962221,8.788821082562482,4.892270637718425,0.3248221278190613,9.451926598558202e-5,13.575106620788574,1.7245507194283571,5.860911035414045,0.7223684210526315,4.0812304333291785
Marine background,O'ahu,1.8602971571668712,6.189290290437902,8.78985104481109,4.892270637718425,0.3248221278190613,9.451926598558202e-5,13.575106620788574,1.7245507194283571,5.833836199931428,0.7223684210526315,4.0812304333291785
Marine background,O'ahu,2.9317113593989323,3.6428355156125294,6.396131582892694,4.901444273395651,0.04028651863336563,0.002168412785977125,20.27684783935547,1.7245507194283571,8.008158874888984,0.7223684210526315,4.0812304333291785
Freshwater plume,O'ahu,2.477196669159271,6.294712342663853,8.024215278159382,3.1722169363036588,0.28910722583532333,4.1361484909430146e-4,7.829522967338562,2.0573237349027753,4.882219355254924,0.7223684210526315,4.0812304333291785
Nearshore enriched,O'ahu,2.477196669159271,6.344231866215697,7.782940404250802,4.565691375014304,0.28910722583532333,4.1361484909430146e-4,7.829522967338562,2.0573237349027753,5.00993054087659,0.7223684210526315,4.0812304333291785
Marine background,O'ahu,2.477196669159271,8.15461514411045,7.7069424994723565,4.565691375014304,0.28910722583532333,4.1361484909430146e-4,7.829522967338562,2.0573237349027753,5.452345526023275,0.7223684210526315,4.0812304333291785
Freshwater plume,O'ahu,3.332225940913216,6.368187186350492,6.576290171979975,2.6248789487182944,0.16553421318531036,0.014914245344698429,14.519304275512695,2.613739519884309,6.502495545358429,0.7223684210526315,4.0812304333291785
Marine background,O'ahu,2.9317113593989323,3.6428355156125294,6.396131582892694,4.901444273395651,0.04028651863336563,0.002168412785977125,20.27684783935547,1.7245507194283571,8.008158874888984,0.7223684210526315,4.0812304333291785
Freshwater plume,O'ahu,1.7036068253377346,6.425840998710567,5.392448293570851,3.5048112114616914,0.2794608473777771,3.246975247748196e-4,9.1135406494140625,2.17048125100026,5.3932224683719125,0.7223684210526315,4.0812304333291785
Nearshore enriched,O'ahu,0.8831365341590993,7.455414152793477,7.06640523957741,3.9706509483001966,0.23000787198543549,0.00252578710205853,9.806928634643555,2.137120649046716,7.534574501201321,0.7223684210526315,4.0812304333291785
Nearshore enriched,Maui,1.4103646368616032,6.286742696181391,5.773952679483301,3.5520985479029457,0.06291966885328293,0.0019698389805853367,15.69959831237793,2.582864835634029,4.360918428148555,0.7621052631578947,4.0447999596148
Marine background,O'ahu,2.0129422936552928,7.088074833105418,9.32639718917352,3.358839710385832,0.05591732760270437,0.03997392704089483,2.9219950735569,3.8607297110405954,3.814839223266891,0.7223684210526315,4.0812304333291785
Marine background,O'ahu,0.8972782925507153,6.194813471094013,8.684816323613624,3.9706509483001966,0.22234460711479187,0.004223204683512449,13.011834144592285,0.7291576083085812,3.5532256672769003,0.7223684210526315,4.0812304333291785
Nearshore enriched,O'ahu,3.332225940913216,2.341805806147327,7.752554866855883,2.6248789487182944,0.16553421318531036,0.014914245344698429,14.519304275512695,2.613739519884309,7.009786540678774,0.7223684210526315,4.0812304333291785
Marine background,O'ahu,0.8972782925507153,7.093155425385689,7.187858677547706,3.9706509483001966,0.22234460711479187,0.004223204683512449,13.011834144592285,0.7291576083085812,5.270181151681558,0.7223684210526315,4.0812304333291785
Marine background,O'ahu,1.8602971571668712,6.3313238981181525,8.79262744091821,4.892270637718425,0.3248221278190613,9.451926598558202e-5,13.575106620788574,1.7245507194283571,5.744081826812647,0.7223684210526315,4.0812304333291785
Marine background,O'ahu,2.0129422936552928,6.431974996958947,8.760981117979924,5.571164950041362,0.05591732760270437,0.03997392704089483,2.9219950735569,3.8607297110405954,7.3123848446300475,0.7223684210526315,4.0812304333291785
Marine background,O'ahu,2.060202517900655,5.484381909620826,9.419641898060128,3.358839710385832,0.075663723051548,0,17.29973030090332,2.302585092994046,5.272797454715477,0.7223684210526315,4.0812304333291785
Freshwater plume,O'ahu,1.7036068253377346,5.391807709635375,7.378785173229457,3.5048112114616914,0.2794608473777771,3.246975247748196e-4,9.1135406494140625,2.17048125100026,4.735329638123155,0.7223684210526315,4.0812304333291785
Storm runoff,O'ahu,1.8602971571668712,6.278333789302737,3.7479113822838963,2.958566222330021,0.3248221278190613,9.451926598558202e-5,13.575106620788574,1.7245507194283571,4.513307039261729,0.7223684210526315,4.0812304333291785
Marine background,O'ahu,2.0129422936552928,7.958716754174241,9.008524428402506,3.358839710385832,0.05591732760270437,0.03997392704089483,2.9219950735569,3.8607297110405954,4.7964628448899855,0.7223684210526315,4.0812304333291785
Marine background,O'ahu,1.8725010833377753,6.038586654176717,9.41620520218105,2.8224661440630157,0.11777771264314651,0.016388773306971416,10.24023723602295,1.7245507194283571,6.04570057213001,0.7223684210526315,4.0812304333291785
Storm runoff,O'ahu,1.8725010833377753,6.556636300614086,9.569661973586422,2.8224661440630157,0.11777771264314651,0.016388773306971416,10.24023723602295,1.7245507194283571,5.193754070855535,0.7223684210526315,4.0812304333291785
Marine background,O'ahu,2.5404955097463993,7.322576482014326,7.438140054674253,3.479365423548319,0.33621343970298767,0,12.08728313446045,1.7245507194283571,5.849870129166241,0.7223684210526315,4.0812304333291785
Storm runoff,O'ahu,1.8602971571668712,6.278709023828715,4.884054123352863,2.958566222330021,0.3248221278190613,9.451926598558202e-5,13.575106620788574,1.7245507194283571,3.104404283142851,0.7223684210526315,4.0812304333291785
Nearshore enriched,O'ahu,1.8725010833377753,6.175451383220998,9.157853698947902,2.8224661440630157,0.11777771264314651,0.016388773306971416,10.24023723602295,1.7245507194283571,5.707241640879165,0.7223684210526315,4.0812304333291785
Nearshore enriched,Maui,0.5495852092829008,7.104308418022816,4.679751288887011,2.2222558859501507,0.01048337109386921,0.004998667165637016,24.607067108154297,0.19885085776803976,7.333785584234449,0.7621052631578947,4.0447999596148
Marine background,O'ahu,1.2121064378040094,7.734952467662338,7.645606865466897,3.479365423548319,0.2732030749320984,0,15.32446002960205,1.7245507194283571,5.568753303687515,0.7223684210526315,4.0812304333291785
Marine background,O'ahu,1.8602971571668712,7.391353580493644,8.256449660377745,3.479365423548319,0.3248221278190613,9.451926598558202e-5,13.575106620788574,1.7245507194283571,6.243554535118237,0.7223684210526315,4.0812304333291785
Marine background,O'ahu,1.8725010833377753,5.702114417555504,8.979351531800395,2.8224661440630157,0.11777771264314651,0.016388773306971416,10.24023723602295,1.7245507194283571,5.117557043829074,0.7223684210526315,4.0812304333291785
Marine background,O'ahu,2.738352139988917,6.9492810258106354,8.795997677642735,3.9706509483001966,0.13318634033203125,0.07301303697749972,10.983854293823242,1.749199854809259,4.093417351132617,0.7223684210526315,4.0812304333291785
Freshwater plume,O'ahu,1.7036068253377346,6.468629969381338,5.5055387892615135,3.5048112114616914,0.2794608473777771,3.246975247748196e-4,9.1135406494140625,2.17048125100026,5.262041001725098,0.7223684210526315,4.0812304333291785
Marine background,O'ahu,2.5404955097463993,6.8308742346461795,7.842743755515848,3.479365423548319,0.33621343970298767,0,12.08728313446045,1.7245507194283571,4.831797069918754,0.7223684210526315,4.0812304333291785
Marine background,O'ahu,1.8602971571668712,5.561450566078405,8.2855804814576,3.479365423548319,0.3248221278190613,9.451926598558202e-5,13.575106620788574,1.7245507194283571,4.277207596886801,0.7223684210526315,4.0812304333291785
Marine background,Maui,1.1904321411308347,7.035004479897601,5.786725850469047,2.2222558859501507,0.03426937386393547,0.11035169661045074,17.90790557861328,3.367295829986474,6.992655792000857,0.7621052631578947,4.0447999596148
Marine background,O'ahu,2.5404955097463993,6.857724345376572,7.7104006384224615,3.479365423548319,0.33621343970298767,0,12.08728313446045,1.7245507194283571,5.058641719673229,0.7223684210526315,4.0812304333291785
Nearshore enriched,O'ahu,0.20548662470374068,6.104346704164654,4.236578492897004,3.9706509483001966,0.13651075959205627,0,19.803966522216797,3.367295829986474,5.949633651831781,0.7223684210526315,4.0812304333291785
Marine background,O'ahu,0.8972782925507153,7.124397743953987,7.2839719253557815,3.9706509483001966,0.22234460711479187,0.004223204683512449,13.011834144592285,0.7291576083085812,4.64991972223502,0.7223684210526315,4.0812304333291785
Nearshore enriched,O'ahu,0.8972782925507153,6.643529282566697,7.731891232118675,2.958566222330021,0.22234460711479187,0.004223204683512449,13.011834144592285,0.7291576083085812,4.7074385121599125,0.7223684210526315,4.0812304333291785
Nearshore enriched,O'ahu,0.8831365341590993,7.1774006639477665,7.330039418478023,3.9706509483001966,0.23000787198543549,0.00252578710205853,9.806928634643555,2.137120649046716,7.505890309503064,0.7223684210526315,4.0812304333291785
Nearshore enriched,O'ahu,2.0129422936552928,7.319334988090155,9.320408960359131,3.358839710385832,0.05591732760270437,0.03997392704089483,2.9219950735569,3.8607297110405954,5.485243072592912,0.7223684210526315,4.0812304333291785
Nearshore enriched,O'ahu,1.8602971571668712,7.147873934502308,7.442864937925549,2.958566222330021,0.3248221278190613,9.451926598558202e-5,13.575106620788574,1.7245507194283571,4.67084118376481,0.7223684210526315,4.0812304333291785
Nearshore enriched,O'ahu,1.8602971571668712,7.14629962687237,8.374351170063475,3.479365423548319,0.3248221278190613,9.451926598558202e-5,13.575106620788574,1.7245507194283571,5.56910679677869,0.7223684210526315,4.0812304333291785
Marine background,O'ahu,0.8972782925507153,6.591673732008658,8.525695965258473,3.9706509483001966,0.22234460711479187,0.004223204683512449,13.011834144592285,0.7291576083085812,2.0476880742077657,0.7223684210526315,4.0812304333291785
Marine background,O'ahu,1.8602971571668712,7.72475592170908,8.432043959345553,3.479365423548319,0.3248221278190613,9.451926598558202e-5,13.575106620788574,1.7245507194283571,7.095950866509773,0.7223684210526315,4.0812304333291785
Nearshore enriched,O'ahu,0.20548662470374068,6.238324625039508,4.965940941661111,3.9706509483001966,0.13651075959205627,0,19.803966522216797,3.367295829986474,5.9430333160325075,0.7223684210526315,4.0812304333291785
Marine background,O'ahu,2.0129422936552928,7.31741159170877,8.756587070816423,3.358839710385832,0.05591732760270437,0.03997392704089483,2.9219950735569,3.8607297110405954,2.9527410620083905,0.7223684210526315,4.0812304333291785
Marine background,O'ahu,2.0129422936552928,8.212758236465422,9.300951796015847,3.358839710385832,0.05591732760270437,0.03997392704089483,2.9219950735569,3.8607297110405954,5.716876840893071,0.7223684210526315,4.0812304333291785
Marine background,O'ahu,2.5404955097463993,6.850655686941565,7.713334532465919,3.479365423548319,0.33621343970298767,0,12.08728313446045,1.7245507194283571,5.085744105835649,0.7223684210526315,4.0812304333291785
Marine background,O'ahu,1.8602971571668712,4.070734696582967,8.760270623976309,4.892270637718425,0.3248221278190613,9.451926598558202e-5,13.575106620788574,1.7245507194283571,5.359480817863135,0.7223684210526315,4.0812304333291785
Nearshore enriched,Maui,0.5231184827379162,4.536891345234797,6.758503812356698,3.5520985479029457,0.16329514980316162,0.0015597434248775244,17.596988677978516,1.9563318444615498,6.584792129190924,0.7621052631578947,4.0447999596148
Marine background,O'ahu,0.8972782925507153,6.665046572173087,8.617796623889907,3.9706509483001966,0.22234460711479187,0.004223204683512449,13.011834144592285,0.7291576083085812,4.211988457418923,0.7223684210526315,4.0812304333291785
Nearshore enriched,O'ahu,1.8602971571668712,3.901972669574645,8.39333497567239,4.892270637718425,0.3248221278190613,9.451926598558202e-5,13.575106620788574,1.7245507194283571,3.640808066861891,0.7223684210526315,4.0812304333291785
Nearshore enriched,O'ahu,1.8602971571668712,7.06373286043649,6.159272915780499,2.958566222330021,0.3248221278190613,9.451926598558202e-5,13.575106620788574,1.7245507194283571,4.827575510643999,0.7223684210526315,4.0812304333291785
Marine background,O'ahu,2.5404955097463993,7.067405096511674,7.99945944310039,3.479365423548319,0.33621343970298767,0,12.08728313446045,1.7245507194283571,3.8016299748994764,0.7223684210526315,4.0812304333291785
Nearshore enriched,O'ahu,1.8602971571668712,6.937314081223682,7.5735626030913075,2.958566222330021,0.3248221278190613,9.451926598558202e-5,13.575106620788574,1.7245507194283571,5.540131850519994,0.7223684210526315,4.0812304333291785
Marine background,O'ahu,1.8602971571668712,5.636573724962751,8.291236531324877,3.479365423548319,0.3248221278190613,9.451926598558202e-5,13.575106620788574,1.7245507194283571,4.564942240125305,0.7223684210526315,4.0812304333291785
Marine background,O'ahu,2.738352139988917,7.270104096016674,8.84344229360028,3.9706509483001966,0.13318634033203125,0.07301303697749972,10.983854293823242,1.749199854809259,5.175714487931708,0.7223684210526315,4.0812304333291785
Marine background,O'ahu,2.5404955097463993,6.799724534768432,7.83079039120561,3.479365423548319,0.33621343970298767,0,12.08728313446045,1.7245507194283571,4.637556200445644,0.7223684210526315,4.0812304333291785
Marine background,O'ahu,2.5404955097463993,6.857724345376572,7.7104006384224615,3.479365423548319,0.33621343970298767,0,12.08728313446045,1.7245507194283571,5.058641719673229,0.7223684210526315,4.0812304333291785
Freshwater plume,O'ahu,2.477196669159271,6.507277712385012,8.052881339001127,3.1722169363036588,0.28910722583532333,4.1361484909430146e-4,7.829522967338562,2.0573237349027753,5.298855067247541,0.7223684210526315,4.0812304333291785
Nearshore enriched,O'ahu,2.476371055459825,4.640537329825382,6.957315129723996,4.687168376907094,0.027148732915520668,0,9.602567672729492,3.2771447329921766,6.463223581747936,0.7223684210526315,4.0812304333291785
Marine background,Maui,1.1904321411308347,7.032447722939455,6.01183412380212,2.2222558859501507,0.03426937386393547,0.11035169661045074,17.90790557861328,3.367295829986474,5.890258221048969,0.7621052631578947,4.0447999596148
Nearshore enriched,O'ahu,0.20548662470374068,6.9954913932862235,5.818926949044419,2.958566222330021,0.13651075959205627,0,19.803966522216797,3.367295829986474,6.6954860943198735,0.7223684210526315,4.0812304333291785
Nearshore enriched,O'ahu,0.20548662470374068,7.015173675749407,5.995973128649002,2.958566222330021,0.13651075959205627,0,19.803966522216797,3.367295829986474,6.645050808288077,0.7223684210526315,4.0812304333291785
Marine background,O'ahu,0.20548662470374068,7.263749991616005,6.659215823929377,2.958566222330021,0.13651075959205627,0,19.803966522216797,3.367295829986474,6.9232958120212835,0.7223684210526315,4.0812304333291785
Nearshore enriched,O'ahu,1.8602971571668712,6.864325721054801,6.4292390533729895,2.958566222330021,0.3248221278190613,9.451926598558202e-5,13.575106620788574,1.7245507194283571,6.148588537967866,0.7223684210526315,4.0812304333291785
Marine background,O'ahu,1.8602971571668712,6.955878554163865,6.477329861618467,2.958566222330021,0.3248221278190613,9.451926598558202e-5,13.575106620788574,1.7245507194283571,6.199488676817545,0.7223684210526315,4.0812304333291785
Nearshore enriched,O'ahu,0.8972782925507153,7.245726391727086,7.308736699804882,3.9706509483001966,0.22234460711479187,0.004223204683512449,13.011834144592285,0.7291576083085812,4.13477504543722,0.7223684210526315,4.0812304333291785
Nearshore enriched,O'ahu,0.20548662470374068,6.385700173264597,5.12849124819562,2.958566222330021,0.13651075959205627,0,19.803966522216797,3.367295829986474,6.257405979344127,0.7223684210526315,4.0812304333291785
Nearshore enriched,O'ahu,0.8972782925507153,6.226536669287466,4.627760075362216,2.958566222330021,0.22234460711479187,0.004223204683512449,13.011834144592285,0.7291576083085812,6.0445047353135894,0.7223684210526315,4.0812304333291785
Nearshore enriched,O'ahu,0.8972782925507153,5.943586466863518,5.679791695480412,3.9706509483001966,0.22234460711479187,0.004223204683512449,13.011834144592285,0.7291576083085812,4.919527903727009,0.7223684210526315,4.0812304333291785
Marine background,O'ahu,0.8972782925507153,6.457240502320248,6.3133550712294,3.9706509483001966,0.22234460711479187,0.004223204683512449,13.011834144592285,0.7291576083085812,5.411619645689129,0.7223684210526315,4.0812304333291785
Marine background,O'ahu,2.5404955097463993,6.740046434556028,7.891466822031468,3.479365423548319,0.33621343970298767,0,12.08728313446045,1.7245507194283571,4.796296126827195,0.7223684210526315,4.0812304333291785
Nearshore enriched,O'ahu,1.8602971571668712,4.422448549172797,8.413816999347482,4.892270637718425,0.3248221278190613,9.451926598558202e-5,13.575106620788574,1.7245507194283571,2.866912862897056,0.7223684210526315,4.0812304333291785
Nearshore enriched,O'ahu,1.8602971571668712,6.997504571125745,5.884273975851979,2.958566222330021,0.3248221278190613,9.451926598558202e-5,13.575106620788574,1.7245507194283571,2.418817895007158,0.7223684210526315,4.0812304333291785
Storm runoff,O'ahu,1.8602971571668712,6.9492810258106354,7.563066955575401,2.958566222330021,0.3248221278190613,9.451926598558202e-5,13.575106620788574,1.7245507194283571,5.535012739743109,0.7223684210526315,4.0812304333291785
Nearshore enriched,O'ahu,1.8602971571668712,3.708682081410116,8.383027289853437,4.892270637718425,0.3248221278190613,9.451926598558202e-5,13.575106620788574,1.7245507194283571,1.0799525590206134,0.7223684210526315,4.0812304333291785
Marine background,O'ahu,0.8972782925507153,6.54405572010644,8.600885153313138,3.9706509483001966,0.22234460711479187,0.004223204683512449,13.011834144592285,0.7291576083085812,4.7116435357943685,0.7223684210526315,4.0812304333291785
Nearshore enriched,O'ahu,0.8972782925507153,7.047256317759695,7.217760390658749,3.9706509483001966,0.22234460711479187,0.004223204683512449,13.011834144592285,0.7291576083085812,5.376558704135991,0.7223684210526315,4.0812304333291785
Marine background,O'ahu,1.2121064378040094,7.7420981562088595,7.648808191868509,3.479365423548319,0.2732030749320984,0,15.32446002960205,1.7245507194283571,5.649371170953101,0.7223684210526315,4.0812304333291785
Marine background,O'ahu,2.738352139988917,7.032447722939455,8.809636140570657,3.9706509483001966,0.13318634033203125,0.07301303697749972,10.983854293823242,1.749199854809259,4.956753103157788,0.7223684210526315,4.0812304333291785
Marine background,O'ahu,0.20548662470374068,7.018849326487724,5.759542941395917,2.958566222330021,0.13651075959205627,0,19.803966522216797,3.367295829986474,6.742558277451959,0.7223684210526315,4.0812304333291785
Storm runoff,O'ahu,1.8602971571668712,7.184022448618619,6.453058325699779,2.958566222330021,0.3248221278190613,9.451926598558202e-5,13.575106620788574,1.7245507194283571,5.568652324329859,0.7223684210526315,4.0812304333291785
Marine background,O'ahu,2.738352139988917,6.460373827772681,8.747949288099395,3.9706509483001966,0.13318634033203125,0.07301303697749972,10.983854293823242,1.749199854809259,4.484611825262835,0.7223684210526315,4.0812304333291785
Marine background,O'ahu,1.8602971571668712,5.1089711948171175,8.659729007085655,4.892270637718425,0.3248221278190613,9.451926598558202e-5,13.575106620788574,1.7245507194283571,5.159693699453671,0.7223684210526315,4.0812304333291785
Nearshore enriched,O'ahu,0.8972782925507153,6.52561599617747,6.4451121781267595,3.9706509483001966,0.22234460711479187,0.004223204683512449,13.011834144592285,0.7291576083085812,5.597462247801147,0.7223684210526315,4.0812304333291785
Nearshore enriched,O'ahu,1.8602971571668712,6.981191597055319,7.5508553806946015,2.958566222330021,0.3248221278190613,9.451926598558202e-5,13.575106620788574,1.7245507194283571,5.704513921160131,0.7223684210526315,4.0812304333291785
Nearshore enriched,O'ahu,1.8602971571668712,7.124397743953987,8.7369845548296,4.892270637718425,0.3248221278190613,9.451926598558202e-5,13.575106620788574,1.7245507194283571,2.07082670698043,0.7223684210526315,4.0812304333291785
Marine background,O'ahu,2.5404955097463993,6.751802977208251,7.895818104376302,3.479365423548319,0.33621343970298767,0,12.08728313446045,1.7245507194283571,4.749810580166319,0.7223684210526315,4.0812304333291785
Marine background,O'ahu,1.8602971571668712,6.429074108542713,8.791242158554262,4.892270637718425,0.3248221278190613,9.451926598558202e-5,13.575106620788574,1.7245507194283571,5.233923229023183,0.7223684210526315,4.0812304333291785
Nearshore enriched,O'ahu,1.8602971571668712,7.169119043116044,8.358213132386197,3.479365423548319,0.3248221278190613,9.451926598558202e-5,13.575106620788574,1.7245507194283571,5.617112660219952,0.7223684210526315,4.0812304333291785
Marine background,O'ahu,2.5404955097463993,7.877017895622398,7.7509805892114985,3.479365423548319,0.33621343970298767,0,12.08728313446045,1.7245507194283571,5.243505785509929,0.7223684210526315,4.0812304333291785
Marine background,O'ahu,2.738352139988917,7.199080706348717,8.831461454809212,3.9706509483001966,0.13318634033203125,0.07301303697749972,10.983854293823242,1.749199854809259,5.314529999896707,0.7223684210526315,4.0812304333291785
Marine background,O'ahu,1.8602971571668712,8.026790917291125,8.605097399598986,3.479365423548319,0.3248221278190613,9.451926598558202e-5,13.575106620788574,1.7245507194283571,7.548519567918258,0.7223684210526315,4.0812304333291785
Nearshore enriched,O'ahu,0.8831365341590993,7.257143740869896,7.263690356531093,3.9706509483001966,0.23000787198543549,0.00252578710205853,9.806928634643555,2.137120649046716,7.504920796138885,0.7223684210526315,4.0812304333291785
Marine background,O'ahu,0.8831365341590993,7.351607419495005,7.15563007190257,3.9706509483001966,0.23000787198543549,0.00252578710205853,9.806928634643555,2.137120649046716,7.481867362437864,0.7223684210526315,4.0812304333291785
Storm runoff,O'ahu,1.8602971571668712,3.910021002757473,8.382837546285131,4.892270637718425,0.3248221278190613,9.451926598558202e-5,13.575106620788574,1.7245507194283571,2.5874915768967757,0.7223684210526315,4.0812304333291785
Marine background,O'ahu,0.8972782925507153,6.61472560020376,8.61764477473498,3.9706509483001966,0.22234460711479187,0.004223204683512449,13.011834144592285,0.7291576083085812,2.6308553381590425,0.7223684210526315,4.0812304333291785
Storm runoff,O'ahu,1.8602971571668712,7.274895272768633,6.725378446568601,2.958566222330021,0.3248221278190613,9.451926598558202e-5,13.575106620788574,1.7245507194283571,4.045908252678411,0.7223684210526315,4.0812304333291785
Freshwater plume,O'ahu,0.8831365341590993,6.951580758522167,6.0924486385576975,3.9706509483001966,0.23000787198543549,0.00252578710205853,9.806928634643555,2.137120649046716,7.413366230276218,0.7223684210526315,4.0812304333291785
Nearshore enriched,Maui,1.8034089325212008,5.226284163648205,6.857163604382028,6.306968477292998,0.13595305383205414,0.4264885485172272,8.111989974975586,4.532599493153256,6.9786197526808635,0.7621052631578947,4.0447999596148
Storm runoff,Maui,1.8034089325212008,5.351858133476067,8.062698962050575,6.306968477292998,0.13595305383205414,0.4264885485172272,8.111989974975586,4.532599493153256,4.08318526936393,0.7621052631578947,4.0447999596148
Storm runoff,Maui,1.8034089325212008,5.522260598032811,8.052166121317548,6.306968477292998,0.13595305383205414,0.4264885485172272,8.111989974975586,4.532599493153256,2.9999511220778485,0.7621052631578947,4.0447999596148
Nearshore enriched,Maui,1.8034089325212008,5.535758222563071,6.786914372918991,6.306968477292998,0.13595305383205414,0.4264885485172272,8.111989974975586,4.532599493153256,6.92523798992361,0.7621052631578947,4.0447999596148
Nearshore enriched,Maui,0.9270580918013038,7.0712337479746115,5.58131774462048,2.5792388344043484,0.056509919464588165,0.678783655166626,3.7008700370788574,2.0498410698570333,5.921060871402357,0.7621052631578947,4.0447999596148
Nearshore enriched,Maui,1.8034089325212008,6.335586024975094,6.197362348598863,6.306968477292998,0.13595305383205414,0.4264885485172272,8.111989974975586,4.532599493153256,6.43117605240284,0.7621052631578947,4.0447999596148
Nearshore enriched,Maui,1.8034089325212008,5.565669172526567,7.4151449917378365,6.306968477292998,0.13595305383205414,0.4264885485172272,8.111989974975586,4.532599493153256,7.327220222964217,0.7621052631578947,4.0447999596148
Freshwater plume,O'ahu,1.7036068253377346,6.517671272912275,6.215149287363719,3.5048112114616914,0.2794608473777771,3.246975247748196e-4,9.1135406494140625,2.17048125100026,6.219854222533076,0.7223684210526315,4.0812304333291785
Storm runoff,Maui,0.9270580918013038,7.039397388033852,5.715971021725865,2.5792388344043484,0.056509919464588165,0.678783655166626,3.7008700370788574,2.0498410698570333,6.019940593133033,0.7621052631578947,4.0447999596148
Marine background,O'ahu,0.5085866596894729,6.480811139196849,8.536807804853208,4.6178634777675125,0.07333673536777496,0.04685245454311371,8.473483085632324,1.576914717362437,6.574183805831342,0.7223684210526315,4.0812304333291785
Nearshore enriched,O'ahu,3.2441496291822065,4.722063937459591,8.041660984452015,4.687168376907094,0.03860267624258995,0,12.667475700378418,2.404539815481157,5.202529291128572,0.7223684210526315,4.0812304333291785
Nearshore enriched,O'ahu,3.2441496291822065,3.983413001514819,7.954949282345425,4.687168376907094,0.03860267624258995,0,12.667475700378418,2.404539815481157,4.715774538735876,0.7223684210526315,4.0812304333291785
Nearshore enriched,O'ahu,2.9523406090953297,4.293195420967266,7.812409090533837,4.687168376907094,0.043850284069776535,8.556274697184563e-4,10.604402542114258,2.404539815481157,5.714081906106576,0.7223684210526315,4.0812304333291785
Marine background,O'ahu,2.9523406090953297,3.86702563949741,7.497658093210553,4.687168376907094,0.043850284069776535,8.556274697184563e-4,10.604402542114258,2.404539815481157,4.008684139914819,0.7223684210526315,4.0812304333291785
Nearshore enriched,O'ahu,2.9523406090953297,4.146304301152812,6.766933620649203,4.687168376907094,0.043850284069776535,8.556274697184563e-4,10.604402542114258,2.404539815481157,5.11117511228128,0.7223684210526315,4.0812304333291785
Marine background,O'ahu,4.006655278769132,4.455509411433685,5.555526995466822,4.687168376907094,0.11467483639717102,0.005344661884009838,7.717748165130615,3.2771447329921766,5.714444127144874,0.7223684210526315,4.0812304333291785
Storm runoff,Maui,1.8034089325212008,6.869118395367219,7.712846489345385,6.306968477292998,0.13595305383205414,0.4264885485172272,8.111989974975586,4.532599493153256,3.5621594117797946,0.7621052631578947,4.0447999596148
Marine background,O'ahu,0.25473057210058075,6.857724345376572,6.901195094868,4.6178634777675125,0.049993615597486496,0.09893686324357986,4.95533561706543,2.772588722239781,6.772261255137519,0.7223684210526315,4.0812304333291785
Marine background,O'ahu,0.5180532415237342,6.5093650845459345,6.6607761292222385,4.6178634777675125,0.06813452392816544,0.06439661234617233,7.463648796081543,1.576914717362437,6.382253933933425,0.7223684210526315,4.0812304333291785
Storm runoff,O'ahu,2.0881928190819914,6.293234418877382,5.708723949759193,2.9677309674627974,0.06726262718439102,0.02581210993230343,10.067485809326172,2.772588722239781,6.044633800144562,0.7223684210526315,4.0812304333291785
Marine background,O'ahu,0.5708917546836781,7.184401681813654,8.303782164495678,4.6178634777675125,0.05611841380596161,0.06560571491718292,2.902418851852417,0.5877866577274856,6.691486807907658,0.7223684210526315,4.0812304333291785
Marine background,O'ahu,0.5708917546836781,6.980354971396481,8.320952456219457,4.6178634777675125,0.05611841380596161,0.06560571491718292,2.902418851852417,0.5877866577274856,6.3358639550469285,0.7223684210526315,4.0812304333291785
Marine background,O'ahu,0.25473057210058075,6.662621709776312,8.021794846786554,4.6178634777675125,0.049993615597486496,0.09893686324357986,4.95533561706543,2.772588722239781,7.553569555131105,0.7223684210526315,4.0812304333291785
Freshwater plume,Maui,1.8034089325212008,6.966778619431598,7.788502113760319,6.306968477292998,0.13595305383205414,0.4264885485172272,8.111989974975586,4.532599493153256,0.032971038509221666,0.7621052631578947,4.0447999596148
Nearshore enriched,O'ahu,2.0881928190819914,4.6709579265260945,6.6866274981268035,2.9677309674627974,0.06726262718439102,0.02581210993230343,10.067485809326172,2.772588722239781,6.77816036843727,0.7223684210526315,4.0812304333291785
Nearshore enriched,O'ahu,2.0881928190819914,3.8918202981106265,6.341957744995438,2.9677309674627974,0.06726262718439102,0.02581210993230343,10.067485809326172,2.772588722239781,6.079756947826706,0.7223684210526315,4.0812304333291785
Nearshore enriched,O'ahu,2.0881928190819914,4.334672938290411,6.8884499939973285,2.9677309674627974,0.06726262718439102,0.02581210993230343,10.067485809326172,2.772588722239781,3.1959828563924693,0.7223684210526315,4.0812304333291785
Marine background,O'ahu,2.0881928190819914,3.8480176754522337,7.269231519400554,2.9677309674627974,0.06726262718439102,0.02581210993230343,10.067485809326172,2.772588722239781,5.595749853157814,0.7223684210526315,4.0812304333291785
Storm runoff,Maui,1.8034089325212008,7.101264025166656,7.814596449618605,6.306968477292998,0.13595305383205414,0.4264885485172272,8.111989974975586,4.532599493153256,4.4478825416712064,0.7621052631578947,4.0447999596148
Storm runoff,O'ahu,1.860681204429171,5.205104984825858,7.49161950873699,2.9677309674627974,0.042836301028728485,0.03504437580704689,14.327325820922852,2.772588722239781,4.9770624969037405,0.7223684210526315,4.0812304333291785
Storm runoff,O'ahu,1.860681204429171,3.475067230228611,7.618239456066337,2.9677309674627974,0.042836301028728485,0.03504437580704689,14.327325820922852,2.772588722239781,2.872610162083886,0.7223684210526315,4.0812304333291785
Nearshore enriched,O'ahu,1.860681204429171,4.513054897080286,7.196407006497107,2.9677309674627974,0.042836301028728485,0.03504437580704689,14.327325820922852,2.772588722239781,4.8258673737601105,0.7223684210526315,4.0812304333291785
Nearshore enriched,O'ahu,1.860681204429171,4.046553898385752,6.690706456537778,2.9677309674627974,0.042836301028728485,0.03504437580704689,14.327325820922852,2.772588722239781,5.658841925197578,0.7223684210526315,4.0812304333291785
Marine background,O'ahu,3.40565166510693,3.8044377947482086,5.47926003938168,2.9677309674627974,0.03321743384003639,0.004902553744614124,21.944622039794922,2.772588722239781,3.9337584022790915,0.7223684210526315,4.0812304333291785
Nearshore enriched,O'ahu,0.8831365341590993,7.4525184537758244,7.040897004816019,3.9706509483001966,0.23000787198543549,0.00252578710205853,9.806928634643555,2.137120649046716,7.50058658137787,0.7223684210526315,4.0812304333291785
Freshwater plume,O'ahu,0.8831365341590993,6.92461239604856,6.026979137202155,3.9706509483001966,0.23000787198543549,0.00252578710205853,9.806928634643555,2.137120649046716,7.414906795276299,0.7223684210526315,4.0812304333291785
Marine background,O'ahu,2.0258088190753307,4.034240638152395,8.530984826766513,4.687168376907094,0.019028963521122932,0.07780762016773224,10.6608247756958,1.576914717362437,6.714285856134657,0.7223684210526315,4.0812304333291785
Storm runoff,O'ahu,0.826454919851703,5.7804348261772835,8.42825014358331,4.687168376907094,0.03525610268115997,2.4429141194559634e-4,7.481982231140137,1.8946168510825208,6.864685191436273,0.7223684210526315,4.0812304333291785
Nearshore enriched,O'ahu,2.0258088190753307,3.7013019741124933,8.492649125017131,4.687168376907094,0.019028963521122932,0.07780762016773224,10.6608247756958,1.576914717362437,6.826235045839805,0.7223684210526315,4.0812304333291785
Storm runoff,O'ahu,0.8831365341590993,7.2693381592734525,7.962898467576474,3.9706509483001966,0.23000787198543549,0.00252578710205853,9.806928634643555,2.137120649046716,7.712823817930729,0.7223684210526315,4.0812304333291785
Storm runoff,O'ahu,1.4108316556180984,3.104586678466073,8.609034628806986,4.687168376907094,0.0497235544025898,0.12815165519714355,7.120476722717285,1.7245507194283571,6.081191149776511,0.7223684210526315,4.0812304333291785
Marine background,Maui,1.8034089325212008,7.1963119688445785,7.849802500233307,6.306968477292998,0.13595305383205414,0.4264885485172272,8.111989974975586,4.532599493153256,3.092068543083434,0.7621052631578947,4.0447999596148
Nearshore enriched,O'ahu,1.8597778952863455,3.591817741270805,6.31955645431364,2.9677309674627974,0.01773776300251484,0.008305244147777557,19.22576904296875,1.7245507194283571,6.223494689690312,0.7223684210526315,4.0812304333291785
Nearshore enriched,O'ahu,3.964413328083938,3.543853682063679,5.438579121549807,2.9677309674627974,0.12161533534526825,1.1164899478899315e-4,8.7831573486328125,4.013375499688433,5.394773329712443,0.7223684210526315,4.0812304333291785
Marine background,O'ahu,2.0881928190819914,4.721173861744398,7.456892213756709,2.9677309674627974,0.06726262718439102,0.02581210993230343,10.067485809326172,2.772588722239781,6.555787315053947,0.7223684210526315,4.0812304333291785
Nearshore enriched,O'ahu,0.826454919851703,4.870606649492553,8.38431085800801,4.687168376907094,0.03525610268115997,2.4429141194559634e-4,7.481982231140137,1.8946168510825208,6.641969464010273,0.7223684210526315,4.0812304333291785
Nearshore enriched,O'ahu,2.0258088190753307,4.309455941839047,8.5696454301055,4.687168376907094,0.019028963521122932,0.07780762016773224,10.6608247756958,1.576914717362437,6.688373264655626,0.7223684210526315,4.0812304333291785
Freshwater plume,O'ahu,0.8831365341590993,6.3272222427913265,4.255624826646802,3.9706509483001966,0.23000787198543549,0.00252578710205853,9.806928634643555,2.137120649046716,7.395756639416691,0.7223684210526315,4.0812304333291785
Marine background,O'ahu,0.8831365341590993,7.258341725580312,7.9531672386564045,3.9706509483001966,0.23000787198543549,0.00252578710205853,9.806928634643555,2.137120649046716,7.707694110675632,0.7223684210526315,4.0812304333291785
Nearshore enriched,O'ahu,0.8831365341590993,6.4165688704684944,7.410565880759744,3.5048112114616914,0.23000787198543549,0.00252578710205853,9.806928634643555,2.137120649046716,6.372206454359132,0.7223684210526315,4.0812304333291785
Freshwater plume,Maui,1.8034089325212008,7.269198834995971,7.829900181925458,6.306968477292998,0.13595305383205414,0.4264885485172272,8.111989974975586,4.532599493153256,3.5104797802124095,0.7621052631578947,4.0447999596148
Nearshore enriched,O'ahu,3.515243769578247,3.2733640101522705,3.9109141391407114,2.9677309674627974,0.05846720561385155,5.363785894587636e-4,18.19135284423828,2.772588722239781,4.072572711061509,0.7223684210526315,4.0812304333291785
Nearshore enriched,O'ahu,3.964413328083938,4.2710950739666,3.584545784696823,2.9677309674627974,0.12161533534526825,1.1164899478899315e-4,8.7831573486328125,4.013375499688433,5.79289519103589,0.7223684210526315,4.0812304333291785
Nearshore enriched,O'ahu,4.2366435347250615,4.278054044290903,6.807993528712658,2.9677309674627974,0.16884005069732666,0.047528743743896484,6.210747718811035,0.5877866577274856,6.242684949037684,0.7223684210526315,4.0812304333291785
Marine background,O'ahu,2.738352139988917,7.2258453076053,8.216082857172717,3.9706509483001966,0.13318634033203125,0.07301303697749972,10.983854293823242,1.749199854809259,5.885349065713582,0.7223684210526315,4.0812304333291785
Freshwater plume,O'ahu,2.738352139988917,7.450893192215374,8.294789137973671,3.9706509483001966,0.13318634033203125,0.07301303697749972,10.983854293823242,1.749199854809259,2.333986516789498,0.7223684210526315,4.0812304333291785
Storm runoff,O'ahu,0.8972782925507153,6.957116708519861,6.889988474679503,3.9706509483001966,0.22234460711479187,0.004223204683512449,13.011834144592285,0.7291576083085812,6.282062280357754,0.7223684210526315,4.0812304333291785
Marine background,O'ahu,0.8972782925507153,6.25363648538967,8.785885126806853,3.9706509483001966,0.22234460711479187,0.004223204683512449,13.011834144592285,0.7291576083085812,5.716380105175925,0.7223684210526315,4.0812304333291785
Freshwater plume,O'ahu,2.738352139988917,7.071743129087587,8.387423937706734,3.9706509483001966,0.13318634033203125,0.07301303697749972,10.983854293823242,1.749199854809259,3.6657047802824363,0.7223684210526315,4.0812304333291785
Freshwater plume,O'ahu,2.738352139988917,7.491422358923261,8.294119068182653,3.9706509483001966,0.13318634033203125,0.07301303697749972,10.983854293823242,1.749199854809259,4.805736426923965,0.7223684210526315,4.0812304333291785
Freshwater plume,O'ahu,2.738352139988917,4.875960390769654,8.398432279246977,3.9706509483001966,0.13318634033203125,0.07301303697749972,10.983854293823242,1.749199854809259,3.8744910846829357,0.7223684210526315,4.0812304333291785
Storm runoff,O'ahu,0.8972782925507153,5.613857767128214,8.748805362360152,3.9706509483001966,0.22234460711479187,0.004223204683512449,13.011834144592285,0.7291576083085812,4.17982317892977,0.7223684210526315,4.0812304333291785
Storm runoff,O'ahu,2.738352139988917,5.182906515036709,8.408079853848529,3.9706509483001966,0.13318634033203125,0.07301303697749972,10.983854293823242,1.749199854809259,2.201224487115989,0.7223684210526315,4.0812304333291785
Nearshore enriched,O'ahu,1.7036068253377346,7.149681329595714,7.161982967147218,4.565691375014304,0.2794608473777771,3.246975247748196e-4,9.1135406494140625,2.17048125100026,6.637898004247628,0.7223684210526315,4.0812304333291785
Freshwater plume,Maui,1.8034089325212008,7.162475013731091,7.844193515541766,6.306968477292998,0.13595305383205414,0.4264885485172272,8.111989974975586,4.532599493153256,4.675610571236514,0.7621052631578947,4.0447999596148
Marine background,O'ahu,2.5404955097463993,7.341743054023503,7.400490213171368,3.479365423548319,0.33621343970298767,0,12.08728313446045,1.7245507194283571,5.820746476850831,0.7223684210526315,4.0812304333291785
Marine background,O'ahu,2.5404955097463993,7.341743054023503,7.400490213171368,3.479365423548319,0.33621343970298767,0,12.08728313446045,1.7245507194283571,5.820746476850831,0.7223684210526315,4.0812304333291785
Nearshore enriched,O'ahu,2.9523406090953297,3.9889840465642745,7.295593098799299,4.687168376907094,0.043850284069776535,8.556274697184563e-4,10.604402542114258,2.404539815481157,4.50685716302419,0.7223684210526315,4.0812304333291785
Marine background,O'ahu,4.006655278769132,4.604169685654508,6.093596423652579,4.687168376907094,0.11467483639717102,0.005344661884009838,7.717748165130615,3.2771447329921766,6.214816471160577,0.7223684210526315,4.0812304333291785
Nearshore enriched,O'ahu,4.006655278769132,4.3067641501733345,5.248518305791915,4.687168376907094,0.11467483639717102,0.005344661884009838,7.717748165130615,3.2771447329921766,4.237418062583115,0.7223684210526315,4.0812304333291785
Nearshore enriched,O'ahu,4.006655278769132,4.671893818030999,4.608028060458978,4.687168376907094,0.11467483639717102,0.005344661884009838,7.717748165130615,3.2771447329921766,3.7851489525561526,0.7223684210526315,4.0812304333291785
Nearshore enriched,O'ahu,4.006655278769132,4.777441406928545,4.274965002668166,4.687168376907094,0.11467483639717102,0.005344661884009838,7.717748165130615,3.2771447329921766,3.0015474912539215,0.7223684210526315,4.0812304333291785
Marine background,O'ahu,4.006655278769132,5.184588601219693,4.9585629694200035,4.687168376907094,0.11467483639717102,0.005344661884009838,7.717748165130615,3.2771447329921766,3.6471034507894435,0.7223684210526315,4.0812304333291785
Freshwater plume,O'ahu,2.477196669159271,6.294712342663853,8.024215278159382,3.1722169363036588,0.28910722583532333,4.1361484909430146e-4,7.829522967338562,2.0573237349027753,4.882219355254924,0.7223684210526315,4.0812304333291785
Nearshore enriched,O'ahu,1.7036068253377346,7.041061646290362,7.6771963340669105,4.565691375014304,0.2794608473777771,3.246975247748196e-4,9.1135406494140625,2.17048125100026,6.219775483473997,0.7223684210526315,4.0812304333291785
Storm runoff,Maui,2.427550259679237,7.048733872241709,2.7216034422361837,2.4050941787658666,0.04713576287031174,0.0075784188229590654,8.908180236816406,5.028256895446077,2.451107795795834,0.7621052631578947,4.0447999596148
Storm runoff,Maui,1.516921631041361,7.21118766152515,3.877764050129706,2.4050941787658666,0.02498784288764,0.04601293429732323,7.874063014984131,5.028256895446077,3.9408550012468484,0.7621052631578947,4.0447999596148
Storm runoff,Maui,2.427550259679237,7.2376344001337065,3.441845619649323,2.4050941787658666,0.04713576287031174,0.0075784188229590654,8.908180236816406,5.028256895446077,2.972990337824928,0.7621052631578947,4.0447999596148
Marine background,O'ahu,2.738352139988917,6.415424237852311,8.746226068448347,3.9706509483001966,0.13318634033203125,0.07301303697749972,10.983854293823242,1.749199854809259,4.173010889157438,0.7223684210526315,4.0812304333291785
Marine background,O'ahu,2.738352139988917,6.547932528752674,8.748957117505848,3.9706509483001966,0.13318634033203125,0.07301303697749972,10.983854293823242,1.749199854809259,2.752575389552531,0.7223684210526315,4.0812304333291785
Freshwater plume,O'ahu,0.7524054472534272,4.739701078945697,8.073315299260805,4.687168376907094,0.029095295816659927,0.07281102240085602,6.576604843139648,2.613739519884309,4.2643075406495985,0.7223684210526315,4.0812304333291785
Marine background,O'ahu,2.738352139988917,6.875438677505594,8.784723727417816,3.9706509483001966,0.13318634033203125,0.07301303697749972,10.983854293823242,1.749199854809259,3.248430812791272,0.7223684210526315,4.0812304333291785
Marine background,O'ahu,2.738352139988917,7.249215057114389,8.84065552651047,3.9706509483001966,0.13318634033203125,0.07301303697749972,10.983854293823242,1.749199854809259,5.2887381506839954,0.7223684210526315,4.0812304333291785
Marine background,O'ahu,2.738352139988917,7.311819406174673,8.834745608743825,3.9706509483001966,0.13318634033203125,0.07301303697749972,10.983854293823242,1.749199854809259,3.620434550137916,0.7223684210526315,4.0812304333291785
Marine background,O'ahu,2.738352139988917,7.243155512642015,8.827659142199666,3.9706509483001966,0.13318634033203125,0.07301303697749972,10.983854293823242,1.749199854809259,3.5737127113522207,0.7223684210526315,4.0812304333291785
Storm runoff,O'ahu,2.738352139988917,4.400603020246817,8.576116057935991,3.9706509483001966,0.13318634033203125,0.07301303697749972,10.983854293823242,1.749199854809259,6.47501678590308,0.7223684210526315,4.0812304333291785
Storm runoff,O'ahu,2.738352139988917,5.556441886757492,8.367939792388855,3.9706509483001966,0.13318634033203125,0.07301303697749972,10.983854293823242,1.749199854809259,5.865071347540176,0.7223684210526315,4.0812304333291785
Storm runoff,O'ahu,2.738352139988917,4.726502471155617,8.340145336008241,3.9706509483001966,0.13318634033203125,0.07301303697749972,10.983854293823242,1.749199854809259,6.050171772884206,0.7223684210526315,4.0812304333291785
Storm runoff,O'ahu,2.738352139988917,5.802420444553201,8.33794253734924,3.9706509483001966,0.13318634033203125,0.07301303697749972,10.983854293823242,1.749199854809259,6.118136556060378,0.7223684210526315,4.0812304333291785
Storm runoff,O'ahu,2.738352139988917,7.270591205034342,8.421979895435449,3.9706509483001966,0.13318634033203125,0.07301303697749972,10.983854293823242,1.749199854809259,5.81218428944543,0.7223684210526315,4.0812304333291785
Nearshore enriched,O'ahu,2.9317113593989323,5.28269598564508,7.045661668497251,4.901444273395651,0.04028651863336563,0.002168412785977125,20.27684783935547,1.7245507194283571,7.621231765266027,0.7223684210526315,4.0812304333291785
Freshwater plume,O'ahu,0.3807097109892014,6.340888264332522,4.458293734005112,4.901444273395651,0.008992869406938553,2.9142628773115575e-4,18.754497528076172,1.8946168510825208,4.581553670227938,0.7223684210526315,4.0812304333291785
Storm runoff,O'ahu,3.6242123196390286,4.580877493419047,7.747632606131911,4.076716987138787,0.08678089082241058,0,22.72005844116211,1.749199854809259,6.885184293652136,0.7223684210526315,4.0812304333291785
Storm runoff,O'ahu,1.8602971571668712,7.348523178792688,8.263603539423823,3.479365423548319,0.3248221278190613,9.451926598558202e-5,13.575106620788574,1.7245507194283571,6.188204750439828,0.7223684210526315,4.0812304333291785
Storm runoff,O'ahu,4.503658177170474,2.9444389791664403,7.39210114237539,4.901444273395651,0.14167816936969757,0,24.64923095703125,1.749199854809259,7.430970684143768,0.7223684210526315,4.0812304333291785
Storm runoff,O'ahu,1.9568328242950692,4.724729421045731,8.034198654992752,4.076716987138787,0.06099339574575424,0,11.394539833068848,1.749199854809259,4.226548282220223,0.7223684210526315,4.0812304333291785
Storm runoff,O'ahu,2.9317113593989323,3.186352633162641,7.1285149071590554,4.901444273395651,0.04028651863336563,0.002168412785977125,20.27684783935547,1.7245507194283571,7.826705522355059,0.7223684210526315,4.0812304333291785
Nearshore enriched,O'ahu,2.9317113593989323,3.0252910757955354,5.93924666916434,4.901444273395651,0.04028651863336563,0.002168412785977125,20.27684783935547,1.7245507194283571,7.94502105906266,0.7223684210526315,4.0812304333291785
Storm runoff,O'ahu,0.3807097109892014,4.967727793084979,6.734756512457312,4.901444273395651,0.008992869406938553,2.9142628773115575e-4,18.754497528076172,1.8946168510825208,6.821239508495037,0.7223684210526315,4.0812304333291785
Nearshore enriched,O'ahu,2.9317113593989323,3.353406717825807,6.048280143409998,4.901444273395651,0.04028651863336563,0.002168412785977125,20.27684783935547,1.7245507194283571,8.0230201463767,0.7223684210526315,4.0812304333291785
Nearshore enriched,O'ahu,1.1390497445481045,4.514150787600923,6.878693413509018,4.096385488866409,0.013178289867937565,0.013422561809420586,19.798673629760742,1.8946168510825208,6.95322998996239,0.7223684210526315,4.0812304333291785
Marine background,Moloka'i,0.32086775274266166,8.14328488821229,7.131498963090501,0.7368450358256646,0.00882116798311472,0.19001813663635403,5.0969648361206055,2.667228206581955,8.17727279780241,0.38315789473684214,4.0447999596148
Freshwater plume,O'ahu,3.332225940913216,6.328829242512215,6.5541213410720385,2.6248789487182944,0.16553421318531036,0.014914245344698429,14.519304275512695,2.613739519884309,6.483765102000896,0.7223684210526315,4.0812304333291785
Freshwater plume,O'ahu,3.332225940913216,5.457881936219375,7.632315204184599,2.6248789487182944,0.16553421318531036,0.014914245344698429,14.519304275512695,2.613739519884309,6.739705520002576,0.7223684210526315,4.0812304333291785
