sample_id,fetch_mean_km,fetch_min_km,fetch_N_km,fetch_NE_km,fetch_E_km,fetch_SE_km,fetch_S_km,fetch_SW_km,fetch_W_km,fetch_NW_km
M1,14.564857827522593,0.1256043545798752,11.31429308214318,24.137652364301506,50.18543810821662,0.567817816841189,0.1454557808204554,0.1256043545798752,0.22808501321147195,29.814516100066438
M10,15.63321173631697,0.11175686519546434,14.043073384509887,22.206783058132476,51.4406980331823,0.18961837591565803,0.11175686519546434,0.13548984309600706,9.725118567165337,27.21315576333862
M100,125.56905790743754,0.408027994095115,300,300,0.408027994095115,44.05917019705767,34.66309710193705,19.26049877224964,6.161669194160845,300
M101,49.82539079920212,0.12559478753292933,0.12559478753292933,14.442049908319703,19.535248756155255,25.01679586921863,2.9177640411322936,17.19339953703063,300,19.37227349422752
M102,49.86750007056186,0.46000427642790603,0.46000427642790603,13.850005592494128,19.20508356465632,25.46876593673519,3.4752308216653764,17.513501798286075,300,18.96740857422991
M103,91.24880809187353,4.396859809901762,300,4.396859809901762,15.243702596171643,60.02697052305965,13.203104690802284,21.872239494675533,300,15.247587620377306
M104,49.959859412513126,0.6574079497172497,0.6574079497172497,15.109895657432848,20.32510902341758,24.519522330153634,2.494992240557447,16.956840394504997,300,19.615107704321264
M105,86.86144931438841,0.2398069554641843,300,13.55829008028167,19.19988938262104,25.625755124095058,0.2398069554641843,17.632537189461956,300,18.63531578318338
M106,52.26497088798801,1.387265312907286,1.387265312907286,16.37867885385219,21.53320239263296,19.207376244242393,300,15.927457070164861,22.419179606155375,21.266607623948975
M107,49.70865179166908,0.1377034293308638,1.295615618226584,1.5956197339329432,7.446935353154665,61.52428790271825,20.236548085771968,5.432504210217321,300,0.1377034293308638
M108,11.929994890945276,0.14380424566799774,0.14380424566799774,0.2403532450631821,8.969324206891935,61.4836795654637,19.66406571417209,4.406091963307638,0.35639001584867946,0.17625017114698244
M109,11.743442059929862,0.12145140142878107,0.18293417043425142,1.1199525932654022,10.026698643202428,61.08487026980297,18.086206487358083,3.1635537284060433,0.16186918554094154,0.12145140142878107
M11,51.126511125594995,0.10418432679620739,24.529663497523405,15.685428290312654,8.573989597667358,0.10418432679620739,21.77366840155516,300,23.451963505419904,14.893191385485267
M113,7.428704305047256,0.11687341976934112,0.8823049472882413,15.99733190514165,21.191461925573414,20.333219711279927,0.577817873341497,0.16314733205004656,0.11687341976934112,0.1674773259339309
M114,7.961536606270735,0.1989448145593867,4.794994578917045,17.056886060095405,21.50942036813579,18.45095424409641,0.3194827316282317,0.1989448145593867,0.25135022240073884,1.1102598303328701
M115,51.15564230963351,1.9882962528457866,7.3279984858585525,18.239918790269908,21.65833242650563,15.946924571026637,1.9882962528457866,300,19.94492944542179,24.138738505139735
M120,127.55075254802722,0.3547786882102955,300,300,19.443632643950057,42.95720914208916,36.548826855089516,21.1015730548787,0.3547786882102955,300
M121,58.31605126323973,0.4164003230347298,0.4164003230347298,19.372564064992492,53.3091782082899,11.230205195533706,37.98240449342085,300,17.90624650312029,26.31141131752585
M122,17.60955906965684,0.4355774713900878,2.6908138724630697,16.65864952204691,21.706662532182992,18.740362262634246,42.37899364451924,16.393422706193867,21.871990545824286,0.4355774713900878
M123,7.649501652833364,0.2098967450527707,0.6600627055675723,15.70635072833744,20.996489157227334,22.002321854660448,1.0271125421654432,0.29300155697414854,0.2098967450527707,0.3007779326817541
M125,51.15992476684376,1.7228518648222089,7.7036339962692,18.52695021366558,21.958980622728472,15.397068997508319,1.7228518648222089,300,19.65266196423129,24.317250475524997
M126,7.724766477676482,0.20672475717100314,0.4506062088436447,15.575818940304684,20.93850664051308,22.838104400485683,1.2216650311928243,0.28857367798158456,0.20672475717100314,0.2781321649193542
M127,7.924119126706324,0.20758192612430312,4.532035806199536,16.88701416931046,21.546096946806298,18.61969443664117,0.33335294987028463,0.20758192612430312,0.262262494316441,1.0049142843820962
M128,7.716918434146,0.1494328938506078,0.2488641133951023,15.541783612877484,20.95775057329994,23.20291462375927,1.272394637176767,0.20859813976808564,0.1494328938506078,0.15360887904074397
M13,14.78786999128481,0.13647772769407468,12.009839355645235,24.672879822446905,49.92383474619209,0.6169729198156295,0.15804766094870865,0.13647772769407468,0.24782997713971416,30.53707772039612
M130,13.194669519253639,0.30508076065498074,6.634620541183744,17.342577785161826,21.33768061028246,17.063785535440378,1.7532165269860998,20.481480689527228,20.638913704792387,0.30508076065498074
M135,56.029388406614515,0.10522783719515429,12.781609130219556,25.382304914698043,49.838710401790216,29.0152157837468,0.10522783719515429,300,0.1650047354705166,30.94703444979584
M136,50.96651532763493,0.1213939532408399,0.8544417937071994,35.3650024095192,42.14861448486289,14.167184062423125,0.3131429965258576,14.762342920800329,300,0.1213939532408399
M141,56.10508966744822,1.123336768702604,23.352778487632982,33.73455579689885,45.31508128293452,16.713021579630304,1.123336768702604,15.668405244876816,300,12.933538178909672
M142,49.17843754106216,0.10416059733295885,34.23273790286574,41.22449650975332,16.094589881578113,1.0217226071516026,300,0.6235713769453396,0.1262214528701734,0.10416059733295885
M143,86.5992091106556,0.1463188162791723,34.2592787584858,41.27149546473979,15.959057239524787,0.9802139689194079,300,300,0.1773086372957332,0.1463188162791723
M147,13.763321788479486,0.12528436479908403,0.13745942807057873,0.43357927246394407,24.93299150713731,42.53359895312462,23.99437111510802,17.700109177809463,0.2491804893228691,0.12528436479908403
M148,86.58903879537944,0.21754924822204028,34.30820177817438,41.366822861941245,15.660621954505913,0.8509873663513164,300,300,0.3081271538406145,0.21754924822204028
M15,91.58344422143837,0.3909187130437129,300,0.3909187130437129,15.273826603154884,42.79796885377094,38.074207051510456,23.592176980463716,12.538455569563201,300
M150,58.626483372279885,1.4048762592346946,12.7836497923797,19.761335885073706,53.957781914028224,1.4048762592346946,35.300975878212135,300,17.437314974956564,28.365932274354044
M151,55.99195134392127,0.34246766429062236,12.357901058867574,19.81046519553774,53.05103726264962,9.269410293762549,35.59146945262328,300,17.512859823638806,0.34246766429062236
M153,51.15124671170289,0.19148667017179818,24.53208542042086,15.686716767450466,8.79315362103877,0.19148667017179818,21.869781150826718,300,23.344583425103803,14.792166638610704
M154,13.246421668106489,0.17804771444802672,0.1953502900111489,0.6161806273125433,26.291126190309065,42.602502046694624,18.78412468716735,16.949919255900586,0.35412253300857266,0.17804771444802672
M155,14.29450528832046,0.2295767362869214,0.2518868728671223,0.7945102683298139,24.6021818457857,42.432395631125516,27.72765856531402,17.86122278854672,0.45660959830787035,0.2295767362869214
M16,90.09070630816817,2.168582885754993,12.181536367593333,23.80214634384167,50.38130238350888,3.555860847788686,300,300,2.168582885754993,28.636221636857762
M162,13.288658034048698,0.12081731691677124,23.764298386334907,18.5059509679767,62.861335985659736,0.1636402519862671,0.12081731691677124,0.16409806442785577,0.17876721175061538,0.5503560873367263
M164,94.33547670471607,5.824097339996021,12.991245491830167,26.0998182340251,49.79767215990892,28.63777122003104,300,300,5.824097339996021,31.333209191937303
M167,46.732143514382116,0.16096557586081325,0.16096557586081325,0.3347863047832947,300,20.22140874817853,21.719842948898208,0.3014335197807736,9.11978109899955,21.99892991855579
M169,86.494134675986,0.3181737678244111,8.915406381327193,0.3181737678244111,300,14.130675587570922,300,27.216699730920475,30.566916882647316,10.805205057597716
M171,10.607008418939817,0.11376085200347336,15.868118807850406,14.910753039725007,18.029016622044377,0.11376085200347336,16.028654872542248,0.12686539437622366,0.5709775975878584,19.207920165388934
M172,58.134676192089245,1.983246574796154,24.588347210269887,16.64343386984769,61.120227188652265,24.46809014922973,24.234031463743186,300,1.983246574796154,12.040033080175034
M176,14.804403161731617,0.28785437759481575,24.42101998817548,16.36567421681161,60.543068619290366,1.6017941663686304,0.34507500802399593,0.28785437759481575,2.3816497921955304,12.48908912539251
M177,14.546182389242006,0.1049384168535471,24.467348615579773,16.778331173701023,61.14197414967534,0.14213317606414758,0.1049384168535471,0.1552566089942094,1.7985159707408165,11.780961002327183
M178,14.505471343105555,0.1775181798725389,23.777175699659622,17.16441976112462,61.38602931966877,0.24043837777373056,0.1775181798725389,0.2626385214129172,1.4518332011606545,11.583717684171582
M179,14.52203191613754,0.13995641077449544,24.194618917620275,16.924532242666274,61.219091010003,0.18956307680589451,0.13995641077449544,0.20706580483439477,1.6689065020562848,11.6325213643397
M18,50.83431588524249,0.13912537585466633,24.565237955744845,15.62809563135528,8.390765416390728,21.201593426784594,21.692355894698295,300,0.13912537585466633,15.057353381111522
M180,16.479535641334337,0.12079833647875367,23.80511027915776,18.484675040643708,62.90399988936214,0.12079833647875367,25.607682734176052,0.13195188212346698,0.19174799595295916,0.5903189727798491
M181,53.609873251724544,1.3004783370406368,1.3004783370406368,35.765433056217255,42.01408966279495,13.974728644763296,2.8478835849030877,14.464350107381502,300,18.512022620695607
M182,11.414815379573213,0.11883048873068765,0.11883048873068765,0.13404600908534933,11.151586418306339,61.484770341075375,16.5881396725527,0.9251918367871222,0.6907825000319863,0.225175770016137
M183,56.50498334438368,1.4026986381821334,25.83567103784904,35.90830886423702,41.89821646065673,13.792768932481355,1.4026986381821334,14.378860524664344,300,18.823342296998824
M184,17.611029262619446,0.24704441652212988,3.1054113387651743,16.75561369631765,21.780938995479957,18.632885463797674,42.21564275995036,16.425252954690457,21.72544447543216,0.24704441652212988
M185,51.639047427794395,0.14155754210741725,0.2986228081369773,0.6079252142731982,6.92190822802065,43.798235588107076,39.02078219764167,22.323347844068152,0.14155754210741725,300
M186,47.85319792654856,0.10948861902224655,0.7367886340352706,0.10948861902224655,46.757065647696145,0.13862049934724077,7.09955043334933,16.667281055557098,300,11.316788523381144
M189,94.27400932282889,5.668909003298846,12.910746785272844,25.83440918484685,49.805384189943084,28.7775462041022,300,300,5.668909003298846,31.195079215167276
M19,91.52913892639754,1.169844320611741,300,1.169844320611741,15.802775899666827,42.83438893019013,37.503707695216875,23.008335635457026,11.91405893003766,300
M190,57.05525360471696,8.031348294775933,20.870239347752182,32.16114216050039,47.21791126494016,19.813312899371613,8.031348294775933,17.527076989142916,300,10.82099788125246
M191,51.487977366256075,0.1055573430728866,0.17205021752091124,36.279294524013714,41.14683874424396,12.601182909786004,0.9273828377625905,0.1055573430728866,300,20.671512353648556
M192,49.975136272566566,0.2830312862282303,1.7222267647590488,16.44056306660388,21.718623175484478,0.2830312862282303,300,16.08593495231858,22.011994722048986,21.538716213089316
M193,56.55113991490813,1.1665866514109076,26.719745758737904,36.241164582372726,41.13372829712694,12.871218504173367,1.1665866514109076,14.055318185887812,300,20.221357339555365
M194,48.92673013407028,0.12720974376964927,300,0.18255702631868923,11.015324197359616,61.43219082816065,16.739916121776215,1.0973333924936073,0.8193097626838135,0.12720974376964927
M195,51.7895577055919,0.39584633825300264,0.8231274859802797,0.9285239473710948,12.989816217747983,61.37485589853943,0.39584633825300264,23.239785832125516,300,14.564505924717933
M196,53.75034308242926,1.1779104722714984,1.1779104722714984,1.705335023268713,13.092532611475558,61.03794156193336,15.042640707314014,23.06692806816404,300,14.879456215006918
M197,7.596451815802207,0.17061246986605694,0.6513551416969858,15.762860951928483,21.048285356952228,21.71930266706531,0.9365502196191811,0.23816338503663537,0.17061246986605694,0.24448433425277852
M198,14.97627795506775,0.3721084172045812,0.9575045835901983,16.12949471695512,21.286932108229376,19.93061793648761,0.3721084172045812,15.887242423412346,24.434689364834107,20.811634089828665
M199,54.984452754249276,0.11062336357292318,19.908263949512037,31.92627940791733,47.89125052949623,21.123490164130832,0.1945545035628602,18.721160115801965,300,0.11062336357292318
M200,10.326552499221378,0.10992207375040744,0.14193019423121586,15.354573461852162,20.742406732734644,23.89749306684831,1.7097500838134438,0.39361273560316407,0.10992207375040744,20.262731644937677
M201,14.70244963957011,0.1747928176727947,27.712772405098658,36.751284001350164,37.352014185813836,11.807172196304391,3.2649207677845844,0.1747928176727947,0.1929891892831074,0.3636515532533529
M202,15.302737801216512,0.1519062796490775,0.16307476953603328,0.47865841783610635,12.22410269640258,44.232073722039104,39.54153462846065,25.315850993496486,0.31470090231206266,0.1519062796490775
M203,7.9828082366308815,0.20639889936828898,4.964611457983963,17.068346142104453,21.474939576674135,18.368476959407705,0.3314531435323879,0.20639889936828898,0.260767838429776,1.187471875546346
M204,7.700378852826029,0.15001820620812942,0.3014135606810451,15.568975278293955,20.972588930071097,22.99152113784198,1.2230540150161833,0.209415195945149,0.15001820620812942,0.1860444985506936
M205,125.99941065057587,0.9075790395955555,300,300,2.2281840407698184,40.48769569915232,39.60993506579427,24.761891359294985,0.9075790395955555,300
M207,103.8361118066006,0.15538339055364486,12.14567863611877,16.107356245480872,0.15538339055364486,167.13189747191242,15.487777855992316,300,300,19.660800852746775
M208,122.7946084559956,1.4630667508139334,3.6025512575916947,17.24794475553473,13.89383867862099,46.14946620540342,300,300,300,1.4630667508139334
M211,85.90336984815181,0.32126409926972166,4.9057375237131495,0.8043634167946349,300,14.453534296230826,300,0.32126409926972166,58.47831964757433,8.263739801631797
M212,122.37445987997755,0.14724120977713914,300,15.610075171881638,57.81994124938466,3.3895245106074827,2.028896898169536,0.14724120977713914,300,300
M213,159.69628947869384,1.307400668582879,300,16.198980200720982,57.53936086572625,2.524574094520717,1.307400668582879,300,300,300
M214,192.2870659969203,1.1582349647205326,300,16.97590085721325,20.162392153428517,1.1582349647205326,300,300,300,300
M216,5.134692326472763,0.10541719706739422,0.17911343151610346,16.74163430436016,21.648658304799,1.5789839303093027,0.42111899673752484,0.2749367294633586,0.1276757175292587,0.10541719706739422
M217,4.972031153686906,0.1684654850261286,6.1330989974290135,17.277759032142257,11.827659006658708,0.2700415181809215,0.1684654850261286,0.2131494406843545,1.2748503200015984,2.611225429372267
M218,154.69513739025322,0.4732854864704423,0.4732854864704423,16.982447072798387,19.313452243178965,0.7919143195778916,300,300,300,300
M219,4.847807085896141,0.15943635256541894,4.708771545615047,17.214870661830496,13.216368052752806,0.25556828268619675,0.15943635256541894,0.20172541199666624,0.9005247504425934,2.125191629279909
M22,57.59616208865362,0.2839983186694576,24.721437741250266,16.608060493142254,61.23914865890553,0.2839983186694576,24.047484200809617,300,21.332252134050474,12.536915162401359
M220,117.33107632744249,0.10306426250142976,0.10306426250142976,16.934230077807225,20.2399642526824,1.2415210524487021,0.12983097410015762,300,300,300
M222,49.033973767057695,0.16956003654866408,7.010336258469615,0.16956003654866408,300,15.089445303837667,0.35937832889240234,2.140770393150585,57.7359112449484,9.766388570614215
M223,6.134998366399609,0.15850718690501525,0.15850718690501525,0.26328182091723584,0.9610962078229058,17.640724100727347,11.344042976643424,17.45036655571696,1.0668029907748569,0.1951650916891269
M224,48.24228793758365,0.1900188564949367,11.735839772510808,0.1900188564949367,300,19.284077325321437,23.670704796383625,0.48142871595181835,14.272121142548626,16.30411289145795
M225,118.20348707582801,0.163020040861913,300,300,0.8371139041661517,15.822395239966028,11.690889174154494,17.114478247475475,0.163020040861913,300
M226,154.64220102212673,0.6163569168595007,0.7588466444220394,16.981737634977904,18.78066698075435,0.6163569168595007,300,300,300,300
M227,5.241743019330513,0.15545182979373007,0.264126835511066,16.50736956202332,21.674084994317848,1.8607840473588384,0.7767401275006123,0.5071117473976035,0.18827501074108294,0.15545182979373007
M228,154.64220102212673,0.6163569168595007,0.7588466444220394,16.981737634977904,18.78066698075435,0.6163569168595007,300,300,300,300
M23,128.82492183553194,10.980641639669425,300,300,17.916243394900928,42.292342396337084,37.20621589375892,22.203931359589188,10.980641639669425,300
M230,84.69255545096651,0.12598802589392288,0.12598802589392288,16.345305243305518,57.352350337558306,2.2172956753063935,1.0572511940808036,0.44225313158718355,300,300
M231,42.10115540439059,0.1007074442846361,7.239143836051226,17.36834253367623,7.753641823888989,0.12758743846290305,300,0.1007074442846361,0.6760134247755631,3.5438067339851855
M232,10.586946592839372,0.12669429299107274,15.666485859238078,15.028581833688847,18.258017004846362,0.12669429299107274,15.946530688444618,0.1412886872984163,0.33738033611502033,19.190594040092556
M233,4.961615826428781,0.1738042765134014,6.665677688566502,17.341805707932412,10.463391241489095,0.27859932667352955,0.1738042765134014,0.21990429862606767,1.47613971432962,3.0736043572996166
M234,187.88811129690683,0.6821287903870406,300,1.5966033755531943,0.826158209314337,0.6821287903870406,300,300,300,300
M236,104.47475008859621,0.17195608800789342,15.608563194186893,15.200859287823567,0.17195608800789342,169.72383149966586,15.793067645249888,300,300,19.299722993835527
M237,8.50216450695152,0.17750099666381391,15.253028813053854,14.127072009662855,18.64057230944419,0.3889220908318306,0.26459809646289795,0.17750099666381391,0.2387752396996366,18.926846499793072
M238,7.473064174324827,0.33152927419031036,0.33152927419031036,0.5506730180540599,2.149801403638441,16.378773958517304,11.225565900139511,17.103938249827717,11.63602965025406,0.4082019399772165
M239,7.290351676570452,0.12016930173803121,0.12016930173803121,0.1996022590377514,2.5860118127579335,15.754122671961715,11.548753273060079,17.1099328638233,10.856260413707815,0.14796081647699555
M24,89.37088611925972,0.11458165928150993,11.74260987875564,23.685893846554038,50.309304204357204,0.28525112942419073,300,300,0.11458165928150993,28.829448235705172
M240,48.78224320829637,0.1724845480667427,6.403918993777595,1.9127650906057017,300,14.701269700022143,0.1724845480667427,0.5134017844471201,58.23905664071255,8.315048908739117
M241,10.982159415488411,0.1092373659050653,10.142309171038214,13.041728977544901,28.06695528277848,0.12624067436785852,19.38648773348611,0.1092373659050653,1.146970080889878,15.837346037896786
M242,122.42311316286613,0.27305217138572735,300,15.44341207065775,57.86875322977384,3.610218678845119,2.1894691522666254,0.27305217138572735,300,300
M243,8.507325956787984,0.23582992300437763,15.534554083691445,14.873518761238424,16.75908817259781,0.40014990582775134,0.23582992300437763,0.28590309937472763,0.4308205751106143,19.538743133458723
M247,7.290905401728231,0.12134060367988422,0.12134060367988422,0.2015478017868542,2.68815815016476,15.730711157690378,11.556844265734311,17.08679777427794,10.792440455459175,0.1494030050325406
M248,82.6740006312091,0.11248672368342523,8.85237944671372,0.5109886669187208,300,13.963136461299289,300,27.2861983217814,0.11248672368342523,10.666815429276179
M249,84.01546356192166,1.1076957995465526,9.634576156747062,7.174224459451135,300,15.096312322707245,300,1.1076957995465526,27.33749314822431,11.77340660869696
M25,126.56627159297639,0.14274027880409268,300,300,0.14274027880409268,42.286571904548346,37.14520142639335,22.12030181255742,10.83535732150788,300
M252,48.17032124525649,0.31752262354125554,11.804128744278103,0.31752262354125554,300,19.348516478105175,23.502323504164814,0.34734255762884103,13.696747841581702,16.34598821275202
M253,46.718657803835825,0.16354820908699186,0.16354820908699186,0.3932843652965876,300,20.239206444088087,21.664056514931378,0.30626990929795217,8.991500545999385,21.991396441986247
M254,122.79651226581716,0.18391665119398384,0.18391665119398384,14.630973036391142,58.82004172725394,5.406380723845529,3.330785987852607,300,300,300
M258,7.44740327256856,0.20027630336866808,10.504572305792943,11.621469131716173,0.2651075271309819,0.20027630336866808,0.2294442943711765,0.7079482030947001,21.276935065965866,14.77347334910797
M259,103.9618359124472,0.12498591933817378,15.881662876227871,14.95362270120869,15.803081097006913,168.91893190477964,16.012402801016346,300,300,0.12498591933817378
M26,57.55842881932575,0.1852060840946308,24.685205751768315,16.62293071656907,61.21372860265814,0.1852060840946308,24.173319183165674,300,21.214950725888833,12.372089490461335
M261,44.35615391811258,0.15573656026495156,10.80514496422792,12.170297246424303,0.15573656026495156,16.683636863476096,300,0.174186638444963,0.2725801489248406,14.587648923137609
M262,42.42243867334047,0.11488702466257382,0.16117245802283287,16.824974794972032,20.367306206334966,1.4277849947684222,0.2924509327313863,0.1909329752315888,0.11488702466257382,300
M263,5.185021472319267,0.13961531348211625,0.23721915005985647,16.632379629330437,21.64175165708561,1.6952665637027726,0.5837384278704413,0.3811063748349326,0.16909466218797026,0.13961531348211625
M264,4.710438216549718,0.11181316763379788,1.5621005224334077,17.027855932557905,17.47065122231422,0.30016761566986544,0.14467981238570066,0.11181316763379788,0.14686331075197084,0.919374148650871
M265,8.263048790584385,0.21001351841539145,11.361353791133967,13.558277913094342,21.664258167215042,0.3277953571135733,0.21001351841539145,0.2715006106475789,0.3746761958237039,18.336514771231485
M266,154.69722839086427,0.14754362558759748,0.14754362558759748,17.049066281519572,19.874052494011238,0.5071647257956977,300,300,300,300
M268,67.86222522735397,0.12323115721379872,10.86955838730419,13.216680366095032,25.873016681382083,174.52507151624695,17.856276217384263,300,0.12323115721379872,0.433967493205432
M269,89.95420345304319,0.32435871739040495,7.559055784807075,0.32435871739040495,300,14.749043922254126,300,28.873520249452636,57.85911864365684,10.26853030678442
M27,57.842403713329645,1.6121862649787218,14.78272683427995,27.08225071044749,49.46681677946506,26.533005221958053,1.6121862649787218,300,38.497812770174235,4.764431125333651
M270,118.46749511844918,0.4320081007456174,300,300,2.6422017418255566,15.820855882766866,11.695886560860556,17.149008661394845,0.4320081007456174,300
M271,4.727084382363323,0.10048104702169075,2.063729080300778,17.054562200635946,16.764871688690736,0.20846831224912304,0.10048104702169075,0.10778720644673306,0.3021679237305652,1.2146075998310144
M273,9.044433833359514,0.10635103675519553,0.12320813713921235,0.4818290623459035,59.01527183495427,7.311932910264461,4.5563205893053675,0.5675535929144869,0.193003503197222,0.10635103675519553
M274,10.456876037339415,0.14690492681693285,0.40271595087321477,13.85185318119515,58.878599041402225,6.093940525196638,3.8017066901894285,0.32706263724416024,0.14690492681693285,0.15222534579757097
M275,87.13575614936869,0.3852236021796757,8.34155797712691,0.3852236021796757,300,14.519729227044827,300,27.91516487423572,35.25913138033066,10.665242134031732
M276,117.25205532763648,0.10158902025894731,0.29930197551939636,16.987043381286437,19.685224257786526,0.943283986240566,300,300,300,0.10158902025894731
M277,8.964546228456229,0.20684271824616007,12.033927897343412,16.376908993653682,1.6461451908255695,0.5431209579035329,0.5000464502382093,20.288098427916594,0.20684271824616007,20.12127919152266
M278,89.94324023935985,0.2688366612809872,7.455439228013623,0.2688366612809872,300,14.764185018518635,300,29.010934142533916,57.85550485246535,10.191022012066291
M279,6.390698746689984,0.15112765298980674,10.744904897583183,13.098504117209634,26.097572738482384,0.29448672965934747,0.15498959772894158,0.15112765298980674,0.34046930956747384,0.24353493029910028
M28,8.41432854200182,0.14412071588309483,24.23823899192037,16.594139295941897,6.111939964059391,0.26456077581238013,0.14412071588309483,0.16575908964106856,0.62770190946199,19.16816759329438
M282,49.441552797429296,0.43943494416214524,6.908767430543899,2.929417540984241,300,15.205904337956625,0.43943494416214524,2.6176573336462057,57.759702744071724,9.671538048069513
M283,7.291371581570626,0.12238752844789996,0.12238752844789996,0.20328675296394214,2.593812630273984,15.750750212227734,11.546531305412762,17.107135017866383,10.856377153626642,0.15069205174566455
M284,11.986850393384776,0.5240240824148059,12.47178470593458,16.626878811905353,0.7962850005397341,23.691275445922106,20.138741000056267,0.7033089500383172,0.5240240824148059,20.94250515026704
M286,69.9287139777613,0.3738216438470408,10.816166160305961,13.585841190694449,25.37115995041956,174.05307627536797,17.736082222851923,300,0.3738216438470408,17.493564378603484
M288,44.35131220340043,0.13419674186385236,10.824348767109216,12.178520845843103,0.13419674186385236,16.68303106969568,300,0.1544105671689709,0.24163308833667543,14.594356547185962
M289,42.73747172689942,0.10192686643253546,0.14299093957524747,16.47212942303459,21.814062994293053,2.013035313627529,0.8536901744571515,0.5019381037752616,0.10192686643253546,300
M29,15.326924510276342,0.16246168882411438,16.52493776836572,30.12927805680905,49.54779223270633,25.063647756383574,0.7017441071220674,0.1865638781784752,0.16246168882411438,0.29897059382140717
M290,102.14796077880034,0.8321922400452952,15.426226799575613,14.456366104562129,0.8699932938753627,169.83680786442534,15.762099927918985,300,300,0.8321922400452952
M292,47.8388756188488,0.2851745060295798,0.2851745060295798,300,0.7202771712722024,3.0193711250152298,4.877862007037736,16.311144409084854,55.043270772006245,2.4539049603445973
M293,84.97090740481677,0.22763562491122474,300,300,0.27874463264539373,2.877493284704157,4.80109274500655,16.347141323152158,55.23515162811463,0.22763562491122474
M294,30.395960018234945,0.11464539595530368,10.885884170429316,13.227367835002678,25.793764416147607,174.45545849972447,17.818143309202046,0.37588276886849464,0.11464539595530368,0.4965337505496433
M295,89.97983066857284,0.5637782122662649,7.63408586954698,0.5637782122662649,300,14.82718256587828,300,28.795921826569064,57.74507135476114,10.272605519561088
M296,7.428921175667711,0.16828612631518516,10.399645225056913,10.959821535261515,0.21811899775464552,0.16828612631518516,0.2618505711429752,1.4143968830239328,22.616318864721688,13.392931202064837
M297,89.9271634532872,0.11179259071390586,8.06873777838517,0.11179259071390586,300,14.924801894061247,300,28.259109113291988,57.54925468106766,10.50361156877767
M298,90.00756641030671,0.7692886256306756,7.782091852661222,0.7692886256306756,300,14.851252663168871,300,28.610873900388636,57.690400247706684,10.356623992897612
M299,102.08237896670161,0.26053797047410626,15.507743837953544,14.48792877774419,0.26053797047410626,169.7802801420455,15.752007860528305,300,300,0.8705331448672298
M30,10.821208079620433,0.10059577338896035,24.73035072441073,16.636470436629317,6.912834365733317,0.16055647933918527,21.155465590312147,0.10059577338896035,0.38093934502615595,16.492451922123657
M300,122.73865649694372,1.6467365317087335,4.1519631405984985,17.331204188951265,12.760632686311961,46.01871542797924,300,300,300,1.6467365317087335
M31,54.97199568595477,0.1196757822287036,24.80017358853854,16.59498238573387,61.31991833673941,0.38627259986909823,23.7292201843895,300,0.1196757822287036,12.825722610138993
M32,48.2951537832549,0.15193461186584886,24.555310736147685,16.651453491011463,6.54643300420756,0.15193461186584886,21.097061608226504,300,0.3604829388966318,16.998553875683466
M33,51.16155628004794,0.11894765293458477,0.15654988259961827,31.72680672155367,0.11894765293458477,0.5705577874912813,300,22.46710421853539,45.24517302733089,9.007310949938098
M34,23.650407163310142,0.10175801219663518,18.822216149371584,31.734230426331358,48.65070110324479,0.10175801219663518,10.107569829727057,20.948492914642994,49.38465153748368,9.453637333483043
M35,48.28821969173417,0.14325242915803962,24.672288597650827,16.65116257375733,6.757558468256844,0.14325242915803962,21.125872852162924,300,0.33988342769793234,16.61573918518945
M36,15.290178433757022,0.10686147491494194,16.653724746308754,30.281386385629833,49.545419634394115,24.953085941514047,0.46158211725298315,0.12271503104689613,0.10686147491494194,0.19665213899461323
M37,60.51808577327859,0.9103186649391428,0.9103186649391428,29.19883163900354,49.74055756525113,25.556582849654482,300,31.16559399287288,40.98703512995492,6.585766344552621
M38,56.36445064362101,0.28574550507077945,1.3061223155977204,28.676950823193252,49.733227586000226,26.21465964194856,0.28574550507077945,300,38.927409934654015,5.771489342503559
M39,56.43935316021912,0.21428537663025782,0.6803166850330308,29.098469755171646,49.72549805546272,25.70963120535723,0.21428537663025782,300,39.65369689484348,6.432927309254582
M4,51.98577932738068,0.10490265592070612,12.859678330627736,23.595669765730815,50.71376442783873,0.14681153059458377,300,0.10490265592070612,0.5197035083852243,27.94570439994768
M40,24.252118505740448,0.1447458879098692,17.040217082151212,30.737391833807706,49.33710125634307,24.531404065368868,0.33974770753411576,28.963666104540298,42.92267410826846,0.1447458879098692
M41,56.415565830841174,0.7698717453130521,0.9016238021519967,28.775378943627665,49.65132950993546,26.076639857634135,0.7698717453130521,300,39.163355859182545,5.98632692888456
M42,56.29228285276757,0.5617777402419597,1.1304121423964388,28.26243563550109,49.87491400532949,26.329700981695215,0.5617777402419597,300,38.71989986800321,5.459122448973172
M43,58.32020218206487,0.6946053808135911,15.76416132491827,28.893878418474255,49.64342048233317,25.919446645799045,0.6946053808135911,300,39.43388636936224,6.212218834818363
M44,56.18233792297618,0.16551194609887898,0.16551194609887898,27.869354252294322,49.94077582069254,26.383418327319962,1.2286661900081672,300,38.62904659556027,5.241930251835337
M45,20.076361148415067,0.10122645417606102,15.79394144517742,28.910490010410822,49.641807087177526,25.896546464832646,0.6859014234938658,0.10786266337084349,39.47311363868136,0.10122645417606102
M46,26.810723665026046,9.596393022707712,18.99287169729313,31.99069779869988,48.53839604035567,22.238415303877748,9.931818949220236,20.532871091308603,52.664325416745385,9.596393022707712
M47,16.481905304113816,0.8848790931133553,0.8848790931133553,2.7911161773007933,26.977179454581812,41.50141571787236,17.80659897576412,16.122160612113706,24.62738664534176,1.1445057568226153
M48,57.78519528260047,1.7555561325591988,14.629377457300201,26.986834008182278,49.3678260351381,26.628874428031136,1.7555561325591988,300,38.408969966275734,4.504124233317092
M49,24.258587913549643,0.13406292556601845,17.4512732199491,31.22229620297512,49.088415942998836,24.067237923229158,0.3146726465537213,28.326435558999144,43.46430888812605,0.13406292556601845
M5,15.546074024771746,0.12863866498274729,13.109317994855344,22.13937470402071,51.11545275063766,0.2182618015581418,0.12863866498274729,0.15595670569439657,9.981931733273784,27.519657843151194
M50,16.51779656694229,1.2884668630221858,1.2884668630221858,3.5469717061742174,27.237945629206138,40.08691644738167,17.633959596850442,15.904393470844807,24.748801646123407,1.6949171759354644
M52,9.271260308235117,0.11975511195104123,15.084012286452111,22.47897423769806,0.2802474902721588,0.11975511195104123,0.1213454116806388,0.30265685231036304,9.059457703606924,26.723633371909646
M53,9.28931520410402,0.18593780477701707,15.405965800591279,22.728514921806518,0.43512633645930326,0.18593780477701707,0.18840698405355216,0.46992023808014016,8.507774719793117,26.392874827271225
M56,93.54390219949416,0.10786609348794446,12.849962725384161,25.597222562947408,49.840477116080116,28.90186231919684,300,300,0.10786609348794446,31.053826778856802
M57,14.671335049316442,0.20359436662954983,11.505600308301858,24.068340404241848,50.00492651587352,0.9203861535487213,0.23577190191997216,0.20359436662954983,0.369707116905367,30.062353627110696
M58,56.01603051553941,0.1149943098356016,12.751703360129147,25.2738052418593,49.84945321047737,29.072195676384737,0.1149943098356016,300,0.18031925943505484,30.885773066194087
M59,90.7157730647527,0.1029226730692718,12.94822221479239,25.920641893029178,49.831499736707656,0.1029226730692718,300,300,5.701015688668471,31.221882311754648
M6,53.7441309747795,8.136048041400034,24.631598645372318,15.593117752839836,8.136048041400034,21.055324476120443,21.580079604998232,300,23.734676971292473,15.222202306212685
M62,14.72504866779395,0.1600565114144148,11.804911898993886,24.33198763853834,49.962143975394895,0.72356519156091,0.18535300723463297,0.1600565114144148,0.29064670283626765,30.341724416378245
M63,89.78647777068556,0.14572514451178722,12.182459790208377,24.97882484115034,49.94420431439066,0.3627828599977803,300,300,0.14572514451178722,30.677825215225596
M64,89.42034960842382,0.10136472876358311,11.434949757376685,24.178435190718965,50.34361534586211,0.2523475706745171,300,300,0.10136472876358311,29.05208427399471
M68,90.23348610133631,0.16884942512365525,300,2.076937331461583,17.713568452080363,42.300424272251725,37.28709229038237,22.32101703939079,0.16884942512365525,300
M69,15.327870202471392,0.3359873192299856,15.702569931024685,28.68642412428613,49.373865900557604,25.70925121829721,1.86358922019694,0.49073303440878696,0.3359873192299856,0.46054087176978736
M7,53.720660657803144,7.853400384460925,24.69915577954613,15.538218432400535,7.853400384460925,20.87778708065467,21.455217222167644,300,23.91358807316469,15.427918290030577
M73,91.41042010495056,0.2071272820201909,300,0.2071272820201909,17.535006438702112,42.39537864710448,37.29596115463926,22.473072966147267,11.376814350991161,300
M74,17.356080226565552,0.45552323136418976,8.262362218699417,18.799692069147916,52.13470603793405,13.44870469278046,1.1192191412937826,0.45552323136418976,19.01727868195146,25.61115573935315
M75,52.56752384397162,0.16111957098543644,22.194375565804076,17.99841347222064,59.097191450688406,2.368479815658567,0.16111957098543644,300,18.452442629022755,0.2681682473930849
M76,47.921522946286196,0.3621896257950648,15.933165156592615,23.209432562938456,2.931385581011884,7.613208394313597,300,0.3621896257950648,7.111274940946256,26.211527308691675
M77,9.29425804936182,0.17540670431761568,15.252201764671131,22.60404786736185,0.4104817561529344,0.17540670431761568,0.17773603481473402,0.4433050091808899,8.766389086317387,26.524496172078017
M78,53.57026247921132,0.10282639763085172,0.3029760460681282,19.364909942512124,53.17090521400853,11.495365674453318,0.10282639763085172,300,18.03037793187704,26.094738627140572
M79,85.1221986505929,0.19509450897434727,300,0.26212092833102196,15.868206811149255,27.896230274095156,0.19509450897434727,20.80938748112822,300,15.94654920106522
M8,51.980343550112856,0.1013731404049322,11.315949236535467,24.15990011502011,50.31218895541655,0.3957317814842236,0.1013731404049322,300,0.15896029664960223,29.398644875391973
M81,51.157855721016155,0.1558795724193932,24.58925243531121,15.717967319661767,8.928134944305638,0.1558795724193932,21.929496444330084,300,23.255320807308074,14.686794244793097
M83,51.85734266097151,0.18149003625842233,23.79648011662718,18.619549359898176,1.4005382069144399,26.147506941554337,25.67125238894392,300,19.041924237575614,0.18149003625842233
M86,90.00372609702006,0.16592061044625006,300,0.28870533868686044,22.972537099262002,43.930398145184995,34.02297065753397,18.649276925046408,0.16592061044625006,300
M87,47.32719118113323,0.15743900470249356,0.15743900470249356,8.701690436201908,16.11370004157198,26.73664512861032,10.40318936642725,0.2115285472923255,300,16.293336924259556
M88,47.38010223496547,0.10896902776509523,0.10896902776509523,4.885246009118044,15.364782446339145,30.28007218212895,12.778399975477718,0.14640628722558868,300,15.47694195166923
M89,48.92856165702007,0.12686112310058506,300,0.22703295758724354,11.033499100033426,61.44814855575673,16.72389003320923,1.0700915171352883,0.798969969338039,0.12686112310058506
M9,14.56544379606977,0.11007435692101716,12.699482447899879,24.037487131428428,50.477281719571444,0.1867636565579996,0.11007435692101716,0.1334500329984128,0.6611315007678932,28.217879522413096
M91,90.8670746193136,0.323164826240641,300,0.323164826240641,20.283479995619388,43.07554773268886,34.88787256617518,20.323079670097023,8.043452163687673,300
M92,47.36822432225089,0.10953671533335001,0.10953671533335001,11.568036686801518,19.008635215300483,25.745845887527143,4.3183580604800955,0.13577099168315968,300,18.059611020881388
M93,87.33001024771274,5.487845371516957,300,5.487845371516957,15.660939212001743,28.426945134933902,12.009157664514147,21.13552343929552,300,15.919671159439561
M94,91.08616804989262,1.9295858949011415,300,1.9295858949011415,13.290972582022777,60.937456565804304,14.720257287631277,22.852456058210997,300,14.958616010570468
M95,85.29737809051919,0.4018201590553323,300,15.245546446697452,20.617866731012356,24.05753859701379,1.9615604977984913,0.4018201590553323,300,20.094692292576102
M96,49.953439406205575,0.6616477060811594,0.6616477060811594,15.122477987816659,20.43773929089098,24.395112032406324,2.3772115607550366,16.88980091052628,300,19.74352576116817
M97,90.06383559546515,0.11679961069904249,300,0.11679961069904249,19.590826994822944,43.04066059333851,36.512157768619716,20.992100888138975,0.2581389081020607,300
M98,7.646853991305661,0.2085094013245121,0.4500687017589807,10.801724423211308,17.753513982758044,25.65063200563865,5.486420775727835,0.6046937278649551,0.21926891216100194,0.2085094013245121
M99,51.79267084391154,0.4106147046522237,0.8278706444138662,0.9338744383545925,12.99927368810703,61.377206198431814,0.4106147046522237,23.231114005781244,300,14.56141307155152
MA1,55.72423350170914,1.1361926143658725,17.469831817239523,19.084009227680017,55.02643944059079,3.4670440705936785,32.06525305746496,300,17.545097785738296,1.1361926143658725
MK1,79.34970527824728,0.25413946095108986,0.25413946095108986,0.33651267157704107,2.8612323571786984,29.659659092860327,300,300,1.3004536275860155,0.3856450158251493
MK2,117.90371508344144,2.0798643150664864,2.0798643150664864,2.3282189027905202,9.23951107205241,16.721514268271104,12.860612109350972,300,300,300
MK23,47.762312840356515,0.11210205425648019,0.27293946074228737,300,0.11210205425648019,3.002530878520982,4.839159620118793,16.273535623616628,55.078959726359464,2.5192753592374575
MK24,43.22959190721696,0.16839156882383888,0.23275316416565328,3.4293623198909198,3.6254723615570694,20.63090202077226,12.35396446800651,0.16839156882383888,5.395889354519429,300
MK25,6.6172194512812545,0.10732725658649728,0.10736035215202719,3.998162138148399,4.1228331035648,19.687090809007692,11.859318273257465,12.796745451291326,0.2589182262418326,0.10732725658649728
MK28,6.6172194512812545,0.10732725658649728,0.10736035215202719,3.998162138148399,4.1228331035648,19.687090809007692,11.859318273257465,12.796745451291326,0.2589182262418326,0.10732725658649728
MK29,80.26268447097384,0.15590618932594316,300,0.15590618932594316,3.0946779903526185,21.85812252423123,0.21549569929251447,2.558766955409139,14.218506409179303,300
MK3,80.25503149373348,0.1001905786319922,10.999894189715386,13.581924522851097,0.15497450756491163,0.31258967653297604,16.890678474571555,300,300,0.1001905786319922
MK31,80.25600437231783,0.19419488610568256,300,0.19419488610568256,3.1355561273874484,21.854341530288576,0.2684188675330952,2.515473511986003,14.08005005524191,300
MK4,48.163172073560105,0.4347460341776902,10.967609922308474,13.517336794488918,22.563064144741976,0.4347460341776902,16.9594925954598,300,2.574574399697245,18.28855269760674
MK5,64.60648243013902,0.1682285541553349,10.992052643953823,13.609029537750715,0.2602154583247611,172.64728287663814,17.09569813180389,300,2.0793522384854732,0.1682285541553349
OA1,86.33566588221167,0.17521346703870222,0.17521346703870222,17.951838148922747,21.752223748042365,50.140926972217855,0.3370693300082348,0.32805539146342155,300,300
OA10,40.500044645740864,0.8695244660620982,300,0.8695244660620982,2.418368912842241,2.638084733383295,3.251544446993619,1.701254636581965,2.832533329007216,10.289046641056506
OA100,116.49101197667441,0.1183459103521891,0.1183459103521891,0.6181295790695637,7.131636842305073,273.84084263546384,300,300,0.14440145593788475,50.07473939026675
OA1001,193.4750467700854,11.77302250670496,21.813538925934584,11.77302250670496,14.213812728043761,300,300,300,300,300
OA1002,193.4750467700854,11.77302250670496,21.813538925934584,11.77302250670496,14.213812728043761,300,300,300,300,300
OA1003,193.4750467700854,11.77302250670496,21.813538925934584,11.77302250670496,14.213812728043761,300,300,300,300,300
OA1004,277.89650485487465,123.17203883899701,300,300,300,300,123.17203883899701,300,300,300
OA1005,277.89650485487465,123.17203883899701,300,300,300,300,123.17203883899701,300,300,300
OA1006,277.89650485487465,123.17203883899701,300,300,300,300,123.17203883899701,300,300,300
OA101,120.81637217761846,0.5377311060674256,18.572064795957413,13.826159300053835,0.5377311060674256,280.6771507447992,300,300,2.179181430997793,50.73869004307208
OA106,87.32134094787027,2.7370762348151767,300,14.630995682620043,19.84390152040834,24.84126324915956,2.7370762348151767,17.08932141771381,300,19.428169478245252
OA107,15.288571243373546,0.10855895899090237,0.11654045678302646,0.342070516588388,12.489944462137414,44.23673309811605,39.52901497853082,25.260808265437397,0.22489921040437183,0.10855895899090237
OA109,54.744588628496416,1.2935668754512444,8.056436758827418,18.726548806217355,51.93307421541307,14.282696612649824,1.2935668754512444,300,19.205206174466177,24.459179584946252
OA11,77.9349602952142,0.6530223990080413,300,300,0.6530223990080413,2.9494589489933865,4.067486373245716,3.080934559738067,3.23999088964751,9.488789191080809
OA110,51.366985497673106,0.12589969822065905,0.12589969822065905,37.50348267540488,34.98426990992716,10.957609812076237,2.14895801437553,0.17318001698382918,300,25.042483854396558
OA111,7.959017436670234,0.19095203978212166,4.806271168371197,17.075188739345023,21.51418127812329,18.42828898246061,0.30664724493864925,0.19095203978212166,0.24125201641151217,1.1093580239294725
OA112,12.279731262683196,0.10792642058598109,0.11586141273798421,0.3400773808683584,14.589011458009598,43.05009928279994,39.32878195398254,0.48250339799386144,0.22358879448729568,0.10792642058598109
OA113,42.048608436872016,0.10741621665656567,0.9148377144197002,0.13594715411505726,0.10741621665656567,0.17211891570593163,7.106282470166217,16.650589559056225,300,11.30167546485642
OA114,87.08769661042317,4.298654227357823,300,11.563615530287024,19.0400940782167,25.78933124197573,4.298654227357823,17.985751395895562,300,18.024126409652446
OA115,50.9698644273242,0.13244641429221765,0.8225816831290722,35.33640001658415,42.15822352343565,14.183982040397494,0.3416534839114174,14.783628256843576,300,0.13244641429221765
OA116,79.70776602949687,0.19021620553394314,300,0.28657033791025505,0.19021620553394314,0.25347100739646594,0.7418243733565323,16.906309354170556,300,19.283736957607136
OA117,50.38303534661522,0.10231907511269674,0.7697842364371754,19.264578539904058,53.537808222597235,11.072218601473043,0.10231907511269674,300,17.95113018204144,0.3664439153561307
OA118,42.88174525213886,0.10006167547557088,0.19494153856253252,0.3699346630909709,300,20.202989112267144,21.70991038956819,0.3650588879393478,0.11106575020716991,0.10006167547557088
OA12,76.29592973234793,0.25310135726165073,300,300,6.100944839161355,0.6052413090787261,0.4056473872908391,0.25310135726165073,0.3202722859418718,2.6822306800489466
OA121,6.5100852411941235,0.1290856054984033,12.293552765467204,16.618891222343734,0.4092103936922504,0.17745243869880828,0.1290856054984033,0.18795887405311645,0.8935436883532675,21.370986941446205
OA123,83.09392601767229,0.1856216318194369,13.491310903797391,14.447500891087778,19.84845833856787,0.6867033800727714,16.091812996033113,300,300,0.1856216318194369
OA127,92.78142133035675,11.96108215631987,12.040465803597588,16.91433524598213,11.96108215631987,66.42529425827865,15.411096097591798,300,300,19.499097081083953
OA128,11.992500753264324,1.1428042650916161,12.306671975620556,19.13018191329123,3.8792023578746013,1.1428042650916161,15.743573701189831,22.039735860296236,1.453113612967194,20.244722339783323
OA129,46.10135168059149,0.17036253873957322,15.676782388377935,14.561985779646978,17.2706547666603,0.5313132106941455,0.17036253873957322,300,1.2924962557365651,19.30721850487641
OA13,114.2732012146019,0.7348917607243894,300,300,300,8.07734507146359,1.1778163732690736,0.7348917607243894,1.7288545445146737,2.466701966843462
OA130,6.932629993169501,0.11553194038197398,13.079792598646135,19.79983956738761,0.16004224862623959,0.13544791822161176,0.11553194038197398,0.15401211303955617,1.0451306272712537,20.971242931781628
OA131,97.76930701152452,0.14167467110510915,0.14167467110510915,0.17175609886938237,0.8507575562961865,165.56187457763144,15.188003395604435,300,300,0.24038979268961513
OA133,94.3497539391458,5.854706923565129,13.015745308446698,26.165138740423213,49.79960074020643,28.60312043204366,300,300,5.854706923565129,31.359719368481276
OA134,57.450907079463846,0.2238987739928998,14.137877790217754,26.679336791710924,49.60323254290107,27.165921897055625,0.2238987739928998,300,38.12704887789057,3.669939961941938
OA139,90.96166745853748,2.4325126422311287,13.754860570114106,26.517355673812073,49.9257052628916,27.65180229689673,300,300,7.411103222354199,2.4325126422311287
OA14,114.7293849891685,1.9397810226526344,300,300,300,8.761906811919888,1.9816846669828518,1.962674369429724,1.9397810226526344,3.1890330423628113
OA140,56.19376080144264,0.2884731794241816,1.0153807960404082,27.99118938221862,49.924337275782484,26.36993410243226,0.2884731794241816,300,38.641707138820315,5.319064536822893
OA142,57.88687352577251,1.6022274540411308,14.855342219716869,27.21746837524265,49.50145365824993,26.474645030078797,1.6022274540411308,300,38.55547065369075,4.888380815159918
OA143,56.306039077773,0.2213262663539499,0.2213262663539499,28.701819873543375,49.67847247343871,26.17031450996766,0.8249354374161921,300,39.001309826890704,5.850134234573426
OA144,77.32703905507017,0.4937281929633614,300,300,0.7948418396185152,0.4937281929633614,0.6225701947328635,3.8126448516644347,3.9417264584463556,8.950800903135882
OA145,1.8196070646165894,0.43061200032089664,0.9386948221484199,0.43061200032089664,0.7064040814307518,1.4716918854395145,1.8605252831261605,3.603521812465887,4.757419684465392,0.7879869475356928
OA146,77.40528399941608,0.4884531255328073,300,300,0.6782852319197263,0.4884531255328073,0.6159185596751049,4.1711543228654895,4.305241723419283,8.983219031916244
OA147,40.26171215507256,0.2253707471905509,300,0.4346534723166526,0.2253707471905509,0.2516121760638585,0.5321407448761165,4.80517009210464,6.1351309790845265,9.709619028944116
OA148,41.629654327943555,0.10723918373067863,300,0.20796271484470644,1.729202457155683,1.2395534735518443,2.187293931609951,2.411535546584206,0.10723918373067863,25.154447316071387
OA149,114.62099024171671,0.1768505421881564,300,300,300,3.9110127928807286,1.770680880157277,0.3410766623503746,0.1768505421881564,10.768301056157187
OA15,115.00304171075982,1.7619574274236802,300,300,300,8.98861464342763,2.885968396303244,2.443165572103878,1.7619574274236802,3.9446276468201025
OA150,70.63490207190914,0.33416790048405526,1.4059005557349884,1.9118207257272557,300,255.3796805187531,0.33416790048405526,1.4713533889577854,2.779497412050143,1.796796073565771
OA151,39.299177439625666,0.1392187243392691,300,2.4044050627359415,4.095270950268023,2.824978752791664,0.1392187243392691,0.1631858703020162,1.3912679803358623,3.3750921762325476
OA152,40.430571755630865,0.9843082742045399,300,1.5866364661039734,4.218214957163902,3.0538114890548718,2.3116463490300814,0.9843082742045399,2.422806779835373,8.867149729654184
OA153,40.5492437688566,1.3155878614974208,300,3.291374635068163,4.056819700058084,3.2274690996242996,1.3155878614974208,1.6607579129727756,2.2395865382640623,8.602354403367988
OA154,2.099355602157813,0.1360572389425055,0.3254428861327469,0.1360572389425055,0.13658368485956454,0.33285145305852665,0.6891667885901407,14.178233200504684,0.4610187443288742,0.535490820845461
OA155,39.41782842883878,0.2374853292503394,300,2.291141363700343,4.636474038485321,2.8870663780433676,0.2374853292503394,0.2783695248009235,1.5032198580306722,3.5088709383992653
OA157,40.48054355683813,0.7929605651933516,300,1.771435373530619,4.930762863730895,2.881170289164343,2.17991265623644,0.7929605651933516,2.3127235049924346,8.975383201856967
OA16,115.16785947466975,2.4074506231037667,300,300,300,9.332384777598165,3.7631683753905816,2.7338292917104314,2.4074506231037667,3.1060427295550794
OA160,110.40920359377581,1.4019097628640012,2.2444841359262355,7.769764180476786,1.4019097628640012,260.71850300347415,300,300,7.85421271896374,3.2847549485016287
OA162,81.19108077217521,0.16586038857186214,19.683349040251226,17.072310858784228,6.841264354323154,0.19142354377455145,300,300,0.16586038857186214,5.574437991696663
OA164,264.96945057244756,19.75560457958025,300,300,19.75560457958025,300,300,300,300,300
OA165,10.163936879499555,0.11725550930368905,0.25732190867699684,0.11725550930368905,0.14631072802608833,0.8791681626843842,14.142902340650558,17.416412829750726,45.192693180569215,3.159430376334781
OA166,118.29743675293236,0.16133519619551068,21.619259209526703,16.027362748476122,2.9210407335215716,0.16133519619551068,300,300,300,5.650496135738974
OA167,152.4125452953997,0.1823551729164319,19.339333318560385,14.920388124985772,300,282.4442611571389,300,300,0.1823551729164319,2.414024589596155
OA168,10.163936879499555,0.11725550930368905,0.25732190867699684,0.11725550930368905,0.14631072802608833,0.8791681626843842,14.142902340650558,17.416412829750726,45.192693180569215,3.159430376334781
OA169,12.222768355903572,0.1190384874898009,0.7756638929396867,0.17147867577387854,0.1190384874898009,0.16532542798666305,37.82926302382676,36.478914512758614,13.864756792129949,8.377706034323225
OA17,77.61850959328983,0.1257279070769864,12.145107514127158,6.038046667727125,0.14090830702136736,1.0776475792465494,300,300,1.420638771119411,0.1257279070769864
OA170,126.16674870507549,0.10254584480713981,300,0.10254584480713981,17.49678512985667,52.43798437663342,36.01563579824614,3.2810384910606145,300,300
OA171,122.87339959768549,0.7168032320973994,300,1.774208406115423,10.977241798630217,28.419522069759505,41.099421274881344,0.7168032320973994,300,300
OA173,120.50138458547465,0.46612588535593386,17.350284407554195,13.19529479420979,300,279.6703492408324,300,0.46612588535593386,2.9817368898907444,50.34728546595419
OA174,87.37512534199394,0.20401574953214732,300,11.279599808053423,0.6909059630897827,50.7328058863866,23.081921717211138,13.01175361167841,0.20401574953214732,300
OA175,48.85675812602843,0.10324381752990251,300,0.15223820305442695,28.377514143568348,30.53570700447023,20.777197003357113,10.454477782780868,0.45368705346656496,0.10324381752990251
OA176,61.98980287598443,0.3841110719379037,0.422175520431716,0.3841110719379037,300,141.2304031466497,0.45905878733983263,36.64006882650037,10.95768985110824,5.824915803907674
OA178,15.443776094071227,0.12329809174297239,0.6262178098307922,16.477073100783116,21.4369424563864,50.6302316932435,33.61100619274331,0.12329809174297239,0.14971674537460786,0.49572266246511076
OA179,150.43078853479403,0.10281511486368254,300,300,3.0522569549734473,0.1512209192213244,0.10281511486368254,0.14001528929377963,300,300
OA18,77.61729497947773,0.12367012613044086,12.143164901242592,6.037031016527768,0.13860206939978525,1.0756141801627992,300,300,1.4202775423584972,0.12367012613044086
OA180,117.63942422181833,0.18334355827555548,16.933269746410193,0.18334355827555548,4.125140563725261,267.94648581355113,300,300,0.30020720266073475,51.626946889923786
OA181,8.731187838359004,0.17722012224438044,0.19104799886839463,0.17722012224438044,6.1760165685255775,20.16568162877063,35.064167703356595,7.375478564702457,0.4166503925913712,0.28323972781261764
OA182,112.72440898482576,0.10370757815902033,300,0.10370757815902033,0.10696280925616156,0.2794039245113532,0.6024430027687923,0.7027545639107834,300,300
OA183,52.60130838690607,0.10019097633473575,0.10019097633473575,10.352408465011429,14.965518093161052,56.25976187911657,37.705550831805446,1.2739146554840082,0.15312219433533028,300
OA184,126.1399194314996,0.30877187706024256,300,0.30877187706024256,17.923671719495207,52.23839321230763,35.78519474391267,2.8633238992211485,300,300
OA185,81.19108077217521,0.16586038857186214,19.683349040251226,17.072310858784228,6.841264354323154,0.19142354377455145,300,300,0.16586038857186214,5.574437991696663
OA189,119.6518599577428,0.9981862596253631,300,300,4.51415403714194,30.381537658932768,14.943531212351285,6.377470493891092,0.9981862596253631,300
OA19,77.61393525918089,0.11727018856962937,12.144255244569388,6.035526546031291,0.13142940274439752,1.0814785598126018,300,300,1.4015221317198594,0.11727018856962937
OA190,123.04202661919918,0.23258278374455404,300,0.6283156739175045,0.23258278374455404,50.026908752910614,32.63948559876671,0.8089201442540506,300,300
OA193,73.06267305232265,0.10717830228685078,0.13789822468953208,1.0807993467791281,7.553492713616113,274.31031014908586,300,1.1434471900709715,0.16825849205278792,0.10717830228685078
OA195,85.16539394123306,0.18922895925849606,4.761607631213032,300,300,0.19661003229245727,13.301171235013287,17.079987446908493,45.794546225178756,0.18922895925849606
OA196,85.94871299146732,2.6756765350524585,6.383560725259129,300,300,2.706257612385828,12.425144040690736,16.97860724950972,46.42045776884071,2.6756765350524585
OA197,40.81097322873432,0.5915599296758984,9.26861112078,6.0594156954893075,2.8860403210116785,2.4434219000000237,1.5135771350907161,300,3.7251597278269473,0.5915599296758984
OA2,127.68734482762403,0.20438134116051182,300,12.273164936961878,15.935633900134825,56.55382599998353,36.53175244275155,0.20438134116051182,300,300
OA20,77.61542171671316,0.12008468166629412,12.143928625589702,6.036223626507905,0.1345837180161616,1.0791608547339213,300,300,1.4093922271912451,0.12008468166629412
OA206,84.79726885024921,0.12295841300542916,300,300,0.12555569292604923,2.4412838293000676,12.242741669389885,17.0660028613595,46.37960833601281,0.12295841300542916
OA207,153.74788416339433,4.396716248831389,300,300,300,249.42673644865644,12.075366357165855,17.622591032714787,46.46166321978613,4.396716248831389
OA208,80.08143935552718,0.3636626719371416,0.3636626719371416,300,300,3.677872028162026,15.421081360814162,17.326881731080793,2.2042239200412297,1.657793132182051
OA21,14.568536801543457,0.11631765251653269,12.686134980220814,24.02289432566289,50.45623723943194,0.19735668428058434,0.11631765251653269,0.14101917104816988,0.6986301471584011,28.22970421202832
OA210,33.670468554999445,0.10903334488824476,1.3914252255042083,1.873146884441857,0.10903334488824476,255.38484347946294,4.5751453641224655,1.514769646934954,2.8156747585936683,1.699709736047198
OA211,13.307035727003598,0.7938722182130901,19.050445403662046,16.67455457438461,17.078186107415473,4.922089873410175,1.197236251084134,0.7938722182130901,0.870080916171195,45.86982047168805
OA212,113.19184931955982,0.10892703811894171,0.3434738268037327,0.11695557131890531,0.10892703811894171,0.2255874059030128,300,300,300,4.739850714334018
OA213,118.17665641226387,1.0040784293510316,20.331851870493498,16.896915949838892,4.830441515826155,2.349963532601339,300,300,300,1.0040784293510316
OA214,118.48044039404375,0.9099526744352014,20.15870411526598,17.40817945788457,8.033156360221444,1.33353054454286,300,300,300,0.9099526744352014
OA215,10.834834806634433,0.14773603756714146,27.25589958085818,36.309256168373324,15.417520438030246,6.44927900442911,0.6590157366343774,0.17067004402208283,0.14773603756714146,0.269301443161007
OA216,118.19555882158843,0.40822548849680046,20.081589118818286,17.05701835197155,5.378732759836129,2.6389048535847137,300,300,300,0.40822548849680046
OA217,113.26296958440842,0.14701471365464386,0.46357366515602916,0.15785052200733277,0.14701471365464386,0.3044668105886193,300,300,300,5.030850963860803
OA218,12.521859641356327,0.890447375859117,19.018362119745465,16.70489258107402,10.799528063383885,4.459155469659142,0.9917674341797829,0.890447375859117,0.975926919742371,46.33479716720683
OA219,112.83192414123981,0.24822036674292758,0.24822036674292758,0.2500123269121911,0.378538155876915,1.1895583750323684,300,300,300,0.5890639053541012
OA22,14.692846238885457,0.1744182110598689,11.694880248266738,24.14807309268828,49.98025041462365,0.7884899226027077,0.20198453440424055,0.1744182110598689,0.31672612073796336,30.237947366700205
OA220,113.07994424972006,0.11875387913579342,0.2366550331003964,0.11875387913579342,0.1301537975340616,2.3932556471304727,300,300,300,1.7607356408596804
OA221,113.07994424972006,0.11875387913579342,0.2366550331003964,0.11875387913579342,0.1301537975340616,2.3932556471304727,300,300,300,1.7607356408596804
OA222,8.694962777782326,0.5418419719051667,26.43798276449414,17.45476707878573,20.766124996067376,0.7177115924916506,0.6368549374355934,0.5418419719051667,0.679602622061735,2.324816259017221
OA223,131.04710675809758,0.6817583454813575,6.174296029968187,0.7582326517509332,0.6817583454813575,1.3236170694872131,300,300,300,139.43894996809308
OA225,150.71240955318345,0.26920621415067186,4.470878913371358,0.6483397980657323,0.3108514998797327,0.26920621415067186,300,300,300,300
OA226,122.2070518328174,0.1663786656325683,0.1663786656325683,37.05228693956452,38.89851963904314,0.2642236218210462,300,300,300,1.275005796477902
OA227,12.357375021911771,0.1185018545842031,0.34937468002038075,36.886712478502865,39.41860733520787,21.5317416433056,0.18379723960207775,0.24512374615730909,0.1185018545842031,0.12514119791386177
OA228,85.15780007928532,0.1132616929402575,24.653236521145793,35.44870754645267,11.472518869384308,9.446550813798927,0.1132616929402575,300,300,0.12812519056065966
OA229,10.65821586770194,0.11961992980931842,23.100245635277126,35.485382216922716,12.397123659462318,11.671888505061341,0.17912446411373092,0.11961992980931842,0.16026032214704902,2.1520822088219256
OA23,47.21498176049127,0.10576473382167145,0.17321588781569153,0.10576473382167145,0.1316105957062682,0.5781399976227685,300,22.447930952819856,45.264738775586245,9.01845314055768
OA230,44.915618533265146,0.12151269874349237,0.26867182077094914,300,1.2429242834092584,0.7750711584302713,0.12151269874349237,15.837435576850766,21.55141731628869,19.527915411627756
OA231,83.16969065900224,0.26857897793047597,8.632644380397164,17.080289299003102,3.844804192472715,30.276576030113063,300,300,0.26857897793047597,5.254632392101467
OA233,155.01385422431093,0.27513586299857035,4.517827158804051,17.381817462125067,17.936053310559714,0.27513586299857035,300,300,300,300
OA234,13.853633143672921,0.10054559658281505,0.10054559658281505,0.9824603969540111,0.10931757550837938,41.2459872978658,11.358806613865774,15.618000328376652,21.64334004146862,19.770607298761316
OA235,90.6955134606049,0.13324812066072803,12.92365798379248,25.839785513682617,49.83374693402415,0.13324812066072803,300,300,5.65380328230327,31.179865850375975
OA236,85.23896416923934,0.21088315929379314,0.21088315929379314,0.2456693280688903,47.9489008457805,31.60127689622528,300,300,1.5255679524508305,0.379415172095407
OA237,6.297237670842925,0.1725180200897668,18.972675073524936,12.698398407809245,0.6906942055361578,0.512700515942796,0.2027531854985282,0.1725180200897668,0.3062432449777843,16.821918713364187
OA238,10.138302351238433,0.10988948545407039,1.1328842882839962,15.114687857548756,57.66712318553717,4.187429040100105,2.5835706634153612,0.15666031913840714,0.10988948545407039,0.15417397042960398
OA239,4.626841168179421,0.11203652145899833,10.940280106244144,17.738516840644852,0.6667469589104876,0.3424841615687757,0.11203652145899833,0.1204412461397799,0.14284853951237164,6.9513749709559605
OA24,57.70471954069979,2.2483671208601446,14.14762339052232,26.680311346570655,49.58228707958816,27.151028849557573,2.2483671208601446,300,38.14127750971052,3.6868610287889485
OA240,99.29356349012326,0.1845658445758745,0.1845658445758745,0.24151596671766581,50.78566977590823,141.00431329967876,300,300,1.8485026940440294,0.2839403400615345
OA241,45.46893175044272,0.10373222915874794,17.642777409742585,19.440515931300588,0.7449132511946372,0.12876804613139972,0.10373222915874794,0.17043302376031283,300,25.520314112253512
OA242,4.652236140885832,0.14943573810016791,11.037866314002313,17.759015223779787,0.55361213612766,0.27418784106763133,0.24168847690848633,0.14943573810016791,0.17723726399987935,7.024846133100734
OA244,150.71240955318345,0.26920621415067186,4.470878913371358,0.6483397980657323,0.3108514998797327,0.26920621415067186,300,300,300,300
OA246,79.49441261562282,0.10859881069507595,9.134115258922336,17.25024663237474,3.0321609868787927,0.10859881069507595,300,300,0.5754034631380346,5.854775772973605
OA247,10.569284730595637,0.20387541495566255,0.39897300192620605,13.49404209521045,58.928053360266375,6.733086826036745,4.131088812043425,0.4538992144744859,0.20387541495566255,0.21125911985174506
OA248,6.310147629362486,0.17454319076937272,18.971815154932905,12.824728628349224,0.7637675868842052,0.6176897967558101,0.20513328356761484,0.17454319076937272,0.3098382018425036,16.613665191798255
OA249,99.29356349012326,0.1845658445758745,0.1845658445758745,0.24151596671766581,50.78566977590823,141.00431329967876,300,300,1.8485026940440294,0.2839403400615345
OA25,94.26870620148658,5.657439616220654,12.902720643928275,25.81166955914181,49.803190146896405,28.789582111782913,300,300,5.657439616220654,31.18504753392258
OA250,130.28847503286215,0.2809390197364072,0.39584812572738154,0.2809390197364072,0.39877822250232564,1.9687441499602658,300,300,300,139.26349074497085
OA251,10.441779491193119,0.19335594644863158,0.5300538621698506,14.427017178660337,58.73672771357186,5.638959626454723,3.5103483487209304,0.2974145831328059,0.19335594644863158,0.2003586703858128
OA252,153.3242463235646,0.2775526076392307,21.766442677109968,15.823299547790318,2.7305241211935645,285.9961516347837,300,300,300,0.2775526076392307
OA254,113.28992374084359,0.3974336640280671,0.3974336640280671,0.4003028294608735,0.6845638392425608,3.8939203072909474,300,300,300,0.9431692867262745
OA255,39.288451226043534,0.11484260031279234,1.470467115364503,0.11484260031279234,1.6418975533152698,0.9164456945395462,0.22805955830495805,300,7.250727527756127,2.685169758755081
OA256,152.547070993671,0.12328738428128418,19.40331415497046,14.97174280781089,300,283.5838634508398,300,300,0.12328738428128418,2.294360151465632
OA257,9.181415991057156,0.12824465794779827,7.262050006638747,6.244690708531021,0.12824465794779827,0.15193733186712974,1.0649536733352578,1.6299233172971284,1.2522341908852104,55.71729404195495
OA258,114.0107985885805,0.10516755150677637,300,300,300,0.37951172043232767,0.10516755150677637,5.949350305210845,0.1657843144814251,5.486574817012676
OA259,118.04300541290559,0.10556706520880108,14.970359108888545,7.980524186091305,3.5353889464573003,265.95911636600124,300,300,0.10556706520880108,51.79308763059751
OA26,56.14646977559678,0.189508976012934,20.5319916434614,31.81277395966783,47.777519047182984,20.293801893119227,0.189508976012934,17.936127973994513,300,10.63003471133536
OA260,10.38349889919619,0.11649958118587408,3.7427876988560893,3.4190262052244926,0.2090732111763209,0.11649958118587408,0.1359397088349797,0.549595731069739,17.348790475515997,57.54627858170603
OA261,9.000843521513595,0.1616715390230529,1.6313567373515108,0.23712196357744397,0.1616715390230529,0.22074031437829425,0.6644273339058272,1.1077942412292265,40.636555083846325,27.347080958797083
OA262,43.51870892250618,0.33390488557028586,3.0566877951673233,0.6808954839179505,300,9.510783636622314,5.361816807553637,1.5208326612144694,0.33390488557028586,27.68475011000346
OA263,13.614541980104011,0.14444624453484928,0.31591083003068343,0.14444624453484928,0.15094027338305022,0.40876923746507127,22.68924389864318,18.25401072912729,39.21477094356285,27.73824368408512
OA264,10.872248098399355,0.14288313014030524,0.3031763997366652,0.14288313014030524,0.15153157515602653,0.4284359781625855,4.087236683303025,38.66137546131774,40.94696057235659,2.2563849870219124
OA266,120.81637217761846,0.5377311060674256,18.572064795957413,13.826159300053835,0.5377311060674256,280.6771507447992,300,300,2.179181430997793,50.73869004307208
OA267,120.82842618610756,0.5908721339836484,18.58517675302364,13.893520969427978,0.5908721339836484,280.77553047445303,300,300,2.0196745617133565,50.762634596258884
OA268,130.28847503286215,0.2809390197364072,0.39584812572738154,0.2809390197364072,0.39877822250232564,1.9687441499602658,300,300,300,139.26349074497085
OA269,12.109309587553613,0.1281827252577059,18.06418281100085,11.84654236243474,1.1650852943487697,30.5202570835641,0.1281827252577059,0.9366572307637695,8.828982378740212,25.384586814318755
OA27,57.84261185423892,1.7454199446355925,14.757967899557668,27.04927964411525,49.427578254571884,26.523849560150307,1.7454199446355925,300,38.51309095545265,4.723708575428003
OA272,157.3930723973132,0.2203032110147178,0.2203032110147178,36.668341541099586,15.57228921553155,6.6836452108598845,300,300,300,300
OA274,110.40920359377581,1.4019097628640012,2.2444841359262355,7.769764180476786,1.4019097628640012,260.71850300347415,300,300,7.85421271896374,3.2847549485016287
OA275,110.40920359377581,1.4019097628640012,2.2444841359262355,7.769764180476786,1.4019097628640012,260.71850300347415,300,300,7.85421271896374,3.2847549485016287
OA276,153.3267655441323,0.22757890732235658,21.781329157234634,15.849395865216962,2.7466625140990364,286.00915790918526,300,300,300,0.22757890732235658
OA277,156.26303538183544,1.59268335490022,34.464166420563586,12.066238911078047,1.981194368141587,300,300,300,300,1.59268335490022
OA278,152.5651795090823,0.20281217579520308,19.56328259368008,15.100142880695573,0.20281217579520308,283.6600310180182,300,300,300,1.9951674044694048
OA28,56.08267269910063,0.2125647500772029,20.99320240319986,32.29931835651264,47.19827098784945,19.657818933094447,0.2125647500772029,17.396720981410574,300,10.903485180660866
OA280,82.23684017716712,0.5183875889848111,16.73879414401483,0.5183875889848111,8.088838067382225,278.3652140301845,300,0.6682106524018531,3.4648625549206042,50.05041437944815
OA281,119.53922932447261,0.22042543643679982,300,300,300,0.22042543643679982,11.480663457918912,17.2239517032764,25.794804870747495,1.5939891274013378
OA283,150.1036628580485,0.11460329030979573,0.12227974065905436,0.11460329030979573,0.24026283232914283,300,300,300,300,0.35215700108995185
OA284,155.86361405688993,0.1268806694789091,34.43982794464892,12.15623285402345,0.1268806694789091,300,300,300,300,0.18597098696821227
OA285,229.57814182176966,17.887820510195642,300,17.887820510195642,18.737314063961733,300,300,300,300,300
OA287,265.13307571762266,21.064605740981293,300,300,21.064605740981293,300,300,300,300,300
OA288,229.54987009446043,17.744744176193333,300,17.744744176193333,18.654216579490225,300,300,300,300,300
OA29,24.259201960589422,0.1363043255228356,17.44366325776186,31.213315271784634,49.091774735393116,24.075111208164472,0.319933663001284,28.337831554122136,43.45568166896503,0.1363043255228356
OA290,114.38295031469676,0.11723084288882092,300,300,300,0.2876377663542989,5.324852205999195,6.701682401677167,0.11723084288882092,2.6321993006545576
OA292,164.2288536136564,17.840778100955546,18.408893862481694,36.935128877037265,40.64602806877682,17.840778100955546,300,300,300,300
OA293,120.92236136758282,0.8391378193167038,18.64147359516332,14.394119111829086,0.8391378193167038,281.5866985004218,300,300,1.1157581444067182,50.80170376952497
OA296,85.31242262652304,0.18318678949917439,2.1881795649705453,300,300,0.18318678949917439,13.859690993043595,17.360078126837738,45.44210760655883,3.466137931274465
OA297,80.08383919884085,0.3218266251687892,0.3218266251687892,300,300,3.7569206682191782,15.457252678265796,17.32840635585054,2.191770782193169,1.6145364810293639
OA298,77.78417491539469,0.4897635920012954,300,300,0.7884593182902317,0.4897635920012954,4.448725669125095,3.694928384708611,3.8246823246568673,9.026840034375345
OA299,229.46154055530138,17.11530014558696,300,17.11530014558696,18.577024296824007,300,300,300,300,300
OA3,90.09900325780166,0.15348698666132987,0.15348698666132987,12.029771741887306,15.818088236046256,55.788770415960805,36.68269255668018,0.3192161251773404,300,300
OA30,54.186866610342975,0.3372245519761927,0.3372245519761927,33.50493308555405,46.662821229999885,18.131723234923573,6.81391505236784,16.534297553346388,300,11.510018174575842
OA301,85.43162299109444,1.6443359320388264,1.7724636348546483,300,300,1.6443359320388264,14.347301270437892,17.51642064099348,45.261715022325866,2.910747428104873
OA302,6.090001566547566,0.22143228495535427,19.975776203676126,17.29727957132367,8.850406307463068,0.5828493150652952,0.22693636626144872,0.22143228495535427,0.37787091547623275,1.1874615681593368
OA305,4.756374072297152,0.1279209072429569,19.024063320058865,0.7450602565964656,0.5650022497161991,0.4066321198588011,0.15034007126884535,0.1279209072429569,0.22707722772529815,16.804896425909785
OA306,12.109309587553613,0.1281827252577059,18.06418281100085,11.84654236243474,1.1650852943487697,30.5202570835641,0.1281827252577059,0.9366572307637695,8.828982378740212,25.384586814318755
OA307,155.02249734637243,0.31345848785775876,4.517976225252729,17.374007746004605,17.97453631186427,0.31345848785775876,300,300,300,300
OA309,114.3848311347846,0.12779832652176265,300,300,300,0.3135661595423708,5.26063068363443,6.610612620556558,0.12779832652176265,2.766041288021684
OA31,15.31328153777392,0.12634646479517686,16.790464709394147,30.4426190194606,49.43868026889139,24.78479521999547,0.5457464326974004,0.14509073885013354,0.12634646479517686,0.23250944810704466
OA311,85.72293294524081,0.11915639722387396,28.444405371384697,36.12517691324481,15.824216397009325,4.978917246234483,0.29159123682929206,300,300,0.11915639722387396
OA312,82.27974071803074,0.6110551230080091,16.758054855213967,0.6110551230080091,8.326773736650823,278.3583554654651,300,0.6644970399077691,3.4556009767618963,50.063588547238396
OA315,123.00123591250671,0.7480491981519812,300,0.7480491981519812,11.213727359589074,29.843345160476844,40.76991069747461,1.4348548843612687,300,300
OA316,24.623398812846848,0.12228324990486726,0.12228324990486726,0.17920934992027235,0.14653118792176248,140.90010878307538,2.5948942787963896,37.816977325766565,15.060101882837246,0.16708444455228166
OA319,85.39802065145253,0.7605972561966872,2.258835779136978,300,300,0.7605972561966872,13.76404281192599,17.31895253315263,45.51238571205095,3.569351119156957
OA32,125.75751025905441,1.5676077187042683,300,300,1.5676077187042683,44.12027374387218,34.73927065130277,19.3365124359635,6.296417522592586,300
OA320,79.73591354619865,0.10572866875014747,5.685094361967873,300,300,0.10572866875014747,12.64688011880545,17.037312376028353,0.10796200066851452,2.304330843368873
OA321,123.29850746457984,0.940313750969261,300,1.8217878711712865,12.505729937080876,30.91175279753044,40.20847535988688,0.940313750969261,300,300
OA323,123.939601404373,0.1255213557720417,300,3.636694300338311,0.1255213557720417,51.883182557184426,35.21750182953431,0.6539111921548618,300,300
OA324,51.64240926422785,0.10469101992296055,0.10469101992296055,1.868606082572263,13.908500684289262,57.587787511113426,39.35359603302088,0.20239297420410285,0.11369980869989377,300
OA325,125.73430201713803,0.5634555925042637,300,0.5634555925042637,22.750349836251118,49.699284930061275,31.94898590411432,0.9123398741733334,300,300
OA326,115.71787564802982,0.11645721546474529,300,0.11645721546474529,15.048595419818186,0.11697255858701754,0.5480582729787565,9.912921717389796,300,300
OA327,117.78140329631226,0.4898402131993789,300,300,0.4898402131993789,31.48122446491019,4.548027182125952,3.153741410007599,2.578393100254936,300
OA328,150.10980314760832,0.10210750236522698,300,300,0.15020184942125342,0.10210750236522698,0.13903306192019954,0.4870827671598723,300,300
OA33,12.965662224112064,0.12532754194177687,6.268887377980165,17.276359296995597,21.364082356510217,17.358424992174182,0.12532754194177687,19.862735502179852,20.815618256381132,0.6538624687335942
OA331,6.843067106504635,0.10568831394938752,0.10568831394938752,0.14392805836192557,2.2338664999962785,30.27785240573443,14.649924438990187,6.0983570345741,1.0794732674666447,0.15544683296412792
OA332,157.0748679530229,4.433437765213777,300,300,4.433437765213777,30.407940170833864,15.159694202437066,6.597871485698561,300,300
OA333,119.18803343012925,0.9877888136483962,300,300,0.9877888136483962,30.34337106650739,14.84672933184402,6.286635823361263,1.039742405672907,300
OA334,44.336753636737825,0.13511188581479852,300,0.13511188581479852,2.1635550334610745,30.27859493231469,14.69722467569029,6.148087827796373,1.1255296496889786,0.14592508913638472
OA336,161.80928590332277,10.003454107455676,300,300,10.003454107455676,27.378242306965777,41.70647493802802,15.386115874132718,300,300
OA337,82.57151259615313,0.10202567607239232,300,300,0.26038538029929625,10.800434444618851,37.10379819706408,11.599395691095806,0.7060613800745923,0.10202567607239232
OA338,14.81133917545044,0.1732381684089778,0.4092569254483096,7.09684266966106,13.91666883167834,57.33382963184263,39.0708832537923,0.24445608137366287,0.1732381684089778,0.24553784139824167
OA34,91.58736859948483,0.44042609974357866,300,0.44042609974357866,15.302755048132502,42.81527086856446,38.05405002628686,23.577049887506828,12.509396865644492,300
OA340,10.668452112480189,0.10080634446262499,22.87045006019529,35.54718475531223,12.784934776588344,11.944626956453275,0.1509521236126311,0.10080634446262499,0.13505489648599178,1.8136069867311304
OA341,152.4125452953997,0.1823551729164319,19.339333318560385,14.920388124985772,300,282.4442611571389,300,300,0.1823551729164319,2.414024589596155
OA342,39.27746665612282,0.10431737172326723,1.4207490822039543,0.10431737172326723,1.6297181653823936,0.925797197523732,0.20715808988921344,300,7.250742991142092,2.681250351117893
OA343,80.66682571052355,0.13284515235712752,20.212734666864854,16.89770600749867,4.952868232272565,2.483019950398994,0.13284515235712752,300,300,0.6554316747962168
OA345,44.336753636737825,0.13511188581479852,300,0.13511188581479852,2.1635550334610745,30.27859493231469,14.69722467569029,6.148087827796373,1.1255296496889786,0.14592508913638472
OA346,157.0748679530229,4.433437765213777,300,300,4.433437765213777,30.407940170833864,15.159694202437066,6.597871485698561,300,300
OA347,6.843067106504635,0.10568831394938752,0.10568831394938752,0.14392805836192557,2.2338664999962785,30.27785240573443,14.649924438990187,6.0983570345741,1.0794732674666447,0.15544683296412792
OA348,87.79403072255528,0.14934853445540647,300,14.711707884789153,0.6514030396986055,50.744935296323995,23.08848351703817,13.006367508136897,0.14934853445540647,300
OA349,119.18803343012925,0.9877888136483962,300,300,0.9877888136483962,30.34337106650739,14.84672933184402,6.286635823361263,1.039742405672907,300
OA35,54.31269714864457,0.21289516005991027,0.21289516005991027,32.85108100120523,46.7831610203915,19.040894798429743,7.490883148187772,17.00227882196355,300,11.120383238918823
OA350,113.2099854974316,0.13410860409715677,0.4228775173914619,0.14399315984215302,0.13410860409715677,0.27773831575683045,300,300,300,4.701166382365213
OA351,123.43974404061275,6.400100225005243,24.667404885357712,35.48203849862333,11.52184080817306,9.446567907742688,300,300,300,6.400100225005243
OA352,159.55660548473605,0.16553838808133706,32.325096429920755,38.806626353134014,5.1555827067522335,0.16553838808133706,300,300,300,300
OA353,153.29880917064196,0.36553859271360173,21.65899874974089,15.76126972685294,2.67425711506221,285.930409180766,300,300,300,0.36553859271360173
OA354,114.2594059004676,1.4508887253684184,4.593877363374922,4.230645673185377,300,243.51558308298107,300,1.4508887253684184,3.4409164846804923,56.843335874150554
OA355,149.35520164763304,0.818727081167046,0.818727081167046,0.8246376611021303,0.9570240740617737,290.2982630429844,300,300,300,1.9429613217490531
OA356,39.19053223035222,0.11571888638380914,4.502485994250514,4.23026464046526,0.1779738928186707,243.5097851673018,0.11571888638380914,0.4678442120090053,3.6776524364547805,56.84253261313388
OA357,6.275213490364435,0.2862631426686421,0.5165853657182307,13.945860464243506,23.5464470130509,5.3100679988695845,0.2862631426686421,2.7000674930031843,3.369963754934608,0.5264526904268236
OA358,150.1693936586369,0.6765929009988904,0.6765929009988904,0.6814773814527102,1.6744149216393707,292.0830727529686,300,300,300,6.239591312035572
OA359,114.60343508478911,0.1219429200286337,300,300,300,0.1219429200286337,3.0492554023433476,6.604277560364553,0.4021350832622265,6.649869712314179
OA36,48.86941555136045,0.11454720022699813,0.24880152445100248,0.5065008965893752,6.857504650635877,43.815548430332214,39.075527639307545,0.11454720022699813,0.33689406934054567,300
OA360,77.64914810609116,0.1865857301929054,12.263627897528,6.164198584089675,0.24260941491427365,1.7667752087219164,300,300,0.569388013282558,0.1865857301929054
OA361,156.14743313283662,0.12400821864244672,0.24904895304189995,35.64635008722512,13.160057803783566,0.12400821864244672,300,300,300,300
OA362,78.13980912341107,0.1079764152176913,1.840400177930016,0.1079764152176913,1.5686261619629804,300,300,0.5603394669415334,15.08862827411748,5.952502491118808
OA363,80.95886925878199,0.2345669852703577,300,300,0.2345669852703577,0.514802402513954,21.46477551366901,20.991483745204768,0.7841356515736552,3.681189772024129
OA364,124.51357225868016,0.1612693316914374,42.32357790642977,6.673439015136096,17.129518947005156,300,300,300,0.1612693316914374,29.820772869178807
OA367,123.0604626792139,0.7337768301633186,0.9144568957053125,14.681028001359767,39.49974649675598,28.654693209726762,0.7337768301633186,300,300,300
OA369,123.54423559435202,0.2679144494386539,11.136525490188971,36.43013134208177,39.268426121257946,0.2679144494386539,300,300,300,1.2508873518487926
OA370,81.16449922119804,0.11634458708413876,19.74878037753748,17.047749312557837,6.587073388624238,0.13427614242571442,300,300,0.11634458708413876,5.681769961354906
OA375,125.08886547761168,1.1946580333457675,300,300,300,14.773094060375714,4.649322624577209,38.796404053688725,41.29744504890603,1.1946580333457675
OA378,14.278847914298602,0.14713543399691115,15.434299429353793,36.72468720182729,39.455044135538394,21.674494543289295,0.32485932079236957,0.31488420906394043,0.14713543399691115,0.1553790405268196
OA38,55.984384335752786,0.20558009008783848,23.21891331760399,33.60278061607795,45.44430343766801,16.84216959211758,0.20558009008783848,15.784215394019949,300,12.777112238446954
OA380,156.14584698496066,0.11238672933728253,0.24272136380570009,35.645020404638046,13.166647381904186,0.11238672933728253,300,300,300,300
OA381,80.95911020473935,0.23349660844285972,300,300,0.23349660844285972,0.5124532545220271,21.46777747414587,20.992214021658956,0.7865403689699014,3.680399910175154
OA382,123.5520115221139,0.42890659628423583,11.106002159397583,36.38128689705116,39.346688490304864,0.42890659628423583,300,300,300,1.1532080338733464
OA383,77.3767371466474,0.474784240266464,300,300,0.7188471834289376,0.474784240266464,0.598682678306941,4.087152638383872,4.2261267279173484,8.90830370487562
OA386,152.3636526970313,0.16191464666766114,19.068162146064452,14.706389211289963,300,282.0676780966633,300,300,0.16191464666766114,2.9050774755651427
OA389,85.97510580116774,0.1360681763164869,4.634778830319643,7.077233816078645,40.68542982970469,34.96390992677014,0.3034258301523514,300,300,0.1360681763164869
OA39,24.254639243117754,0.15150139270108073,17.044006293066776,30.741849042437273,49.33063272948389,24.524710802825314,0.35560423582140355,28.956446480257416,42.9323629683489,0.15150139270108073
OA391,120.0493806799413,0.15491043174003763,300,300,300,0.15491043174003763,9.078797400473151,12.957870215054738,27.445414629463105,10.758052762799318
OA392,86.40341937774774,0.10334362117967223,13.44345825043507,37.0779339156994,38.534307030078025,0.10334362117967223,300,300,0.75107697342149915,1.317235231168236
OA394,80.95886925878199,0.2345669852703577,300,300,0.2345669852703577,0.514802402513954,21.46477551366901,20.991483745204768,0.7841356515736552,3.681189772024129
OA396,49.74269559052812,0.11606278124521487,300,0.7246592515362135,0.11606278124521487,20.624859087407614,18.60186851558881,13.31897833901344,39.31589652192639,5.239240227507283
OA399,144.28254830440864,0.10014434629987663,300,300,300,249.5138601436142,0.1635905717611313,0.10014434629987663,0.12486062932293862,4.357930744270827
OA4,90.0802307877114,0.16073712608311325,0.16073712608311325,11.875593085975677,15.75863355551858,55.728152542303896,36.7844353152616,0.33429467654829376,300,300
OA40,15.299458561323704,0.14342109364130332,0.1539657336496748,0.45192150005402487,12.229900615442661,44.240577574238486,39.549329317873344,25.329430326818976,0.29712232887116263,0.14342109364130332
OA401,14.282656854106262,0.162826715694624,15.450712400949561,36.7349295264284,39.43134747673396,21.65235873824859,0.30866542635671795,0.3484650854875874,0.162826715694624,0.1719494629506542
OA402,162.069858004284,0.24771641222992913,0.24771641222992913,36.72718989531081,40.45262611112744,19.131331615603607,300,300,300,300
OA403,8.946663625561609,0.1211336327905301,1.864635551683139,0.1776654384323464,0.1211336327905301,0.16539136291736245,0.3664839879795909,0.6110357456243041,40.68399614871491,27.582967136350693
OA406,185.39690796945888,0.29720392770366744,0.29720392770366744,0.5521130026086506,300,281.9866384034635,300,300,300,0.3393084218951813
OA408,114.1088390616901,0.21023817814955426,4.499239189546089,4.157841464931462,300,243.43437621627797,300,0.21023817814955426,3.6526921159417833,56.91632532867402
OA412,127.3710023179803,0.2315657522478141,18.901012735303027,37.34822567111933,45.24889807989495,17.238316305277237,0.2315657522478141,300,300,300
OA416,83.34443243986297,0.3978900425940923,300,300,5.037547099367482,0.3978900425940923,0.6262429560576566,19.850421295915798,39.21695449527388,1.6264036296948923
OA418,75.51402044110175,0.21312339443713427,0.21312339443713427,0.21732811309413846,0.5509166960017755,1.7430591959650636,300,300,1.045221906780731,0.34251422253509783
OA419,40.479375778328205,0.797108723428788,300,1.7680849266534024,4.94847100211517,2.898479235291917,2.1704827414280734,0.797108723428788,2.3002949450011365,8.95208465270714
OA420,75.47175114898597,0.17934955018246546,0.17934955018246546,0.1828879435238421,0.4636124620520277,1.7611298016869539,300,300,0.8940526535722892,0.29297678087022605
OA421,127.48762951048491,2.772765789638381,20.768674268377946,35.791788715396976,46.12979819116381,14.438009119302185,300,300,300,2.772765789638381
OA422,123.40141518557549,6.136158622499555,24.558328217037488,35.47589213063931,11.436220977729768,9.604721536697735,300,300,300,6.136158622499555
OA423,113.24518935459282,0.13749270523758605,0.4335484232478775,0.14762668820297717,0.13749270523758605,0.2847467739944626,300,300,300,4.958100246059639
OA424,113.28643267568238,0.14668683541682548,0.4625397841748782,0.15749847730557573,0.14668683541682548,0.3037877762329232,300,300,300,5.22094853232887
OA425,125.08886547761168,1.1946580333457675,300,300,300,14.773094060375714,4.649322624577209,38.796404053688725,41.29744504890603,1.1946580333457675
OA426,83.34443243986297,0.3978900425940923,300,300,5.037547099367482,0.3978900425940923,0.6262429560576566,19.850421295915798,39.21695449527388,1.6264036296948923
OA429,119.10306692198115,0.571903013683385,3.6254584872713314,5.640893338642882,41.123716827436816,0.571903013683385,300,300,300,1.8625637088147857
OA43,40.15814617327452,0.638382578603227,300,1.9351840154191111,5.30659348155919,3.040881014828391,0.8251814148253761,0.638382578603227,1.897079762464622,7.621867118496208
OA433,40.24823699659255,0.2169274746190058,300,0.4183696476112764,0.2169274746190058,0.24218579659224634,0.5012018415383064,4.784665123564547,6.111094880911987,9.711451207903025
OA434,4.992233520162842,0.17556138346575997,0.28137350697163493,0.17556138346575997,0.22215386837127152,3.1680757660940877,20.05759008424636,15.581237979693096,0.2267097068943549,0.22516586556617058
OA436,125.08886547761168,1.1946580333457675,300,300,300,14.773094060375714,4.649322624577209,38.796404053688725,41.29744504890603,1.1946580333457675
OA437,47.3245503359623,0.15189971221395518,300,4.0587162933115115,1.5833162717059022,0.15189971221395518,16.758585143476726,14.517448425554077,40.668876881201754,0.8575599602344612
OA439,146.47557132888895,0.11909771326894406,300,300,300,249.55637883673486,0.15604008336924016,17.65700939769524,0.11909771326894406,4.316044600043322
OA44,47.87350735513428,0.1295835667221173,0.18682779859239235,0.1295835667221173,0.17982367581443395,2.23365988071314,33.64040391337732,300,17.217649360087,29.400110645767803
OA440,123.47056500666103,6.534313593901861,24.721543080714532,35.48856979921331,11.649822570010205,9.37027100944836,300,300,300,6.534313593901861
OA443,10.169167426660136,0.13149813630287496,2.830577673551161,0.5738601556803313,0.2359900125017157,0.13149813630287496,0.15344105257140472,0.6203525679658622,19.10807698116789,57.699542833539844
OA444,86.80766284562591,0.19043811711532846,300,300,4.94168422390602,6.395784431461793,21.640324381615034,21.122697361234348,40.17037424967473,0.19043811711532846
OA446,40.796064939379676,0.5205785763342705,9.240008177515119,6.032840373251334,2.93377380303666,2.47336230603773,1.545410308077,300,3.622545970785315,0.5205785763342705
OA448,113.26311257309733,0.1625603060774738,0.5125927536357194,0.17454191171838143,0.1625603060774738,0.33666166255950997,300,300,300,4.918543950787562
OA449,120.12413403193955,0.23973223707010038,3.882805767532438,2.7134470345931745,0.23973223707010038,300,300,300,13.156602526177302,41.00048469014335
OA450,48.098028287640126,0.12330385643022601,23.000606112181675,35.54624524894147,12.530021978526609,11.79042502480791,0.1378178760050796,300,0.12330385643022601,1.6558062042280393
OA451,3.9443881339797544,0.20440629440546035,2.6504561923942527,0.8611809407271667,2.2246587615942115,8.264290261192722,0.20440629440546035,1.9300082427239391,2.5477963178623466,12.872308060937938
OA452,10.686462084654961,0.12200613006064669,16.8728555374369,9.3898679632219,0.4045280192728387,0.13256189821138487,0.12200613006064669,0.24705472026763478,7.283747784728999,51.03907462403938
OA453,123.08582865944518,4.943851198108401,39.47094598044688,8.592918136061488,20.96262275342236,300,300,300,4.943851198108401,10.716291207522326
OA454,150.1941992061749,0.11410984389751684,1.1133057597572915,0.14637298347481528,0.11410984389751684,0.17980506226935308,300,300,300,300
OA455,127.49331251943467,2.8797232651358535,20.864520354851148,35.76233615491676,46.1155941830877,14.324326197485833,300,300,300,2.8797232651358535
OA456,115.25847566066072,1.101653155760141,1.6494784219507128,1.3395895785142558,1.101653155760141,293.65644651048353,300,300,19.502906815623515,4.817730802953649
OA457,10.703119032198327,0.15248401117790492,16.856816857844592,9.48232011901656,0.505581604643492,0.1656766750859007,0.15248401117790492,0.30877050774444886,7.178180532141006,50.97512194993271
OA458,47.35757779022257,0.4354097587939739,300,4.040989800117265,1.5548607416923623,0.4354097587939739,16.735216285152827,14.517793513459564,40.69768537005235,0.878666852512222
OA459,113.19638195787626,0.13980639488645077,0.22872752538137137,0.13980639488645077,0.17410986703983508,0.5930488861941096,300,300,300,4.435362989508226
OA46,54.06477213628747,0.13874121609365103,21.760608862010297,18.573169536731747,58.82057753705163,0.3419289964226016,29.026065445618705,300,0.13874121609365103,3.8570854963711327
OA460,113.41010791456027,1.028858494702261,1.028858494702261,1.453943168628659,2.672567705316353,296.0374179575903,300,300,3.3435524276451907,2.744523562599424
OA461,149.35855130377644,0.8348826973007564,0.8756966446214356,0.8348826973007564,0.9150282444669865,290.16464426177095,300,300,300,2.0781585820514428
OA464,51.8237495125963,0.20229535282628205,15.30685711643938,36.61308276889801,39.56855984437897,21.827014387198407,0.45209859744645653,0.20229535282628205,300,0.6200880335829221
OA465,114.6221590384242,0.17672790902655106,300,300,300,0.7644527202257816,3.0846545055708847,6.471830788633473,0.17672790902655106,6.4796063839368605
OA466,47.33002864858519,0.13784195120137496,300,4.057601885533911,1.629837885602843,0.13784195120137496,16.793010207185986,14.541811816281486,40.649696403158714,0.8304290397171944
OA467,150.1693936586369,0.6765929009988904,0.6765929009988904,0.6814773814527102,1.6744149216393707,292.0830727529686,300,300,300,6.239591312035572
OA468,13.29657891482823,0.5867120838380012,19.036376473716924,16.721446014790164,17.42963219719578,5.060920787907497,1.1400641532489098,0.5867120838380012,0.6574837691074936,45.739995838821066
OA469,1.5566639875101576,0.140988910037182,2.0444758568559775,2.208810716030143,2.697866732278606,0.140988910037182,0.20408468177495526,1.811737715840314,2.497897871918976,0.8474494153451066
OA47,59.40378203477513,0.11639551364686562,19.566623221480754,18.978966430771514,55.52251694991137,0.11639551364686562,30.343091245225164,300,17.532491544678575,33.170171372486834
OA470,150.34632970099912,0.5706843383390678,2.380083707490936,0.5706843383390678,1.4021923510121415,292.6083012722515,300,300,300,5.809375938899297
OA472,75.44109196826835,0.1556499257623218,0.1556499257623218,0.158720748411978,0.40234974231862,1.7824838090980528,300,300,0.7754276020303369,0.2541039185255603
OA473,3.079904633744637,0.11452642192921698,8.651950319564436,6.0674009044507295,2.6892648613136263,2.3385881538019206,0.5908551865373738,0.11452642192921698,4.028875400059624,0.15777582230017043
OA474,39.30143722349193,0.12119625047959416,1.5322808616510593,0.12119625047959416,1.6632824257028989,0.8923383391116075,0.24067692021327095,300,7.262195708211162,2.699527282565859
OA475,38.606245813460795,0.6555663700727745,1.232300955831539,1.2866268098023248,0.8993405601574341,0.6953224446115183,300,0.6555663700727745,0.7451671179315308,3.3356422492792275
OA476,153.13661681715945,0.2588764944707616,300,300,300,249.1412130786037,11.898434178666678,17.61093584238117,46.18347494315333,0.2588764944707616
OA477,160.23545753417758,8.997123000846225,25.001537858088035,35.55628650987885,12.328712904607645,8.997123000846225,300,300,300,300
OA478,113.22686882132092,0.40178838251903654,0.40178838251903654,0.40468898567062883,0.527763690118445,3.5272058298721807,300,300,300,0.9535036823870581
OA479,82.77888370618453,2.409043562050022,15.584630069920328,11.096326450846488,6.886357917614631,271.5556248524906,300,2.409043562050022,4.992490375421825,49.7065964211323
OA480,113.28100519795616,0.34114251340678753,0.6798354158177972,0.34114251340678753,0.3738908904985292,2.9119410617790455,300,300,300,1.941231702147149
OA482,10.41564588501665,0.1460322000780861,3.7561268684905955,3.47089742949849,0.2620732254538452,0.1460322000780861,0.17040039592422546,0.6889181312456978,17.317225620352662,57.513493209089596
OA484,150.47692614184345,1.3736684334284437,1.7818962340881117,1.3736684334284437,2.152016665446339,289.9748722503199,300,300,300,8.532955551464799
OA485,75.51402044110175,0.21312339443713427,0.21312339443713427,0.21732811309413846,0.5509166960017755,1.7430591959650636,300,300,1.045221906780731,0.34251422253509783
OA486,124.51940950182573,0.19690741536964196,42.364676272842104,6.628253247388829,17.082297587390755,300,300,300,0.19690741536964196,29.883141491614573
OA487,10.7981290077313,0.1772896499183262,28.29647482317453,36.01699228158725,15.693109982267954,5.064500689279783,0.6086797768077813,0.20481145192794842,0.1772896499183262,0.3231734068868247
OA488,150.34719418569992,0.5714284294566089,2.3896707226843574,0.5714284294566089,1.4040206101802177,292.59196853827734,300,300,300,5.820465185000761
OA489,152.99890509606482,0.1187398099983111,21.79000838517025,15.893444843834205,0.1187398099983111,286.0389179223321,300,300,300,0.1501298071837972
OA49,59.119467630700115,2.470347093787247,13.358941655993927,19.664399348012775,56.49702361536946,2.470347093787247,34.927560366062444,300,17.38833071712067,28.649138249254374
OA490,77.61961213012981,0.10566076387383509,3.2234021821827628,1.0721923744317559,0.10566076387383509,240.65934483737166,300,0.2777529672018172,17.931785096804497,57.6867588191722
OA491,120.77235508624565,0.1484737724767765,18.614719111059326,13.914922743466544,0.1484737724767765,280.7904975098894,300,300,1.9117286274362122,50.79849892563695
OA492,119.48555896368181,3.740785396164516,16.82023135566013,8.135833212429453,3.740785396164516,266.20414021341907,300,300,9.269562133088126,51.71391939869324
OA493,113.37952740763757,0.3418259091740474,0.3418259091740474,0.34429362937822894,0.8459420754762832,4.692953845984104,300,300,300,0.8112038010879249
OA494,82.76102196104883,0.12852865970192573,15.681282832772006,11.345746521489126,7.059937433008686,273.43024610884817,300,0.12852865970192573,4.746106874753022,49.69632725781771
OA495,13.28894176180121,0.5714896592146388,19.067660589832347,16.752211678451477,17.38211448825989,5.025754371069784,1.1094177590464243,0.5714896592146388,0.6263504816821078,45.77653506685301
OA496,116.24973284879538,0.1477676179865756,300,300,300,0.45437081089404907,0.1583566700029187,7.167015126005792,22.070352565473645,0.1477676179865756
OA497,150.1494631534574,0.6459354592724703,0.6459354592724703,0.6505986165723654,1.598544663748471,292.09455180541863,300,300,300,6.206074682647118
OA498,150.34632970099912,0.5706843383390678,2.380083707490936,0.5706843383390678,1.4021923510121415,292.6083012722515,300,300,300,5.809375938899297
OA499,75.7402530743599,0.1243713665525429,300,300,4.871305522345007,0.19949857769237378,0.1243713665525429,0.15727408959408032,0.1782879069921328,0.39128713170301466
OA5,15.172790844143748,0.13276364525810247,0.2515921830567531,11.328665111134267,15.5124750518183,56.35286559514286,37.130955505781344,0.5232514074788701,0.14975825347949284,0.13276364525810247
OA50,59.42093702708455,1.8321875211017027,18.236497621770017,19.005980601175054,55.61989054008748,1.8321875211017027,31.124586895768065,300,17.53144778024114,32.01690525653291
OA500,75.82046722298861,0.2645142508330755,0.2645142508330755,0.5356246789713497,1.8984461336003151,2.700719940918246,300,300,0.8770331941972254,0.28739958538865346
OA501,75.85945358861173,0.2932831478933804,0.2932831478933804,0.5938798814930137,1.9549461276512594,2.742441623043421,300,300,0.9724204090739368,0.3186575197387626
OA502,76.26336128835118,0.9018884271434509,0.9018884271434509,1.2277249047051206,1.7451821163982386,2.2618420468986327,300,300,2.9903344926637363,0.9799183190002666
OA503,75.75893754040162,0.11621053645806387,0.11621053645806387,0.23531900866385633,2.1158684407387627,3.092525522269198,300,300,0.3853119356267853,0.12626487945623457
OA504,75.85724626770799,0.2086818941454403,0.2086818941454403,0.4225676771926348,2.2435063438967338,3.0645641450671137,300,300,0.6919133756204974,0.22673670574154675
OA51,86.5896035043588,0.16965204536064882,34.28165997605957,41.3198224296432,15.796158318657312,0.8924962797297451,300,300,0.25703898542001846,0.16965204536064882
OA52,49.640103356561355,0.37123286412782647,34.20619439082593,41.17749633561353,16.230116604949,1.0632142698744087,300,0.37123286412782647,1.6456282925786219,2.426944094521511
OA521,40.700640706515614,0.1538754999372177,8.949026120342314,6.266007345880935,2.4963173888335004,2.2093013809733204,0.1538754999372177,300,4.496674066229141,1.0339238499284946
OA522,75.60811674512549,0.3168367862231098,0.3168367862231098,0.3230876698940247,0.8190122717347694,1.960832085712025,300,300,1.0884765764258337,0.35668857101416107
OA523,75.51040612331693,0.21844290676200762,0.21844290676200762,0.22275257425734205,0.5646674536886858,1.8294705019203374,300,300,0.9399111567543587,0.308004393152677
OA524,84.74826085985792,0.736453357029357,12.148203104389365,6.018858715657654,4.761868258639938,1.3692231141874338,300,300,0.736453357029357,52.9514803289596
OA525,84.75718336103053,0.9853097472836598,12.07444009250356,6.0091675608173825,4.2813143648586705,0.9853097472836598,300,300,1.4812255514414283,53.22600957133956
OA527,149.23425794190868,0.3546366951814853,0.3546366951814853,0.35719689940940247,0.8776458832126809,291.4429783528784,300,300,300,0.8416057045873574
OA529,120.7978622554425,0.25395444797945677,18.582836531618145,14.007372749542757,0.25395444797945677,280.9575355740376,300,300,1.8053765627520624,50.775822177609896
OA53,86.01431917296797,0.4769758269865032,1.898019884422887,39.08278884766871,24.771699583313428,7.290078842752941,300,14.594990398599311,300,0.4769758269865032
OA531,10.700455075294961,0.14752646626066415,16.85936752236588,9.466844437085944,0.4891441860910272,0.16029021159976398,0.14752646626066415,0.29873179188566307,7.19605095913657,50.98568502793418
OA532,117.38228791972882,0.12141541074595079,16.866546848997007,0.12141541074595079,3.848154264118057,266.32096263874917,300,300,0.19880589840607718,51.702418296814336
OA533,81.63351771449187,0.2841622883674388,15.716148377468809,0.2841622883674388,7.017246022424544,273.37826338369007,300,2.1625452820616244,4.771413699580706,49.73836266234176
OA54,26.439128296211393,9.509790555079597,18.884265093727038,31.81181526481545,48.5865617884777,22.372415430713325,10.042170592960435,20.80419446323034,49.50181318068726,9.509790555079597
OA541,120.82140610636705,0.5620861451935488,18.594030400665012,13.86784757857766,0.5620861451935488,280.72914405859603,300,300,2.0492089031593643,50.76893176474475
OA55,86.09468282994642,0.269050813377276,1.5961784293893724,39.05023471317811,25.251649766409535,7.49392106954641,300,15.096427847670691,300,0.269050813377276
OA552,10.354545712176517,0.1360945149766223,3.2520978666702285,2.9056422880790076,0.2442387945088558,0.1360945149766223,0.1588044227422215,0.6420363377424129,17.895457182204584,57.60199429048821
OA553,40.52166850336631,0.11118411979860157,8.69263424275117,5.974426347374931,2.9242063821722986,2.477690822628393,0.41637376935128123,300,3.57683234285377,0.11118411979860157
OA554,113.41684616752262,1.0377157595357858,1.0377157595357858,1.4664599138983916,2.6979290946834955,296.05926391922276,300,300,3.327072184998891,2.7463284678416335
OA56,48.4338700726452,0.2406897925830156,1.024287427490577,39.00790313404237,26.11217081255466,0.2406897925830156,300,15.291407151231695,4.912412584261503,0.8820896789977896
OA562,114.5957743412677,0.11682909920777032,300,300,300,0.11682909920777032,3.0599811825081704,6.583079140754148,0.3840344183704583,6.622270889301089
OA563,75.83208398292766,0.2878412607084028,0.2878412607084028,0.5828604030830616,1.8637323791368399,2.655115923540872,300,300,0.9543770874574548,0.3127448094946775
OA564,115.25100561480285,1.1203489409998293,1.659045314595569,1.3623233027708188,1.1203489409998293,293.68597180536267,300,300,19.389825797688566,4.790529757005386
OA57,9.33486941327789,0.11406075009025576,0.548937212209683,39.06001283273974,33.93310970562161,0.2899164876043628,0.11576232490502297,0.11406075009025576,0.22306572375970427,0.3940902692927408
OA573,118.08117838076151,0.14476714313926642,15.120050244019367,8.019550400974932,3.5745253699324095,266.00173505306566,300,300,0.14476714313926642,51.78879883496047
OA574,114.4554366485316,0.15659499840566424,300,300,300,0.36726686296175987,3.695635406777728,5.942603753891324,0.15659499840566424,5.481392166216397
OA575,152.65468833132587,0.8132283497323515,19.72774553623097,15.257554207322544,0.8132283497323515,283.8633620996056,300,300,300,1.5756164577154288
OA58,53.51591156609855,0.5443488673288375,0.5443488673288375,37.327640391963556,36.63590599227452,11.142475593254797,2.4163096025371926,15.266087382422764,300,24.794524699006747
OA582,84.72404859177102,0.8471424903290399,11.958941381347831,5.956367584264937,4.215900611959747,0.8471424903290399,300,300,1.5290726116396254,53.28496405462699
OA583,82.74042326690832,0.15489306784818102,15.654585052522831,11.298674918667649,7.033869985717232,273.3442635706365,300,0.15489306784818102,4.790439947183477,49.64665959269074
OA584,118.17992139024793,0.7230547605960445,20.204716222557703,17.003381403851346,5.0099806622873295,2.498238072690994,300,300,300,0.7230547605960445
OA585,149.2202333664369,0.34265977186290547,0.34265977186290547,0.3451335119143925,0.848005697673303,291.41288526858307,300,300,300,0.8131826814614374
OA59,51.353151882083154,0.10460064657824114,0.10460064657824114,37.61093604731265,34.95468934091611,10.874004988531343,1.9717522884937935,0.14388232860718858,300,25.165349416225883
OA593,113.21603099470224,0.14765878017095382,0.46560456579271703,0.15854205983553413,0.14765878017095382,0.3058006694459958,300,300,300,4.650641882372717
OA594,113.33512783037405,0.405119175901997,0.8073293494111858,0.405119175901997,0.44400906800932716,3.0716763611212174,300,300,300,1.9528886885487087
OA595,115.72445250886412,2.116522757214295,2.292971672757529,2.116522757214295,2.202218243996962,296.96608903617147,300,300,17.87687132825947,4.340947032513237
OA6,12.036764696179292,0.10393153783213348,0.10393153783213348,4.167099191487803,0.11804526411253027,18.465481643019157,16.39374820217304,14.171028629371529,40.78965959223814,2.0851235092000113
OA60,56.50899532617021,1.7485154444570654,25.623357148448004,35.75751626684714,42.001737499708426,13.962850700979441,1.7485154444570654,14.474849931438824,300,18.503135617482744
OA603,116.53939020116141,0.3587991614801655,300,300,300,0.5052997458367564,2.5089513972406277,6.9524119887112334,21.989659316022532,0.3587991614801655
OA604,151.106287450174,1.8933909795173223,2.7532723683551885,1.8933909795173223,2.7332593333408,291.9152527569838,300,300,300,9.55512416319477
OA605,153.18277329426326,0.32871200104194015,300,300,300,249.2420971542626,11.967634997790679,17.652176824595443,46.27156537641527,0.32871200104194015
OA606,153.21028120558609,0.34460094975445454,300,300,300,249.3925393029976,12.014086764211301,17.592202107551707,46.33882052017364,0.34460094975445454
OA607,0.7327774086198086,0.12215633874805644,0.3374561228062958,0.8385395205014234,1.192331231737975,0.6838138728079326,0.7268303294982761,1.8342517683886392,0.12215633874805644,0.12684008446987013
OA608,120.81938414241482,0.5548941355247516,18.604961210350506,13.867343161985774,0.5548941355247516,280.721327666669,300,300,2.025513687050203,50.78103327773834
OA611,10.108743065831282,0.11229396043981207,3.1617428928879088,1.0261754987202267,0.20152569361927453,0.11229396043981207,0.1310323018389754,0.5297553918594804,18.066657385700847,57.64076140158374
OA612,81.24718598138044,0.1350488553772001,14.433355513215531,7.803682849487398,0.22112933487608097,265.9433972548935,300,0.1350488553772001,9.682380491480696,51.75849355171316
OA613,122.66748120581309,2.333231205197161,300,300,300,2.333231205197161,12.217331410306507,17.145182825206117,46.46734243579139,3.176761770003523
OA62,52.580697709191774,0.11709428555479476,300,0.16173210950866604,19.622211955236853,43.0403513288867,36.48022102168528,20.949522733497,0.2744482391648926,0.11709428555479476
OA64,124.83035059970732,0.14771072563051713,300,300,0.14771072563051713,44.09543569996131,34.78486165669281,19.39425904716858,0.22053766820533202,300
OA65,124.99227324474263,0.12513670580461622,300,300,1.3981412767103174,44.147474630291825,34.830597304996104,19.436836040138214,0.12513670580461622,300
OA66,90.06406450306446,0.12020957042289887,300,0.12020957042289887,19.559363720303867,43.01974475817582,36.51589539446868,21.01223039635703,0.2850721847873647,300
OA67,127.45504433970491,0.12367305130837485,300,300,18.41571884114528,42.35183520513426,36.9070850522588,21.84204256779259,0.12367305130837485,300
OA68,15.106486807973441,0.13176030283374712,0.13176030283374712,0.22185425837559575,19.156532139645073,42.72655322349777,36.529907482751646,21.242961432518786,0.6817028142557247,0.16062280990918407
OA69,89.88018345327215,0.13264032003667672,300,0.4344021448907908,20.297530133732128,43.03927530529508,34.8474956349344,20.290124087288167,0.13264032003667672,300
OA7,38.641913454183936,0.5637522079010201,300,3.510145753376751,1.598951171673485,0.7873280623043548,0.6347103707757779,0.5637522079010201,0.8513997036790243,1.1890203637610457
OA70,128.7585325013728,10.497303394250107,300,300,18.3843361338526,42.352147859492895,36.94985133187939,21.884621291507408,10.497303394250107,300
OA700,83.58512362763436,0.8660347629765758,300,0.8660347629765758,2.996070530303521,10.42873787163931,36.82201551713887,16.564825371808297,1.0033049672082999,300
OA701,6.452803194968648,0.15279653565259652,0.15279653565259652,0.17756390677059578,0.7042839689524845,11.34295906347255,38.22997283410141,0.463397577153296,0.2754951356993988,0.2759565379468522
OA702,44.34307750242964,0.10793768366603335,0.5556400651163421,0.7442630149469273,4.315299731176463,11.598474999244825,37.274181884732094,0.1488226405544103,300,0.10793768366603335
OA703,153.4920062206271,0.10360601437278091,300,300,0.11192888047685846,27.333551672318343,0.10360601437278091,0.38696319784891964,300,300
OA704,159.90738545703107,1.005099777979728,300,300,9.43112743393809,27.09470406859488,41.72815237573581,1.005099777979728,300,300
OA705,161.8000720677281,9.974633850544574,300,300,9.974633850544574,27.34832240246701,41.70083682233235,15.376783466481,300,300
OA706,122.87339959768549,0.7168032320973994,300,1.774208406115423,10.977241798630217,28.419522069759505,41.099421274881344,0.7168032320973994,300,300
OA707,86.06873804183572,0.10074450238142163,300,4.244016859688744,11.317513900229125,29.906606353736365,40.515392289089505,2.465630429560533,0.10074450238142163,300
OA708,123.34750913074919,0.5270343137487539,300,2.0149388526955323,12.850676323418622,31.304671568824656,40.08275198730593,0.5270343137487539,300,300
OA709,126.80256354132268,0.8485299092442766,300,2.540311548392185,13.461364981838619,57.78363593083964,39.78666596026672,0.8485299092442766,300,300
OA71,13.98589986606442,0.4104733120969031,0.779922969199717,0.964463322379219,0.4104733120969031,41.01477700222656,11.338764082546346,15.49882064421761,21.848301055357908,20.031676540491105
OA710,10.495334894373771,0.18929026973901833,0.37044805377023293,0.18929026973901833,0.19301389155024662,0.48920991064513053,33.378875418269075,36.80707794071685,8.679163844300783,3.8555998259988247
OA711,123.07982732815455,0.11952371887166717,300,300,300,0.11952371887166717,33.00857264124323,36.50298489459658,10.158461402082118,4.849075968442758
OA712,24.451731494137086,0.13395818782842253,0.24989118487760426,0.22736034243044917,0.13395818782842253,140.9867344026788,0.6508428910095244,36.78838645741443,10.91904328143783,5.657635205419624
OA713,85.99315691113462,0.15450870940297856,0.8497636990458705,300,300,0.15450870940297856,32.43307708473969,36.36598051512034,11.378127915499267,6.763797365268789
OA714,49.65987047666287,0.10219980992057714,0.42999029144831,0.1060035850684051,300,0.10219980992057714,38.15320702176262,36.584717679811284,13.582796517176204,8.320048908115513
OA715,120.05190181447855,0.14515032791062313,300,300,300,6.423940317830572,35.47780878597358,17.957225151012597,0.4110899331010878,0.14515032791062313
OA716,80.66393106177352,0.18558081223058565,0.208344280004967,0.3013011336990943,0.5252980041952106,8.420915281499601,35.670008982558734,0.18558081223058565,300,300
OA717,81.72338174641254,0.10106059937195283,300,300,0.583680269010365,17.377208389028645,35.42200659814524,0.18380386646228808,0.11929424928186927,0.10106059937195283
OA718,120.6729521000697,0.5465036970318539,300,0.5465036970318539,2.2323327965886564,9.92948887691443,35.4999468781394,17.175344551883217,300,300
OA719,159.87461401395308,0.7518067217947683,300,300,300,4.626325669664296,37.167312515691385,36.45146720447413,0.7518067217947683,300
OA72,52.60482389028673,0.7473643703384802,300,0.9000641418925703,29.458864657300293,40.850256307826214,11.379644932761789,15.450159219594559,22.052237492579966,0.7473643703384802
OA720,8.046516821735382,0.10683050842164084,0.10683050842164084,0.13622245261789143,4.89056150447065,13.687344413380016,36.031634196521246,8.71064088852673,0.6393224196073134,0.16957819033757535
OA721,114.91305156859343,0.1061676290453501,300,0.1061676290453501,0.763319861189113,17.801953673912177,0.2356289223143831,0.3973424622864785,300,300
OA722,122.54412225634222,0.716272091831197,300,300,1.2637585358545185,6.069027237663315,36.21369380404148,36.09022638134719,0.716272091831197,300
OA723,159.83374294623468,0.4025833657446783,300,300,300,5.85093060380806,36.15300160127925,36.26342799904536,0.4025833657446783,300
OA724,82.41453440169238,0.16628922782558947,0.16628922782558947,0.2120398638272626,5.48605268979678,17.79299285418743,35.31938046339573,0.33952011450628067,300,300
OA725,11.196716774519535,0.11100283565080366,0.13851911329245195,0.11100283565080366,0.181122771953349,0.4877828006546863,38.558979401797984,36.48887304468156,12.774634776226128,0.8328194518993153
OA726,12.226358024352976,0.1228320884136483,0.7933316783262416,0.17694347691965737,0.1228320884136483,0.1705941331724627,37.81332311133575,36.47179234382115,13.876513335821452,8.385534027013442
OA727,121.91914701334261,0.10600049622892402,300,300,300,0.47861621814993544,37.56207842250401,36.8765658998678,0.10600049622892402,0.3299150699901602
OA728,123.70516305055209,0.5610718423955439,300,300,300,0.5610718423955439,36.561435431624766,37.20881463136767,14.570893923559693,0.73908857546902
OA729,24.6224296751254,0.10943968540569768,0.10943968540569768,0.16038676509078326,0.1926653420868097,140.91306696620546,2.5992061443487184,37.80535082505435,15.049786318932659,0.149535353878714
OA73,12.418654076259699,0.12047580113351493,0.9971682957937009,0.12047580113351493,29.247922253142693,40.82833579557472,11.523450807064306,15.534361419397792,0.24802961155737285,0.8494886264134943
OA730,86.65717937189845,0.35514625744847583,1.8619789319965057,300,300,27.146812283205723,0.35514625744847583,36.57311117363322,15.689927717198968,11.630458611704723
OA731,78.8472167380172,0.10907004216045607,0.7769378667669371,300,300,27.877181533253587,1.7013373373560607,0.17580870011594027,0.10907004216045607,0.13739842448463235
OA732,87.26363670230361,0.2772049780641682,0.2772049780641682,300,300,0.34591426573885475,33.64889700603764,36.0614205734565,16.026154226861195,11.749502568270536
OA733,86.13415211312797,0.2061785727224734,2.6330239299517126,300,300,0.2061785727224734,32.94651509739226,35.92745715055587,16.739563775152085,0.6204783792493155
OA734,12.49011068168643,0.1403468278449727,0.529411813183222,0.15688914681245775,0.1403468278449727,0.2700779194248465,31.830065148901195,35.44803675744694,18.31394144217449,13.232116397703313
OA739,153.76270919944324,4.2869854478972504,300,300,300,249.54183133711155,12.128988338389433,17.592403622460168,46.551464849687534,4.2869854478972504
OA74,51.16155628004794,0.11894765293458477,0.15654988259961827,31.72680672155367,0.11894765293458477,0.5705577874912813,300,22.46710421853539,45.24517302733089,9.007310949938098
OA744,122.66848753769682,2.373894632287056,300,300,300,2.373894632287056,12.238308353889733,17.129607583632026,46.470046105181915,3.136043626583815
OA745,121.24797291561443,0.4694851445737313,300,0.4694851445737313,6.704838640546892,20.77930317755477,35.30695184744755,6.723204514792481,300,300
OA746,159.0058525402256,1.0721669983734539,300,300,7.388783284008503,27.42928916898711,36.156580870435576,1.0721669983734539,300,300
OA747,121.28504927782295,0.5593442980722745,300,0.5593442980722745,6.964795117373578,20.958709899576892,35.27387859720364,6.523666310357207,300,300
OA748,145.29426663144068,1.2992676480095633,300,300,300,248.2386698591377,5.431564280027524,1.2992676480095633,1.6199354450177634,5.7646958193328635
OA749,8.729826678970225,0.15761518049256987,0.16991335093881935,0.15761518049256987,6.120739390692673,20.07183995968217,35.00175494284788,7.473085770876555,0.5022406731906812,0.3414241630404497
OA75,12.35736959935784,0.13022762536082882,0.5448368096123449,0.2481427883569473,28.35123163691582,40.88453260584101,11.902446147532203,15.80854381245249,0.13022762536082882,0.9889953687910775
OA750,10.974163470841463,0.10081553470090458,0.20595845865411683,0.10081553470090458,0.10902288039820268,0.3275888243382232,27.814661883280614,35.32101150118857,21.688542055411848,2.225706628759217
OA751,85.8306082069512,0.11937519782129676,0.11937519782129676,300,300,0.18987314706568126,28.560498738335912,35.545652983013696,21.57377700974408,0.6556885796288818
OA752,130.68204509724163,0.11924336360015611,300,300,300,137.9463541115677,3.061924697852228,0.11924336360015611,0.9373260602671653,3.3915125446457703
OA753,159.79483544971282,0.5524477031344681,300,300,7.654264539886848,27.599496118415857,42.55247523626545,0.5524477031344681,300,300
OA754,157.1303451480247,0.4806880089482246,300,300,0.5356797588069457,20.635195587109706,35.39119782933267,0.4806880089482246,300,300
OA759,79.80400088176044,0.20468223229215873,5.823988958253525,300,300,0.20468223229215873,12.61863845891133,17.07845268011564,0.20900578396348282,2.4972389405474447
OA76,24.258587913549643,0.13406292556601845,17.4512732199491,31.22229620297512,49.088415942998836,24.067237923229158,0.3146726465537213,28.326435558999144,43.46430888812605,0.13406292556601845
OA764,145.28374854379226,1.2760217278944508,300,300,300,248.29324322684155,5.3828806390119714,1.2760217278944508,1.590952278997749,5.726890477592417
OA769,85.40775937668461,0.9231568237799467,2.1682249328047036,300,300,0.9231568237799467,13.873422355051618,17.387657276410785,45.46345623174729,3.4461573936825287
OA78,12.489417054665482,0.2853041535596827,0.37333986576180905,0.2853041535596827,28.32898140572477,40.999498026584526,12.06204908030061,15.965881819094248,0.9563910120916553,0.9438910742065588
OA780,120.85195161275377,0.1038088959857123,300,300,300,0.16144297219242032,30.8227704943344,35.31892266802002,0.1038088959857123,0.408667871497564
OA781,120.98735612913963,0.12271892879693769,300,300,300,0.190851741761755,30.153851253501607,35.65234448456557,0.12271892879693769,1.7790826244911253
OA782,125.58048979469405,0.14063485478957552,300,300,300,0.7587229247583007,28.26033676415449,36.10223272630368,39.38199108754634,0.14063485478957552
OA783,126.27306461590767,1.5473000640990373,300,300,300,1.5473000640990373,27.316194889628793,35.56179670880568,27.51622771310841,18.242997551619492
OA784,113.18282508818844,0.1554608743487936,300,300,300,4.316275479473868,0.3175947254248895,0.1554608743487936,0.16811687168071512,0.5051527545792629
OA785,82.41042705376972,0.6415866199103184,1.7991898984666914,300,300,8.838697397136976,0.6415866199103184,16.284218581700518,23.495017357699922,8.224706575243315
OA79,56.00617256086225,0.4136031531076878,22.88729605049314,33.37001476226732,45.77779419030948,17.159838173124104,0.4136031531076878,16.04031806956763,300,12.400516088028631
OA790,82.09944293211944,0.11324754997715354,0.3167827836642973,300,300,8.386938223690487,0.11324754997715354,16.14399936205432,23.540392775748156,8.29418276182113
OA791,77.62594699346683,0.1822808124384951,11.755703417966608,5.963251630019511,0.20428941577346996,0.37681540346248704,300,300,2.5252352680740877,0.1822808124384951
OA792,105.45227466234694,0.11003300790718847,1.8545023702941834,1.247034430344798,300,239.83644713124048,300,0.4351575759873672,0.13502278300153558,0.11003300790718847
OA793,119.89463048898244,0.18626450578011466,300,300,300,0.18626450578011466,9.991999143578113,15.094462780785769,24.25669481195102,9.62762266976457
OA794,7.447837884794468,0.10866836966038682,2.3755126295429654,0.1383046991969749,0.10866836966038682,0.17290212321018422,9.176227740606294,16.002821723234742,23.433953577913112,8.174312214991083
OA796,81.63619636392929,0.1556660437855171,300,300,0.1556660437855171,5.3227911803377985,6.655881365673617,8.115255864638106,20.253969108576655,12.586007348422626
OA797,5.608160872600829,0.27019762350795506,2.14935160811618,1.7321568487920025,0.31608619016257583,0.27019762350795506,0.3152851357371546,1.2746780624739045,20.45162074850418,18.355910763512675
OA798,117.57948280830557,0.17839289581209242,300,300,300,5.322562036111527,6.703097733884584,8.151507622700336,20.280302177936072,0.17839289581209242
OA799,84.7444357684607,0.7223107902342454,12.141755286709872,6.012681045465833,4.766782149087172,1.3626744820933967,300,300,0.7223107902342454,52.949282394095064
OA8,39.84005879241095,0.8434946239126148,300,2.838005549079666,1.782826035531587,1.6328753042183752,1.463461127051618,1.1926614228058456,0.8434946239126148,8.967146276687892
OA80,12.337458652349163,0.10208693401934579,0.10208693401934579,0.33889471374596963,29.03696885787009,40.80641294002992,11.667263946203516,15.618567306118017,0.17785507332568523,0.95161944748076
OA81,115.19718452311075,1.110763296697056,1.5981171514741146,1.350667339054636,1.110763296697056,293.708926224449,300,300,19.085506570201833,4.723495603009328
OA82,131.04710675809758,0.6817583454813575,6.174296029968187,0.7582326517509332,0.6817583454813575,1.3236170694872131,300,300,300,139.43894996809308
OA83,115.19718452311075,1.110763296697056,1.5981171514741146,1.350667339054636,1.110763296697056,293.708926224449,300,300,19.085506570201833,4.723495603009328
OA84,12.349938436459446,0.11586699704618918,18.256678867871873,0.18079201146619173,44.971894784501636,0.11586699704618918,0.5186225582510233,0.7736915275795246,8.617433999287547,25.36452674567159
OA85,12.349938436459446,0.11586699704618918,18.256678867871873,0.18079201146619173,44.971894784501636,0.11586699704618918,0.5186225582510233,0.7736915275795246,8.617433999287547,25.36452674567159
OA851,83.1108742564889,0.837253420028952,300,0.9628480571509819,4.611135509597138,13.252019760919085,36.22410111528262,8.9996361889324,0.837253420028952,300
OA852,122.70259396730118,0.32826503762498954,300,0.32826503762498954,11.048244764904142,28.612691896314484,40.919548319884576,0.7120017196812456,300,300
OA853,123.32042716248326,1.387278336414902,300,1.7703442441845665,12.368276513127494,30.76987027795384,40.2676479281853,1.387278336414902,300,300
OA854,14.809847191582028,0.10746612123283558,0.4710818145405501,7.24201280507122,14.126595727941487,57.26565779836652,38.96200169172604,0.15164525876876936,0.10746612123283558,0.1523163150088049
OA86,85.23896416923934,0.21088315929379314,0.21088315929379314,0.2456693280688903,47.9489008457805,31.60127689622528,300,300,1.5255679524508305,0.379415172095407
OA860,91.10436015476886,0.5274656579992734,0.5274656579992734,7.3580209618687835,14.29251882505219,57.206319491928255,38.87148259389959,10.57907370740279,300,300
OA865,82.43502067240297,0.3577120649062563,300,0.8064502689234213,0.3577120649062563,14.086912671346328,35.446663401918485,8.383087677894203,0.3993392942351056,300
OA866,91.10877392330893,0.5500146598271094,0.5500146598271094,7.417114281697811,14.378659896337544,57.18039261761201,38.82847751648957,10.515532414507456,300,300
OA867,123.81313157916114,0.8940880210031755,300,7.556532183692094,14.579176051641117,57.11202524109021,0.8940880210031755,10.363231135862492,300,300
OA88,83.34443243986297,0.3978900425940923,300,300,5.037547099367482,0.3978900425940923,0.6262429560576566,19.850421295915798,39.21695449527388,1.6264036296948923
OA9,40.59008624073194,1.1294498930688521,300,2.140517454880816,4.429767846123199,2.378767586062868,2.36273954156274,1.1294498930688521,2.6113554789001356,9.668092125256912
OA90,56.37331920601556,0.1937352248732932,1.364693221447058,28.717095680389342,49.685998267204035,26.17631211228544,0.1937352248732932,300,38.99658073024324,5.8521384116820725
OA91,19.776632968920055,0.10210293929897127,14.678504453120288,26.979196295424355,49.34895659363409,26.54458220361826,1.9490643190033734,0.10879660915131747,38.50186033810978,0.10210293929897127
OA92,56.19207184165149,0.11187918883701786,0.11187918883701786,28.011632219283843,49.913291088946394,26.361072058333658,1.1752269769152626,300,38.65193107809499,5.311542122800758
OA938,114.00473880715694,0.10181938844686374,300,300,300,0.3913104641548864,0.10181938844686374,5.9513646042620945,0.16050632797623984,5.432909672415388
OA939,114.4292711161297,0.10933221441530623,300,300,300,0.2682576800616842,3.608254866726231,5.932030138758151,0.10933221441530623,5.51629402907626
OA94,126.1399194314996,0.30877187706024256,300,0.30877187706024256,17.923671719495207,52.23839321230763,35.78519474391267,2.8633238992211485,300,300
OA940,80.0031576285445,0.15733986660209484,300,300,0.15733986660209484,2.308066964357029,3.0849539217217825,6.387832651872544,21.713920345369495,6.373147278433075
OA941,116.26080612592548,0.10160823894385249,300,300,300,0.4963123943956008,0.10160823894385249,7.0867061036102825,22.05880387311289,0.3430183973412139
OA942,79.12886500087345,0.2867999193511205,300,300,0.2867999193511205,1.4011355008469895,1.7858330626431853,7.456683285550444,21.20512641674059,0.8953418218552133
OA943,78.90085259265639,0.11428100573517755,0.12247040156275034,300,300,0.11428100573517755,1.871680070693139,7.224376330667965,21.128255317792878,0.745757614799244
OA944,114.37417890830034,0.11052517957508098,300,300,300,0.27118474110985324,5.288308828809298,6.645428102805683,0.11052517957508098,2.677984414102793
OA945,80.09848454174536,0.10873215784016066,300,300,0.10873215784016066,5.324101532091949,6.682780319634359,8.138189610179818,20.26728733383934,0.2667853803773294
OA946,118.48407108682804,0.11335504209209543,300,300,300,0.11335504209209543,6.815141091640108,8.780104022609162,19.94236688396626,12.221601654316723
OA947,119.04428962061952,1.7905206734879147,300,300,300,1.7905206734879147,8.63213037948357,10.49077679763685,20.179204187950933,11.26168492639694
OA949,120.13404929276518,0.1986890846474206,300,300,300,0.1986890846474206,9.26457950403774,13.738901468273236,27.34912810517894,10.521096179984077
OA95,15.294529887634082,0.10271587837825064,16.800966378177982,30.45508776617559,49.45865645612672,24.78815957276651,0.4436754466947168,0.11795440980239386,0.10271587837825064,0.18902319295050402
OA950,83.50106860339054,2.8322359238197095,2.8322359238197095,300,300,5.688894825299585,10.275505025860854,15.370004539158822,24.529822833747954,9.312085679237386
OA953,13.379593253863293,0.12573355223649496,0.13757686535315589,0.12573355223649496,0.25131700522103345,0.8671999656029921,21.359465966469607,15.79031519690775,39.621481842938344,28.883655636176968
OA954,84.02807424340476,0.13188228264357896,0.13188228264357896,300,300,0.1863704259826311,2.944740026523359,24.523975073531055,40.6733239604946,3.764302178062831
OA955,51.2351605951257,0.12498831431234322,1.6766120488331653,300,0.5569160022450378,5.9884595586616385,26.175544390768277,36.163843267113684,39.194921179071414,0.12498831431234322
OA959,84.93762193274473,0.20987082906533033,0.20987082906533033,300,300,10.228137316794223,1.796710459201131,21.41685524778698,40.9122052680162,4.937196341093951
OA96,149.31487768090534,0.762594619435283,0.8405274823741056,0.762594619435283,0.8358007874854375,290.08540163673257,300,300,300,1.994696921215365
OA960,8.862846618118809,0.102786041025538,0.102786041025538,0.10941486605579108,0.3128623412217712,2.3514149872824572,28.94195154654514,37.955651403150924,0.9122079772171564,0.21648378245169367
OA963,9.04765599431135,0.20126599831017666,1.465268103327602,0.2951947449073749,0.20126599831017666,0.2748011184227107,0.8981143107754178,1.4974186200219144,40.59157425261743,27.157610806108178
OA964,123.22802361786798,0.16472021389507346,300,300,300,0.16472021389507346,5.234950374495703,38.605509044319426,41.417369813079944,0.40163949715364533
OA965,124.33344523928666,0.22492333447463608,300,300,300,1.1913080188273866,28.454975165468174,35.79219514193329,29.004160253589856,0.22492333447463608
OA969,124.88417010786169,2.718634881070027,300,300,300,13.157975060763947,3.7292327994764785,38.504442570498895,40.963075551084245,2.718634881070027
OA97,4.645946771565965,0.10185995514830574,7.395962765022647,17.218025316765793,7.608779964492424,0.16327627540912834,0.10185995514830574,0.12887739268715517,0.865108316724305,3.6856841862779652
OA970,46.525203532085484,0.11728775726676999,300,0.11728775726676999,0.9494160979706794,4.551272495324582,27.11237763340119,37.19921314789804,0.9711051442412427,1.3009559805813855
OA973,50.51988735247479,0.1945595554946928,5.4283796838829295,300,0.6164999730950221,26.30816579311802,18.936799157879783,13.911776675546461,38.76291798078141,0.1945595554946928
OA974,85.7927951899193,0.18268938213028013,0.18268938213028013,300,300,0.25816885549473345,4.464621112571564,38.71565677236124,41.13893667895731,1.5822887178393275
OA975,124.97026310132276,0.9371807775860652,300,300,300,1.0982692217917989,0.9371807775860652,36.43604355059034,40.72094656732108,20.56966469329282
OA98,12.941682090237352,1.6858049064273946,9.883754293161445,12.247729672210243,40.497814696150016,1.8442408966473403,1.6858049064273946,2.6268234478536185,17.242614833970322,17.504673975478436
OA99,5.015644925492196,0.19456582340607448,0.31183206117386,0.19456582340607448,0.24620192361914087,3.1483603913931373,20.026944095132873,15.718941471596802,0.23997390254354103,0.2383397350721405
OA999,80.95911020473935,0.23349660844285972,300,300,0.23349660844285972,0.5124532545220271,21.46777747414587,20.992214021658956,0.7865403689699014,3.680399910175154
