lat,lon,hs_mean_m,hs_max_m
18.05,-160.95,2.1895918020408165,2.9399998
18.05,-160.9,2.1893877224489797,2.95
18.05,-160.85,2.18877547755102,2.95
18.05,-160.8,2.1873469081632653,2.95
18.05,-160.75,2.186938742857143,2.96
18.05,-160.7,2.1857142591836736,2.97
18.05,-160.65,2.184693851020408,2.97
18.05,-160.6,2.183265279591837,2.97
18.05,-160.55,2.182857118367347,2.98
18.05,-160.5,2.181020379591837,2.98
18.05,-160.45,2.1804081346938777,2.98
18.05,-160.4,2.17816323877551,2.98
18.05,-160.35,2.1763265081632652,2.98
18.05,-160.3,2.174081612244898,2.98
18.05,-160.25,2.171836712244898,2.98
18.05,-160.2,2.169999981632653,2.98
18.05,-160.15,2.1683673285714287,2.98
18.05,-160.1,2.166938755102041,2.98
18.05,-160.05,2.1653061020408164,2.98
18.05,-160,2.163877532653061,2.98
18.05,-159.95,2.1606122285714284,2.97
18.05,-159.9,2.1577550857142858,2.97
18.05,-159.85,2.1551020204081635,2.96
18.05,-159.8,2.1518367081632652,2.96
18.05,-159.75,2.1467346653061226,2.95
18.05,-159.7,2.144081602040816,2.9399998
18.05,-159.65,2.1406122102040817,2.9299998
18.05,-159.6,2.1373469040816326,2.9299998
18.05,-159.55,2.1346938408163263,2.9199998
18.05,-159.5,2.13142853877551,2.9199998
18.05,-159.45,2.1291836346938777,2.9099998
18.05,-159.4,2.12653057755102,2.8999999
18.05,-159.35,2.1226530204081633,2.8799999
18.05,-159.3,2.1195917959183674,2.87
18.05,-159.25,2.114897918367347,2.86
18.05,-159.2,2.1106122,2.84
18.05,-159.15,2.107142818367347,2.83
18.05,-159.1,2.103877518367347,2.81
18.05,-159.05,2.1006122102040816,2.8
18.05,-159,2.097550989795918,2.79
18.05,-158.95,2.096530583673469,2.78
18.05,-158.9,2.0946938469387755,2.78
18.05,-158.85,2.0940816,2.77
18.05,-158.8,2.091836704081633,2.76
18.05,-158.75,2.091428542857143,2.76
18.05,-158.7,2.087142830612245,2.74
18.05,-158.65,2.0848979346938776,2.74
18.05,-158.6,2.0834693673469387,2.73
18.05,-158.55,2.0830612040816328,2.72
18.05,-158.5,2.081428548979592,2.72
18.05,-158.45,2.081632626530612,2.71
18.05,-158.4,2.0818366999999998,2.71
18.05,-158.35,2.0818366959183674,2.71
18.05,-158.3,2.0814285306122446,2.7
18.05,-158.25,2.082244851020408,2.7
18.05,-158.2,2.0799999571428573,2.69
18.05,-158.15,2.079387712244898,2.69
18.05,-158.1,2.0789795469387755,2.6799998
18.05,-158.05,2.0791836285714287,2.6799998
18.05,-158,2.0779591469387757,2.6699998
18.05,-157.95,2.078979557142857,2.6599998
18.05,-157.9,2.0808162918367348,2.6599998
18.05,-157.85,2.080612206122449,2.6599998
18.05,-157.8,2.081428530612245,2.6599998
18.05,-157.75,2.0840815918367346,2.6699998
18.05,-157.7,2.0824489326530613,2.6699998
18.05,-157.65,2.08244893877551,2.6699998
18.05,-157.6,2.0826530204081632,2.6699998
18.05,-157.55,2.082653026530612,2.6799998
18.05,-157.5,2.0818366999999998,2.6799998
18.05,-157.45,2.0826530285714284,2.6799998
18.05,-157.4,2.083469357142857,2.69
18.05,-157.35,2.0828571102040816,2.69
18.05,-157.3,2.082857108163265,2.69
18.05,-157.25,2.085102004081633,2.69
18.05,-157.2,2.081428532653061,2.69
18.05,-157.15,2.0804081224489797,2.69
18.05,-157.1,2.078775473469388,2.69
18.05,-157.05,2.078163230612245,2.69
18.05,-157,2.077142820408163,2.69
18.05,-156.95,2.075918326530612,2.69
18.05,-156.9,2.0744897551020407,2.69
18.05,-156.85,2.072857097959184,2.7
18.05,-156.8,2.070816281632653,2.7
18.05,-156.75,2.0712244408163265,2.69
18.05,-156.7,2.063265263265306,2.7
18.05,-156.65,2.0606122061224488,2.71
18.05,-156.6,2.0563264857142856,2.71
18.05,-156.55,2.053877504081633,2.71
18.05,-156.5,2.051428526530612,2.71
18.05,-156.45,2.0479591346938775,2.7
18.05,-156.4,2.0436734224489794,2.69
18.05,-156.35,2.0404081163265304,2.6699998
18.05,-156.3,2.036530569387755,2.6699998
18.05,-156.25,2.034081595918367,2.6799998
18.05,-156.2,2.0206122224489795,2.6699998
18.05,-156.15,2.0144897673469386,2.6599998
18.05,-156.1,2.0081632408163266,2.6599998
18.05,-156.05,2.002857118367347,2.6599998
18.05,-156,1.997142836734694,2.6499999
18.05,-155.95,1.9959183448979592,2.6499999
18.05,-155.9,1.9946938591836734,2.6399999
18.05,-155.85,1.9944897775510204,2.6399999
18.05,-155.8,1.9926530428571427,2.6299999
18.05,-155.75,1.9977550795918366,2.6399999
18.05,-155.7,1.9859183367346938,2.61
18.05,-155.65,1.982653030612245,2.6
18.05,-155.6,1.9791836387755102,2.59
18.05,-155.55,1.9746938530612246,2.59
18.05,-155.5,1.9720407836734695,2.58
18.05,-155.45,1.9742856897959185,2.57
18.05,-155.4,1.9771428326530611,2.57
18.05,-155.35,1.9802040551020408,2.57
18.05,-155.3,1.9834693612244898,2.57
18.05,-155.25,1.994081606122449,2.58
18.05,-155.2,1.9893877285714285,2.56
18.05,-155.15,1.9885713979591837,2.55
18.05,-155.1,1.988367318367347,2.54
18.05,-155.05,1.9904081408163266,2.54
18.05,-155,1.9902040591836734,2.53
18.05,-154.95,1.9951020040816327,2.54
18.05,-154.9,2.0002040448979592,2.55
18.05,-154.85,2.0059183285714286,2.57
18.05,-154.8,2.0118366897959183,2.58
18.05,-154.75,2.0253060857142855,2.61
18.05,-154.7,2.025714257142857,2.62
18.05,-154.65,2.03040813877551,2.6299999
18.05,-154.6,2.0332652836734693,2.6399999
18.05,-154.55,2.0357142591836737,2.6599998
18.05,-154.5,2.039795887755102,2.6799998
18.05,-154.45,2.042040787755102,2.7
18.05,-154.4,2.0453061,2.72
18.05,-154.35,2.046734667346939,2.74
18.05,-154.3,2.048979567346939,2.76
18.05,-154.25,2.057142830612245,2.79
18.05,-154.2,2.0567346673469387,2.81
18.05,-154.15,2.057755069387755,2.83
18.05,-154.1,2.0595918040816326,2.85
18.05,-154.05,2.0612244551020407,2.86
18.1,-160.95,2.1904081265306123,2.9399998
18.1,-160.9,2.1995918081632655,3.07
18.1,-160.85,2.194897932653061,3.07
18.1,-160.8,2.187550993877551,3.06
18.1,-160.75,2.181836706122449,3.05
18.1,-160.7,2.174081606122449,3.04
18.1,-160.65,2.1691836469387753,3.03
18.1,-160.6,2.165306095918367,3.02
18.1,-160.55,2.162244875510204,3.03
18.1,-160.5,2.1612244591836736,3.04
18.1,-160.45,2.1614285387755103,3.06
18.1,-160.4,2.1628571081632653,3.07
18.1,-160.35,2.164897926530612,3.09
18.1,-160.3,2.1679591551020407,3.11
18.1,-160.25,2.170816302040816,3.11
18.1,-160.2,2.171632630612245,3.12
18.1,-160.15,2.170612224489796,3.11
18.1,-160.1,2.1675509897959184,3.1
18.1,-160.05,2.164897930612245,3.08
18.1,-160,2.159999975510204,3.07
18.1,-159.95,2.1553060959183674,3.06
18.1,-159.9,2.1508163040816326,3.04
18.1,-159.85,2.1475509979591836,3.03
18.1,-159.8,2.1453060979591836,3.03
18.1,-159.75,2.144489769387755,3.03
18.1,-159.7,2.1434693591836735,3.03
18.1,-159.65,2.142040785714286,3.03
18.1,-159.6,2.1410203775510204,3.03
18.1,-159.55,2.1399999714285713,3.03
18.1,-159.5,2.1365305857142856,3.03
18.1,-159.45,2.1322448714285716,3.02
18.1,-159.4,2.1283673224489794,3.01
18.1,-159.35,2.122244875510204,2.99
18.1,-159.3,2.116938744897959,2.96
18.1,-159.25,2.110816293877551,2.9299998
18.1,-159.2,2.1038775163265306,2.9099998
18.1,-159.15,2.096326504081633,2.8799999
18.1,-159.1,2.0906122224489794,2.86
18.1,-159.05,2.086530593877551,2.85
18.1,-159,2.0830612040816328,2.85
18.1,-158.95,2.0808163040816328,2.84
18.1,-158.9,2.0791836428571426,2.84
18.1,-158.85,2.0767346653061223,2.83
18.1,-158.8,2.0742856897959183,2.82
18.1,-158.75,2.0722448714285715,2.81
18.1,-158.7,2.0706122224489794,2.8
18.1,-158.65,2.0677550795918367,2.79
18.1,-158.6,2.0669387571428572,2.77
18.1,-158.55,2.064081614285714,2.76
18.1,-158.5,2.062653032653061,2.74
18.1,-158.45,2.060408130612245,2.74
18.1,-158.4,2.0577550693877553,2.74
18.1,-158.35,2.0546938510204082,2.73
18.1,-158.3,2.0524489551020406,2.73
18.1,-158.25,2.0485714,2.72
18.1,-158.2,2.0463264979591838,2.72
18.1,-158.15,2.044285675510204,2.72
18.1,-158.1,2.043469344897959,2.71
18.1,-158.05,2.044489755102041,2.71
18.1,-158,2.0463264918367345,2.71
18.1,-157.95,2.048979555102041,2.71
18.1,-157.9,2.0524489428571426,2.71
18.1,-157.85,2.0557142489795917,2.71
18.1,-157.8,2.0591836387755102,2.71
18.1,-157.75,2.058367312244898,2.7
18.1,-157.7,2.058163236734694,2.7
18.1,-157.65,2.055714255102041,2.69
18.1,-157.6,2.052653026530612,2.6799998
18.1,-157.55,2.0481632285714286,2.6699998
18.1,-157.5,2.0432652653061223,2.6599998
18.1,-157.45,2.038163226530612,2.6499999
18.1,-157.4,2.036122412244898,2.6399999
18.1,-157.35,2.0359183204081632,2.6299999
18.1,-157.3,2.0399999571428573,2.6299999
18.1,-157.25,2.042857106122449,2.62
18.1,-157.2,2.0469387448979592,2.62
18.1,-157.15,2.0508162959183673,2.6299999
18.1,-157.1,2.052040787755102,2.6399999
18.1,-157.05,2.0518367020408164,2.6499999
18.1,-157,2.048979551020408,2.6499999
18.1,-156.95,2.0440815918367345,2.6499999
18.1,-156.9,2.0402040489795916,2.6499999
18.1,-156.85,2.0365305836734695,2.6499999
18.1,-156.8,2.0340816040816327,2.6599998
18.1,-156.75,2.0328571163265305,2.6699998
18.1,-156.7,2.032653042857143,2.69
18.1,-156.65,2.031020387755102,2.71
18.1,-156.6,2.0281632408163266,2.72
18.1,-156.55,2.0228571163265308,2.72
18.1,-156.5,2.0159183285714284,2.72
18.1,-156.45,2.0095917918367348,2.72
18.1,-156.4,2.0038775081632654,2.72
18.1,-156.35,2.0012244510204082,2.71
18.1,-156.3,1.997346906122449,2.71
18.1,-156.25,1.9940815897959183,2.7
18.1,-156.2,1.992040769387755,2.71
18.1,-156.15,1.990612206122449,2.71
18.1,-156.1,1.9908163,2.72
18.1,-156.05,1.9912244653061224,2.72
18.1,-156,1.9920407897959185,2.74
18.1,-155.95,1.9916326285714285,2.75
18.1,-155.9,1.991020387755102,2.76
18.1,-155.85,1.9902040673469388,2.76
18.1,-155.8,1.9885714081632653,2.76
18.1,-155.75,1.9873469204081633,2.76
18.1,-155.7,1.9851020102040815,2.75
18.1,-155.65,1.9851020163265305,2.74
18.1,-155.6,1.9836734387755102,2.73
18.1,-155.55,1.9844897612244898,2.72
18.1,-155.5,1.9859183224489796,2.71
18.1,-155.45,1.9885713877551021,2.7
18.1,-155.4,1.9912244428571428,2.69
18.1,-155.35,1.9928570897959184,2.6699998
18.1,-155.3,1.997346881632653,2.6499999
18.1,-155.25,2.0008162979591835,2.6299999
18.1,-155.2,2.0040816163265305,2.62
18.1,-155.15,2.0093877387755104,2.6
18.1,-155.1,2.014285693877551,2.59
18.1,-155.05,2.0210203897959182,2.58
18.1,-155,2.0297959020408163,2.6
18.1,-154.95,2.039387726530612,2.62
18.1,-154.9,2.0491836469387756,2.6399999
18.1,-154.85,2.05816323877551,2.6599998
18.1,-154.8,2.0636734469387754,2.69
18.1,-154.75,2.06795916122449,2.71
18.1,-154.7,2.0714285489795916,2.72
18.1,-154.65,2.073265287755102,2.73
18.1,-154.6,2.075714267346939,2.75
18.1,-154.55,2.0767346755102043,2.78
18.1,-154.5,2.0765305979591835,2.8
18.1,-154.45,2.076326508163265,2.81
18.1,-154.4,2.076326512244898,2.82
18.1,-154.35,2.0753061,2.84
18.1,-154.3,2.074897930612245,2.84
18.1,-154.25,2.074693848979592,2.85
18.1,-154.2,2.0736734326530613,2.85
18.1,-154.15,2.0724489469387755,2.85
18.1,-154.1,2.067346916326531,2.86
18.1,-154.05,2.0577550714285713,2.86
18.15,-160.95,2.1904081265306123,2.9399998
18.15,-160.9,2.2014285306122447,3.08
18.15,-160.85,2.1981632285714285,3.09
18.15,-160.8,2.192040783673469,3.09
18.15,-160.75,2.1851020224489797,3.08
18.15,-160.7,2.178979569387755,3.06
18.15,-160.65,2.173469369387755,3.05
18.15,-160.6,2.167755083673469,3.04
18.15,-160.55,2.1628571163265304,3.04
18.15,-160.5,2.161836706122449,3.05
18.15,-160.45,2.161428544897959,3.06
18.15,-160.4,2.163061187755102,3.08
18.15,-160.35,2.1651020081632653,3.1
18.15,-160.3,2.167755081632653,3.11
18.15,-160.25,2.1699999795918368,3.12
18.15,-160.2,2.1704081346938775,3.1299999
18.15,-160.15,2.1689795673469385,3.12
18.15,-160.1,2.167142830612245,3.11
18.15,-160.05,2.1634693591836736,3.09
18.15,-160,2.1591836469387755,3.08
18.15,-159.95,2.155714255102041,3.06
18.15,-159.9,2.151020381632653,3.05
18.15,-159.85,2.1491836489795917,3.04
18.15,-159.8,2.146734663265306,3.03
18.15,-159.75,2.146530581632653,3.03
18.15,-159.7,2.1446938448979593,3.03
18.15,-159.65,2.144693851020408,3.03
18.15,-159.6,2.1420407918367346,3.03
18.15,-159.55,2.141224463265306,3.03
18.15,-159.5,2.1385714020408164,3.03
18.15,-159.45,2.1351020102040814,3.03
18.15,-159.4,2.1304081387755103,3.02
18.15,-159.35,2.125102018367347,3
18.15,-159.3,2.117959151020408,2.98
18.15,-159.25,2.1110203673469385,2.95
18.15,-159.2,2.102040781632653,2.9199998
18.15,-159.15,2.0946938469387755,2.8999999
18.15,-159.1,2.0908163,2.8799999
18.15,-159.05,2.0857142653061223,2.86
18.15,-159,2.0826530408163264,2.85
18.15,-158.95,2.0797958959183673,2.84
18.15,-158.9,2.076938748979592,2.84
18.15,-158.85,2.0738775224489796,2.83
18.15,-158.8,2.0716326265306124,2.83
18.15,-158.75,2.0691836367346936,2.82
18.15,-158.7,2.0671428224489796,2.81
18.15,-158.65,2.0657142551020407,2.79
18.15,-158.6,2.062448951020408,2.78
18.15,-158.55,2.0597958979591837,2.76
18.15,-158.5,2.0569387510204082,2.75
18.15,-158.45,2.0548979326530614,2.74
18.15,-158.4,2.0524489469387754,2.73
18.15,-158.35,2.050408130612245,2.73
18.15,-158.3,2.0479591551020406,2.73
18.15,-158.25,2.0451020142857144,2.73
18.15,-158.2,2.0426530346938776,2.72
18.15,-158.15,2.0395917979591838,2.72
18.15,-158.1,2.0383673,2.71
18.15,-158.05,2.03795913877551,2.71
18.15,-158,2.0379591469387757,2.71
18.15,-157.95,2.0395918,2.7
18.15,-157.9,2.041020373469388,2.7
18.15,-157.85,2.0446938408163264,2.7
18.15,-157.8,2.048367306122449,2.71
18.15,-157.75,2.050612206122449,2.7
18.15,-157.7,2.0514285346938776,2.69
18.15,-157.65,2.050204042857143,2.6799998
18.15,-157.6,2.0483673040816326,2.6699998
18.15,-157.55,2.044897918367347,2.6599998
18.15,-157.5,2.039999963265306,2.6499999
18.15,-157.45,2.0357142469387757,2.6399999
18.15,-157.4,2.032653018367347,2.6399999
18.15,-157.35,2.0316326142857144,2.6299999
18.15,-157.3,2.034897926530612,2.62
18.15,-157.25,2.03816323877551,2.62
18.15,-157.2,2.0426530387755104,2.62
18.15,-157.15,2.0473469142857144,2.6299999
18.15,-157.1,2.0491836448979592,2.6399999
18.15,-157.05,2.0479591510204083,2.6499999
18.15,-157,2.0446938408163264,2.6499999
18.15,-156.95,2.03877546122449,2.6599998
18.15,-156.9,2.0338775102040816,2.6599998
18.15,-156.85,2.0297958836734695,2.6699998
18.15,-156.8,2.0265305836734693,2.6799998
18.15,-156.75,2.026530581632653,2.69
18.15,-156.7,2.026530581632653,2.71
18.15,-156.65,2.025510185714286,2.71
18.15,-156.6,2.023469357142857,2.72
18.15,-156.55,2.018163230612245,2.73
18.15,-156.5,2.0102040387755102,2.73
18.15,-156.45,2.0028571,2.72
18.15,-156.4,1.9975509836734693,2.72
18.15,-156.35,1.9924489387755102,2.71
18.15,-156.3,1.9895918081632653,2.71
18.15,-156.25,1.9877550673469389,2.71
18.15,-156.2,1.9863264918367347,2.71
18.15,-156.15,1.9873468979591837,2.72
18.15,-156.1,1.9865305795918367,2.72
18.15,-156.05,1.9869387448979592,2.73
18.15,-156,1.9871428265306121,2.74
18.15,-155.95,1.9869387530612246,2.74
18.15,-155.9,1.9853061040816327,2.75
18.15,-155.85,1.9838775326530613,2.75
18.15,-155.8,1.9818367163265307,2.75
18.15,-155.75,1.9814285367346938,2.75
18.15,-155.7,1.9793877285714285,2.74
18.15,-155.65,1.9787754836734694,2.74
18.15,-155.6,1.9777550673469388,2.73
18.15,-155.55,1.9781632285714286,2.72
18.15,-155.5,1.9795918,2.71
18.15,-155.45,1.982244863265306,2.69
18.15,-155.4,1.9853060897959183,2.6799998
18.15,-155.35,1.987142806122449,2.6599998
18.15,-155.3,1.9895917959183673,2.6399999
18.15,-155.25,1.9920407714285715,2.62
18.15,-155.2,1.9961224163265305,2.61
18.15,-155.15,1.9999999714285714,2.59
18.15,-155.1,2.0055101877551023,2.59
18.15,-155.05,2.013061206122449,2.61
18.15,-155,2.020816312244898,2.6299999
18.15,-154.95,2.031428555102041,2.6499999
18.15,-154.9,2.041632626530612,2.6699998
18.15,-154.85,2.04918363877551,2.6799998
18.15,-154.8,2.055510175510204,2.7
18.15,-154.75,2.060612220408163,2.71
18.15,-154.7,2.0634693673469386,2.73
18.15,-154.65,2.0665305979591837,2.74
18.15,-154.6,2.0691836612244896,2.74
18.15,-154.55,2.070408155102041,2.77
18.15,-154.5,2.071020393877551,2.79
18.15,-154.45,2.0697959040816327,2.8
18.15,-154.4,2.07020406122449,2.82
18.15,-154.35,2.0697958897959183,2.83
18.15,-154.3,2.069387724489796,2.83
18.15,-154.25,2.0685713979591838,2.84
18.15,-154.2,2.068163230612245,2.84
18.15,-154.15,2.0667346591836733,2.85
18.15,-154.1,2.06346936122449,2.86
18.15,-154.05,2.05591833877551,2.86
18.2,-160.95,2.1895918020408165,2.9299998
18.2,-160.9,2.203469351020408,3.08
18.2,-160.85,2.2006122081632653,3.1
18.2,-160.8,2.1953060897959182,3.09
18.2,-160.75,2.1887754836734694,3.08
18.2,-160.7,2.182448957142857,3.07
18.2,-160.65,2.176530591836735,3.06
18.2,-160.6,2.170816306122449,3.05
18.2,-160.55,2.166326510204082,3.04
18.2,-160.5,2.165102018367347,3.05
18.2,-160.45,2.1640816040816326,3.06
18.2,-160.4,2.1651020102040817,3.07
18.2,-160.35,2.1669387448979593,3.09
18.2,-160.3,2.1691836571428573,3.11
18.2,-160.25,2.170408144897959,3.12
18.2,-160.2,2.1697958979591836,3.12
18.2,-160.15,2.1697958938775512,3.12
18.2,-160.1,2.167959157142857,3.11
18.2,-160.05,2.164897930612245,3.1
18.2,-160,2.1602040530612245,3.08
18.2,-159.95,2.1569387510204083,3.06
18.2,-159.9,2.153469355102041,3.05
18.2,-159.85,2.1499999612244896,3.04
18.2,-159.8,2.1485713918367346,3.03
18.2,-159.75,2.147142818367347,3.03
18.2,-159.7,2.14693873877551,3.03
18.2,-159.65,2.145306091836735,3.03
18.2,-159.6,2.145306091836735,3.03
18.2,-159.55,2.1448979326530613,3.03
18.2,-159.5,2.141632630612245,3.03
18.2,-159.45,2.137959163265306,3.03
18.2,-159.4,2.133061202040816,3.02
18.2,-159.35,2.127550991836735,3.01
18.2,-159.3,2.1204081346938777,2.99
18.2,-159.25,2.111632618367347,2.96
18.2,-159.2,2.1026530224489797,2.9299998
18.2,-159.15,2.0957142489795917,2.9099998
18.2,-159.1,2.0902040551020407,2.8899999
18.2,-159.05,2.0859183469387754,2.8799999
18.2,-159,2.0820407979591837,2.86
18.2,-158.95,2.079591818367347,2.85
18.2,-158.9,2.0773469204081634,2.84
18.2,-158.85,2.0746938510204083,2.84
18.2,-158.8,2.072040781632653,2.83
18.2,-158.75,2.069183642857143,2.82
18.2,-158.7,2.0665305836734693,2.81
18.2,-158.65,2.0640816040816325,2.79
18.2,-158.6,2.0616326224489794,2.78
18.2,-158.55,2.057346910204082,2.76
18.2,-158.5,2.054897936734694,2.74
18.2,-158.45,2.0526530408163266,2.73
18.2,-158.4,2.049999975510204,2.72
18.2,-158.35,2.04816323877551,2.72
18.2,-158.3,2.0479591591836734,2.72
18.2,-158.25,2.045306093877551,2.72
18.2,-158.2,2.0424489530612244,2.72
18.2,-158.15,2.0397958897959185,2.72
18.2,-158.1,2.037142818367347,2.71
18.2,-158.05,2.035102,2.7
18.2,-158,2.0334693530612244,2.7
18.2,-157.95,2.0348979224489794,2.7
18.2,-157.9,2.03673466122449,2.69
18.2,-157.85,2.040612212244898,2.7
18.2,-157.8,2.0424489469387757,2.7
18.2,-157.75,2.0461224081632654,2.7
18.2,-157.7,2.0475509775510203,2.69
18.2,-157.65,2.0477550530612243,2.6699998
18.2,-157.6,2.0459183265306122,2.6699998
18.2,-157.55,2.0434693469387755,2.6599998
18.2,-157.5,2.0406122102040816,2.6499999
18.2,-157.45,2.036122408163265,2.6399999
18.2,-157.4,2.033673430612245,2.6299999
18.2,-157.35,2.032857114285714,2.6299999
18.2,-157.3,2.033877520408163,2.6299999
18.2,-157.25,2.0365305795918367,2.62
18.2,-157.2,2.0414285346938774,2.62
18.2,-157.15,2.0451020224489795,2.6299999
18.2,-157.1,2.0463265040816325,2.6399999
18.2,-157.05,2.046326502040816,2.6499999
18.2,-157,2.042040767346939,2.6599998
18.2,-156.95,2.0375509673469385,2.6599998
18.2,-156.9,2.0304081163265306,2.6699998
18.2,-156.85,2.0240815979591837,2.6699998
18.2,-156.8,2.0216326244897957,2.6799998
18.2,-156.75,2.0206122265306123,2.7
18.2,-156.7,2.0202040612244896,2.71
18.2,-156.65,2.0202040612244896,2.72
18.2,-156.6,2.017755075510204,2.72
18.2,-156.55,2.0132652693877553,2.72
18.2,-156.5,2.007550987755102,2.72
18.2,-156.45,1.9991836367346938,2.71
18.2,-156.4,1.9926530265306122,2.71
18.2,-156.35,1.9887754734693877,2.7
18.2,-156.3,1.9863264979591837,2.7
18.2,-156.25,1.9840816040816327,2.69
18.2,-156.2,1.9834693428571428,2.7
18.2,-156.15,1.982040769387755,2.71
18.2,-156.1,1.982653018367347,2.72
18.2,-156.05,1.9824489387755102,2.72
18.2,-156,1.9820407836734695,2.73
18.2,-155.95,1.9812244632653062,2.74
18.2,-155.9,1.979999969387755,2.74
18.2,-155.85,1.9783673204081633,2.74
18.2,-155.8,1.976734657142857,2.73
18.2,-155.75,1.975306081632653,2.73
18.2,-155.7,1.9730611959183673,2.72
18.2,-155.65,1.9716326265306123,2.71
18.2,-155.6,1.9716326163265305,2.71
18.2,-155.55,1.9724489489795918,2.7
18.2,-155.5,1.9734693591836734,2.69
18.2,-155.45,1.9757142489795918,2.6799998
18.2,-155.4,1.9775509836734693,2.6599998
18.2,-155.35,1.9789795530612244,2.6399999
18.2,-155.3,1.9814285285714286,2.6299999
18.2,-155.25,1.983877512244898,2.61
18.2,-155.2,1.9875509836734693,2.59
18.2,-155.15,1.9914285387755102,2.58
18.2,-155.1,1.9961224285714285,2.61
18.2,-155.05,2.002040791836735,2.6399999
18.2,-155,2.011428557142857,2.6599998
18.2,-154.95,2.0226530428571428,2.6799998
18.2,-154.9,2.032040793877551,2.69
18.2,-154.85,2.0402040591836736,2.7
18.2,-154.8,2.045510169387755,2.71
18.2,-154.75,2.0510203897959185,2.71
18.2,-154.7,2.0557142591836732,2.72
18.2,-154.65,2.058775487755102,2.73
18.2,-154.6,2.0610203918367347,2.73
18.2,-154.55,2.0628571306122447,2.76
18.2,-154.5,2.063469369387755,2.78
18.2,-154.45,2.0634693714285715,2.79
18.2,-154.4,2.0634693714285715,2.81
18.2,-154.35,2.064285687755102,2.82
18.2,-154.3,2.063673442857143,2.83
18.2,-154.25,2.06346936122449,2.83
18.2,-154.2,2.063265273469388,2.84
18.2,-154.15,2.0624489489795916,2.84
18.2,-154.1,2.058979573469388,2.85
18.2,-154.05,2.0530612,2.85
18.25,-160.95,2.188979563265306,2.9299998
18.25,-160.9,2.2038775020408163,3.08
18.25,-160.85,2.201632612244898,3.09
18.25,-160.8,2.1979591469387754,3.09
18.25,-160.75,2.1924489530612243,3.08
18.25,-160.7,2.1861224224489795,3.07
18.25,-160.65,2.180204057142857,3.06
18.25,-160.6,2.1734693653061226,3.05
18.25,-160.55,2.169387730612245,3.05
18.25,-160.5,2.1671428326530613,3.05
18.25,-160.45,2.1661224285714287,3.06
18.25,-160.4,2.1671428285714285,3.07
18.25,-160.35,2.168163236734694,3.09
18.25,-160.3,2.170204057142857,3.1
18.25,-160.25,2.171224469387755,3.11
18.25,-160.2,2.171020387755102,3.12
18.25,-160.15,2.170816306122449,3.12
18.25,-160.1,2.1683673265306123,3.11
18.25,-160.05,2.1669387489795917,3.1
18.25,-160,2.1626530367346937,3.08
18.25,-159.95,2.157959167346939,3.06
18.25,-159.9,2.155102024489796,3.04
18.25,-159.85,2.1520407979591836,3.03
18.25,-159.8,2.149795891836735,3.02
18.25,-159.75,2.147959148979592,3.02
18.25,-159.7,2.1475509857142856,3.02
18.25,-159.65,2.146734663265306,3.02
18.25,-159.6,2.147142830612245,3.03
18.25,-159.55,2.145510175510204,3.03
18.25,-159.5,2.1438775265306123,3.03
18.25,-159.45,2.1402040591836733,3.03
18.25,-159.4,2.1361224224489797,3.02
18.25,-159.35,2.129183642857143,3.01
18.25,-159.3,2.121632624489796,2.99
18.25,-159.25,2.112653024489796,2.97
18.25,-159.2,2.1046938408163265,2.9399998
18.25,-159.15,2.0983673102040816,2.9199998
18.25,-159.1,2.0910203775510205,2.8999999
18.25,-159.05,2.087142836734694,2.8899999
18.25,-159,2.0836734530612246,2.8799999
18.25,-158.95,2.0810203918367347,2.87
18.25,-158.9,2.077142836734694,2.85
18.25,-158.85,2.075714263265306,2.84
18.25,-158.8,2.0732652734693877,2.84
18.25,-158.75,2.070408124489796,2.82
18.25,-158.7,2.067142820408163,2.81
18.25,-158.65,2.0626530285714284,2.79
18.25,-158.6,2.059387724489796,2.77
18.25,-158.55,2.0544897653061223,2.76
18.25,-158.5,2.0518367102040815,2.74
18.25,-158.45,2.05020406122449,2.73
18.25,-158.4,2.0491836530612244,2.72
18.25,-158.35,2.048367326530612,2.72
18.25,-158.3,2.046938751020408,2.72
18.25,-158.25,2.0459183408163266,2.72
18.25,-158.2,2.042857112244898,2.72
18.25,-158.15,2.041020373469388,2.71
18.25,-158.1,2.0377550653061225,2.71
18.25,-158.05,2.034285673469388,2.7
18.25,-158,2.032040775510204,2.69
18.25,-157.95,2.0312244489795916,2.69
18.25,-157.9,2.033265275510204,2.69
18.25,-157.85,2.0355101693877553,2.69
18.25,-157.8,2.038367304081633,2.69
18.25,-157.75,2.039795875510204,2.69
18.25,-157.7,2.0422448571428573,2.6799998
18.25,-157.65,2.0442856734693877,2.6699998
18.25,-157.6,2.0432652632653063,2.6599998
18.25,-157.55,2.0414285387755102,2.6499999
18.25,-157.5,2.0387754714285715,2.6399999
18.25,-157.45,2.0359183387755104,2.6399999
18.25,-157.4,2.0328571102040818,2.6299999
18.25,-157.35,2.0312244571428573,2.6299999
18.25,-157.3,2.032448944897959,2.6299999
18.25,-157.25,2.0351020081632654,2.6299999
18.25,-157.2,2.0383673142857144,2.62
18.25,-157.15,2.042040781632653,2.6299999
18.25,-157.1,2.0434693510204083,2.6299999
18.25,-157.05,2.0422448612244897,2.6399999
18.25,-157,2.038775457142857,2.6499999
18.25,-156.95,2.0332652530612245,2.6599998
18.25,-156.9,2.0265305612244897,2.6599998
18.25,-156.85,2.0199999653061225,2.6699998
18.25,-156.8,2.014693844897959,2.6799998
18.25,-156.75,2.012857126530612,2.69
18.25,-156.7,2.013877532653061,2.71
18.25,-156.65,2.0136734408163264,2.72
18.25,-156.6,2.010612218367347,2.72
18.25,-156.55,2.006938742857143,2.72
18.25,-156.5,2.0020407836734693,2.72
18.25,-156.45,1.9951020102040815,2.71
18.25,-156.4,1.989387718367347,2.71
18.25,-156.35,1.9834693591836734,2.7
18.25,-156.3,1.982653030612245,2.7
18.25,-156.25,1.9808162897959183,2.69
18.25,-156.2,1.9799999489795919,2.69
18.25,-156.15,1.9789795510204082,2.7
18.25,-156.1,1.9787754734693876,2.71
18.25,-156.05,1.9781632285714286,2.72
18.25,-156,1.9765305795918366,2.72
18.25,-155.95,1.9759183326530612,2.73
18.25,-155.9,1.973877524489796,2.73
18.25,-155.85,1.9710203775510204,2.73
18.25,-155.8,1.9691836408163266,2.73
18.25,-155.75,1.968367312244898,2.72
18.25,-155.7,1.9669387428571428,2.71
18.25,-155.65,1.9655101653061224,2.7
18.25,-155.6,1.964897912244898,2.71
18.25,-155.55,1.965102006122449,2.7
18.25,-155.5,1.9659183326530612,2.69
18.25,-155.45,1.9671428285714285,2.6799998
18.25,-155.4,1.969387718367347,2.6599998
18.25,-155.35,1.9702040489795918,2.6399999
18.25,-155.3,1.9718367020408163,2.62
18.25,-155.25,1.9742856734693877,2.6
18.25,-155.2,1.9779591448979592,2.58
18.25,-155.15,1.9812244591836734,2.6
18.25,-155.1,1.9857142551020408,2.6399999
18.25,-155.05,1.9924489510204082,2.6599998
18.25,-155,2.000612220408163,2.6799998
18.25,-154.95,2.0099999836734694,2.69
18.25,-154.9,2.0210203836734695,2.71
18.25,-154.85,2.0293877346938776,2.71
18.25,-154.8,2.0371428204081634,2.71
18.25,-154.75,2.0430612,2.71
18.25,-154.7,2.047550993877551,2.71
18.25,-154.65,2.0510203857142857,2.71
18.25,-154.6,2.054081606122449,2.72
18.25,-154.55,2.056530581632653,2.75
18.25,-154.5,2.057346910204082,2.77
18.25,-154.45,2.0579591612244896,2.79
18.25,-154.4,2.0585714040816327,2.8
18.25,-154.35,2.0583673224489796,2.81
18.25,-154.3,2.058367320408163,2.82
18.25,-154.25,2.058163236734694,2.82
18.25,-154.2,2.0575509897959186,2.83
18.25,-154.15,2.0579591571428573,2.83
18.25,-154.1,2.0559183469387756,2.85
18.25,-154.05,2.0457142591836734,2.84
18.3,-160.95,2.1895918020408165,2.9299998
18.3,-160.9,2.2040815897959183,3.09
18.3,-160.85,2.203877508163265,3.09
18.3,-160.8,2.200612206122449,3.08
18.3,-160.75,2.195714251020408,3.07
18.3,-160.7,2.1904081306122447,3.07
18.3,-160.65,2.1838775163265307,3.06
18.3,-160.6,2.177550993877551,3.05
18.3,-160.55,2.172448951020408,3.05
18.3,-160.5,2.169591812244898,3.05
18.3,-160.45,2.1691836469387753,3.05
18.3,-160.4,2.1687754795918366,3.07
18.3,-160.35,2.1691836469387753,3.08
18.3,-160.3,2.171632624489796,3.1
18.3,-160.25,2.172653036734694,3.11
18.3,-160.2,2.1720407897959184,3.12
18.3,-160.15,2.171224469387755,3.12
18.3,-160.1,2.1702040591836735,3.1299999
18.3,-160.05,2.1675509938775512,3.12
18.3,-160,2.1640816102040814,3.09
18.3,-159.95,2.1597958959183674,3.06
18.3,-159.9,2.1548979428571426,3.04
18.3,-159.85,2.1514285530612245,3.02
18.3,-159.8,2.149387736734694,3.01
18.3,-159.75,2.1477550775510204,3.01
18.3,-159.7,2.147346918367347,3.01
18.3,-159.65,2.148163244897959,3.02
18.3,-159.6,2.1479591591836735,3.02
18.3,-159.55,2.1479591551020407,3.02
18.3,-159.5,2.146530585714286,3.03
18.3,-159.45,2.142244875510204,3.02
18.3,-159.4,2.1389795653061223,3.02
18.3,-159.35,2.131428542857143,3.01
18.3,-159.3,2.1224489530612245,2.99
18.3,-159.25,2.1146938408163267,2.97
18.3,-159.2,2.106122418367347,2.95
18.3,-159.15,2.0991836428571427,2.9199998
18.3,-159.1,2.0936734367346936,2.9099998
18.3,-159.05,2.0891836448979593,2.8999999
18.3,-159,2.0857142632653063,2.8899999
18.3,-158.95,2.082244875510204,2.8799999
18.3,-158.9,2.0787754897959183,2.86
18.3,-158.85,2.0773469163265306,2.85
18.3,-158.8,2.073061193877551,2.84
18.3,-158.75,2.0695918020408164,2.83
18.3,-158.7,2.0657142469387755,2.81
18.3,-158.65,2.0608162918367348,2.79
18.3,-158.6,2.0563265040816328,2.77
18.3,-158.55,2.0522448653061223,2.75
18.3,-158.5,2.0491836489795916,2.73
18.3,-158.45,2.047755073469388,2.72
18.3,-158.4,2.048163244897959,2.72
18.3,-158.35,2.047142836734694,2.71
18.3,-158.3,2.0463265081632653,2.71
18.3,-158.25,2.0461224224489793,2.72
18.3,-158.2,2.0444897653061225,2.71
18.3,-158.15,2.0420407836734693,2.71
18.3,-158.1,2.038775475510204,2.7
18.3,-158.05,2.036326495918367,2.7
18.3,-158,2.0328571040816326,2.69
18.3,-157.95,2.030204036734694,2.6799998
18.3,-157.9,2.0308162897959185,2.6799998
18.3,-157.85,2.031428530612245,2.6799998
18.3,-157.8,2.032653026530612,2.69
18.3,-157.75,2.0348979204081634,2.6799998
18.3,-157.7,2.037755067346939,2.6799998
18.3,-157.65,2.0391836408163266,2.6599998
18.3,-157.6,2.0393877224489794,2.6499999
18.3,-157.55,2.0379591408163265,2.6399999
18.3,-157.5,2.0365305795918367,2.6399999
18.3,-157.45,2.0348979346938774,2.6399999
18.3,-157.4,2.031836706122449,2.6299999
18.3,-157.35,2.030612218367347,2.6299999
18.3,-157.3,2.0297958836734695,2.6299999
18.3,-157.25,2.0338775102040816,2.6299999
18.3,-157.2,2.03591833877551,2.6299999
18.3,-157.15,2.038367316326531,2.6299999
18.3,-157.1,2.0402040469387757,2.6499999
18.3,-157.05,2.038979548979592,2.6599998
18.3,-157,2.036122393877551,2.6599998
18.3,-156.95,2.030204030612245,2.6499999
18.3,-156.9,2.023673430612245,2.6499999
18.3,-156.85,2.016326493877551,2.6599998
18.3,-156.8,2.012448944897959,2.6699998
18.3,-156.75,2.0085714081632653,2.69
18.3,-156.7,2.0073469163265307,2.7
18.3,-156.65,2.0063265040816325,2.71
18.3,-156.6,2.0053060897959183,2.72
18.3,-156.55,2.001428542857143,2.72
18.3,-156.5,1.9965305795918367,2.72
18.3,-156.45,1.9908162959183673,2.71
18.3,-156.4,1.986734663265306,2.71
18.3,-156.35,1.9824489387755102,2.71
18.3,-156.3,1.9797958775510205,2.7
18.3,-156.25,1.9789795469387754,2.7
18.3,-156.2,1.9773469,2.69
18.3,-156.15,1.9755101591836735,2.69
18.3,-156.1,1.9757142448979592,2.7
18.3,-156.05,1.973265269387755,2.71
18.3,-156,1.9722448673469388,2.71
18.3,-155.95,1.9706122163265305,2.72
18.3,-155.9,1.9679591591836734,2.72
18.3,-155.85,1.965306093877551,2.72
18.3,-155.8,1.9628571142857143,2.72
18.3,-155.75,1.9610203795918368,2.71
18.3,-155.7,1.9589795571428572,2.71
18.3,-155.65,1.9573469081632653,2.7
18.3,-155.6,1.9567346489795918,2.7
18.3,-155.55,1.9561224081632653,2.7
18.3,-155.5,1.9553060918367346,2.69
18.3,-155.45,1.9561224224489795,2.6699998
18.3,-155.4,1.9577550714285714,2.6499999
18.3,-155.35,1.9589795612244898,2.6399999
18.3,-155.3,1.9606122204081633,2.62
18.3,-155.25,1.9624489469387756,2.6
18.3,-155.2,1.9659183285714286,2.59
18.3,-155.15,1.9693877265306123,2.6
18.3,-155.1,1.974489769387755,2.6399999
18.3,-155.05,1.9806122142857143,2.6699998
18.3,-155,1.9889795673469388,2.69
18.3,-154.95,1.9981632469387756,2.7
18.3,-154.9,2.009591812244898,2.71
18.3,-154.85,2.0189795632653063,2.72
18.3,-154.8,2.0269387408163264,2.72
18.3,-154.75,2.033673442857143,2.72
18.3,-154.7,2.039183636734694,2.72
18.3,-154.65,2.043673436734694,2.71
18.3,-154.6,2.046938751020408,2.72
18.3,-154.55,2.0489795612244897,2.74
18.3,-154.5,2.050612218367347,2.76
18.3,-154.45,2.052244873469388,2.78
18.3,-154.4,2.0528571224489798,2.79
18.3,-154.35,2.053673448979592,2.8
18.3,-154.3,2.0538775224489796,2.81
18.3,-154.25,2.0542856918367347,2.82
18.3,-154.2,2.0548979285714286,2.82
18.3,-154.15,2.054285687755102,2.83
18.3,-154.1,2.0499999795918367,2.84
18.3,-154.05,2.0422448653061225,2.84
18.35,-160.95,2.1902040428571428,2.9299998
18.35,-160.9,2.2044897510204082,3.1
18.35,-160.85,2.205102002040816,3.1
18.35,-160.8,2.202244863265306,3.08
18.35,-160.75,2.1991836306122448,3.07
18.35,-160.7,2.1932652714285714,3.06
18.35,-160.65,2.187550991836735,3.05
18.35,-160.6,2.1810203775510204,3.05
18.35,-160.55,2.1763265040816324,3.05
18.35,-160.5,2.172448948979592,3.05
18.35,-160.45,2.1706122142857143,3.05
18.35,-160.4,2.169999969387755,3.06
18.35,-160.35,2.1708163040816326,3.08
18.35,-160.3,2.172448951020408,3.09
18.35,-160.25,2.1736734346938773,3.11
18.35,-160.2,2.1740816,3.12
18.35,-160.15,2.1734693612244897,3.1399999
18.35,-160.1,2.17142853877551,3.1399999
18.35,-160.05,2.1681632387755103,3.1299999
18.35,-160,2.164285685714286,3.11
18.35,-159.95,2.159591812244898,3.09
18.35,-159.9,2.1559183448979593,3.07
18.35,-159.85,2.1520407897959184,3.05
18.35,-159.8,2.1497958897959184,3.04
18.35,-159.75,2.148367318367347,3.02
18.35,-159.7,2.147346918367347,3.01
18.35,-159.65,2.148775489795918,3.01
18.35,-159.6,2.1493877367346936,3.01
18.35,-159.55,2.148979567346939,3.02
18.35,-159.5,2.1477550734693875,3.03
18.35,-159.45,2.1451020163265304,3.02
18.35,-159.4,2.139999969387755,3.02
18.35,-159.35,2.1332652714285714,3.01
18.35,-159.3,2.123877524489796,2.99
18.35,-159.25,2.1157142612244897,2.97
18.35,-159.2,2.1069387408163265,2.95
18.35,-159.15,2.100204042857143,2.9299998
18.35,-159.1,2.095102010204082,2.9099998
18.35,-159.05,2.0918367102040816,2.8999999
18.35,-159,2.0877550795918367,2.8899999
18.35,-158.95,2.0846938530612245,2.8799999
18.35,-158.9,2.081224469387755,2.87
18.35,-158.85,2.0783673306122448,2.86
18.35,-158.8,2.07489793877551,2.85
18.35,-158.75,2.0712244612244897,2.83
18.35,-158.7,2.0663264918367346,2.81
18.35,-158.65,2.0608162918367348,2.79
18.35,-158.6,2.0551020081632654,2.77
18.35,-158.55,2.049999973469388,2.75
18.35,-158.5,2.0469387448979592,2.73
18.35,-158.45,2.045918336734694,2.72
18.35,-158.4,2.045510173469388,2.71
18.35,-158.35,2.045510181632653,2.71
18.35,-158.3,2.04571426122449,2.71
18.35,-158.25,2.0459183469387754,2.71
18.35,-158.2,2.0453061,2.71
18.35,-158.15,2.043673444897959,2.71
18.35,-158.1,2.0416326204081634,2.7
18.35,-158.05,2.0377550653061225,2.7
18.35,-158,2.0344897591836735,2.69
18.35,-157.95,2.0310203653061225,2.6799998
18.35,-157.9,2.029591793877551,2.6799998
18.35,-157.85,2.0291836346938776,2.6799998
18.35,-157.8,2.0295918,2.6799998
18.35,-157.75,2.0312244591836732,2.6799998
18.35,-157.7,2.03142853877551,2.6699998
18.35,-157.65,2.0342856918367347,2.6599998
18.35,-157.6,2.0348979285714286,2.6499999
18.35,-157.55,2.035510167346939,2.6399999
18.35,-157.5,2.034081606122449,2.6399999
18.35,-157.45,2.0322448755102043,2.6399999
18.35,-157.4,2.0312244612244896,2.6399999
18.35,-157.35,2.029183642857143,2.6399999
18.35,-157.3,2.028163230612245,2.6299999
18.35,-157.25,2.0295917979591835,2.6299999
18.35,-157.2,2.032857106122449,2.6299999
18.35,-157.15,2.035510163265306,2.6499999
18.35,-157.1,2.036122412244898,2.6699998
18.35,-157.05,2.0353060857142857,2.6799998
18.35,-157,2.0318366918367348,2.6799998
18.35,-156.95,2.0275509775510203,2.6699998
18.35,-156.9,2.0210203714285715,2.6599998
18.35,-156.85,2.013877520408163,2.6499999
18.35,-156.8,2.0071428265306124,2.6599998
18.35,-156.75,2.002448942857143,2.6799998
18.35,-156.7,2.0006122163265307,2.69
18.35,-156.65,1.9999999673469389,2.71
18.35,-156.6,1.998367312244898,2.71
18.35,-156.55,1.9959183285714286,2.71
18.35,-156.5,1.991632624489796,2.71
18.35,-156.45,1.9865305795918367,2.7
18.35,-156.4,1.9820407775510205,2.7
18.35,-156.35,1.9789795510204082,2.7
18.35,-156.3,1.9779591367346938,2.7
18.35,-156.25,1.9763264877551021,2.7
18.35,-156.2,1.9751019918367347,2.69
18.35,-156.15,1.9734693346938774,2.6799998
18.35,-156.1,1.9718366877551021,2.69
18.35,-156.05,1.9691836387755102,2.7
18.35,-156,1.9669387489795918,2.7
18.35,-155.95,1.9646938510204082,2.7
18.35,-155.9,1.9614285387755102,2.7
18.35,-155.85,1.9583673204081633,2.7
18.35,-155.8,1.954489769387755,2.7
18.35,-155.75,1.952040787755102,2.7
18.35,-155.7,1.9495918081632653,2.7
18.35,-155.65,1.9485713959183673,2.7
18.35,-155.6,1.9473469081632653,2.69
18.35,-155.55,1.9455101612244898,2.6799998
18.35,-155.5,1.9457142510204082,2.6799998
18.35,-155.45,1.9446938428571428,2.6599998
18.35,-155.4,1.9457142591836736,2.6499999
18.35,-155.35,1.9475509918367346,2.6299999
18.35,-155.3,1.9485714081632652,2.62
18.35,-155.25,1.9504081469387755,2.6
18.35,-155.2,1.9532652775510204,2.59
18.35,-155.15,1.9565305897959184,2.58
18.35,-155.1,1.9614285408163266,2.62
18.35,-155.05,1.9671428285714285,2.6499999
18.35,-155,1.9759183387755102,2.6799998
18.35,-154.95,1.9867346653061224,2.7
18.35,-154.9,1.997755069387755,2.71
18.35,-154.85,2.008163224489796,2.72
18.35,-154.8,2.0165305714285715,2.72
18.35,-154.75,2.024081606122449,2.72
18.35,-154.7,2.0302040530612246,2.71
18.35,-154.65,2.03448976122449,2.71
18.35,-154.6,2.0391836469387754,2.71
18.35,-154.55,2.042040781632653,2.73
18.35,-154.5,2.043673436734694,2.75
18.35,-154.45,2.0461224244897958,2.77
18.35,-154.4,2.0471428346938776,2.78
18.35,-154.35,2.0475510020408163,2.79
18.35,-154.3,2.0491836530612244,2.8
18.35,-154.25,2.050204057142857,2.81
18.35,-154.2,2.0510203836734693,2.82
18.35,-154.15,2.0516326306122448,2.82
18.35,-154.1,2.048571402040816,2.84
18.35,-154.05,2.038571395918367,2.83
18.4,-160.95,2.189795875510204,2.9299998
18.4,-160.9,2.203877508163265,3.1
18.4,-160.85,2.2067346530612246,3.11
18.4,-160.8,2.2053060857142857,3.1
18.4,-160.75,2.2020407795918366,3.08
18.4,-160.7,2.1969387408163263,3.06
18.4,-160.65,2.1897958857142856,3.04
18.4,-160.6,2.183265281632653,3.04
18.4,-160.55,2.1791836510204083,3.04
18.4,-160.5,2.1744897653061224,3.04
18.4,-160.45,2.1718366979591837,3.05
18.4,-160.4,2.1714285408163265,3.06
18.4,-160.35,2.1722448714285716,3.07
18.4,-160.3,2.1746938551020407,3.09
18.4,-160.25,2.176122418367347,3.11
18.4,-160.2,2.176734669387755,3.1299999
18.4,-160.15,2.176122418367347,3.1399999
18.4,-160.1,2.173265273469388,3.1399999
18.4,-160.05,2.169999967346939,3.1399999
18.4,-160,2.1665305795918366,3.12
18.4,-159.95,2.1616326265306123,3.11
18.4,-159.9,2.1569387530612243,3.09
18.4,-159.85,2.153061197959184,3.08
18.4,-159.8,2.1497958857142856,3.07
18.4,-159.75,2.1481632265306123,3.06
18.4,-159.7,2.1475509816326532,3.05
18.4,-159.65,2.147550987755102,3.04
18.4,-159.6,2.1487754959183674,3.03
18.4,-159.55,2.150204063265306,3.02
18.4,-159.5,2.149387730612245,3.03
18.4,-159.45,2.1461224204081635,3.02
18.4,-159.4,2.140816295918367,3.02
18.4,-159.35,2.1338775163265304,3.01
18.4,-159.3,2.125714248979592,2.99
18.4,-159.25,2.1163264979591836,2.97
18.4,-159.2,2.1081632285714287,2.95
18.4,-159.15,2.100816283673469,2.9299998
18.4,-159.1,2.0948979265306122,2.9099998
18.4,-159.05,2.0916326224489796,2.8899999
18.4,-159,2.0895918102040816,2.8899999
18.4,-158.95,2.086530587755102,2.8799999
18.4,-158.9,2.083877530612245,2.8799999
18.4,-158.85,2.0814285510204082,2.87
18.4,-158.8,2.0787754897959183,2.85
18.4,-158.75,2.073673442857143,2.84
18.4,-158.7,2.0677550653061223,2.82
18.4,-158.65,2.0608162897959184,2.79
18.4,-158.6,2.0551020040816326,2.77
18.4,-158.55,2.049387720408163,2.75
18.4,-158.5,2.0463265,2.73
18.4,-158.45,2.04346936122449,2.72
18.4,-158.4,2.043469357142857,2.71
18.4,-158.35,2.0440816102040817,2.71
18.4,-158.3,2.045102020408163,2.71
18.4,-158.25,2.0463265102040817,2.71
18.4,-158.2,2.0467346714285712,2.71
18.4,-158.15,2.0453060979591835,2.71
18.4,-158.1,2.0430611979591835,2.71
18.4,-158.05,2.040408120408163,2.7
18.4,-158,2.036530573469388,2.69
18.4,-157.95,2.0318366918367348,2.6799998
18.4,-157.9,2.0283673081632654,2.6699998
18.4,-157.85,2.0271428265306124,2.6699998
18.4,-157.8,2.026530581632653,2.6699998
18.4,-157.75,2.026734667346939,2.6699998
18.4,-157.7,2.0271428285714284,2.6599998
18.4,-157.65,2.0289795734693876,2.6499999
18.4,-157.6,2.030816302040816,2.6499999
18.4,-157.55,2.0316326183673468,2.6499999
18.4,-157.5,2.031428542857143,2.6499999
18.4,-157.45,2.0302040551020406,2.6399999
18.4,-157.4,2.029591808163265,2.6399999
18.4,-157.35,2.028367314285714,2.6399999
18.4,-157.3,2.026734655102041,2.6299999
18.4,-157.25,2.0257142530612247,2.6299999
18.4,-157.2,2.0279591510204082,2.6399999
18.4,-157.15,2.0304081224489794,2.6599998
18.4,-157.1,2.030408124489796,2.6799998
18.4,-157.05,2.029795887755102,2.69
18.4,-157,2.027346908163265,2.7
18.4,-156.95,2.0224489469387756,2.69
18.4,-156.9,2.0163265040816327,2.6799998
18.4,-156.85,2.010408130612245,2.6699998
18.4,-156.8,2.003877526530612,2.6499999
18.4,-156.75,1.9985713959183673,2.6599998
18.4,-156.7,1.9944897653061224,2.6799998
18.4,-156.65,1.994285681632653,2.69
18.4,-156.6,1.9928571081632653,2.7
18.4,-156.55,1.9912244489795918,2.7
18.4,-156.5,1.9871428224489796,2.7
18.4,-156.45,1.9826530265306122,2.69
18.4,-156.4,1.9781632142857142,2.6799998
18.4,-156.35,1.9746938367346938,2.6799998
18.4,-156.3,1.9730611836734693,2.69
18.4,-156.25,1.9726530163265306,2.69
18.4,-156.2,1.972857087755102,2.6799998
18.4,-156.15,1.9693877040816326,2.6799998
18.4,-156.1,1.9669387326530612,2.6799998
18.4,-156.05,1.964897924489796,2.69
18.4,-156,1.960816293877551,2.6799998
18.4,-155.95,1.9575509836734692,2.6799998
18.4,-155.9,1.9534693530612244,2.6799998
18.4,-155.85,1.951020369387755,2.6799998
18.4,-155.8,1.9469387367346938,2.6799998
18.4,-155.75,1.9440816040816327,2.69
18.4,-155.7,1.9410203775510204,2.69
18.4,-155.65,1.9387754775510204,2.69
18.4,-155.6,1.9369387469387755,2.69
18.4,-155.55,1.9361224204081633,2.6799998
18.4,-155.5,1.9344897591836734,2.6599998
18.4,-155.45,1.9332652714285714,2.6499999
18.4,-155.4,1.933673436734694,2.6399999
18.4,-155.35,1.9344897673469388,2.62
18.4,-155.3,1.9357142693877551,2.61
18.4,-155.25,1.9373469244897958,2.6
18.4,-155.2,1.9391836571428571,2.58
18.4,-155.15,1.9428571183673469,2.56
18.4,-155.1,1.9473469163265307,2.6
18.4,-155.05,1.9544897673469388,2.6299999
18.4,-155,1.9622448612244898,2.6599998
18.4,-154.95,1.9734693551020408,2.6799998
18.4,-154.9,1.9857142571428572,2.7
18.4,-154.85,1.9973468979591837,2.71
18.4,-154.8,2.0065305734693877,2.72
18.4,-154.75,2.014489773469388,2.72
18.4,-154.7,2.021428548979592,2.71
18.4,-154.65,2.027755073469388,2.71
18.4,-154.6,2.032653030612245,2.71
18.4,-154.55,2.035918332653061,2.73
18.4,-154.5,2.0385713979591835,2.75
18.4,-154.45,2.040612216326531,2.76
18.4,-154.4,2.0420407918367345,2.78
18.4,-154.35,2.0446938591836736,2.79
18.4,-154.3,2.044693851020408,2.8
18.4,-154.25,2.047755073469388,2.8
18.4,-154.2,2.0495918102040815,2.81
18.4,-154.15,2.0495918142857144,2.82
18.4,-154.1,2.046734675510204,2.83
18.4,-154.05,2.034897924489796,2.82
18.45,-160.95,2.189795875510204,2.9299998
18.45,-160.9,2.203061187755102,3.09
18.45,-160.85,2.2071428244897957,3.11
18.45,-160.8,2.2071428285714285,3.1
18.45,-160.75,2.2034693653061224,3.09
18.45,-160.7,2.198367324489796,3.07
18.45,-160.65,2.1928571142857143,3.05
18.45,-160.6,2.1867346714285714,3.04
18.45,-160.55,2.180612224489796,3.02
18.45,-160.5,2.176530591836735,3.03
18.45,-160.45,2.174081606122449,3.04
18.45,-160.4,2.1732652714285714,3.05
18.45,-160.35,2.1746938469387755,3.07
18.45,-160.3,2.176122418367347,3.08
18.45,-160.25,2.178367312244898,3.11
18.45,-160.2,2.1799999653061226,3.1299999
18.45,-160.15,2.178367312244898,3.1399999
18.45,-160.1,2.1753060918367346,3.1499999
18.45,-160.05,2.1722448714285716,3.1399999
18.45,-160,2.1679591530612243,3.1299999
18.45,-159.95,2.1628571142857145,3.12
18.45,-159.9,2.1583673163265304,3.11
18.45,-159.85,2.1526530285714287,3.09
18.45,-159.8,2.1491836346938773,3.08
18.45,-159.75,2.147959148979592,3.08
18.45,-159.7,2.1471428204081633,3.07
18.45,-159.65,2.147142830612245,3.06
18.45,-159.6,2.148979557142857,3.06
18.45,-159.55,2.1497958897959184,3.05
18.45,-159.5,2.149183651020408,3.03
18.45,-159.45,2.146326506122449,3.03
18.45,-159.4,2.1404081346938777,3.02
18.45,-159.35,2.1338775204081633,3.01
18.45,-159.3,2.127142818367347,2.99
18.45,-159.25,2.117755063265306,2.97
18.45,-159.2,2.109795887755102,2.95
18.45,-159.15,2.1022448591836733,2.9299998
18.45,-159.1,2.096326495918367,2.9099998
18.45,-159.05,2.0920407836734696,2.8899999
18.45,-159,2.0887754795918365,2.8799999
18.45,-158.95,2.086938751020408,2.8799999
18.45,-158.9,2.08489793877551,2.8799999
18.45,-158.85,2.082653036734694,2.8799999
18.45,-158.8,2.079183648979592,2.86
18.45,-158.75,2.0738775265306124,2.84
18.45,-158.7,2.069387724489796,2.82
18.45,-158.65,2.0622448612244897,2.8
18.45,-158.6,2.055714251020408,2.78
18.45,-158.55,2.0489795591836732,2.75
18.45,-158.5,2.0444897591836733,2.73
18.45,-158.45,2.043265275510204,2.72
18.45,-158.4,2.0418367040816325,2.71
18.45,-158.35,2.0426530224489796,2.71
18.45,-158.3,2.0444897693877553,2.71
18.45,-158.25,2.0463265081632653,2.71
18.45,-158.2,2.0471428387755104,2.71
18.45,-158.15,2.045714265306122,2.71
18.45,-158.1,2.0434693632653063,2.7
18.45,-158.05,2.0414285387755102,2.7
18.45,-158,2.0365305714285715,2.69
18.45,-157.95,2.031224442857143,2.6799998
18.45,-157.9,2.0277550632653063,2.6699998
18.45,-157.85,2.0257142510204083,2.6699998
18.45,-157.8,2.0234693551020406,2.6699998
18.45,-157.75,2.025306087755102,2.6599998
18.45,-157.7,2.0246938489795916,2.6599998
18.45,-157.65,2.0251020224489795,2.6499999
18.45,-157.6,2.027346912244898,2.6499999
18.45,-157.55,2.0273469040816328,2.6499999
18.45,-157.5,2.027755073469388,2.6499999
18.45,-157.45,2.026734667346939,2.6399999
18.45,-157.4,2.0261224204081634,2.6399999
18.45,-157.35,2.0255101632653063,2.6399999
18.45,-157.3,2.0244897530612245,2.6299999
18.45,-157.25,2.0236734408163266,2.6299999
18.45,-157.2,2.0240816081632653,2.6399999
18.45,-157.15,2.023877518367347,2.6599998
18.45,-157.1,2.0238775163265306,2.6799998
18.45,-157.05,2.0234693551020406,2.69
18.45,-157,2.0204081285714284,2.7
18.45,-156.95,2.01673466122449,2.7
18.45,-156.9,2.0114285408163264,2.69
18.45,-156.85,2.005714248979592,2.6799998
18.45,-156.8,1.998775481632653,2.6599998
18.45,-156.75,1.993877524489796,2.6499999
18.45,-156.7,1.991224457142857,2.6599998
18.45,-156.65,1.9891836326530612,2.6799998
18.45,-156.6,1.9873469102040817,2.69
18.45,-156.55,1.985306087755102,2.69
18.45,-156.5,1.9818367020408163,2.6799998
18.45,-156.45,1.9767346673469388,2.6699998
18.45,-156.4,1.9714285408163266,2.6599998
18.45,-156.35,1.9687754734693876,2.6499999
18.45,-156.3,1.9669387285714286,2.6499999
18.45,-156.25,1.9667346510204082,2.6599998
18.45,-156.2,1.966530569387755,2.6599998
18.45,-156.15,1.962653024489796,2.6599998
18.45,-156.1,1.9614285265306122,2.6699998
18.45,-156.05,1.9575509734693877,2.6699998
18.45,-156,1.9536734265306122,2.6699998
18.45,-155.95,1.9497958734693877,2.6699998
18.45,-155.9,1.945306075510204,2.6599998
18.45,-155.85,1.941020363265306,2.6599998
18.45,-155.8,1.9383673102040817,2.6599998
18.45,-155.75,1.9355101775510204,2.6699998
18.45,-155.7,1.9314285408163265,2.6699998
18.45,-155.65,1.9291836387755101,2.6799998
18.45,-155.6,1.9271428224489795,2.6799998
18.45,-155.55,1.925102006122449,2.6699998
18.45,-155.5,1.9240815918367347,2.6599998
18.45,-155.45,1.922040775510204,2.6399999
18.45,-155.4,1.9208162979591836,2.62
18.45,-155.35,1.9208162959183672,2.61
18.45,-155.3,1.9202040551020407,2.6
18.45,-155.25,1.9216326285714285,2.58
18.45,-155.2,1.923673444897959,2.56
18.45,-155.15,1.9265305775510204,2.54
18.45,-155.1,1.9312244469387756,2.57
18.45,-155.05,1.9377550714285714,2.6
18.45,-155,1.9485713857142857,2.6399999
18.45,-154.95,1.9604081265306121,2.6599998
18.45,-154.9,1.9740816040816327,2.69
18.45,-154.85,1.9863265040816327,2.7
18.45,-154.8,1.9973469020408163,2.71
18.45,-154.75,2.006530579591837,2.71
18.45,-154.7,2.0146938408163266,2.71
18.45,-154.65,2.021632618367347,2.71
18.45,-154.6,2.025510169387755,2.71
18.45,-154.55,2.030408126530612,2.73
18.45,-154.5,2.033673432653061,2.74
18.45,-154.45,2.0367346653061222,2.76
18.45,-154.4,2.0375509918367345,2.77
18.45,-154.35,2.040612220408163,2.78
18.45,-154.3,2.0430612040816327,2.79
18.45,-154.25,2.0448979346938776,2.8
18.45,-154.2,2.0473469102040815,2.81
18.45,-154.15,2.048775487755102,2.82
18.45,-154.1,2.045918351020408,2.83
18.45,-154.05,2.031020375510204,2.82
18.5,-160.95,2.189183626530612,2.9299998
18.5,-160.9,2.202448955102041,3.09
18.5,-160.85,2.2069387469387753,3.1
18.5,-160.8,2.2077550775510204,3.1
18.5,-160.75,2.2053061,3.1
18.5,-160.7,2.201020387755102,3.09
18.5,-160.65,2.1951020163265307,3.07
18.5,-160.6,2.188775485714286,3.05
18.5,-160.55,2.1830612,3.04
18.5,-160.5,2.1785714081632652,3.03
18.5,-160.45,2.176122430612245,3.02
18.5,-160.4,2.175714269387755,3.04
18.5,-160.35,2.1763265142857144,3.05
18.5,-160.3,2.1779591612244897,3.08
18.5,-160.25,2.1795918102040814,3.11
18.5,-160.2,2.1812244591836736,3.1299999
18.5,-160.15,2.180612212244898,3.1399999
18.5,-160.1,2.177959155102041,3.1499999
18.5,-160.05,2.174285695918367,3.1499999
18.5,-160,2.1697958938775512,3.1399999
18.5,-159.95,2.1653061,3.1299999
18.5,-159.9,2.1593877265306123,3.11
18.5,-159.85,2.1540816,3.1
18.5,-159.8,2.1504081285714287,3.09
18.5,-159.75,2.1473468979591837,3.08
18.5,-159.7,2.146734657142857,3.08
18.5,-159.65,2.147550983673469,3.08
18.5,-159.6,2.148775475510204,3.07
18.5,-159.55,2.148775473469388,3.07
18.5,-159.5,2.1471428224489797,3.06
18.5,-159.45,2.1451020040816324,3.05
18.5,-159.4,2.141428532653061,3.03
18.5,-159.35,2.1342856775510204,3.01
18.5,-159.3,2.1271428204081633,2.99
18.5,-159.25,2.1187754775510204,2.97
18.5,-159.2,2.1110203795918365,2.95
18.5,-159.15,2.102448955102041,2.9299998
18.5,-159.1,2.095714263265306,2.9099998
18.5,-159.05,2.0920407836734696,2.8999999
18.5,-159,2.0889795571428573,2.8899999
18.5,-158.95,2.086326493877551,2.8799999
18.5,-158.9,2.084081602040816,2.8799999
18.5,-158.85,2.082448955102041,2.8799999
18.5,-158.8,2.0802040612244896,2.87
18.5,-158.75,2.076122424489796,2.86
18.5,-158.7,2.0691836489795916,2.83
18.5,-158.65,2.063061193877551,2.81
18.5,-158.6,2.0563264979591835,2.78
18.5,-158.55,2.049795887755102,2.76
18.5,-158.5,2.0444897653061225,2.73
18.5,-158.45,2.041632618367347,2.72
18.5,-158.4,2.0420407857142857,2.71
18.5,-158.35,2.0416326163265306,2.71
18.5,-158.3,2.0442856857142857,2.71
18.5,-158.25,2.0463265,2.72
18.5,-158.2,2.0459183408163266,2.72
18.5,-158.15,2.0461224326530614,2.71
18.5,-158.1,2.0430612020408163,2.7
18.5,-158.05,2.040408142857143,2.69
18.5,-158,2.0353060897959185,2.69
18.5,-157.95,2.0310203653061225,2.6799998
18.5,-157.9,2.0275509836734695,2.6699998
18.5,-157.85,2.023673432653061,2.6599998
18.5,-157.8,2.022244867346939,2.6599998
18.5,-157.75,2.0218367040816325,2.6599998
18.5,-157.7,2.0224489530612244,2.6599998
18.5,-157.65,2.023265287755102,2.6499999
18.5,-157.6,2.0240816040816325,2.6499999
18.5,-157.55,2.023673430612245,2.6499999
18.5,-157.5,2.024693851020408,2.6499999
18.5,-157.45,2.0242856897959185,2.6499999
18.5,-157.4,2.0234693653061226,2.6399999
18.5,-157.35,2.0230611979591835,2.6399999
18.5,-157.3,2.021428536734694,2.6299999
18.5,-157.25,2.020612220408163,2.6299999
18.5,-157.2,2.0181632428571428,2.6399999
18.5,-157.15,2.0171428346938773,2.6599998
18.5,-157.1,2.0157142591836736,2.6699998
18.5,-157.05,2.0153060918367345,2.6799998
18.5,-157,2.0124489408163266,2.69
18.5,-156.95,2.009387724489796,2.69
18.5,-156.9,2.0044897693877552,2.69
18.5,-156.85,1.998367312244898,2.6799998
18.5,-156.8,1.993469357142857,2.6699998
18.5,-156.75,1.9889795612244898,2.6499999
18.5,-156.7,1.985306093877551,2.6499999
18.5,-156.65,1.983265275510204,2.6499999
18.5,-156.6,1.9828571142857143,2.6599998
18.5,-156.55,1.9791836408163266,2.6699998
18.5,-156.5,1.9757142510204082,2.6599998
18.5,-156.45,1.9708162979591837,2.6499999
18.5,-156.4,1.9644897734693878,2.6399999
18.5,-156.35,1.9602040571428572,2.62
18.5,-156.3,1.9573469142857143,2.61
18.5,-156.25,1.9567346551020408,2.61
18.5,-156.2,1.954285669387755,2.6299999
18.5,-156.15,1.952653030612245,2.6399999
18.5,-156.1,1.9504081265306121,2.6499999
18.5,-156.05,1.948163218367347,2.6499999
18.5,-156,1.9442856714285714,2.6499999
18.5,-155.95,1.9404081224489795,2.6499999
18.5,-155.9,1.9355101673469388,2.6399999
18.5,-155.85,1.9322448653061224,2.6399999
18.5,-155.8,1.9295918040816327,2.6399999
18.5,-155.75,1.9257142612244897,2.6399999
18.5,-155.7,1.9228571081632653,2.6499999
18.5,-155.65,1.9193877244897959,2.6499999
18.5,-155.6,1.9175509857142856,2.6599998
18.5,-155.55,1.9146938510204081,2.6499999
18.5,-155.5,1.9124489489795917,2.6399999
18.5,-155.45,1.9091836387755101,2.6299999
18.5,-155.4,1.907550981632653,2.61
18.5,-155.35,1.9057142591836735,2.58
18.5,-155.3,1.905306093877551,2.57
18.5,-155.25,1.9048979265306123,2.56
18.5,-155.2,1.9067346571428572,2.54
18.5,-155.15,1.9097958775510204,2.52
18.5,-155.1,1.914897924489796,2.54
18.5,-155.05,1.9228571102040817,2.58
18.5,-155,1.933673436734694,2.62
18.5,-154.95,1.9469387489795917,2.6499999
18.5,-154.9,1.9630611918367347,2.6699998
18.5,-154.85,1.9765305775510205,2.69
18.5,-154.8,1.9889795489795918,2.7
18.5,-154.75,1.9989795489795918,2.71
18.5,-154.7,2.0079591510204082,2.71
18.5,-154.65,2.013877516326531,2.71
18.5,-154.6,2.0199999612244897,2.71
18.5,-154.55,2.02469383877551,2.72
18.5,-154.5,2.0293877224489796,2.74
18.5,-154.45,2.031632620408163,2.76
18.5,-154.4,2.035714255102041,2.77
18.5,-154.35,2.037755075510204,2.78
18.5,-154.3,2.040612220408163,2.79
18.5,-154.25,2.043673444897959,2.8
18.5,-154.2,2.0457142632653063,2.81
18.5,-154.15,2.0471428387755104,2.82
18.5,-154.1,2.0453061020408163,2.83
18.5,-154.05,2.0273469102040815,2.81
18.55,-160.95,2.189183626530612,2.9299998
18.55,-160.9,2.2026530346938777,3.08
18.55,-160.85,2.2077550734693876,3.1
18.55,-160.8,2.207959157142857,3.11
18.55,-160.75,2.2057142591836736,3.1
18.55,-160.7,2.201632632653061,3.09
18.55,-160.65,2.1959183489795917,3.08
18.55,-160.6,2.1902040653061223,3.06
18.55,-160.55,2.1844897734693878,3.05
18.55,-160.5,2.1795918142857142,3.04
18.55,-160.45,2.1771428408163267,3.03
18.55,-160.4,2.177755087755102,3.03
18.55,-160.35,2.1777550857142858,3.04
18.55,-160.3,2.178979575510204,3.07
18.55,-160.25,2.1816326285714287,3.1
18.55,-160.2,2.182857112244898,3.12
18.55,-160.15,2.1814285387755104,3.1299999
18.55,-160.1,2.1795918020408163,3.1399999
18.55,-160.05,2.176938744897959,3.1399999
18.55,-160,2.172244869387755,3.1299999
18.55,-159.95,2.1671428367346937,3.12
18.55,-159.9,2.161632624489796,3.11
18.55,-159.85,2.1553060918367346,3.1
18.55,-159.8,2.1514285346938773,3.09
18.55,-159.75,2.1481632265306123,3.08
18.55,-159.7,2.146530573469388,3.08
18.55,-159.65,2.1463264959183674,3.08
18.55,-159.6,2.1471428204081633,3.08
18.55,-159.55,2.147550987755102,3.08
18.55,-159.5,2.1461224102040815,3.08
18.55,-159.45,2.1436734265306123,3.07
18.55,-159.4,2.1395917959183675,3.05
18.55,-159.35,2.134081591836735,3.02
18.55,-159.3,2.1265305775510206,2.99
18.55,-159.25,2.1189795591836735,2.97
18.55,-159.2,2.1106122163265306,2.95
18.55,-159.15,2.1026530326530612,2.9399998
18.55,-159.1,2.0965305836734696,2.9199998
18.55,-159.05,2.091632626530612,2.8999999
18.55,-159,2.088163230612245,2.8899999
18.55,-158.95,2.085306081632653,2.8899999
18.55,-158.9,2.084081593877551,2.8799999
18.55,-158.85,2.082653026530612,2.8799999
18.55,-158.8,2.0795918081632654,2.8799999
18.55,-158.75,2.075918342857143,2.87
18.55,-158.7,2.070816302040816,2.84
18.55,-158.65,2.0651020142857144,2.82
18.55,-158.6,2.057346910204082,2.79
18.55,-158.55,2.0506122204081634,2.76
18.55,-158.5,2.0451020061224487,2.74
18.55,-158.45,2.0420407836734693,2.72
18.55,-158.4,2.0404081265306124,2.71
18.55,-158.35,2.0418366979591838,2.72
18.55,-158.3,2.0432652714285715,2.72
18.55,-158.25,2.0444897612244897,2.72
18.55,-158.2,2.045510175510204,2.72
18.55,-158.15,2.0444897714285712,2.72
18.55,-158.1,2.0418367102040818,2.71
18.55,-158.05,2.0393877285714286,2.69
18.55,-158,2.0348979224489794,2.6799998
18.55,-157.95,2.029591806122449,2.6699998
18.55,-157.9,2.0257142510204083,2.6599998
18.55,-157.85,2.0228571020408164,2.6599998
18.55,-157.8,2.021020375510204,2.6599998
18.55,-157.75,2.0210203775510203,2.6599998
18.55,-157.7,2.019999967346939,2.6599998
18.55,-157.65,2.0206122163265308,2.6599998
18.55,-157.6,2.0212244653061227,2.6499999
18.55,-157.55,2.0218367040816325,2.6499999
18.55,-157.5,2.022040793877551,2.6499999
18.55,-157.45,2.021836718367347,2.6499999
18.55,-157.4,2.0208163102040815,2.6499999
18.55,-157.35,2.018979569387755,2.6399999
18.55,-157.3,2.0183673183673467,2.6399999
18.55,-157.25,2.015714263265306,2.6299999
18.55,-157.2,2.013469363265306,2.6299999
18.55,-157.15,2.009999973469388,2.6499999
18.55,-157.1,2.0085713959183673,2.6599998
18.55,-157.05,2.005306087755102,2.6599998
18.55,-157,2.002448951020408,2.6699998
18.55,-156.95,1.999387730612245,2.6699998
18.55,-156.9,1.9942856897959182,2.6699998
18.55,-156.85,1.990612212244898,2.6699998
18.55,-156.8,1.9861224204081633,2.6599998
18.55,-156.75,1.9814285469387756,2.6499999
18.55,-156.7,1.9775509959183672,2.6399999
18.55,-156.65,1.9761224224489795,2.6399999
18.55,-156.6,1.9740816102040817,2.6299999
18.55,-156.55,1.9716326265306123,2.6399999
18.55,-156.5,1.967755069387755,2.6299999
18.55,-156.45,1.962040787755102,2.62
18.55,-156.4,1.9546938530612246,2.6
18.55,-156.35,1.949387730612245,2.59
18.55,-156.3,1.9451019979591837,2.58
18.55,-156.25,1.9416326163265305,2.56
18.55,-156.2,1.9395918061224489,2.59
18.55,-156.15,1.9371428265306123,2.6
18.55,-156.1,1.9338775142857143,2.61
18.55,-156.05,1.9324489510204081,2.62
18.55,-156,1.9304081265306123,2.62
18.55,-155.95,1.9269387469387755,2.62
18.55,-155.9,1.9234693591836733,2.6299999
18.55,-155.85,1.9193877367346939,2.62
18.55,-155.8,1.9171428346938775,2.61
18.55,-155.75,1.9140816163265306,2.62
18.55,-155.7,1.9122448693877552,2.62
18.55,-155.65,1.9093877224489795,2.6299999
18.55,-155.6,1.9063265040816326,2.6299999
18.55,-155.55,1.9034693612244897,2.6299999
18.55,-155.5,1.8993877265306123,2.62
18.55,-155.45,1.8942856857142858,2.61
18.55,-155.4,1.891428542857143,2.6
18.55,-155.35,1.8875509979591836,2.57
18.55,-155.3,1.886530581632653,2.54
18.55,-155.25,1.886530581632653,2.52
18.55,-155.2,1.8883673204081632,2.51
18.55,-155.15,1.892040787755102,2.49
18.55,-155.1,1.8981632265306123,2.51
18.55,-155.05,1.9071428204081633,2.55
18.55,-155,1.9191836448979591,2.59
18.55,-154.95,1.9353060836734695,2.6299999
18.55,-154.9,1.9518367061224489,2.6499999
18.55,-154.85,1.9683673102040815,2.6799998
18.55,-154.8,1.9816326163265305,2.69
18.55,-154.75,1.9922448734693878,2.7
18.55,-154.7,2.0018367081632653,2.71
18.55,-154.65,2.0095918020408163,2.72
18.55,-154.6,2.014693836734694,2.72
18.55,-154.55,2.0199999591836733,2.73
18.55,-154.5,2.0246938448979592,2.74
18.55,-154.45,2.027755069387755,2.76
18.55,-154.4,2.0322448673469387,2.77
18.55,-154.35,2.0357142591836737,2.78
18.55,-154.3,2.0389795673469386,2.8
18.55,-154.25,2.0424489571428572,2.81
18.55,-154.2,2.044285693877551,2.82
18.55,-154.15,2.04571426122449,2.83
18.55,-154.1,2.0434693673469386,2.84
18.55,-154.05,2.027755073469388,2.81
18.6,-160.95,2.190816285714286,2.9299998
18.6,-160.9,2.2022448714285714,3.08
18.6,-160.85,2.207755071428571,3.1
18.6,-160.8,2.208163236734694,3.11
18.6,-160.75,2.2059183346938775,3.11
18.6,-160.7,2.201836706122449,3.1
18.6,-160.65,2.1965305897959184,3.09
18.6,-160.6,2.191020389795918,3.07
18.6,-160.55,2.186122430612245,3.06
18.6,-160.5,2.1812244734693875,3.05
18.6,-160.45,2.179387736734694,3.04
18.6,-160.4,2.1781632469387753,3.04
18.6,-160.35,2.1789795734693875,3.04
18.6,-160.3,2.180612224489796,3.05
18.6,-160.25,2.1826530367346937,3.08
18.6,-160.2,2.1832652775510204,3.1
18.6,-160.15,2.1826530367346937,3.12
18.6,-160.1,2.181836706122449,3.1299999
18.6,-160.05,2.1783673142857145,3.1299999
18.6,-160,2.173673442857143,3.1299999
18.6,-159.95,2.1695918163265304,3.12
18.6,-159.9,2.163265281632653,3.11
18.6,-159.85,2.1581632346938777,3.09
18.6,-159.8,2.153061193877551,3.08
18.6,-159.75,2.14918363877551,3.07
18.6,-159.7,2.1463264918367346,3.07
18.6,-159.65,2.1459183346938775,3.07
18.6,-159.6,2.1457142530612243,3.07
18.6,-159.55,2.14469383877551,3.07
18.6,-159.5,2.144285673469388,3.07
18.6,-159.45,2.1418366918367346,3.07
18.6,-159.4,2.1375509755102042,3.05
18.6,-159.35,2.1326530163265307,3.03
18.6,-159.3,2.1261224102040814,3.01
18.6,-159.25,2.1183673102040816,2.98
18.6,-159.2,2.1120407836734696,2.96
18.6,-159.15,2.103877512244898,2.9399998
18.6,-159.1,2.0971428265306122,2.9199998
18.6,-159.05,2.0912244571428573,2.9099998
18.6,-159,2.0867346612244897,2.8999999
18.6,-158.95,2.084489757142857,2.8899999
18.6,-158.9,2.0818366959183674,2.8899999
18.6,-158.85,2.0812244530612243,2.8899999
18.6,-158.8,2.0787754795918367,2.8799999
18.6,-158.75,2.0765305836734695,2.87
18.6,-158.7,2.072857114285714,2.86
18.6,-158.65,2.0657142632653063,2.83
18.6,-158.6,2.059387724489796,2.8
18.6,-158.55,2.053265275510204,2.77
18.6,-158.5,2.0479591510204083,2.75
18.6,-158.45,2.0430611897959183,2.73
18.6,-158.4,2.040816287755102,2.72
18.6,-158.35,2.0402040448979593,2.72
18.6,-158.3,2.041224457142857,2.72
18.6,-158.25,2.0422448612244897,2.73
18.6,-158.2,2.042857108163265,2.73
18.6,-158.15,2.0418367,2.72
18.6,-158.1,2.0402040571428572,2.71
18.6,-158.05,2.037755069387755,2.69
18.6,-158,2.0324489346938774,2.6799998
18.6,-157.95,2.0285713897959186,2.6599998
18.6,-157.9,2.0248979224489796,2.6599998
18.6,-157.85,2.0220407836734693,2.6599998
18.6,-157.8,2.0202040469387756,2.6599998
18.6,-157.75,2.0199999571428573,2.6599998
18.6,-157.7,2.019591793877551,2.6599998
18.6,-157.65,2.019183648979592,2.6499999
18.6,-157.6,2.019591806122449,2.6599998
18.6,-157.55,2.0197958897959185,2.6599998
18.6,-157.5,2.0177550775510205,2.6599998
18.6,-157.45,2.018163251020408,2.6499999
18.6,-157.4,2.0159183551020408,2.6499999
18.6,-157.35,2.0157142653061224,2.6499999
18.6,-157.3,2.0138775224489796,2.6399999
18.6,-157.25,2.0110203693877553,2.6299999
18.6,-157.2,2.0079591530612246,2.6299999
18.6,-157.15,2.0042856857142857,2.6299999
18.6,-157.1,1.9995918142857143,2.6299999
18.6,-157.05,1.9951020142857143,2.6399999
18.6,-157,1.9920407959183672,2.6499999
18.6,-156.95,1.9875510061224488,2.6499999
18.6,-156.9,1.983877530612245,2.6499999
18.6,-156.85,1.9791836408163266,2.6399999
18.6,-156.8,1.9746938428571428,2.6399999
18.6,-156.75,1.9712244571428572,2.6299999
18.6,-156.7,1.9673469142857143,2.6299999
18.6,-156.65,1.9653061040816326,2.62
18.6,-156.6,1.9632652857142856,2.61
18.6,-156.55,1.9608162897959183,2.6
18.6,-156.5,1.9577550612244898,2.59
18.6,-156.45,1.9520407775510205,2.58
18.6,-156.4,1.9440816,2.57
18.6,-156.35,1.936530575510204,2.55
18.6,-156.3,1.928775469387755,2.53
18.6,-156.25,1.924081606122449,2.52
18.6,-156.2,1.9202040632653061,2.53
18.6,-156.15,1.916938748979592,2.55
18.6,-156.1,1.9128571183673468,2.56
18.6,-156.05,1.9116326285714285,2.56
18.6,-156,1.910408124489796,2.57
18.6,-155.95,1.9083673163265307,2.57
18.6,-155.9,1.906938748979592,2.59
18.6,-155.85,1.9048979428571429,2.61
18.6,-155.8,1.9026530408163265,2.61
18.6,-155.75,1.9012244632653061,2.59
18.6,-155.7,1.8983673163265307,2.59
18.6,-155.65,1.896530581632653,2.6
18.6,-155.6,1.8928571204081632,2.6
18.6,-155.55,1.8867346653061225,2.6
18.6,-155.5,1.8830611959183674,2.6
18.6,-155.45,1.8781632265306123,2.59
18.6,-155.4,1.872448951020408,2.57
18.6,-155.35,1.8693877326530612,2.55
18.6,-155.3,1.8673469102040816,2.53
18.6,-155.25,1.8667346673469387,2.5
18.6,-155.2,1.8683673285714286,2.47
18.6,-155.15,1.873469363265306,2.46
18.6,-155.1,1.8816326244897958,2.48
18.6,-155.05,1.8922448571428572,2.53
18.6,-155,1.906530581632653,2.57
18.6,-154.95,1.923061187755102,2.61
18.6,-154.9,1.9422448714285714,2.6399999
18.6,-154.85,1.9589795591836734,2.6599998
18.6,-154.8,1.9738775102040815,2.6799998
18.6,-154.75,1.9873469040816327,2.7
18.6,-154.7,1.996734669387755,2.72
18.6,-154.65,2.004897924489796,2.73
18.6,-154.6,2.0106122081632654,2.74
18.6,-154.55,2.0159183285714284,2.74
18.6,-154.5,2.019183636734694,2.74
18.6,-154.45,2.0242856836734693,2.75
18.6,-154.4,2.028367318367347,2.77
18.6,-154.35,2.0326530346938774,2.78
18.6,-154.3,2.0361224265306124,2.8
18.6,-154.25,2.0402040571428572,2.81
18.6,-154.2,2.0420407897959185,2.82
18.6,-154.15,2.044285687755102,2.83
18.6,-154.1,2.042857120408163,2.84
18.6,-154.05,2.027550993877551,2.81
18.65,-160.95,2.1906122020408163,2.9299998
18.65,-160.9,2.2036734408163263,3.07
18.65,-160.85,2.2079591530612244,3.1
18.65,-160.8,2.2081632285714288,3.11
18.65,-160.75,2.2069387346938774,3.11
18.65,-160.7,2.2018367,3.1
18.65,-160.65,2.197142824489796,3.09
18.65,-160.6,2.192040791836735,3.08
18.65,-160.55,2.1871428408163265,3.06
18.65,-160.5,2.1830612102040816,3.05
18.65,-160.45,2.1799999836734694,3.04
18.65,-160.4,2.179387732653061,3.04
18.65,-160.35,2.1795918142857142,3.05
18.65,-160.3,2.1816326346938775,3.06
18.65,-160.25,2.183469369387755,3.07
18.65,-160.2,2.184285689795918,3.08
18.65,-160.15,2.1853060979591836,3.1
18.65,-160.1,2.18346936122449,3.11
18.65,-160.05,2.1818367142857142,3.12
18.65,-160,2.1771428387755103,3.12
18.65,-159.95,2.17244896122449,3.11
18.65,-159.9,2.1661224285714287,3.1
18.65,-159.85,2.160816291836735,3.09
18.65,-159.8,2.154693844897959,3.07
18.65,-159.75,2.1499999734693875,3.06
18.65,-159.7,2.14693873877551,3.06
18.65,-159.65,2.144693842857143,3.06
18.65,-159.6,2.1432652714285716,3.06
18.65,-159.55,2.1424489408163265,3.06
18.65,-159.5,2.1416326102040815,3.06
18.65,-159.45,2.1391836306122447,3.06
18.65,-159.4,2.1367346469387756,3.05
18.65,-159.35,2.1316325959183673,3.03
18.65,-159.3,2.1261223979591835,3.01
18.65,-159.25,2.1199999591836733,2.99
18.65,-159.2,2.112040783673469,2.96
18.65,-159.15,2.1048979204081633,2.9399998
18.65,-159.1,2.0975509795918366,2.9299998
18.65,-159.05,2.0918366979591836,2.9199998
18.65,-159,2.0877550673469387,2.9099998
18.65,-158.95,2.0836734387755103,2.8999999
18.65,-158.9,2.0812244551020407,2.8899999
18.65,-158.85,2.0795917999999998,2.8899999
18.65,-158.8,2.0779591469387757,2.8799999
18.65,-158.75,2.076530581632653,2.8799999
18.65,-158.7,2.072040787755102,2.87
18.65,-158.65,2.067346908163265,2.84
18.65,-158.6,2.059999967346939,2.81
18.65,-158.55,2.0542856836734695,2.78
18.65,-158.5,2.048571393877551,2.76
18.65,-158.45,2.043673432653061,2.73
18.65,-158.4,2.0399999612244897,2.72
18.65,-158.35,2.0393877224489794,2.72
18.65,-158.3,2.0395917979591838,2.73
18.65,-158.25,2.040204042857143,2.73
18.65,-158.2,2.0399999591836733,2.73
18.65,-158.15,2.040408130612245,2.73
18.65,-158.1,2.037959151020408,2.71
18.65,-158.05,2.0338775183673468,2.7
18.65,-158,2.0297958795918367,2.6799998
18.65,-157.95,2.0265305734693877,2.6599998
18.65,-157.9,2.0226530306122448,2.6499999
18.65,-157.85,2.0202040489795916,2.6499999
18.65,-157.8,2.019183642857143,2.6499999
18.65,-157.75,2.0185713897959183,2.6599998
18.65,-157.7,2.0185713897959183,2.6599998
18.65,-157.65,2.0183673163265308,2.6499999
18.65,-157.6,2.018367312244898,2.6599998
18.65,-157.55,2.017550987755102,2.6599998
18.65,-157.5,2.0159183428571428,2.6599998
18.65,-157.45,2.0153061040816325,2.6599998
18.65,-157.4,2.0136734530612244,2.6599998
18.65,-157.35,2.0118367142857143,2.6499999
18.65,-157.3,2.0102040551020406,2.6399999
18.65,-157.25,2.0077550653061222,2.6299999
18.65,-157.2,2.0032652755102043,2.6299999
18.65,-157.15,1.9981632469387756,2.62
18.65,-157.1,1.9930612061224489,2.61
18.65,-157.05,1.9877550734693876,2.61
18.65,-157,1.9826530326530611,2.61
18.65,-156.95,1.9769387489795918,2.61
18.65,-156.9,1.9724489551020408,2.61
18.65,-156.85,1.9669387469387756,2.61
18.65,-156.8,1.9630611836734693,2.61
18.65,-156.75,1.9589795571428572,2.6
18.65,-156.7,1.9551020081632653,2.6
18.65,-156.65,1.9534693591836734,2.6
18.65,-156.6,1.9506122265306123,2.59
18.65,-156.55,1.9477550653061224,2.58
18.65,-156.5,1.9424489469387756,2.57
18.65,-156.45,1.937346906122449,2.55
18.65,-156.4,1.9283673142857143,2.52
18.65,-156.35,1.9197958734693878,2.5
18.65,-156.3,1.909591793877551,2.48
18.65,-156.25,1.9036734326530613,2.46
18.65,-156.2,1.8973469020408162,2.47
18.65,-156.15,1.8922448612244898,2.48
18.65,-156.1,1.8867346755102041,2.49
18.65,-156.05,1.884081606122449,2.52
18.65,-156,1.8830611959183674,2.52
18.65,-155.95,1.8824489530612245,2.52
18.65,-155.9,1.883673432653061,2.52
18.65,-155.85,1.883673432653061,2.55
18.65,-155.8,1.8842856857142858,2.57
18.65,-155.75,1.8828571,2.58
18.65,-155.7,1.8826530204081633,2.56
18.65,-155.65,1.8795918040816326,2.57
18.65,-155.6,1.875306093877551,2.58
18.65,-155.55,1.8691836448979593,2.58
18.65,-155.5,1.8632652816326531,2.57
18.65,-155.45,1.8569387469387755,2.56
18.65,-155.4,1.8514285408163265,2.54
18.65,-155.35,1.8477550775510203,2.52
18.65,-155.3,1.8467346612244897,2.5
18.65,-155.25,1.8477550693877551,2.47
18.65,-155.2,1.8502040591836735,2.44
18.65,-155.15,1.8561224306122448,2.4299998
18.65,-155.1,1.8659183428571429,2.44
18.65,-155.05,1.8781632326530613,2.5
18.65,-155,1.892857112244898,2.55
18.65,-154.95,1.9112244489795918,2.59
18.65,-154.9,1.9312244612244898,2.6299999
18.65,-154.85,1.949795881632653,2.6599998
18.65,-154.8,1.9679591510204082,2.6799998
18.65,-154.75,1.9810203775510205,2.71
18.65,-154.7,1.991632630612245,2.73
18.65,-154.65,2.000408132653061,2.75
18.65,-154.6,2.0067346612244896,2.75
18.65,-154.55,2.0118367040816327,2.75
18.65,-154.5,2.015918336734694,2.75
18.65,-154.45,2.0208163020408163,2.75
18.65,-154.4,2.0257142551020406,2.77
18.65,-154.35,2.030408130612245,2.78
18.65,-154.3,2.034285687755102,2.8
18.65,-154.25,2.0379591612244896,2.81
18.65,-154.2,2.0412244653061222,2.82
18.65,-154.15,2.043673444897959,2.83
18.65,-154.1,2.042448955102041,2.84
18.65,-154.05,2.0259183408163266,2.82
18.7,-160.95,2.191836693877551,2.9299998
18.7,-160.9,2.206122420408163,3.07
18.7,-160.85,2.20918363877551,3.09
18.7,-160.8,2.2093877204081633,3.11
18.7,-160.75,2.2073468959183673,3.11
18.7,-160.7,2.203673428571429,3.11
18.7,-160.65,2.199387720408163,3.09
18.7,-160.6,2.193877518367347,3.08
18.7,-160.55,2.189387726530612,3.06
18.7,-160.5,2.1838775265306123,3.05
18.7,-160.45,2.181632636734694,3.05
18.7,-160.4,2.1806122204081633,3.05
18.7,-160.35,2.18122446122449,3.05
18.7,-160.3,2.182857118367347,3.06
18.7,-160.25,2.183673448979592,3.08
18.7,-160.2,2.185306093877551,3.09
18.7,-160.15,2.1863265040816326,3.1
18.7,-160.1,2.1855101775510204,3.1
18.7,-160.05,2.1834693653061223,3.1
18.7,-160,2.179999981632653,3.1
18.7,-159.95,2.1753061081632654,3.1
18.7,-159.9,2.168367332653061,3.09
18.7,-159.85,2.1622448673469385,3.08
18.7,-159.8,2.157346906122449,3.06
18.7,-159.75,2.152040783673469,3.05
18.7,-159.7,2.148163236734694,3.05
18.7,-159.65,2.145102012244898,3.04
18.7,-159.6,2.143061195918367,3.05
18.7,-159.55,2.1416326142857143,3.05
18.7,-159.5,2.1387754653061224,3.05
18.7,-159.45,2.1377550530612246,3.05
18.7,-159.4,2.135101987755102,3.04
18.7,-159.35,2.131020348979592,3.03
18.7,-159.3,2.1257142346938775,3.01
18.7,-159.25,2.1195917897959182,2.99
18.7,-159.2,2.112448944897959,2.96
18.7,-159.15,2.1059183285714287,2.95
18.7,-159.1,2.0995917918367346,2.9399998
18.7,-159.05,2.093877512244898,2.9299998
18.7,-159,2.0869387448979593,2.9199998
18.7,-158.95,2.083061193877551,2.9099998
18.7,-158.9,2.080204055102041,2.8999999
18.7,-158.85,2.0783673142857144,2.8899999
18.7,-158.8,2.0761224142857144,2.8799999
18.7,-158.75,2.07448976122449,2.8799999
18.7,-158.7,2.07142853877551,2.87
18.7,-158.65,2.0671428285714284,2.85
18.7,-158.6,2.061428532653061,2.83
18.7,-158.55,2.0553060897959186,2.8
18.7,-158.5,2.049591795918367,2.77
18.7,-158.45,2.0442856795918365,2.75
18.7,-158.4,2.041020369387755,2.73
18.7,-158.35,2.0393877204081634,2.72
18.7,-158.3,2.0383673102040816,2.73
18.7,-158.25,2.0387754714285715,2.73
18.7,-158.2,2.038979557142857,2.73
18.7,-158.15,2.0379591408163265,2.73
18.7,-158.1,2.0363264897959183,2.72
18.7,-158.05,2.031632620408163,2.7
18.7,-158,2.028775479591837,2.6799998
18.7,-157.95,2.0246938408163264,2.6599998
18.7,-157.9,2.0216326204081634,2.6499999
18.7,-157.85,2.0185713979591835,2.6399999
18.7,-157.8,2.0163265020408163,2.6499999
18.7,-157.75,2.0171428326530614,2.6499999
18.7,-157.7,2.01673466122449,2.6499999
18.7,-157.65,2.017755063265306,2.6499999
18.7,-157.6,2.016122412244898,2.6499999
18.7,-157.55,2.015510163265306,2.6599998
18.7,-157.5,2.0132652693877553,2.6599998
18.7,-157.45,2.0118367163265307,2.6599998
18.7,-157.4,2.0110203897959185,2.6599998
18.7,-157.35,2.008775491836735,2.6499999
18.7,-157.3,2.0067346693877552,2.6499999
18.7,-157.25,2.0030611979591835,2.6399999
18.7,-157.2,1.999591806122449,2.6299999
18.7,-157.15,1.9936734387755102,2.62
18.7,-157.1,1.9881632326530612,2.61
18.7,-157.05,1.981020369387755,2.59
18.7,-157,1.9736734346938776,2.57
18.7,-156.95,1.9681632408163265,2.57
18.7,-156.9,1.9618367081632653,2.57
18.7,-156.85,1.9571428265306123,2.57
18.7,-156.8,1.9518366979591837,2.57
18.7,-156.75,1.9473469061224489,2.57
18.7,-156.7,1.943265281632653,2.56
18.7,-156.65,1.939591812244898,2.56
18.7,-156.6,1.9363264979591837,2.56
18.7,-156.55,1.9328571102040817,2.55
18.7,-156.5,1.9271428265306123,2.54
18.7,-156.45,1.921020375510204,2.52
18.7,-156.4,1.9104081285714285,2.49
18.7,-156.35,1.8989795612244897,2.46
18.7,-156.3,1.8881632285714285,2.4299998
18.7,-156.25,1.8793877163265307,2.4299998
18.7,-156.2,1.8706122081632652,2.44
18.7,-156.15,1.862448955102041,2.46
18.7,-156.1,1.8555101857142857,2.49
18.7,-156.05,1.8504081367346938,2.51
18.7,-156,1.8481632408163264,2.52
18.7,-155.95,1.8491836530612245,2.5
18.7,-155.9,1.851224463265306,2.48
18.7,-155.85,1.854285681632653,2.46
18.7,-155.8,1.8565305693877552,2.49
18.7,-155.75,1.8585713775510204,2.52
18.7,-155.7,1.8597958775510204,2.53
18.7,-155.65,1.85693873877551,2.52
18.7,-155.6,1.8526530306122448,2.54
18.7,-155.55,1.8473469081632654,2.55
18.7,-155.5,1.8397958734693878,2.54
18.7,-155.45,1.8326530224489797,2.53
18.7,-155.4,1.827550993877551,2.5
18.7,-155.35,1.824693844897959,2.48
18.7,-155.3,1.8248979367346938,2.46
18.7,-155.25,1.8277550653061223,2.44
18.7,-155.2,1.8320407836734693,2.4099998
18.7,-155.15,1.8397958897959183,2.3999999
18.7,-155.1,1.849591812244898,2.3899999
18.7,-155.05,1.8624489469387755,2.46
18.7,-155,1.8787754734693878,2.52
18.7,-154.95,1.8995917979591836,2.57
18.7,-154.9,1.9208162979591836,2.62
18.7,-154.85,1.941836693877551,2.6599998
18.7,-154.8,1.960816287755102,2.69
18.7,-154.75,1.9763265020408163,2.72
18.7,-154.7,1.9867346714285714,2.74
18.7,-154.65,1.9961224142857144,2.76
18.7,-154.6,2.0030611979591835,2.77
18.7,-154.55,2.0087754836734693,2.77
18.7,-154.5,2.013877520408163,2.77
18.7,-154.45,2.0189795653061227,2.76
18.7,-154.4,2.02367343877551,2.78
18.7,-154.35,2.0277550714285715,2.79
18.7,-154.3,2.0330612,2.8
18.7,-154.25,2.036122420408163,2.81
18.7,-154.2,2.039183644897959,2.82
18.7,-154.15,2.042040787755102,2.83
18.7,-154.1,2.0416326285714286,2.84
18.7,-154.05,2.02591833877551,2.82
18.75,-160.95,2.1924489387755104,2.9299998
18.75,-160.9,2.207550991836735,3.06
18.75,-160.85,2.209999967346939,3.08
18.75,-160.8,2.2118366959183673,3.1
18.75,-160.75,2.210408120408163,3.11
18.75,-160.7,2.2071428163265305,3.11
18.75,-160.65,2.2022448530612246,3.1
18.75,-160.6,2.1969387346938776,3.08
18.75,-160.55,2.1908162959183675,3.06
18.75,-160.5,2.1857142530612244,3.05
18.75,-160.45,2.1826530326530613,3.05
18.75,-160.4,2.181428544897959,3.05
18.75,-160.35,2.181632624489796,3.06
18.75,-160.3,2.181632632653061,3.07
18.75,-160.25,2.184285685714286,3.08
18.75,-160.2,2.1863265020408162,3.09
18.75,-160.15,2.187959157142857,3.1
18.75,-160.1,2.188163236734694,3.11
18.75,-160.05,2.1859183408163263,3.1
18.75,-160,2.1826530408163265,3.1
18.75,-159.95,2.177551006122449,3.09
18.75,-159.9,2.171224469387755,3.08
18.75,-159.85,2.1657142653061223,3.07
18.75,-159.8,2.1595918040816326,3.06
18.75,-159.75,2.1544897591836736,3.05
18.75,-159.7,2.150816289795918,3.05
18.75,-159.65,2.1471428224489797,3.05
18.75,-159.6,2.143877518367347,3.05
18.75,-159.55,2.1414285346938775,3.05
18.75,-159.5,2.138775457142857,3.05
18.75,-159.45,2.1369387224489795,3.04
18.75,-159.4,2.1336734204081633,3.03
18.75,-159.35,2.129795863265306,3.02
18.75,-159.3,2.124897906122449,3.01
18.75,-159.25,2.1204081224489797,2.99
18.75,-159.2,2.1140815979591836,2.97
18.75,-159.15,2.1081632285714287,2.95
18.75,-159.1,2.101224444897959,2.9399998
18.75,-159.05,2.0942856836734696,2.9299998
18.75,-159,2.0877550775510203,2.9199998
18.75,-158.95,2.0828571183673468,2.9099998
18.75,-158.9,2.0789795653061223,2.8999999
18.75,-158.85,2.0757142571428573,2.8899999
18.75,-158.8,2.074285687755102,2.8799999
18.75,-158.75,2.072244863265306,2.8799999
18.75,-158.7,2.069795881632653,2.87
18.75,-158.65,2.0669387367346936,2.86
18.75,-158.6,2.061836697959184,2.84
18.75,-158.55,2.0559183285714284,2.81
18.75,-158.5,2.0497958734693875,2.78
18.75,-158.45,2.0455101653061223,2.76
18.75,-158.4,2.0410203795918367,2.74
18.75,-158.35,2.0391836469387754,2.73
18.75,-158.3,2.0379591489795916,2.73
18.75,-158.25,2.0373469040816325,2.73
18.75,-158.2,2.0375509836734693,2.74
18.75,-158.15,2.036122412244898,2.74
18.75,-158.1,2.0342856775510203,2.73
18.75,-158.05,2.030408126530612,2.71
18.75,-158,2.0267346612244896,2.6799998
18.75,-157.95,2.022448948979592,2.6599998
18.75,-157.9,2.018367324489796,2.6499999
18.75,-157.85,2.015714267346939,2.6399999
18.75,-157.8,2.0142856959183675,2.6399999
18.75,-157.75,2.014693863265306,2.6499999
18.75,-157.7,2.016938751020408,2.6499999
18.75,-157.65,2.0173469040816325,2.6499999
18.75,-157.6,2.0161224163265308,2.6499999
18.75,-157.55,2.013877504081633,2.6599998
18.75,-157.5,2.011428532653061,2.6599998
18.75,-157.45,2.0091836408163264,2.6599998
18.75,-157.4,2.0077550836734694,2.6599998
18.75,-157.35,2.0059183469387754,2.6599998
18.75,-157.3,2.0036734489795918,2.6499999
18.75,-157.25,2.00122446122449,2.6399999
18.75,-157.2,1.9961224204081633,2.6299999
18.75,-157.15,1.9902040612244898,2.62
18.75,-157.1,1.9840816081632653,2.61
18.75,-157.05,1.975918330612245,2.6
18.75,-157,1.9683673204081633,2.58
18.75,-156.95,1.961020387755102,2.55
18.75,-156.9,1.954489775510204,2.53
18.75,-156.85,1.947550987755102,2.53
18.75,-156.8,1.9418366979591837,2.53
18.75,-156.75,1.9361224265306123,2.52
18.75,-156.7,1.9304081346938775,2.52
18.75,-156.65,1.9251020061224489,2.52
18.75,-156.6,1.9202040510204081,2.52
18.75,-156.55,1.9151020081632653,2.51
18.75,-156.5,1.9079591469387756,2.49
18.75,-156.45,1.8995917959183672,2.47
18.75,-156.4,1.888775469387755,2.44
18.75,-156.35,1.876122406122449,2.4099998
18.75,-156.3,1.8626530285714287,2.3999999
18.75,-156.25,1.8499999673469387,2.4099998
18.75,-156.2,1.838979569387755,2.4199998
18.75,-156.15,1.8287754959183673,2.4299998
18.75,-156.1,1.8169387510204082,2.45
18.75,-156.05,1.809387724489796,2.46
18.75,-156,1.805306087755102,2.47
18.75,-155.95,1.805510169387755,2.46
18.75,-155.9,1.8087754734693877,2.45
18.75,-155.85,1.8126530224489796,2.4299998
18.75,-155.8,1.8183673142857142,2.4199998
18.75,-155.75,1.825102,2.4199998
18.75,-155.7,1.8277550653061225,2.46
18.75,-155.65,1.8275509979591837,2.48
18.75,-155.6,1.8253061040816327,2.48
18.75,-155.55,1.819999981632653,2.5
18.75,-155.5,1.8126530306122448,2.51
18.75,-155.45,1.8065305918367347,2.49
18.75,-155.4,1.802244869387755,2.47
18.75,-155.35,1.8002040653061224,2.44
18.75,-155.3,1.8012244530612245,2.4199998
18.75,-155.25,1.805510181632653,2.3899999
18.75,-155.2,1.813265281632653,2.37
18.75,-155.15,1.821632618367347,2.36
18.75,-155.1,1.8336734367346939,2.37
18.75,-155.05,1.847346906122449,2.4299998
18.75,-155,1.8655101734693877,2.49
18.75,-154.95,1.8861224142857143,2.56
18.75,-154.9,1.9106122081632653,2.62
18.75,-154.85,1.9348979163265305,2.6599998
18.75,-154.8,1.9555101673469388,2.7
18.75,-154.75,1.9716326142857143,2.73
18.75,-154.7,1.9830611897959183,2.75
18.75,-154.65,1.9926530326530612,2.77
18.75,-154.6,2.000816293877551,2.78
18.75,-154.55,2.0063265040816325,2.78
18.75,-154.5,2.0124489469387754,2.78
18.75,-154.45,2.016938748979592,2.77
18.75,-154.4,2.022244867346939,2.79
18.75,-154.35,2.025714257142857,2.79
18.75,-154.3,2.0297958897959183,2.8
18.75,-154.25,2.035306093877551,2.81
18.75,-154.2,2.0385713979591835,2.82
18.75,-154.15,2.0402040489795916,2.83
18.75,-154.1,2.0395918040816325,2.84
18.75,-154.05,2.021836706122449,2.81
18.8,-160.95,2.1926530183673467,2.9299998
18.8,-160.9,2.2095918020408165,3.05
18.8,-160.85,2.2120407836734692,3.07
18.8,-160.8,2.2130611918367347,3.09
18.8,-160.75,2.2132652673469386,3.1
18.8,-160.7,2.210816281632653,3.1
18.8,-160.65,2.2055101693877552,3.09
18.8,-160.6,2.1995917979591835,3.08
18.8,-160.55,2.1932652632653062,3.06
18.8,-160.5,2.1881632306122447,3.05
18.8,-160.45,2.1846938448979594,3.04
18.8,-160.4,2.18448976122449,3.05
18.8,-160.35,2.1828571142857145,3.06
18.8,-160.3,2.1836734428571427,3.07
18.8,-160.25,2.1846938489795917,3.09
18.8,-160.2,2.187959157142857,3.1
18.8,-160.15,2.1889795612244898,3.11
18.8,-160.1,2.1895918040816325,3.12
18.8,-160.05,2.187959151020408,3.12
18.8,-160,2.1846938489795917,3.11
18.8,-159.95,2.179591812244898,3.1
18.8,-159.9,2.1746938551020407,3.09
18.8,-159.85,2.1697958979591836,3.08
18.8,-159.8,2.1636734408163263,3.07
18.8,-159.75,2.1587754775510204,3.07
18.8,-159.7,2.153061193877551,3.07
18.8,-159.65,2.1497958897959184,3.07
18.8,-159.6,2.145918336734694,3.06
18.8,-159.55,2.142653026530612,3.06
18.8,-159.5,2.139795873469388,3.06
18.8,-159.45,2.136734644897959,3.05
18.8,-159.4,2.133469342857143,3.04
18.8,-159.35,2.1287754653061226,3.02
18.8,-159.3,2.1255101591836736,3.01
18.8,-159.25,2.1214285306122447,2.99
18.8,-159.2,2.1161224163265304,2.98
18.8,-159.15,2.1095918,2.96
18.8,-159.1,2.103265263265306,2.9399998
18.8,-159.05,2.095918336734694,2.9299998
18.8,-159,2.0887754836734693,2.9199998
18.8,-158.95,2.0822448734693877,2.9099998
18.8,-158.9,2.078367318367347,2.9099998
18.8,-158.85,2.0742856918367347,2.8899999
18.8,-158.8,2.071632632653061,2.8799999
18.8,-158.75,2.069387736734694,2.87
18.8,-158.7,2.067959157142857,2.87
18.8,-158.65,2.0642856775510205,2.86
18.8,-158.6,2.0608162897959184,2.84
18.8,-158.55,2.0559183346938776,2.82
18.8,-158.5,2.04999996122449,2.79
18.8,-158.45,2.0457142551020406,2.77
18.8,-158.4,2.042448951020408,2.75
18.8,-158.35,2.0395918102040818,2.74
18.8,-158.3,2.037959142857143,2.73
18.8,-158.25,2.0373468979591838,2.73
18.8,-158.2,2.035918324489796,2.73
18.8,-158.15,2.034489757142857,2.73
18.8,-158.1,2.031632616326531,2.73
18.8,-158.05,2.0279591551020406,2.71
18.8,-158,2.024081614285714,2.69
18.8,-157.95,2.020204055102041,2.6699998
18.8,-157.9,2.0153061,2.6499999
18.8,-157.85,2.0128571224489797,2.6399999
18.8,-157.8,2.01244896122449,2.6399999
18.8,-157.75,2.0130612081632653,2.6399999
18.8,-157.7,2.015102018367347,2.6499999
18.8,-157.65,2.0151020081632653,2.6499999
18.8,-157.6,2.0144897714285714,2.6499999
18.8,-157.55,2.0128571102040818,2.6599998
18.8,-157.5,2.0104081285714286,2.6599998
18.8,-157.45,2.006734663265306,2.6599998
18.8,-157.4,2.0038775163265306,2.6599998
18.8,-157.35,2.001836712244898,2.6599998
18.8,-157.3,1.9991836387755102,2.6499999
18.8,-157.25,1.9967346551020408,2.6399999
18.8,-157.2,1.993265269387755,2.6299999
18.8,-157.15,1.9867346714285714,2.62
18.8,-157.1,1.9802040571428572,2.61
18.8,-157.05,1.9712244591836734,2.6
18.8,-157,1.9630611918367347,2.58
18.8,-156.95,1.954081606122449,2.56
18.8,-156.9,1.9463264918367347,2.54
18.8,-156.85,1.9399999653061224,2.52
18.8,-156.8,1.9322448591836734,2.5
18.8,-156.75,1.9248979265306123,2.48
18.8,-156.7,1.9171428142857143,2.48
18.8,-156.65,1.9093877163265305,2.47
18.8,-156.6,1.9018367040816326,2.46
18.8,-156.55,1.8951020142857142,2.45
18.8,-156.5,1.8871428122448979,2.4299998
18.8,-156.45,1.876530569387755,2.4199998
18.8,-156.4,1.8642856836734694,2.4099998
18.8,-156.35,1.848775481632653,2.3999999
18.8,-156.3,1.8318367081632654,2.3799999
18.8,-156.25,1.816326506122449,2.37
18.8,-156.2,1.801020381632653,2.37
18.8,-156.15,1.7851020081632654,2.37
18.8,-156.1,1.7712244530612244,2.37
18.8,-156.05,1.7595918020408163,2.3799999
18.8,-156,1.7516326102040816,2.3799999
18.8,-155.95,1.7491836326530612,2.3799999
18.8,-155.9,1.7485714102040817,2.37
18.8,-155.85,1.7526530387755102,2.36
18.8,-155.8,1.7610203918367346,2.36
18.8,-155.75,1.771632624489796,2.37
18.8,-155.7,1.783265281632653,2.3799999
18.8,-155.65,1.788775481632653,2.3899999
18.8,-155.6,1.7869387428571428,2.4199998
18.8,-155.55,1.7826530224489796,2.4199998
18.8,-155.5,1.7802040551020408,2.44
18.8,-155.45,1.777142824489796,2.45
18.8,-155.4,1.7740815959183673,2.4299998
18.8,-155.35,1.7744897612244899,2.4099998
18.8,-155.3,1.7759183306122448,2.37
18.8,-155.25,1.781836706122449,2.34
18.8,-155.2,1.7906122142857142,2.32
18.8,-155.15,1.8018366959183674,2.32
18.8,-155.1,1.8140815979591836,2.36
18.8,-155.05,1.830204044897959,2.4099998
18.8,-155,1.8491836346938775,2.48
18.8,-154.95,1.872040787755102,2.55
18.8,-154.9,1.8981632326530613,2.61
18.8,-154.85,1.925510163265306,2.6699998
18.8,-154.8,1.9491836408163266,2.7
18.8,-154.75,1.967346893877551,2.73
18.8,-154.7,1.9806122081632653,2.75
18.8,-154.65,1.9904081285714286,2.77
18.8,-154.6,1.9971428265306121,2.78
18.8,-154.55,2.0034693632653062,2.78
18.8,-154.5,2.009183642857143,2.77
18.8,-154.45,2.01591833877551,2.79
18.8,-154.4,2.0204081346938776,2.8
18.8,-154.35,2.0248979306122448,2.8
18.8,-154.3,2.029999973469388,2.81
18.8,-154.25,2.03367343877551,2.82
18.8,-154.2,2.0371428163265306,2.82
18.8,-154.15,2.038775469387755,2.83
18.8,-154.1,2.0389795551020407,2.84
18.8,-154.05,2.021836702040816,2.82
18.85,-160.95,2.1932652632653062,2.9299998
18.85,-160.9,2.212448948979592,3.05
18.85,-160.85,2.2138775163265305,3.07
18.85,-160.8,2.2163264979591837,3.08
18.85,-160.75,2.2171428265306123,3.09
18.85,-160.7,2.2146938469387756,3.09
18.85,-160.65,2.2106122142857143,3.09
18.85,-160.6,2.203265279591837,3.08
18.85,-160.55,2.19816323877551,3.06
18.85,-160.5,2.192040779591837,3.05
18.85,-160.45,2.188571393877551,3.05
18.85,-160.4,2.185510169387755,3.05
18.85,-160.35,2.185510163265306,3.06
18.85,-160.3,2.1857142551020408,3.07
18.85,-160.25,2.186734663265306,3.09
18.85,-160.2,2.1902040530612243,3.11
18.85,-160.15,2.1910203795918366,3.12
18.85,-160.1,2.191020369387755,3.1299999
18.85,-160.05,2.189795879591837,3.1299999
18.85,-160,2.1853060897959184,3.12
18.85,-159.95,2.181428536734694,3.12
18.85,-159.9,2.177142824489796,3.1
18.85,-159.85,2.1714285448979593,3.09
18.85,-159.8,2.1671428326530613,3.08
18.85,-159.75,2.1616326265306123,3.08
18.85,-159.7,2.1577550734693878,3.08
18.85,-159.65,2.1520407816326532,3.08
18.85,-159.6,2.1485713959183674,3.07
18.85,-159.55,2.144693842857143,3.07
18.85,-159.5,2.1416326142857143,3.07
18.85,-159.45,2.1375509714285714,3.06
18.85,-159.4,2.1340815836734692,3.05
18.85,-159.35,2.1297958734693876,3.03
18.85,-159.3,2.125918332653061,3.02
18.85,-159.25,2.121632612244898,3
18.85,-159.2,2.1167346591836735,2.98
18.85,-159.15,2.1124489469387755,2.97
18.85,-159.1,2.1051020142857144,2.95
18.85,-159.05,2.097346897959184,2.9299998
18.85,-159,2.090612210204082,2.9199998
18.85,-158.95,2.083673436734694,2.9099998
18.85,-158.9,2.0781632346938776,2.9099998
18.85,-158.85,2.074285687755102,2.8999999
18.85,-158.8,2.0693877265306124,2.8799999
18.85,-158.75,2.0675509918367347,2.87
18.85,-158.7,2.0659183428571426,2.86
18.85,-158.65,2.0622448693877553,2.85
18.85,-158.6,2.059591806122449,2.84
18.85,-158.55,2.055306081632653,2.82
18.85,-158.5,2.0506122040816326,2.8
18.85,-158.45,2.0457142551020406,2.77
18.85,-158.4,2.041632626530612,2.75
18.85,-158.35,2.0385713979591835,2.74
18.85,-158.3,2.0369387387755102,2.74
18.85,-158.25,2.0353060836734693,2.73
18.85,-158.2,2.034285675510204,2.73
18.85,-158.15,2.0330611857142857,2.73
18.85,-158.1,2.029795881632653,2.72
18.85,-158.05,2.0259183408163266,2.71
18.85,-158,2.02163263877551,2.69
18.85,-157.95,2.016734669387755,2.6699998
18.85,-157.9,2.0126530346938774,2.6499999
18.85,-157.85,2.0110203857142857,2.6399999
18.85,-157.8,2.01020406122449,2.6399999
18.85,-157.75,2.0106122204081633,2.6399999
18.85,-157.7,2.012448948979592,2.6499999
18.85,-157.65,2.0138775224489796,2.6499999
18.85,-157.6,2.0136734408163264,2.6499999
18.85,-157.55,2.011020375510204,2.6499999
18.85,-157.5,2.008367314285714,2.6599998
18.85,-157.45,2.004693844897959,2.6599998
18.85,-157.4,2.0006122183673467,2.6599998
18.85,-157.35,1.997755075510204,2.6599998
18.85,-157.3,1.995306081632653,2.6599998
18.85,-157.25,1.9934693469387754,2.6499999
18.85,-157.2,1.9897958795918367,2.6299999
18.85,-157.15,1.9840816020408163,2.62
18.85,-157.1,1.9759183469387755,2.61
18.85,-157.05,1.9681632326530611,2.6
18.85,-157,1.9587754714285714,2.58
18.85,-156.95,1.9489795591836734,2.56
18.85,-156.9,1.9412244530612244,2.54
18.85,-156.85,1.9326530285714285,2.52
18.85,-156.8,1.9230611897959184,2.5
18.85,-156.75,1.9134693510204082,2.48
18.85,-156.7,1.9028571102040817,2.45
18.85,-156.65,1.8926530306122449,2.4199998
18.85,-156.6,1.8822448653061223,2.3999999
18.85,-156.55,1.8718367,2.3799999
18.85,-156.5,1.8606122224489796,2.3999999
18.85,-156.45,1.8473469163265306,2.3999999
18.85,-156.4,1.8324489530612245,2.3899999
18.85,-156.35,1.8142856877551021,2.37
18.85,-156.3,1.7942856795918367,2.34
18.85,-156.25,1.7728571040816326,2.31
18.85,-156.2,1.7526530387755102,2.29
18.85,-156.15,1.7318367081632653,2.27
18.85,-156.1,1.712040769387755,2.26
18.85,-156.05,1.6957142591836734,2.25
18.85,-156,1.6818367102040817,2.24
18.85,-155.95,1.6718367040816327,2.23
18.85,-155.9,1.6651020020408163,2.22
18.85,-155.85,1.6620407857142856,2.21
18.85,-155.8,1.6663264857142857,2.22
18.85,-155.75,1.681632618367347,2.25
18.85,-155.7,1.7038775224489795,2.29
18.85,-155.65,1.7232652714285714,2.32
18.85,-155.6,1.735510175510204,2.34
18.85,-155.55,1.7377550734693876,2.34
18.85,-155.5,1.7418367102040817,2.34
18.85,-155.45,1.742857112244898,2.36
18.85,-155.4,1.7440816102040817,2.37
18.85,-155.35,1.7451020163265305,2.35
18.85,-155.3,1.7473469102040817,2.32
18.85,-155.25,1.7536734346938776,2.29
18.85,-155.2,1.7632652836734695,2.27
18.85,-155.15,1.7759183408163266,2.28
18.85,-155.1,1.7910203795918367,2.31
18.85,-155.05,1.8091836367346938,2.36
18.85,-155,1.830612206122449,2.44
18.85,-154.95,1.855714251020408,2.52
18.85,-154.9,1.8853060918367346,2.6
18.85,-154.85,1.915306087755102,2.6599998
18.85,-154.8,1.9430611897959182,2.71
18.85,-154.75,1.962653018367347,2.74
18.85,-154.7,1.9769387224489796,2.75
18.85,-154.65,1.9877550673469389,2.76
18.85,-154.6,1.9944897653061224,2.77
18.85,-154.55,2.0016326285714285,2.77
18.85,-154.5,2.0089795571428573,2.79
18.85,-154.45,2.0140816020408163,2.8
18.85,-154.4,2.0195918,2.81
18.85,-154.35,2.024081593877551,2.81
18.85,-154.3,2.0291836408163264,2.82
18.85,-154.25,2.033877512244898,2.82
18.85,-154.2,2.0367346469387755,2.83
18.85,-154.15,2.039387706122449,2.84
18.85,-154.1,2.038163224489796,2.84
18.85,-154.05,2.0195918040816325,2.82
18.9,-160.95,2.1938775040816325,2.9299998
18.9,-160.9,2.2140816020408165,3.05
18.9,-160.85,2.216122418367347,3.06
18.9,-160.8,2.218367314285714,3.07
18.9,-160.75,2.219795887755102,3.08
18.9,-160.7,2.217959155102041,3.08
18.9,-160.65,2.2142856816326533,3.08
18.9,-160.6,2.2085713959183675,3.08
18.9,-160.55,2.2030611897959185,3.07
18.9,-160.5,2.196734663265306,3.06
18.9,-160.45,2.192857106122449,3.05
18.9,-160.4,2.1906122040816327,3.05
18.9,-160.35,2.188775473469388,3.06
18.9,-160.3,2.188163232653061,3.08
18.9,-160.25,2.1889795612244898,3.09
18.9,-160.2,2.1912244673469385,3.11
18.9,-160.15,2.1924489551020407,3.12
18.9,-160.1,2.1920407816326533,3.1299999
18.9,-160.05,2.190204044897959,3.1399999
18.9,-160,2.18693873877551,3.1299999
18.9,-159.95,2.183469344897959,3.1299999
18.9,-159.9,2.178775475510204,3.12
18.9,-159.85,2.1757142530612246,3.11
18.9,-159.8,2.1710203795918366,3.1
18.9,-159.75,2.165918344897959,3.09
18.9,-159.7,2.1612244673469387,3.09
18.9,-159.65,2.1563264959183672,3.09
18.9,-159.6,2.152448948979592,3.08
18.9,-159.55,2.1477550673469388,3.08
18.9,-159.5,2.143265267346939,3.07
18.9,-159.45,2.139591793877551,3.07
18.9,-159.4,2.1353060755102042,3.06
18.9,-159.35,2.130816281632653,3.04
18.9,-159.3,2.127142818367347,3.03
18.9,-159.25,2.122653024489796,3.01
18.9,-159.2,2.119183636734694,2.99
18.9,-159.15,2.1140815979591836,2.97
18.9,-159.1,2.107346908163265,2.96
18.9,-159.05,2.100408130612245,2.9399998
18.9,-159,2.092857110204082,2.9199998
18.9,-158.95,2.0842856795918365,2.9099998
18.9,-158.9,2.077755069387755,2.8999999
18.9,-158.85,2.073061187755102,2.8999999
18.9,-158.8,2.0685713979591838,2.8899999
18.9,-158.75,2.0646938489795916,2.87
18.9,-158.7,2.0628571142857144,2.86
18.9,-158.65,2.061020373469388,2.85
18.9,-158.6,2.058775475510204,2.84
18.9,-158.55,2.0557142448979593,2.82
18.9,-158.5,2.0512244489795917,2.8
18.9,-158.45,2.0461224163265306,2.78
18.9,-158.4,2.042244875510204,2.76
18.9,-158.35,2.0385714040816327,2.75
18.9,-158.3,2.0355101734693877,2.74
18.9,-158.25,2.034285681632653,2.73
18.9,-158.2,2.032857106122449,2.73
18.9,-158.15,2.030408124489796,2.72
18.9,-158.1,2.028571393877551,2.72
18.9,-158.05,2.024081602040816,2.71
18.9,-158,2.019183651020408,2.69
18.9,-157.95,2.0148979346938773,2.6699998
18.9,-157.9,2.0102040530612246,2.6499999
18.9,-157.85,2.0067346653061224,2.6399999
18.9,-157.8,2.006734671428571,2.6399999
18.9,-157.75,2.008163242857143,2.6399999
18.9,-157.7,2.0106122163265305,2.6499999
18.9,-157.65,2.0122448632653063,2.6499999
18.9,-157.6,2.0126530285714286,2.6499999
18.9,-157.55,2.0108162959183673,2.6499999
18.9,-157.5,2.006734667346939,2.6499999
18.9,-157.45,2.002653032653061,2.6599998
18.9,-157.4,1.9975509918367347,2.6599998
18.9,-157.35,1.9946938306122448,2.6599998
18.9,-157.3,1.9920407653061225,2.6599998
18.9,-157.25,1.989387706122449,2.6499999
18.9,-157.2,1.9855101612244899,2.6399999
18.9,-157.15,1.9789795530612244,2.6299999
18.9,-157.1,1.9714285367346938,2.61
18.9,-157.05,1.9626530163265306,2.6
18.9,-157,1.9546938367346938,2.58
18.9,-156.95,1.9455101714285714,2.57
18.9,-156.9,1.936122412244898,2.55
18.9,-156.85,1.925306093877551,2.53
18.9,-156.8,1.914081606122449,2.5
18.9,-156.75,1.9028571224489796,2.48
18.9,-156.7,1.887959163265306,2.45
18.9,-156.65,1.8744897673469387,2.4099998
18.9,-156.6,1.8587754734693878,2.3799999
18.9,-156.55,1.8436734489795918,2.34
18.9,-156.5,1.829183651020408,2.36
18.9,-156.45,1.8118367163265305,2.37
18.9,-156.4,1.7930612020408163,2.36
18.9,-156.35,1.7702040387755102,2.32
18.9,-156.3,1.745102018367347,2.27
18.9,-156.25,1.7169387510204082,2.22
18.9,-156.2,1.6902040489795918,2.18
18.9,-156.15,1.6624489448979591,2.1299999
18.9,-156.1,1.6342856857142858,2.1
18.9,-156.05,1.6081632346938775,2.07
18.9,-156,1.5848979448979592,2.04
18.9,-155.95,1.563469363265306,2.01
18.9,-155.9,1.5402040489795918,1.9699999
18.9,-155.85,1.5202040510204082,1.9399999
18.9,-155.8,1.5093877163265306,1.92
18.9,-155.75,1.509795881632653,1.9499999
18.9,-155.7,1.5195918020408163,2
18.9,-155.65,1.5885713857142858,2.1499999
18.9,-155.6,1.6659183346938775,2.27
18.9,-155.55,1.6865305775510204,2.26
18.9,-155.5,1.697142830612245,2.26
18.9,-155.45,1.704285693877551,2.25
18.9,-155.4,1.7073469020408163,2.25
18.9,-155.35,1.7097958897959185,2.27
18.9,-155.3,1.713877518367347,2.26
18.9,-155.25,1.7210203775510204,2.24
18.9,-155.2,1.7306122,2.22
18.9,-155.15,1.7446938530612246,2.22
18.9,-155.1,1.762653012244898,2.25
18.9,-155.05,1.7836734367346938,2.31
18.9,-155,1.8091836285714284,2.3999999
18.9,-154.95,1.83795913877551,2.49
18.9,-154.9,1.8712244489795917,2.58
18.9,-154.85,1.905306093877551,2.6499999
18.9,-154.8,1.935510169387755,2.71
18.9,-154.75,1.957755063265306,2.74
18.9,-154.7,1.9726530102040816,2.75
18.9,-154.65,1.9857142530612244,2.76
18.9,-154.6,1.9934693530612244,2.76
18.9,-154.55,2.0008162959183675,2.78
18.9,-154.5,2.0085713979591837,2.79
18.9,-154.45,2.0144897632653063,2.81
18.9,-154.4,2.0202040469387756,2.82
18.9,-154.35,2.0251020020408164,2.82
18.9,-154.3,2.0295917979591835,2.83
18.9,-154.25,2.033673430612245,2.83
18.9,-154.2,2.0365305653061223,2.84
18.9,-154.15,2.039387710204082,2.84
18.9,-154.1,2.038163232653061,2.85
18.9,-154.05,2.018571395918367,2.82
18.95,-160.95,2.1942856653061225,2.9299998
18.95,-160.9,2.2167346571428572,3.05
18.95,-160.85,2.2195918081632655,3.06
18.95,-160.8,2.221632620408163,3.07
18.95,-160.75,2.2218366979591835,3.07
18.95,-160.7,2.2210203775510204,3.07
18.95,-160.65,2.2181632346938773,3.07
18.95,-160.6,2.2138775122448977,3.07
18.95,-160.55,2.2075509836734692,3.07
18.95,-160.5,2.2012244530612244,3.06
18.95,-160.45,2.197550981632653,3.06
18.95,-160.4,2.1938775040816325,3.06
18.95,-160.35,2.1916326102040817,3.07
18.95,-160.3,2.190816293877551,3.08
18.95,-160.25,2.192040783673469,3.1
18.95,-160.2,2.192857118367347,3.12
18.95,-160.15,2.193673442857143,3.1299999
18.95,-160.1,2.1942856816326533,3.1399999
18.95,-160.05,2.19102037755102,3.1399999
18.95,-160,2.188571393877551,3.1399999
18.95,-159.95,2.185918332653061,3.1399999
18.95,-159.9,2.182040773469388,3.1299999
18.95,-159.85,2.1785713959183672,3.12
18.95,-159.8,2.1740816,3.11
18.95,-159.75,2.1687754795918366,3.11
18.95,-159.7,2.1653061,3.1
18.95,-159.65,2.160612218367347,3.1
18.95,-159.6,2.1559183367346937,3.09
18.95,-159.55,2.151224457142857,3.09
18.95,-159.5,2.147346904081633,3.08
18.95,-159.45,2.1418367,3.07
18.95,-159.4,2.1365305734693876,3.06
18.95,-159.35,2.1322448591836736,3.05
18.95,-159.3,2.1283673081632655,3.03
18.95,-159.25,2.123877518367347,3.02
18.95,-159.2,2.1202040489795917,3
18.95,-159.15,2.1151020040816326,2.98
18.95,-159.1,2.109795887755102,2.96
18.95,-159.05,2.1026530326530612,2.95
18.95,-159,2.0936734408163264,2.9299998
18.95,-158.95,2.0859183346938774,2.9099998
18.95,-158.9,2.0787754775510203,2.8999999
18.95,-158.85,2.0718367,2.8899999
18.95,-158.8,2.067755073469388,2.8899999
18.95,-158.75,2.063877518367347,2.8799999
18.95,-158.7,2.0616326204081634,2.86
18.95,-158.65,2.059795881632653,2.85
18.95,-158.6,2.058163224489796,2.83
18.95,-158.55,2.055101993877551,2.82
18.95,-158.5,2.052040773469388,2.81
18.95,-158.45,2.0469387448979592,2.79
18.95,-158.4,2.0430611979591835,2.77
18.95,-158.35,2.0387754775510203,2.75
18.95,-158.3,2.035714255102041,2.74
18.95,-158.25,2.0328571102040818,2.73
18.95,-158.2,2.0312244571428573,2.73
18.95,-158.15,2.028571393877551,2.72
18.95,-158.1,2.026122414285714,2.71
18.95,-158.05,2.0218366979591837,2.7
18.95,-158,2.0175509918367345,2.69
18.95,-157.95,2.012653026530612,2.6699998
18.95,-157.9,2.0085714020408165,2.6499999
18.95,-157.85,2.006122418367347,2.6399999
18.95,-157.8,2.005918342857143,2.6399999
18.95,-157.75,2.007142832653061,2.6399999
18.95,-157.7,2.009183651020408,2.6499999
18.95,-157.65,2.010816293877551,2.6499999
18.95,-157.6,2.0112244571428572,2.6499999
18.95,-157.55,2.0087754775510205,2.6399999
18.95,-157.5,2.004489767346939,2.6499999
18.95,-157.45,1.999387718367347,2.6499999
18.95,-157.4,1.9955101673469386,2.6599998
18.95,-157.35,1.991020363265306,2.6599998
18.95,-157.3,1.9879591387755102,2.6599998
18.95,-157.25,1.9857142408163264,2.6599998
18.95,-157.2,1.981632612244898,2.6499999
18.95,-157.15,1.975306087755102,2.6399999
18.95,-157.1,1.9667346591836734,2.6299999
18.95,-157.05,1.958163230612245,2.62
18.95,-157,1.9477550673469388,2.6
18.95,-156.95,1.9383673081632653,2.58
18.95,-156.9,1.9277550653061224,2.56
18.95,-156.85,1.9157142632653061,2.54
18.95,-156.8,1.9030612,2.51
18.95,-156.75,1.8887754857142858,2.49
18.95,-156.7,1.871020387755102,2.45
18.95,-156.65,1.854285687755102,2.3999999
18.95,-156.6,1.8346938551020409,2.37
18.95,-156.55,1.815102012244898,2.33
18.95,-156.5,1.793469357142857,2.31
18.95,-156.45,1.7710203795918367,2.33
18.95,-156.4,1.7455101795918366,2.31
18.95,-156.35,1.716530575510204,2.26
18.95,-156.3,1.6834693653061223,2.19
18.95,-156.25,1.6493877163265307,2.1299999
18.95,-156.2,1.6118367020408164,2.1
18.95,-156.15,1.573469357142857,2.08
18.95,-156.1,1.5326530204081632,2.05
18.95,-156.05,1.4908162979591837,2.02
18.95,-156,1.448163251020408,1.99
18.95,-155.95,1.4014285469387755,1.93
18.95,-155.9,1.3393877326530612,1.87
18.95,-155.85,1.2495918224489795,1.78
18.95,-155.8,1.1212244687755102,1.62
18.95,-155.75,0.8291836593877551,1.27
18.95,-155.6,1.5053060930612245,2.08
18.95,-155.55,1.6238775306122448,2.24
18.95,-155.5,1.6430611959183674,2.21
18.95,-155.45,1.655918348979592,2.19
18.95,-155.4,1.6628571081632653,2.1699998
18.95,-155.35,1.6681632346938775,2.1399999
18.95,-155.3,1.6726530326530613,2.1499999
18.95,-155.25,1.6806122102040817,2.1599998
18.95,-155.2,1.691428536734694,2.1599998
18.95,-155.15,1.7069387408163266,2.1599998
18.95,-155.1,1.7281632346938776,2.2
18.95,-155.05,1.7538775,2.27
18.95,-155,1.7844897734693876,2.36
18.95,-154.95,1.8171428081632652,2.46
18.95,-154.9,1.855306081632653,2.55
18.95,-154.85,1.8936734346938775,2.6399999
18.95,-154.8,1.9271428326530613,2.7
18.95,-154.75,1.9532652734693878,2.74
18.95,-154.7,1.970612193877551,2.76
18.95,-154.65,1.9830611775510205,2.76
18.95,-154.6,1.9934693551020408,2.76
18.95,-154.55,2.001428536734694,2.78
18.95,-154.5,2.0083673224489798,2.8
18.95,-154.45,2.0151020102040818,2.81
18.95,-154.4,2.021224457142857,2.82
18.95,-154.35,2.0263264979591837,2.83
18.95,-154.3,2.0308162897959185,2.84
18.95,-154.25,2.0342856673469387,2.84
18.95,-154.2,2.0369387265306123,2.84
18.95,-154.15,2.0404081224489796,2.85
18.95,-154.1,2.038775481632653,2.85
18.95,-154.05,2.0165305795918367,2.81
19,-160.95,2.194489755102041,2.9299998
19,-160.9,2.2199999653061226,3.05
19,-160.85,2.221428536734694,3.06
19,-160.8,2.22469383877551,3.07
19,-160.75,2.225306079591837,3.07
19,-160.7,2.2240815918367347,3.07
19,-160.65,2.220816287755102,3.07
19,-160.6,2.216734655102041,3.07
19,-160.55,2.212448944897959,3.07
19,-160.5,2.2065305795918366,3.07
19,-160.45,2.202040785714286,3.07
19,-160.4,2.1981632346938778,3.07
19,-160.35,2.1957142530612246,3.08
19,-160.3,2.194693844897959,3.09
19,-160.25,2.193877524489796,3.11
19,-160.2,2.194897932653061,3.12
19,-160.15,2.1946938530612243,3.1399999
19,-160.1,2.1946938469387756,3.1399999
19,-160.05,2.193469355102041,3.1499999
19,-160,2.1908162959183675,3.1399999
19,-159.95,2.187346906122449,3.1399999
19,-159.9,2.184489763265306,3.1299999
19,-159.85,2.180816291836735,3.1299999
19,-159.8,2.1775509836734694,3.12
19,-159.75,2.1730611918367346,3.12
19,-159.7,2.1685714,3.11
19,-159.65,2.1651020163265304,3.11
19,-159.6,2.1604081346938777,3.1
19,-159.55,2.1553060836734694,3.09
19,-159.5,2.1506122102040814,3.09
19,-159.45,2.1446938469387753,3.08
19,-159.4,2.1389795591836736,3.07
19,-159.35,2.135306081632653,3.06
19,-159.3,2.129387726530612,3.04
19,-159.25,2.1253060897959184,3.03
19,-159.2,2.1214285387755103,3.01
19,-159.15,2.1157142530612245,2.99
19,-159.1,2.110612214285714,2.97
19,-159.05,2.104081597959184,2.95
19,-159,2.0955101714285713,2.9299998
19,-158.95,2.087142830612245,2.9199998
19,-158.9,2.078775475510204,2.8999999
19,-158.85,2.0720407714285716,2.8899999
19,-158.8,2.067755063265306,2.8799999
19,-158.75,2.0632652714285715,2.87
19,-158.7,2.061428530612245,2.86
19,-158.65,2.0604081224489796,2.85
19,-158.6,2.057959142857143,2.83
19,-158.55,2.0548979163265306,2.82
19,-158.5,2.051428530612245,2.81
19,-158.45,2.0463265,2.79
19,-158.4,2.042653032653061,2.77
19,-158.35,2.0371428204081634,2.75
19,-158.3,2.034693844897959,2.74
19,-158.25,2.0312244591836737,2.73
19,-158.2,2.028571393877551,2.72
19,-158.15,2.0255101755102043,2.71
19,-158.1,2.023061193877551,2.7
19,-158.05,2.019999967346939,2.69
19,-158,2.016530575510204,2.6799998
19,-157.95,2.011632624489796,2.6699998
19,-157.9,2.0083673163265305,2.6599998
19,-157.85,2.0046938469387756,2.6399999
19,-157.8,2.003673436734694,2.6399999
19,-157.75,2.0046938530612244,2.6399999
19,-157.7,2.006734667346939,2.6499999
19,-157.65,2.0073469142857143,2.6499999
19,-157.6,2.0083673204081633,2.6499999
19,-157.55,2.0069387469387756,2.6399999
19,-157.5,2.002040781632653,2.6399999
19,-157.45,1.996326493877551,2.6399999
19,-157.4,1.9912244510204082,2.6499999
19,-157.35,1.9871428204081631,2.6599998
19,-157.3,1.9836734367346938,2.6599998
19,-157.25,1.981020375510204,2.6599998
19,-157.2,1.9765305775510205,2.6499999
19,-157.15,1.9699999734693878,2.6499999
19,-157.1,1.9618367081632653,2.6499999
19,-157.05,1.9524489551020408,2.6399999
19,-157,1.942653032653061,2.62
19,-156.95,1.930816293877551,2.61
19,-156.9,1.9181632285714285,2.59
19,-156.85,1.9065305795918368,2.57
19,-156.8,1.8908163,2.54
19,-156.75,1.8734693551020407,2.51
19,-156.7,1.8544897714285713,2.48
19,-156.65,1.8334693530612245,2.4299998
19,-156.6,1.8091836530612244,2.37
19,-156.55,1.7846938510204082,2.31
19,-156.5,1.7581632367346938,2.26
19,-156.45,1.7287754918367346,2.27
19,-156.4,1.6955101653061224,2.25
19,-156.35,1.660816293877551,2.2
19,-156.3,1.6187754857142858,2.12
19,-156.25,1.5740816040816326,2.09
19,-156.2,1.5275509918367347,2.06
19,-156.15,1.4781632285714286,2.03
19,-156.1,1.425306087755102,2
19,-156.05,1.3673469081632652,1.9499999
19,-156,1.3063265102040815,1.9
19,-155.95,1.2430612081632653,1.8399999
19,-155.9,1.131020384489796,1.74
19,-155.85,0.9506122342857143,1.5
19,-155.8,0.7257142763265306,1.22
19,-155.55,1.4963264991836733,2.11
19,-155.5,1.5708163020408163,2.1699998
19,-155.45,1.5932652693877551,2.1399999
19,-155.4,1.6077550795918367,2.12
19,-155.35,1.6130611959183674,2.09
19,-155.3,1.622040787755102,2.08
19,-155.25,1.6322448673469387,2.07
19,-155.2,1.6453060836734694,2.08
19,-155.15,1.6632652775510204,2.1
19,-155.1,1.6869387489795917,2.1399999
19,-155.05,1.7173469142857143,2.21
19,-155,1.752244857142857,2.3
19,-154.95,1.791836706122449,2.4099998
19,-154.9,1.8359183265306123,2.52
19,-154.85,1.8810203612244898,2.62
19,-154.8,1.920816293877551,2.69
19,-154.75,1.9483673142857143,2.74
19,-154.7,1.9667346489795918,2.76
19,-154.65,1.9806121959183673,2.77
19,-154.6,1.9912244510204082,2.77
19,-154.55,2.000204048979592,2.79
19,-154.5,2.0087754816326533,2.81
19,-154.45,2.016326506122449,2.82
19,-154.4,2.023061193877551,2.83
19,-154.35,2.028367310204082,2.84
19,-154.3,2.0316326142857144,2.84
19,-154.25,2.035101993877551,2.85
19,-154.2,2.038979548979592,2.85
19,-154.15,2.0406122061224488,2.86
19,-154.1,2.041428544897959,2.86
19,-154.05,2.014693848979592,2.81
19.05,-160.95,2.196530575510204,2.9299998
19.05,-160.9,2.2236734285714284,3.04
19.05,-160.85,2.224285675510204,3.06
19.05,-160.8,2.2263264959183675,3.06
19.05,-160.75,2.2267346530612246,3.07
19.05,-160.7,2.2263264897959183,3.07
19.05,-160.65,2.2236734346938776,3.06
19.05,-160.6,2.2210203734693876,3.07
19.05,-160.55,2.2161224163265305,3.07
19.05,-160.5,2.2116326204081633,3.08
19.05,-160.45,2.2065305795918366,3.08
19.05,-160.4,2.2022448714285714,3.08
19.05,-160.35,2.1999999714285714,3.09
19.05,-160.3,2.1983673204081633,3.1
19.05,-160.25,2.196530583673469,3.11
19.05,-160.2,2.1973469081632655,3.1299999
19.05,-160.15,2.1965305816326532,3.1399999
19.05,-160.1,2.1971428306122447,3.1499999
19.05,-160.05,2.1957142591836734,3.1499999
19.05,-160,2.193061197959184,3.1499999
19.05,-159.95,2.1906122163265307,3.1399999
19.05,-159.9,2.186530585714286,3.1399999
19.05,-159.85,2.1828571142857145,3.1299999
19.05,-159.8,2.1802040489795917,3.1299999
19.05,-159.75,2.1769387408163263,3.1299999
19.05,-159.7,2.1732652795918366,3.12
19.05,-159.65,2.1697958897959184,3.12
19.05,-159.6,2.165306093877551,3.11
19.05,-159.55,2.1591836408163267,3.1
19.05,-159.5,2.1524489408163263,3.09
19.05,-159.45,2.1465305795918366,3.08
19.05,-159.4,2.140816295918367,3.07
19.05,-159.35,2.134897920408163,3.06
19.05,-159.3,2.131224451020408,3.05
19.05,-159.25,2.127550979591837,3.03
19.05,-159.2,2.1224489448979593,3.02
19.05,-159.15,2.1185713979591836,3
19.05,-159.1,2.113469355102041,2.98
19.05,-159.05,2.106122418367347,2.96
19.05,-159,2.0971428224489794,2.9399998
19.05,-158.95,2.089591808163265,2.9199998
19.05,-158.9,2.0804081346938776,2.8999999
19.05,-158.85,2.0724489387755103,2.8899999
19.05,-158.8,2.0675509775510204,2.8799999
19.05,-158.75,2.0644897571428573,2.87
19.05,-158.7,2.0628571020408164,2.86
19.05,-158.65,2.060408124489796,2.85
19.05,-158.6,2.058571383673469,2.84
19.05,-158.55,2.0563264857142856,2.82
19.05,-158.5,2.0522448591836735,2.8
19.05,-158.45,2.047346904081633,2.79
19.05,-158.4,2.0414285387755102,2.77
19.05,-158.35,2.0363264897959183,2.75
19.05,-158.3,2.0322448591836735,2.73
19.05,-158.25,2.028775469387755,2.72
19.05,-158.2,2.025918336734694,2.71
19.05,-158.15,2.0230611979591835,2.71
19.05,-158.1,2.020204051020408,2.7
19.05,-158.05,2.017550993877551,2.69
19.05,-158,2.013061193877551,2.6699998
19.05,-157.95,2.0093877285714283,2.6599998
19.05,-157.9,2.005714263265306,2.6599998
19.05,-157.85,2.002448951020408,2.6499999
19.05,-157.8,2.002244867346939,2.6499999
19.05,-157.75,2.0018367040816325,2.6499999
19.05,-157.7,2.003673442857143,2.6499999
19.05,-157.65,2.0040816102040817,2.6499999
19.05,-157.6,2.005102006122449,2.6499999
19.05,-157.55,2.0034693510204082,2.6399999
19.05,-157.5,1.9987754734693877,2.6399999
19.05,-157.45,1.992857106122449,2.6299999
19.05,-157.4,1.9879591510204082,2.6399999
19.05,-157.35,1.9830611938775509,2.6399999
19.05,-157.3,1.979999969387755,2.6499999
19.05,-157.25,1.9767346673469388,2.6599998
19.05,-157.2,1.9718367122448979,2.6499999
19.05,-157.15,1.9653061020408162,2.6599998
19.05,-157.1,1.9563265061224488,2.6599998
19.05,-157.05,1.9469387510204081,2.6599998
19.05,-157,1.935918336734694,2.6499999
19.05,-156.95,1.9244897673469388,2.6399999
19.05,-156.9,1.9110203714285714,2.62
19.05,-156.85,1.8969387408163265,2.6
19.05,-156.8,1.8795918102040816,2.57
19.05,-156.75,1.8599999734693877,2.54
19.05,-156.7,1.837959144897959,2.51
19.05,-156.65,1.8128571081632652,2.46
19.05,-156.6,1.7863264897959183,2.4099998
19.05,-156.55,1.7579591469387754,2.33
19.05,-156.5,1.7261224204081633,2.25
19.05,-156.45,1.6918367122448978,2.21
19.05,-156.4,1.6524489510204081,2.19
19.05,-156.35,1.6093877142857143,2.1299999
19.05,-156.3,1.5589795653061225,2.08
19.05,-156.25,1.5036734448979592,2.05
19.05,-156.2,1.4469387428571427,2.01
19.05,-156.15,1.3877550714285714,1.9799999
19.05,-156.1,1.3226530326530612,1.9399999
19.05,-156.05,1.252244875510204,1.89
19.05,-156,1.1740816177551021,1.8199999
19.05,-155.95,1.0769387648979591,1.7199999
19.05,-155.9,0.7977550893877551,1.38
19.05,-155.55,1.3124489612244898,1.8299999
19.05,-155.5,1.4636734381632652,2.04
19.05,-155.45,1.5128571032653062,2.05
19.05,-155.4,1.5326530326530612,2.03
19.05,-155.35,1.5446938448979592,2.01
19.05,-155.3,1.555102018367347,2
19.05,-155.25,1.570612218367347,1.99
19.05,-155.2,1.5869387408163265,2
19.05,-155.15,1.607550987755102,2.01
19.05,-155.1,1.6348979285714285,2.05
19.05,-155.05,1.669591806122449,2.12
19.05,-155,1.7110203795918366,2.22
19.05,-154.95,1.7587754857142857,2.35
19.05,-154.9,1.8114285387755102,2.48
19.05,-154.85,1.8657142591836735,2.6
19.05,-154.8,1.9140815897959182,2.6799998
19.05,-154.75,1.9434693551020408,2.73
19.05,-154.7,1.963673424489796,2.76
19.05,-154.65,1.9793877040816326,2.77
19.05,-154.6,1.9902040469387754,2.77
19.05,-154.55,1.999999963265306,2.8
19.05,-154.5,2.0087754775510205,2.81
19.05,-154.45,2.016734673469388,2.82
19.05,-154.4,2.022448955102041,2.83
19.05,-154.35,2.0269387408163264,2.84
19.05,-154.3,2.032448942857143,2.85
19.05,-154.25,2.036122408163265,2.85
19.05,-154.2,2.039387712244898,2.86
19.05,-154.15,2.042857104081633,2.86
19.05,-154.1,2.0420407857142857,2.86
19.05,-154.05,2.017142814285714,2.82
19.1,-160.95,2.197550985714286,2.9299998
19.1,-160.9,2.22693873877551,3.05
19.1,-160.85,2.2259183306122448,3.06
19.1,-160.8,2.2281632265306124,3.06
19.1,-160.75,2.227959144897959,3.06
19.1,-160.7,2.228367308163265,3.06
19.1,-160.65,2.2277550734693876,3.06
19.1,-160.6,2.22448976122449,3.06
19.1,-160.55,2.2214285408163263,3.07
19.1,-160.5,2.2157142591836734,3.08
19.1,-160.45,2.2104081469387755,3.09
19.1,-160.4,2.206530593877551,3.09
19.1,-160.35,2.203877530612245,3.09
19.1,-160.3,2.202040793877551,3.1
19.1,-160.25,2.200612218367347,3.11
19.1,-160.2,2.200204051020408,3.12
19.1,-160.15,2.2002040469387754,3.1399999
19.1,-160.1,2.1999999714285714,3.1499999
19.1,-160.05,2.198775487755102,3.1499999
19.1,-160,2.195714255102041,3.1499999
19.1,-159.95,2.192244863265306,3.1499999
19.1,-159.9,2.1883673142857143,3.1399999
19.1,-159.85,2.1859183387755103,3.1399999
19.1,-159.8,2.183265279591837,3.1299999
19.1,-159.75,2.180204051020408,3.1299999
19.1,-159.7,2.177550989795918,3.1299999
19.1,-159.65,2.173265273469388,3.12
19.1,-159.6,2.1687754795918366,3.12
19.1,-159.55,2.163061193877551,3.11
19.1,-159.5,2.157142818367347,3.1
19.1,-159.45,2.150204044897959,3.08
19.1,-159.4,2.1430611897959184,3.07
19.1,-159.35,2.1379591469387753,3.06
19.1,-159.3,2.133265263265306,3.05
19.1,-159.25,2.1302040408163263,3.04
19.1,-159.2,2.126122406122449,3.02
19.1,-159.15,2.1216326142857143,3.01
19.1,-159.1,2.1159183346938777,2.99
19.1,-159.05,2.108775475510204,2.97
19.1,-159,2.1002040469387757,2.9399998
19.1,-158.95,2.0912244612244897,2.9199998
19.1,-158.9,2.082448955102041,2.8999999
19.1,-158.85,2.0738775224489796,2.8799999
19.1,-158.8,2.0685713979591838,2.87
19.1,-158.75,2.064489755102041,2.86
19.1,-158.7,2.0614285346938774,2.86
19.1,-158.65,2.061020373469388,2.85
19.1,-158.6,2.0589795551020407,2.84
19.1,-158.55,2.055714242857143,2.82
19.1,-158.5,2.052040781632653,2.8
19.1,-158.45,2.0465305836734693,2.78
19.1,-158.4,2.0412244632653063,2.77
19.1,-158.35,2.0348979204081634,2.75
19.1,-158.3,2.0299999551020407,2.73
19.1,-158.25,2.0257142469387754,2.72
19.1,-158.2,2.0234693591836734,2.71
19.1,-158.15,2.0195918102040817,2.7
19.1,-158.1,2.016938748979592,2.69
19.1,-158.05,2.0140816040816327,2.6799998
19.1,-158,2.0114285469387756,2.6699998
19.1,-157.95,2.0075509918367347,2.6599998
19.1,-157.9,2.0044897714285717,2.6499999
19.1,-157.85,2.000612224489796,2.6499999
19.1,-157.8,1.9987754959183672,2.6499999
19.1,-157.75,1.998979569387755,2.6499999
19.1,-157.7,2.0002040469387756,2.6599998
19.1,-157.65,1.9999999673469386,2.6499999
19.1,-157.6,2.0008162959183675,2.6599998
19.1,-157.55,1.9993877224489796,2.6599998
19.1,-157.5,1.994489763265306,2.6599998
19.1,-157.45,1.988367312244898,2.6499999
19.1,-157.4,1.982857124489796,2.6499999
19.1,-157.35,1.9789795591836734,2.6399999
19.1,-157.3,1.9748979265306121,2.6399999
19.1,-157.25,1.971632632653061,2.6499999
19.1,-157.2,1.9675510020408162,2.6599998
19.1,-157.15,1.9606122244897959,2.6699998
19.1,-157.1,1.9520407857142856,2.6699998
19.1,-157.05,1.9420407897959184,2.6699998
19.1,-157,1.9310203795918366,2.6699998
19.1,-156.95,1.9181632469387755,2.6599998
19.1,-156.9,1.9053060979591836,2.6499999
19.1,-156.85,1.887346912244898,2.6299999
19.1,-156.8,1.8699999775510203,2.6
19.1,-156.75,1.8475509979591838,2.57
19.1,-156.7,1.8222448612244897,2.54
19.1,-156.65,1.7946938469387754,2.5
19.1,-156.6,1.7640815979591837,2.44
19.1,-156.55,1.7318367040816327,2.37
19.1,-156.5,1.6977550734693878,2.27
19.1,-156.45,1.6589795489795918,2.1699998
19.1,-156.4,1.615102012244898,2.12
19.1,-156.35,1.5634693714285715,2.07
19.1,-156.3,1.5057142469387754,2.03
19.1,-156.25,1.442040781632653,2
19.1,-156.2,1.3738775265306122,1.9599999
19.1,-156.15,1.3046938530612244,1.91
19.1,-156.1,1.2285714034693878,1.8499999
19.1,-156.05,1.142857127755102,1.75
19.1,-156,1.0440816148979593,1.65
19.1,-155.95,0.8818367212244898,1.4499999
19.1,-155.5,1.2995918132653062,1.89
19.1,-155.45,1.3987754830612245,2
19.1,-155.4,1.4377550746938774,1.9799999
19.1,-155.35,1.455510181020408,1.9599999
19.1,-155.3,1.4687754775510204,1.91
19.1,-155.25,1.4885713918367347,1.87
19.1,-155.2,1.512653030612245,1.87
19.1,-155.15,1.5357142510204083,1.89
19.1,-155.1,1.568979569387755,1.93
19.1,-155.05,1.608571393877551,2
19.1,-155,1.6585713979591836,2.12
19.1,-154.95,1.7169387387755102,2.27
19.1,-154.9,1.7797958857142857,2.4299998
19.1,-154.85,1.8471428306122448,2.57
19.1,-154.8,1.904081593877551,2.6799998
19.1,-154.75,1.9387754836734694,2.73
19.1,-154.7,1.9606121979591837,2.75
19.1,-154.65,1.977346893877551,2.76
19.1,-154.6,1.9897958857142857,2.78
19.1,-154.55,2.0008162979591835,2.8
19.1,-154.5,2.009591808163265,2.82
19.1,-154.45,2.0167346673469386,2.83
19.1,-154.4,2.0230611897959183,2.84
19.1,-154.35,2.0275509857142855,2.85
19.1,-154.3,2.03265302244898,2.85
19.1,-154.25,2.036938736734694,2.86
19.1,-154.2,2.0412244551020406,2.86
19.1,-154.15,2.0442856734693877,2.87
19.1,-154.1,2.0446938530612244,2.87
19.1,-154.05,2.0204081265306124,2.82
19.15,-160.95,2.1991836387755104,2.9299998
19.15,-160.9,2.227346906122449,3.05
19.15,-160.85,2.2275509857142857,3.07
19.15,-160.8,2.2302040469387756,3.07
19.15,-160.75,2.2304081285714283,3.07
19.15,-160.7,2.2320407775510205,3.07
19.15,-160.65,2.231224457142857,3.06
19.15,-160.6,2.2283673142857143,3.05
19.15,-160.55,2.224897930612245,3.06
19.15,-160.5,2.219795893877551,3.07
19.15,-160.45,2.2161224285714285,3.08
19.15,-160.4,2.212040795918367,3.09
19.15,-160.35,2.2091836530612246,3.1
19.15,-160.3,2.206734673469388,3.1
19.15,-160.25,2.2051020204081633,3.11
19.15,-160.2,2.204897930612245,3.12
19.15,-160.15,2.2044897673469386,3.1299999
19.15,-160.1,2.2034693612244896,3.1399999
19.15,-160.05,2.2010203734693876,3.1499999
19.15,-160,2.1981632326530613,3.1499999
19.15,-159.95,2.194081606122449,3.1499999
19.15,-159.9,2.189999969387755,3.1399999
19.15,-159.85,2.1871428326530613,3.1399999
19.15,-159.8,2.184285689795918,3.1299999
19.15,-159.75,2.1830611979591836,3.1299999
19.15,-159.7,2.1806122204081633,3.1299999
19.15,-159.65,2.1769387510204083,3.12
19.15,-159.6,2.1736734367346937,3.12
19.15,-159.55,2.168571397959184,3.11
19.15,-159.5,2.1618367,3.1
19.15,-159.45,2.1544897591836736,3.08
19.15,-159.4,2.1469387367346937,3.07
19.15,-159.35,2.1414285285714287,3.05
19.15,-159.3,2.1373468959183675,3.05
19.15,-159.25,2.1334693448979594,3.04
19.15,-159.2,2.1295917979591836,3.03
19.15,-159.15,2.1248979204081633,3.01
19.15,-159.1,2.119999967346939,2.99
19.15,-159.05,2.1126530285714287,2.97
19.15,-159,2.1034693591836735,2.95
19.15,-158.95,2.0936734346938777,2.9199998
19.15,-158.9,2.083877526530612,2.8999999
19.15,-158.85,2.075918336734694,2.8799999
19.15,-158.8,2.0697958795918368,2.86
19.15,-158.75,2.06469383877551,2.86
19.15,-158.7,2.062040781632653,2.85
19.15,-158.65,2.0602040489795916,2.84
19.15,-158.6,2.058571395918367,2.83
19.15,-158.55,2.0555101734693877,2.82
19.15,-158.5,2.050612210204082,2.8
19.15,-158.45,2.044693851020408,2.78
19.15,-158.4,2.0389795714285714,2.76
19.15,-158.35,2.0332652714285713,2.74
19.15,-158.3,2.027346906122449,2.73
19.15,-158.25,2.0226530306122448,2.71
19.15,-158.2,2.0185714,2.7
19.15,-158.15,2.0157142571428572,2.69
19.15,-158.1,2.0128571081632654,2.6799998
19.15,-158.05,2.0112244571428572,2.6699998
19.15,-158,2.0087754836734693,2.6599998
19.15,-157.95,2.0059183448979594,2.6499999
19.15,-157.9,2.0026530346938776,2.6399999
19.15,-157.85,1.999795893877551,2.6399999
19.15,-157.8,1.9973469163265305,2.6499999
19.15,-157.75,1.9961224265306123,2.6499999
19.15,-157.7,1.9963265,2.6599998
19.15,-157.65,1.9957142530612244,2.6599998
19.15,-157.6,1.9959183387755102,2.6799998
19.15,-157.55,1.9942856857142857,2.6799998
19.15,-157.5,1.9902040408163266,2.6799998
19.15,-157.45,1.9834693571428572,2.6799998
19.15,-157.4,1.9779591530612244,2.6699998
19.15,-157.35,1.973265281632653,2.6599998
19.15,-157.3,1.9689795693877552,2.6599998
19.15,-157.25,1.9665305836734694,2.6499999
19.15,-157.2,1.9622448653061224,2.6599998
19.15,-157.15,1.9561224204081633,2.6699998
19.15,-157.1,1.9481632285714285,2.6799998
19.15,-157.05,1.9371428224489795,2.6799998
19.15,-157,1.9267346653061224,2.69
19.15,-156.95,1.9146938387755101,2.6799998
19.15,-156.9,1.8983673102040817,2.6699998
19.15,-156.85,1.8816326163265307,2.6499999
19.15,-156.8,1.8616326265306122,2.6299999
19.15,-156.75,1.8369387551020409,2.6
19.15,-156.7,1.808979557142857,2.57
19.15,-156.65,1.7787754612244897,2.53
19.15,-156.6,1.7444897734693878,2.47
19.15,-156.55,1.7106122142857143,2.3999999
19.15,-156.5,1.6722448591836734,2.31
19.15,-156.45,1.629591806122449,2.18
19.15,-156.4,1.581020393877551,2.09
19.15,-156.35,1.524081606122449,2
19.15,-156.3,1.4612244591836734,1.9599999
19.15,-156.25,1.3904081428571429,1.92
19.15,-156.2,1.3130611951020408,1.86
19.15,-156.15,1.2324489653061224,1.8
19.15,-156.1,1.1446938491836736,1.7199999
19.15,-156.05,1.0446938624489797,1.61
19.15,-156,0.9302040714285714,1.49
19.15,-155.95,0.8053061124489795,1.3299999
19.15,-155.45,1.215510185102041,1.81
19.15,-155.4,1.3055101810204082,1.93
19.15,-155.35,1.348571393265306,1.92
19.15,-155.3,1.37265303,1.86
19.15,-155.25,1.3914285379591838,1.8
19.15,-155.2,1.4144897693877552,1.73
19.15,-155.15,1.4448979346938775,1.7199999
19.15,-155.1,1.4838775163265305,1.77
19.15,-155.05,1.5304081285714286,1.8499999
19.15,-155,1.5914285448979593,1.9799999
19.15,-154.95,1.6620407836734694,2.1599998
19.15,-154.9,1.7412244612244898,2.36
19.15,-154.85,1.8234693591836735,2.54
19.15,-154.8,1.8944897551020408,2.6699998
19.15,-154.75,1.9351020204081633,2.72
19.15,-154.7,1.9589795551020408,2.75
19.15,-154.65,1.976530569387755,2.75
19.15,-154.6,1.9893877285714285,2.78
19.15,-154.55,2.001428544897959,2.81
19.15,-154.5,2.009387732653061,2.82
19.15,-154.45,2.017346912244898,2.83
19.15,-154.4,2.0230612,2.84
19.15,-154.35,2.028367318367347,2.85
19.15,-154.3,2.0330611918367345,2.85
19.15,-154.25,2.037959151020408,2.86
19.15,-154.2,2.0422448653061225,2.87
19.15,-154.15,2.04591833877551,2.87
19.15,-154.1,2.046122418367347,2.87
19.15,-154.05,2.0232652632653063,2.83
19.2,-160.95,2.2016326224489795,2.9299998
19.2,-160.9,2.229999967346939,3.06
19.2,-160.85,2.228775473469388,3.07
19.2,-160.8,2.231020369387755,3.07
19.2,-160.75,2.23244893877551,3.07
19.2,-160.7,2.2338775163265305,3.07
19.2,-160.65,2.2336734408163266,3.07
19.2,-160.6,2.23122446122449,3.06
19.2,-160.55,2.2275509897959185,3.05
19.2,-160.5,2.2246938489795918,3.06
19.2,-160.45,2.2204081408163265,3.07
19.2,-160.4,2.2169387469387756,3.08
19.2,-160.35,2.2138775204081633,3.09
19.2,-160.3,2.211632624489796,3.09
19.2,-160.25,2.210408136734694,3.1
19.2,-160.2,2.209591812244898,3.11
19.2,-160.15,2.208571406122449,3.12
19.2,-160.1,2.2085714,3.1299999
19.2,-160.05,2.2048979285714285,3.1399999
19.2,-160,2.2012244591836736,3.1399999
19.2,-159.95,2.1975509897959182,3.1399999
19.2,-159.9,2.1926530285714287,3.1399999
19.2,-159.85,2.189999975510204,3.1399999
19.2,-159.8,2.1869387489795917,3.1299999
19.2,-159.75,2.1857142551020408,3.1299999
19.2,-159.7,2.183265279591837,3.12
19.2,-159.65,2.1808162979591836,3.12
19.2,-159.6,2.177142824489796,3.11
19.2,-159.55,2.173469357142857,3.11
19.2,-159.5,2.166326497959184,3.1
19.2,-159.45,2.1595918102040814,3.08
19.2,-159.4,2.1520407734693876,3.07
19.2,-159.35,2.1451019897959185,3.05
19.2,-159.3,2.1408162816326533,3.04
19.2,-159.25,2.1363264857142856,3.03
19.2,-159.2,2.1332652653061226,3.03
19.2,-159.15,2.127550975510204,3.02
19.2,-159.1,2.1236734265306123,3
19.2,-159.05,2.1148979265306123,2.98
19.2,-159,2.1061224204081634,2.95
19.2,-158.95,2.0967346673469387,2.9199998
19.2,-158.9,2.0883673224489794,2.8999999
19.2,-158.85,2.0779591489795917,2.8799999
19.2,-158.8,2.0716326224489796,2.86
19.2,-158.75,2.0657142469387755,2.85
19.2,-158.7,2.062040781632653,2.84
19.2,-158.65,2.060408126530612,2.84
19.2,-158.6,2.058571395918367,2.83
19.2,-158.55,2.0557142571428573,2.81
19.2,-158.5,2.0512244653061225,2.8
19.2,-158.45,2.0453060959183675,2.77
19.2,-158.4,2.0391836530612246,2.75
19.2,-158.35,2.031428542857143,2.73
19.2,-158.3,2.024285687755102,2.72
19.2,-158.25,2.0197958918367345,2.71
19.2,-158.2,2.016530581632653,2.7
19.2,-158.15,2.013265281632653,2.69
19.2,-158.1,2.010612212244898,2.6799998
19.2,-158.05,2.0085714020408165,2.6699998
19.2,-158,2.0059183408163266,2.6499999
19.2,-157.95,2.0032652755102043,2.6399999
19.2,-157.9,2.0016326285714285,2.6399999
19.2,-157.85,1.9977550714285714,2.6299999
19.2,-157.8,1.996122424489796,2.6299999
19.2,-157.75,1.993061193877551,2.6399999
19.2,-157.7,1.991632630612245,2.6499999
19.2,-157.65,1.990612224489796,2.6699998
19.2,-157.6,1.9899999795918366,2.69
19.2,-157.55,1.9885714,2.7
19.2,-157.5,1.9842856857142857,2.7
19.2,-157.45,1.9783673224489795,2.7
19.2,-157.4,1.9722448653061224,2.69
19.2,-157.35,1.9671428326530611,2.6799998
19.2,-157.3,1.9642856857142856,2.6799998
19.2,-157.25,1.961632618367347,2.6699998
19.2,-157.2,1.9567346591836734,2.6499999
19.2,-157.15,1.9522448551020408,2.6699998
19.2,-157.1,1.9438775163265305,2.69
19.2,-157.05,1.9338775163265305,2.71
19.2,-157,1.9228571142857143,2.71
19.2,-156.95,1.9106122163265307,2.71
19.2,-156.9,1.8944897734693877,2.7
19.2,-156.85,1.8767346612244897,2.6799998
19.2,-156.8,1.8540816040816326,2.6499999
19.2,-156.75,1.8273469081632652,2.6299999
19.2,-156.7,1.7981632346938776,2.59
19.2,-156.65,1.7655101775510205,2.55
19.2,-156.6,1.7293877163265305,2.5
19.2,-156.55,1.6906122102040817,2.4299998
19.2,-156.5,1.6477550693877552,2.34
19.2,-156.45,1.6038775285714286,2.22
19.2,-156.4,1.5510203714285715,2.1399999
19.2,-156.35,1.4902040571428572,2.05
19.2,-156.3,1.4244897632653062,1.9499999
19.2,-156.25,1.3477550710204083,1.8199999
19.2,-156.2,1.2640816163265307,1.76
19.2,-156.15,1.1742856863265305,1.6899999
19.2,-156.1,1.0757142742857142,1.61
19.2,-156.05,0.9671428444897959,1.51
19.2,-156,0.8620408046938776,1.4
19.2,-155.95,0.7693877428571428,1.28
19.2,-155.35,1.1912244693877552,1.65
19.2,-155.3,1.2473469114285713,1.67
19.2,-155.25,1.2671428379591836,1.63
19.2,-155.2,1.2922448665306123,1.63
19.2,-155.15,1.3269387481632653,1.65
19.2,-155.1,1.3759183387755103,1.67
19.2,-155.05,1.4340815979591837,1.6999999
19.2,-155,1.5079591408163264,1.81
19.2,-154.95,1.594489781632653,2.02
19.2,-154.9,1.6916326040816327,2.27
19.2,-154.85,1.794489763265306,2.49
19.2,-154.8,1.884693844897959,2.6599998
19.2,-154.75,1.9302040571428571,2.71
19.2,-154.7,1.9563264959183673,2.74
19.2,-154.65,1.9757142551020408,2.76
19.2,-154.6,1.9906122163265307,2.79
19.2,-154.55,2.002040791836735,2.81
19.2,-154.5,2.0112244653061224,2.82
19.2,-154.45,2.0191836530612246,2.84
19.2,-154.4,2.0248979346938776,2.84
19.2,-154.35,2.0299999775510202,2.85
19.2,-154.3,2.034285685714286,2.86
19.2,-154.25,2.0397958897959185,2.86
19.2,-154.2,2.0442856857142857,2.87
19.2,-154.15,2.0467346653061225,2.87
19.2,-154.1,2.0473469061224487,2.87
19.2,-154.05,2.0248979142857144,2.83
19.25,-160.95,2.203265275510204,2.9299998
19.25,-160.9,2.231020373469388,3.05
19.25,-160.85,2.2306122102040815,3.06
19.25,-160.8,2.2322448591836737,3.07
19.25,-160.75,2.2351019979591835,3.07
19.25,-160.7,2.235714244897959,3.07
19.25,-160.65,2.2359183285714286,3.07
19.25,-160.6,2.23367343877551,3.06
19.25,-160.55,2.2299999693877552,3.04
19.25,-160.5,2.2267346714285714,3.04
19.25,-160.45,2.223265283673469,3.05
19.25,-160.4,2.2199999755102042,3.06
19.25,-160.35,2.2171428306122447,3.07
19.25,-160.3,2.215306097959184,3.08
19.25,-160.25,2.2146938530612243,3.09
19.25,-160.2,2.2132652795918366,3.09
19.25,-160.15,2.2132652836734694,3.1
19.25,-160.1,2.212244869387755,3.11
19.25,-160.05,2.208979563265306,3.11
19.25,-160,2.2044897673469386,3.12
19.25,-159.95,2.199591806122449,3.1299999
19.25,-159.9,2.1951020040816327,3.1299999
19.25,-159.85,2.1918367040816324,3.1299999
19.25,-159.8,2.1899999714285716,3.1299999
19.25,-159.75,2.1877550714285716,3.12
19.25,-159.7,2.1859183387755103,3.11
19.25,-159.65,2.1830611979591836,3.1
19.25,-159.6,2.1810203775510204,3.1
19.25,-159.55,2.177142824489796,3.1
19.25,-159.5,2.17142853877551,3.09
19.25,-159.45,2.1644897612244898,3.08
19.25,-159.4,2.1561224081632653,3.06
19.25,-159.35,2.149795871428571,3.05
19.25,-159.3,2.144081581632653,3.03
19.25,-159.25,2.1385713857142856,3.03
19.25,-159.2,2.1351019959183675,3.02
19.25,-159.15,2.1299999530612244,3.01
19.25,-159.1,2.1242856795918366,3
19.25,-159.05,2.1181632346938777,2.98
19.25,-159,2.108367318367347,2.95
19.25,-158.95,2.098775481632653,2.9199998
19.25,-158.9,2.088979567346939,2.8999999
19.25,-158.85,2.0799999734693877,2.87
19.25,-158.8,2.072244875510204,2.85
19.25,-158.75,2.0657142551020407,2.84
19.25,-158.7,2.062653032653061,2.84
19.25,-158.65,2.061020381632653,2.83
19.25,-158.6,2.0589795653061223,2.82
19.25,-158.55,2.056530587755102,2.81
19.25,-158.5,2.051836712244898,2.79
19.25,-158.45,2.045510181632653,2.77
19.25,-158.4,2.03816323877551,2.75
19.25,-158.35,2.030816302040816,2.73
19.25,-158.3,2.024693855102041,2.71
19.25,-158.25,2.0185714040816327,2.7
19.25,-158.2,2.014489769387755,2.69
19.25,-158.15,2.0106122204081633,2.6799998
19.25,-158.1,2.0085714040816325,2.6699998
19.25,-158.05,2.006530587755102,2.6599998
19.25,-158,2.0040816,2.6499999
19.25,-157.95,2.002448948979592,2.6399999
19.25,-157.9,1.999999975510204,2.6399999
19.25,-157.85,1.9971428326530611,2.6299999
19.25,-157.8,1.9940816102040817,2.62
19.25,-157.75,1.9912244591836734,2.6399999
19.25,-157.7,1.9881632408163266,2.6499999
19.25,-157.65,1.986734669387755,2.6799998
19.25,-157.6,1.9851020163265305,2.69
19.25,-157.55,1.9828571142857143,2.71
19.25,-157.5,1.9783673204081633,2.71
19.25,-157.45,1.9714285489795917,2.71
19.25,-157.4,1.966122424489796,2.7
19.25,-157.35,1.9614285510204081,2.7
19.25,-157.3,1.958571406122449,2.7
19.25,-157.25,1.956122418367347,2.69
19.25,-157.2,1.9530611775510205,2.6799998
19.25,-157.15,1.9481632285714285,2.69
19.25,-157.1,1.9397958714285715,2.71
19.25,-157.05,1.931428530612245,2.73
19.25,-157,1.919183651020408,2.74
19.25,-156.95,1.9073469102040816,2.74
19.25,-156.9,1.8912244673469387,2.74
19.25,-156.85,1.8720407857142858,2.72
19.25,-156.8,1.8481632367346938,2.7
19.25,-156.75,1.8204081244897958,2.6699998
19.25,-156.7,1.7895917959183674,2.6299999
19.25,-156.65,1.7553060918367347,2.58
19.25,-156.6,1.7179591734693878,2.53
19.25,-156.55,1.6753060775510205,2.46
19.25,-156.5,1.6304081489795919,2.37
19.25,-156.45,1.5816326142857142,2.26
19.25,-156.4,1.527346906122449,2.18
19.25,-156.35,1.4646938510204082,2.1
19.25,-156.3,1.3948979442857143,2
19.25,-156.25,1.315714260612245,1.88
19.25,-156.2,1.2257142581632654,1.7199999
19.25,-156.15,1.1289795812244898,1.61
19.25,-156.1,1.0238775363265307,1.53
19.25,-156.05,0.9183673287755102,1.4399999
19.25,-156,0.8285714140816327,1.3399999
19.25,-155.95,0.7510203930612245,1.25
19.25,-155.9,0.44387754346938774,0.71
19.25,-155.3,1.0932652879591838,1.52
19.25,-155.25,1.1299999834693877,1.5799999
19.25,-155.2,1.1442856908163266,1.5899999
19.25,-155.15,1.1673469148979592,1.61
19.25,-155.1,1.2291836571428572,1.64
19.25,-155.05,1.3077550795918367,1.67
19.25,-155,1.3957142489795917,1.7099999
19.25,-154.95,1.5079591551020408,1.8299999
19.25,-154.9,1.628775493877551,2.1299999
19.25,-154.85,1.7577550612244899,2.4299998
19.25,-154.8,1.8759183326530613,2.6399999
19.25,-154.75,1.927755069387755,2.71
19.25,-154.7,1.956122412244898,2.74
19.25,-154.65,1.9759183428571427,2.76
19.25,-154.6,1.9914285510204082,2.79
19.25,-154.55,2.00346936122449,2.81
19.25,-154.5,2.012448951020408,2.82
19.25,-154.45,2.019387726530612,2.83
19.25,-154.4,2.026122418367347,2.84
19.25,-154.35,2.0324489530612246,2.85
19.25,-154.3,2.0365305836734695,2.86
19.25,-154.25,2.0412244591836735,2.86
19.25,-154.2,2.045102012244898,2.87
19.25,-154.15,2.047346904081633,2.87
19.25,-154.1,2.048571393877551,2.87
19.25,-154.05,2.023469344897959,2.83
19.3,-160.95,2.2063265,2.9199998
19.3,-160.9,2.231428530612245,3.04
19.3,-160.85,2.2308162897959183,3.05
19.3,-160.8,2.2322448571428573,3.05
19.3,-160.75,2.235101993877551,3.05
19.3,-160.7,2.236530563265306,3.06
19.3,-160.65,2.2355101591836735,3.05
19.3,-160.6,2.2355101632653063,3.05
19.3,-160.55,2.2318367,3.03
19.3,-160.5,2.2279591591836736,3.01
19.3,-160.45,2.2242856959183674,3.02
19.3,-160.4,2.221020383673469,3.03
19.3,-160.35,2.219387732653061,3.04
19.3,-160.3,2.2173469142857143,3.05
19.3,-160.25,2.2159183448979594,3.06
19.3,-160.2,2.2163265102040817,3.07
19.3,-160.15,2.2159183408163265,3.08
19.3,-160.1,2.214285681632653,3.08
19.3,-160.05,2.212653024489796,3.09
19.3,-160,2.207550987755102,3.09
19.3,-159.95,2.202857114285714,3.1
19.3,-159.9,2.198979555102041,3.11
19.3,-159.85,2.1944897612244896,3.12
19.3,-159.8,2.192040787755102,3.12
19.3,-159.75,2.1893877244897957,3.11
19.3,-159.7,2.187550995918367,3.09
19.3,-159.65,2.186530589795918,3.09
19.3,-159.6,2.183061191836735,3.09
19.3,-159.55,2.179183632653061,3.08
19.3,-159.5,2.1753060836734694,3.08
19.3,-159.45,2.1691836326530614,3.07
19.3,-159.4,2.1624489367346937,3.06
19.3,-159.35,2.153673418367347,3.04
19.3,-159.3,2.14877546122449,3.03
19.3,-159.25,2.1414285306122447,3.02
19.3,-159.2,2.135510163265306,3.01
19.3,-159.15,2.1306122142857142,3
19.3,-159.1,2.124897924489796,2.99
19.3,-159.05,2.1183673204081632,2.98
19.3,-159,2.110612214285714,2.95
19.3,-158.95,2.1006122163265304,2.9199998
19.3,-158.9,2.0908163040816325,2.8899999
19.3,-158.85,2.0820407857142857,2.87
19.3,-158.8,2.0732652857142857,2.85
19.3,-158.75,2.0675509979591835,2.83
19.3,-158.7,2.0638775224489794,2.83
19.3,-158.65,2.0608163,2.82
19.3,-158.6,2.0597958897959185,2.81
19.3,-158.55,2.0563264979591835,2.8
19.3,-158.5,2.0516326265306124,2.78
19.3,-158.45,2.0446938489795916,2.76
19.3,-158.4,2.037959155102041,2.74
19.3,-158.35,2.031020381632653,2.72
19.3,-158.3,2.0240816102040817,2.7
19.3,-158.25,2.0193877285714286,2.69
19.3,-158.2,2.014285687755102,2.69
19.3,-158.15,2.01142853877551,2.6799998
19.3,-158.1,2.00816323877551,2.6699998
19.3,-158.05,2.0053060918367347,2.6499999
19.3,-158,2.0028571102040815,2.6399999
19.3,-157.95,2.0024489530612244,2.6399999
19.3,-157.9,1.999795893877551,2.6399999
19.3,-157.85,1.9969387510204082,2.6299999
19.3,-157.8,1.9920407897959185,2.62
19.3,-157.75,1.9879591571428572,2.6299999
19.3,-157.7,1.9855101836734694,2.6499999
19.3,-157.65,1.9818367081632653,2.6699998
19.3,-157.6,1.9797958979591836,2.69
19.3,-157.55,1.9765305857142856,2.71
19.3,-157.5,1.9712244632653062,2.72
19.3,-157.45,1.9651020204081633,2.72
19.3,-157.4,1.9593877326530613,2.71
19.3,-157.35,1.9555101897959184,2.71
19.3,-157.3,1.9522448714285714,2.71
19.3,-157.25,1.9512244571428572,2.7
19.3,-157.2,1.9479591510204082,2.69
19.3,-157.15,1.9434693489795918,2.7
19.3,-157.1,1.9361224040816327,2.72
19.3,-157.05,1.926938748979592,2.74
19.3,-157,1.9167346714285713,2.76
19.3,-156.95,1.9030612081632654,2.77
19.3,-156.9,1.887959163265306,2.76
19.3,-156.85,1.8669387387755103,2.75
19.3,-156.8,1.8432652734693877,2.74
19.3,-156.75,1.8157142612244899,2.71
19.3,-156.7,1.7836734163265306,2.6799998
19.3,-156.65,1.7489795612244898,2.6299999
19.3,-156.6,1.7099999714285714,2.58
19.3,-156.55,1.6651019979591837,2.5
19.3,-156.5,1.6185713979591836,2.4099998
19.3,-156.45,1.5663265,2.31
19.3,-156.4,1.510408131632653,2.23
19.3,-156.35,1.4465305828571429,2.1499999
19.3,-156.3,1.3730612012244898,2.05
19.3,-156.25,1.2912244626530611,1.9399999
19.3,-156.2,1.1973469142857143,1.79
19.3,-156.15,1.0953061014285714,1.5899999
19.3,-156.1,0.9885714079591836,1.4599999
19.3,-156.05,0.8865305995918367,1.38
19.3,-156,0.8040816208163265,1.3
19.3,-155.95,0.7330612165306123,1.22
19.3,-155.9,0.5167346851020408,0.88
19.3,-155.05,1.111836711632653,1.5699999
19.3,-155,1.2251020136734694,1.66
19.3,-154.95,1.3904081285714285,1.7199999
19.3,-154.9,1.543469369387755,1.9399999
19.3,-154.85,1.7079591632653062,2.33
19.3,-154.8,1.8693877163265307,2.6299999
19.3,-154.75,1.9275509857142856,2.71
19.3,-154.7,1.9579591469387756,2.74
19.3,-154.65,1.977346906122449,2.77
19.3,-154.6,1.9940816081632653,2.8
19.3,-154.55,2.0044897591836732,2.81
19.3,-154.5,2.013877516326531,2.82
19.3,-154.45,2.0208162857142855,2.83
19.3,-154.4,2.0281632326530614,2.84
19.3,-154.35,2.0334693530612244,2.85
19.3,-154.3,2.0389795591836735,2.86
19.3,-154.25,2.0422448653061225,2.86
19.3,-154.2,2.0461224204081634,2.86
19.3,-154.15,2.0485713959183673,2.87
19.3,-154.1,2.0479591408163267,2.87
19.3,-154.05,2.0275509795918367,2.84
19.35,-160.95,2.2085714020408163,2.9199998
19.35,-160.9,2.2318366979591837,3.02
19.35,-160.85,2.2308162836734695,3.03
19.35,-160.8,2.2320407693877553,3.03
19.35,-160.75,2.233265257142857,3.03
19.35,-160.7,2.2336734224489794,3.04
19.35,-160.65,2.2344897489795916,3.03
19.35,-160.6,2.234285675510204,3.02
19.35,-160.55,2.232448948979592,3.01
19.35,-160.5,2.2295918081632653,2.99
19.35,-160.45,2.2248979326530613,2.99
19.35,-160.4,2.2228571224489797,2.99
19.35,-160.35,2.22040813877551,3.01
19.35,-160.3,2.217959157142857,3.02
19.35,-160.25,2.2185714020408165,3.04
19.35,-160.2,2.21816323877551,3.05
19.35,-160.15,2.218367326530612,3.06
19.35,-160.1,2.2167346653061224,3.06
19.35,-160.05,2.2140815979591837,3.06
19.35,-160,2.211224448979592,3.08
19.35,-159.95,2.205102006122449,3.09
19.35,-159.9,2.201224455102041,3.1
19.35,-159.85,2.195714257142857,3.11
19.35,-159.8,2.193265285714286,3.11
19.35,-159.75,2.189999979591837,3.12
19.35,-159.7,2.188571406122449,3.12
19.35,-159.65,2.187142826530612,3.1299999
19.35,-159.6,2.1844897673469386,3.1299999
19.35,-159.55,2.1814285408163263,3.12
19.35,-159.5,2.1779591469387753,3.11
19.35,-159.45,2.1720407734693876,3.09
19.35,-159.4,2.165306079591837,3.07
19.35,-159.35,2.157550981632653,3.04
19.35,-159.3,2.1502040387755104,3.02
19.35,-159.25,2.1434693469387756,3.01
19.35,-159.2,2.1369387387755103,2.99
19.35,-159.15,2.1318367102040816,2.99
19.35,-159.1,2.125918344897959,2.98
19.35,-159.05,2.1199999653061226,2.97
19.35,-159,2.112244857142857,2.95
19.35,-158.95,2.1024489408163265,2.9199998
19.35,-158.9,2.0930611918367346,2.8899999
19.35,-158.85,2.083061193877551,2.86
19.35,-158.8,2.075714251020408,2.84
19.35,-158.75,2.068775481632653,2.83
19.35,-158.7,2.0661224224489794,2.82
19.35,-158.65,2.0628571183673468,2.82
19.35,-158.6,2.060408136734694,2.81
19.35,-158.55,2.0561224224489796,2.8
19.35,-158.5,2.0510203836734693,2.78
19.35,-158.45,2.0438775244897958,2.75
19.35,-158.4,2.036938748979592,2.73
19.35,-158.35,2.032040787755102,2.71
19.35,-158.3,2.026122418367347,2.7
19.35,-158.25,2.0206122183673467,2.69
19.35,-158.2,2.016122424489796,2.6799998
19.35,-158.15,2.012448942857143,2.6699998
19.35,-158.1,2.0085713857142857,2.6599998
19.35,-158.05,2.0057142530612246,2.6499999
19.35,-158,2.003469357142857,2.6399999
19.35,-157.95,2.002040791836735,2.6399999
19.35,-157.9,1.9989795653061224,2.6399999
19.35,-157.85,1.9948979224489796,2.6299999
19.35,-157.8,1.9899999673469388,2.62
19.35,-157.75,1.9840816081632653,2.62
19.35,-157.7,1.9797958918367347,2.6399999
19.35,-157.65,1.975510181632653,2.6599998
19.35,-157.6,1.9730611979591837,2.69
19.35,-157.55,1.9695918061224489,2.7
19.35,-157.5,1.9640816081632653,2.71
19.35,-157.45,1.9583673204081633,2.72
19.35,-157.4,1.9532652775510204,2.71
19.35,-157.35,1.9497958857142856,2.71
19.35,-157.3,1.9473469102040817,2.71
19.35,-157.25,1.946530587755102,2.71
19.35,-157.2,1.9453060857142856,2.7
19.35,-157.15,1.9397958795918366,2.7
19.35,-157.1,1.9324489448979592,2.72
19.35,-157.05,1.9240816,2.74
19.35,-157,1.9128571204081632,2.76
19.35,-156.95,1.8997958959183674,2.77
19.35,-156.9,1.8836734489795919,2.77
19.35,-156.85,1.8632652693877552,2.77
19.35,-156.8,1.837959157142857,2.76
19.35,-156.75,1.8110203775510203,2.74
19.35,-156.7,1.7804081306122448,2.72
19.35,-156.65,1.745306087755102,2.6799998
19.35,-156.6,1.7061224285714285,2.6299999
19.35,-156.55,1.6622448673469388,2.58
19.35,-156.5,1.6116326204081632,2.51
19.35,-156.45,1.5585713989795917,2.4099998
19.35,-156.4,1.5008163012244897,2.29
19.35,-156.35,1.4361224265306123,2.2
19.35,-156.3,1.3606122189795917,2.1
19.35,-156.25,1.27693875,2
19.35,-156.2,1.1810203851020409,1.8399999
19.35,-156.15,1.0757142702040816,1.64
19.35,-156.1,0.9673469187755102,1.4699999
19.35,-156.05,0.8648979471428572,1.3299999
19.35,-156,0.784897946122449,1.26
19.35,-155.95,0.7099999902040817,1.1899999
19.35,-155.9,0.4904081575510204,0.84
19.35,-154.95,1.1797958940816327,1.61
19.35,-154.9,1.4236734469387755,1.74
19.35,-154.85,1.6428571081632652,2.18
19.35,-154.8,1.8651020020408162,2.6299999
19.35,-154.75,1.9295917979591837,2.7
19.35,-154.7,1.9604081326530611,2.74
19.35,-154.65,1.9816326285714285,2.78
19.35,-154.6,1.9948979346938776,2.8
19.35,-154.55,2.0059183326530614,2.81
19.35,-154.5,2.015714251020408,2.83
19.35,-154.45,2.0234693510204083,2.84
19.35,-154.4,2.0293877183673468,2.84
19.35,-154.35,2.0351020081632654,2.85
19.35,-154.3,2.0412244591836735,2.86
19.35,-154.25,2.044081606122449,2.86
19.35,-154.2,2.04591833877551,2.86
19.35,-154.15,2.0489795591836732,2.87
19.35,-154.1,2.0485713918367345,2.87
19.35,-154.05,2.028163226530612,2.84
19.4,-160.95,2.2097958897959185,2.9199998
19.4,-160.9,2.2314285204081634,3
19.4,-160.85,2.2314285204081634,3.01
19.4,-160.8,2.230612193877551,3.01
19.4,-160.75,2.231428518367347,3.01
19.4,-160.7,2.2312244408163266,3.01
19.4,-160.65,2.2336734244897958,3.01
19.4,-160.6,2.234897924489796,3
19.4,-160.55,2.2336734346938774,2.99
19.4,-160.5,2.230408128571429,2.97
19.4,-160.45,2.2273469040816325,2.97
19.4,-160.4,2.2230611959183673,2.97
19.4,-160.35,2.221020379591837,2.97
19.4,-160.3,2.2187754775510204,2.99
19.4,-160.25,2.2185714020408165,3.01
19.4,-160.2,2.2181632408163265,3.03
19.4,-160.15,2.2193877285714287,3.04
19.4,-160.1,2.2189795612244896,3.05
19.4,-160.05,2.2165305714285712,3.07
19.4,-160,2.2130611836734695,3.1
19.4,-159.95,2.2091836326530614,3.11
19.4,-159.9,2.204489763265306,3.12
19.4,-159.85,2.200408130612245,3.1299999
19.4,-159.8,2.1957142612244898,3.1399999
19.4,-159.75,2.1924489530612243,3.1399999
19.4,-159.7,2.190408132653061,3.1499999
19.4,-159.65,2.187346912244898,3.1499999
19.4,-159.6,2.1855101734693876,3.1599998
19.4,-159.55,2.181836706122449,3.1499999
19.4,-159.5,2.178979563265306,3.1399999
19.4,-159.45,2.174693844897959,3.12
19.4,-159.4,2.167142818367347,3.1
19.4,-159.35,2.1606122040816325,3.08
19.4,-159.3,2.1528571020408163,3.05
19.4,-159.25,2.1451020040816324,3.02
19.4,-159.2,2.1389795551020407,3
19.4,-159.15,2.1318367020408164,2.97
19.4,-159.1,2.1261224204081635,2.97
19.4,-159.05,2.119591806122449,2.96
19.4,-159,2.1134693469387753,2.9399998
19.4,-158.95,2.1046938326530613,2.9199998
19.4,-158.9,2.094897912244898,2.8899999
19.4,-158.85,2.085918324489796,2.86
19.4,-158.8,2.0773469081632654,2.83
19.4,-158.75,2.071224455102041,2.82
19.4,-158.7,2.0667346653061225,2.82
19.4,-158.65,2.0638775224489794,2.82
19.4,-158.6,2.0593877285714286,2.81
19.4,-158.55,2.0563265020408164,2.8
19.4,-158.5,2.050612218367347,2.78
19.4,-158.45,2.0434693632653063,2.75
19.4,-158.4,2.0371428285714286,2.72
19.4,-158.35,2.0306122204081634,2.7
19.4,-158.3,2.0261224224489798,2.69
19.4,-158.25,2.021224457142857,2.6799998
19.4,-158.2,2.016938742857143,2.6699998
19.4,-158.15,2.013061187755102,2.6599998
19.4,-158.1,2.0106122102040818,2.6499999
19.4,-158.05,2.0061224224489798,2.6399999
19.4,-158,2.0030612020408163,2.6299999
19.4,-157.95,2.0012244632653062,2.6299999
19.4,-157.9,1.9973469020408163,2.6299999
19.4,-157.85,1.9926530265306122,2.6299999
19.4,-157.8,1.9857142571428572,2.62
19.4,-157.75,1.9787754857142856,2.61
19.4,-157.7,1.9724489530612244,2.6299999
19.4,-157.65,1.9677550734693878,2.6499999
19.4,-157.6,1.9640816,2.6699998
19.4,-157.55,1.9608162979591837,2.69
19.4,-157.5,1.9563264959183673,2.7
19.4,-157.45,1.9520407795918366,2.71
19.4,-157.4,1.9471428224489795,2.7
19.4,-157.35,1.9436734469387755,2.7
19.4,-157.3,1.9422448714285714,2.7
19.4,-157.25,1.9412244653061224,2.7
19.4,-157.2,1.9397958857142856,2.69
19.4,-157.15,1.935918336734694,2.69
19.4,-157.1,1.9295918,2.72
19.4,-157.05,1.9199999693877552,2.73
19.4,-157,1.9083673265306123,2.74
19.4,-156.95,1.8955101775510204,2.76
19.4,-156.9,1.8787754714285714,2.77
19.4,-156.85,1.8595918081632652,2.77
19.4,-156.8,1.8359183387755103,2.77
19.4,-156.75,1.8083673204081632,2.76
19.4,-156.7,1.7775509857142857,2.74
19.4,-156.65,1.7446938428571428,2.71
19.4,-156.6,1.7063264999999999,2.6699998
19.4,-156.55,1.661020375510204,2.6299999
19.4,-156.5,1.6104081357142856,2.58
19.4,-156.45,1.5561224275510204,2.51
19.4,-156.4,1.497755072244898,2.4199998
19.4,-156.35,1.4332652791836735,2.3
19.4,-156.3,1.357346917755102,2.1499999
19.4,-156.25,1.272040798367347,2.04
19.4,-156.2,1.1765305920408162,1.89
19.4,-156.15,1.06836733122449,1.6899999
19.4,-156.1,0.9555101842857143,1.5
19.4,-156.05,0.8455101885714286,1.29
19.4,-156,0.7671428526530613,1.24
19.4,-155.95,0.673061214489796,1.15
19.4,-154.9,1.1834693679591837,1.62
19.4,-154.85,1.5151020142857143,1.9499999
19.4,-154.8,1.8710203734693878,2.62
19.4,-154.75,1.9351019979591837,2.7
19.4,-154.7,1.9669387448979592,2.76
19.4,-154.65,1.984489763265306,2.78
19.4,-154.6,1.997550993877551,2.8
19.4,-154.55,2.0079591551020406,2.82
19.4,-154.5,2.016530575510204,2.83
19.4,-154.45,2.0251020020408164,2.84
19.4,-154.4,2.0320407795918367,2.84
19.4,-154.35,2.0379591571428572,2.85
19.4,-154.3,2.042653036734694,2.86
19.4,-154.25,2.045306093877551,2.86
19.4,-154.2,2.047755069387755,2.86
19.4,-154.15,2.0499999653061223,2.87
19.4,-154.1,2.0499999714285715,2.87
19.4,-154.05,2.028367306122449,2.84
19.45,-160.95,2.2116326204081633,2.9199998
19.45,-160.9,2.232653024489796,2.99
19.45,-160.85,2.231224436734694,2.99
19.45,-160.8,2.2299999469387757,2.99
19.45,-160.75,2.229387697959184,2.99
19.45,-160.7,2.230408108163265,2.99
19.45,-160.65,2.2328571,2.99
19.45,-160.6,2.233265273469388,2.98
19.45,-160.55,2.2338775285714285,2.97
19.45,-160.5,2.2328571142857143,2.98
19.45,-160.45,2.2283673142857143,2.98
19.45,-160.4,2.2242856775510202,2.98
19.45,-160.35,2.2210203714285712,2.99
19.45,-160.3,2.2197958836734695,3
19.45,-160.25,2.2199999632653062,3.01
19.45,-160.2,2.2212244530612244,3.03
19.45,-160.15,2.2218367,3.05
19.45,-160.1,2.2214285306122448,3.07
19.45,-160.05,2.219591793877551,3.1
19.45,-160,2.2173468897959183,3.12
19.45,-159.95,2.2136734224489794,3.1299999
19.45,-159.9,2.208979542857143,3.1399999
19.45,-159.85,2.2032652571428573,3.1499999
19.45,-159.8,2.2004081204081634,3.1599998
19.45,-159.75,2.196530575510204,3.1699998
19.45,-159.7,2.1922448612244896,3.1699998
19.45,-159.65,2.1895918040816325,3.1799998
19.45,-159.6,2.1873469040816325,3.1799998
19.45,-159.55,2.1842856836734694,3.1799998
19.45,-159.5,2.1804081346938777,3.1699998
19.45,-159.45,2.175714255102041,3.1499999
19.45,-159.4,2.170408120408163,3.1299999
19.45,-159.35,2.1642856714285714,3.1
19.45,-159.3,2.1563264959183672,3.08
19.45,-159.25,2.1481632306122447,3.05
19.45,-159.2,2.14122446122449,3.03
19.45,-159.15,2.13367343877551,3
19.45,-159.1,2.127550991836735,2.98
19.45,-159.05,2.120408130612245,2.95
19.45,-159,2.1136734224489797,2.9299998
19.45,-158.95,2.106734651020408,2.9099998
19.45,-158.9,2.0959183163265305,2.8799999
19.45,-158.85,2.0873469,2.85
19.45,-158.8,2.078367312244898,2.83
19.45,-158.75,2.0718367020408164,2.82
19.45,-158.7,2.0665305857142857,2.82
19.45,-158.65,2.063061193877551,2.81
19.45,-158.6,2.0595918040816326,2.81
19.45,-158.55,2.0544897632653063,2.79
19.45,-158.5,2.04816323877551,2.78
19.45,-158.45,2.0408163020408163,2.75
19.45,-158.4,2.0348979285714286,2.72
19.45,-158.35,2.029591808163265,2.7
19.45,-158.3,2.025306093877551,2.6799998
19.45,-158.25,2.0210203775510203,2.6699998
19.45,-158.2,2.0177550693877553,2.6599998
19.45,-158.15,2.0151020102040818,2.6499999
19.45,-158.1,2.0104081326530614,2.6399999
19.45,-158.05,2.006530587755102,2.6299999
19.45,-158,2.0026530408163263,2.62
19.45,-157.95,1.9997958918367347,2.62
19.45,-157.9,1.9957142551020408,2.6299999
19.45,-157.85,1.9891836408163266,2.62
19.45,-157.8,1.9812244571428572,2.61
19.45,-157.75,1.9722448673469388,2.6
19.45,-157.7,1.9661224102040817,2.62
19.45,-157.65,1.9608163,2.6399999
19.45,-157.6,1.9565305775510204,2.6499999
19.45,-157.55,1.9528571122448979,2.6699998
19.45,-157.5,1.9489795551020408,2.6799998
19.45,-157.45,1.943877524489796,2.69
19.45,-157.4,1.9408163,2.69
19.45,-157.35,1.9379591653061223,2.69
19.45,-157.3,1.9375510020408162,2.69
19.45,-157.25,1.9369387530612245,2.69
19.45,-157.2,1.9353060897959184,2.6799998
19.45,-157.15,1.9312244469387756,2.6699998
19.45,-157.1,1.924285675510204,2.69
19.45,-157.05,1.9136734346938775,2.71
19.45,-157,1.9028571040816327,2.72
19.45,-156.95,1.8912244448979592,2.74
19.45,-156.9,1.8755101653061224,2.75
19.45,-156.85,1.8565305795918368,2.76
19.45,-156.8,1.833469355102041,2.77
19.45,-156.75,1.8069387530612244,2.76
19.45,-156.7,1.7783673163265306,2.74
19.45,-156.65,1.7463265142857143,2.72
19.45,-156.6,1.7099999673469388,2.7
19.45,-156.55,1.6667346673469388,2.6699998
19.45,-156.5,1.6161224279591837,2.6299999
19.45,-156.45,1.5604081373469387,2.59
19.45,-156.4,1.5012244530612244,2.52
19.45,-156.35,1.4369387459183673,2.4299998
19.45,-156.3,1.3644897742857143,2.29
19.45,-156.25,1.2793877275510204,2.11
19.45,-156.2,1.1826530432653062,1.9399999
19.45,-156.15,1.0714285526530611,1.75
19.45,-156.1,0.9526530410204082,1.53
19.45,-156.05,0.8293877414285714,1.26
19.45,-156,0.7463265185714286,1.2099999
19.45,-155.95,0.6197959104081633,1.0699999
19.45,-154.85,1.2546938551020408,1.5899999
19.45,-154.8,1.8753060918367346,2.6299999
19.45,-154.75,1.946530575510204,2.72
19.45,-154.7,1.9730611897959183,2.77
19.45,-154.65,1.9881632387755102,2.79
19.45,-154.6,1.9993877346938775,2.81
19.45,-154.55,2.009999969387755,2.82
19.45,-154.5,2.020204042857143,2.83
19.45,-154.45,2.0275509857142855,2.84
19.45,-154.4,2.03448976122449,2.85
19.45,-154.35,2.0393877244897958,2.85
19.45,-154.3,2.043673444897959,2.85
19.45,-154.25,2.0483673163265306,2.86
19.45,-154.2,2.049795887755102,2.86
19.45,-154.15,2.052040787755102,2.86
19.45,-154.1,2.0516326265306124,2.87
19.45,-154.05,2.0287754734693877,2.84
19.5,-160.95,2.2124489469387756,2.9199998
19.5,-160.9,2.233877518367347,2.98
19.5,-160.85,2.2316325959183674,2.98
19.5,-160.8,2.230204026530612,2.97
19.5,-160.75,2.229387697959184,2.97
19.5,-160.7,2.231224442857143,2.97
19.5,-160.65,2.232653024489796,2.97
19.5,-160.6,2.233877518367347,2.97
19.5,-160.55,2.2332652795918366,2.98
19.5,-160.5,2.2312244591836734,2.99
19.5,-160.45,2.2285713959183675,2.99
19.5,-160.4,2.225102012244898,3
19.5,-160.35,2.2228571040816325,3
19.5,-160.3,2.2226530204081634,3.02
19.5,-160.25,2.222857102040816,3.03
19.5,-160.2,2.2234693448979592,3.05
19.5,-160.15,2.2242856755102043,3.07
19.5,-160.1,2.2255101612244896,3.1
19.5,-160.05,2.2242856755102043,3.11
19.5,-160,2.222040773469388,3.1299999
19.5,-159.95,2.2191836306122448,3.1399999
19.5,-159.9,2.2138774959183674,3.1599998
19.5,-159.85,2.2093877102040818,3.1699998
19.5,-159.8,2.204489748979592,3.1699998
19.5,-159.75,2.200204036734694,3.1799998
19.5,-159.7,2.195918326530612,3.1899998
19.5,-159.65,2.1918366897959185,3.1899998
19.5,-159.6,2.188979548979592,3.1899998
19.5,-159.55,2.1861224163265307,3.1899998
19.5,-159.5,2.1824489448979594,3.1799998
19.5,-159.45,2.178367312244898,3.1599998
19.5,-159.4,2.1724489285714284,3.1399999
19.5,-159.35,2.1673468897959185,3.12
19.5,-159.3,2.159999957142857,3.1
19.5,-159.25,2.151428530612245,3.07
19.5,-159.2,2.1436734346938775,3.05
19.5,-159.15,2.135510175510204,3.03
19.5,-159.1,2.128163236734694,3
19.5,-159.05,2.121836702040816,2.97
19.5,-159,2.1140815897959184,2.9399998
19.5,-158.95,2.107755048979592,2.9099998
19.5,-158.9,2.099183632653061,2.8799999
19.5,-158.85,2.0897958714285716,2.85
19.5,-158.8,2.0795917959183674,2.83
19.5,-158.75,2.0716326163265304,2.82
19.5,-158.7,2.066326502040816,2.81
19.5,-158.65,2.061836706122449,2.81
19.5,-158.6,2.0573469081632654,2.8
19.5,-158.55,2.0520407918367347,2.79
19.5,-158.5,2.0473469102040815,2.77
19.5,-158.45,2.038571406122449,2.75
19.5,-158.4,2.031836712244898,2.73
19.5,-158.35,2.025918342857143,2.7
19.5,-158.3,2.022040779591837,2.6799998
19.5,-158.25,2.019795881632653,2.6599998
19.5,-158.2,2.017959151020408,2.6499999
19.5,-158.15,2.0142856836734695,2.6399999
19.5,-158.1,2.0099999795918366,2.6299999
19.5,-158.05,2.0051020142857143,2.62
19.5,-158,1.9993877224489796,2.61
19.5,-157.95,1.9948979285714286,2.61
19.5,-157.9,1.9908162959183673,2.62
19.5,-157.85,1.9838775142857143,2.62
19.5,-157.8,1.975102006122449,2.61
19.5,-157.75,1.9665305734693876,2.6
19.5,-157.7,1.9579591489795918,2.6
19.5,-157.65,1.9528571102040817,2.62
19.5,-157.6,1.9475509857142856,2.6299999
19.5,-157.55,1.9442856836734694,2.6499999
19.5,-157.5,1.9399999734693878,2.6599998
19.5,-157.45,1.9355101795918368,2.6599998
19.5,-157.4,1.932653036734694,2.6699998
19.5,-157.35,1.9318367081632652,2.6699998
19.5,-157.3,1.9314285387755101,2.6699998
19.5,-157.25,1.9306122183673469,2.6699998
19.5,-157.2,1.9302040428571428,2.6699998
19.5,-157.15,1.925102006122449,2.6599998
19.5,-157.1,1.9175509857142856,2.6499999
19.5,-157.05,1.909795881632653,2.69
19.5,-157,1.8987754673469388,2.71
19.5,-156.95,1.8859183265306123,2.72
19.5,-156.9,1.872448942857143,2.73
19.5,-156.85,1.854285675510204,2.74
19.5,-156.8,1.8336734367346939,2.75
19.5,-156.75,1.8089795612244897,2.75
19.5,-156.7,1.7804081285714286,2.74
19.5,-156.65,1.7493877285714285,2.73
19.5,-156.6,1.7159183285714286,2.71
19.5,-156.55,1.676326501020408,2.69
19.5,-156.5,1.6275509969387756,2.6699998
19.5,-156.45,1.5728571095918367,2.6299999
19.5,-156.4,1.5138775206122448,2.59
19.5,-156.35,1.4504081389795918,2.52
19.5,-156.3,1.3799999726530612,2.4099998
19.5,-156.25,1.2963265134693878,2.24
19.5,-156.2,1.201428537755102,2.03
19.5,-156.15,1.0863265128571429,1.8199999
19.5,-156.1,0.9563265146938775,1.56
19.5,-156.05,0.8140816281632652,1.24
19.5,-156,0.7073469306122449,1.17
19.5,-154.8,1.8893877326530613,2.6499999
19.5,-154.75,1.9573469061224489,2.75
19.5,-154.7,1.9785713918367347,2.78
19.5,-154.65,1.9924489591836734,2.8
19.5,-154.6,2.0038775244897957,2.81
19.5,-154.55,2.0130611897959185,2.82
19.5,-154.5,2.0216326204081634,2.83
19.5,-154.45,2.0302040469387754,2.84
19.5,-154.4,2.0357142530612244,2.85
19.5,-154.35,2.0414285387755102,2.85
19.5,-154.3,2.0455101775510203,2.85
19.5,-154.25,2.0487754897959185,2.86
19.5,-154.2,2.0512244612244896,2.86
19.5,-154.15,2.05367343877551,2.86
19.5,-154.1,2.05448976122449,2.87
19.5,-154.05,2.030408136734694,2.85
19.55,-160.95,2.212857106122449,2.9299998
19.55,-160.9,2.234693842857143,2.98
19.55,-160.85,2.2318366897959185,2.97
19.55,-160.8,2.2297958714285713,2.96
19.55,-160.75,2.229795879591837,2.96
19.55,-160.7,2.230612206122449,2.96
19.55,-160.65,2.2322448591836737,2.96
19.55,-160.6,2.2332652775510202,2.97
19.55,-160.55,2.232040791836735,2.99
19.55,-160.5,2.229795893877551,2.99
19.55,-160.45,2.227959155102041,3
19.55,-160.4,2.2253060959183673,3.01
19.55,-160.35,2.2240816040816327,3.01
19.55,-160.3,2.2244897653061226,3.03
19.55,-160.25,2.2253060836734693,3.05
19.55,-160.2,2.2267346510204082,3.06
19.55,-160.15,2.228571387755102,3.09
19.55,-160.1,2.228163224489796,3.11
19.55,-160.05,2.2283672979591835,3.1299999
19.55,-160,2.2263264836734695,3.1399999
19.55,-159.95,2.2236734306122448,3.1499999
19.55,-159.9,2.2177550591836734,3.1599998
19.55,-159.85,2.2144897469387756,3.1699998
19.55,-159.8,2.2095918020408165,3.1799998
19.55,-159.75,2.205102012244898,3.1899998
19.55,-159.7,2.1997958918367346,3.1899998
19.55,-159.65,2.195918330612245,3.1999998
19.55,-159.6,2.191632618367347,3.1999998
19.55,-159.55,2.1875509857142856,3.1899998
19.55,-159.5,2.1844897530612246,3.1799998
19.55,-159.45,2.1804081285714285,3.1699998
19.55,-159.4,2.1759183224489798,3.1499999
19.55,-159.35,2.169999948979592,3.1299999
19.55,-159.3,2.1632652591836736,3.11
19.55,-159.25,2.1557142448979594,3.09
19.55,-159.2,2.1477550673469388,3.07
19.55,-159.15,2.1375509918367346,3.04
19.55,-159.1,2.129591804081633,3.02
19.55,-159.05,2.122857104081633,2.99
19.55,-159,2.1161224,2.97
19.55,-158.95,2.1087754612244898,2.9299998
19.55,-158.9,2.101020357142857,2.8999999
19.55,-158.85,2.090612212244898,2.86
19.55,-158.8,2.0814285346938775,2.84
19.55,-158.75,2.07224486122449,2.82
19.55,-158.7,2.063877526530612,2.81
19.55,-158.65,2.058979569387755,2.81
19.55,-158.6,2.053265279591837,2.8
19.55,-158.55,2.048775487755102,2.79
19.55,-158.5,2.0424489591836736,2.77
19.55,-158.45,2.035714263265306,2.75
19.55,-158.4,2.0277550836734695,2.73
19.55,-158.35,2.022448957142857,2.71
19.55,-158.3,2.018571406122449,2.69
19.55,-158.25,2.0165305836734695,2.6699998
19.55,-158.2,2.0146938408163266,2.6499999
19.55,-158.15,2.0106122102040818,2.6299999
19.55,-158.1,2.0059183367346938,2.61
19.55,-158.05,2.0004081346938776,2.6
19.55,-158,1.9936734428571428,2.59
19.55,-157.95,1.9887754857142856,2.58
19.55,-157.9,1.984489763265306,2.6
19.55,-157.85,1.9779591469387754,2.61
19.55,-157.8,1.9697958897959182,2.61
19.55,-157.75,1.9597958918367346,2.6
19.55,-157.7,1.9526530285714285,2.61
19.55,-157.65,1.9451020081632653,2.61
19.55,-157.6,1.9402040530612246,2.61
19.55,-157.55,1.9357142489795918,2.6299999
19.55,-157.5,1.932040781632653,2.6399999
19.55,-157.45,1.927755075510204,2.6399999
19.55,-157.4,1.9244897612244898,2.6399999
19.55,-157.35,1.9234693612244897,2.6499999
19.55,-157.3,1.923673442857143,2.6499999
19.55,-157.25,1.9234693591836736,2.6499999
19.55,-157.2,1.921836693877551,2.6599998
19.55,-157.15,1.9183673142857143,2.6499999
19.55,-157.1,1.9112244530612246,2.6499999
19.55,-157.05,1.9034693551020407,2.6599998
19.55,-157,1.894285675510204,2.69
19.55,-156.95,1.8828571142857142,2.71
19.55,-156.9,1.8693877224489797,2.71
19.55,-156.85,1.8538775163265306,2.72
19.55,-156.8,1.8346938469387755,2.73
19.55,-156.75,1.812857118367347,2.73
19.55,-156.7,1.7879591469387754,2.73
19.55,-156.65,1.758775481632653,2.73
19.55,-156.6,1.7253061102040816,2.72
19.55,-156.55,1.6881632379591838,2.7
19.55,-156.5,1.6436734412244898,2.69
19.55,-156.45,1.5908163010204082,2.6599998
19.55,-156.4,1.53204078877551,2.6299999
19.55,-156.35,1.469999978979592,2.58
19.55,-156.3,1.401020374489796,2.5
19.55,-156.25,1.322857122244898,2.37
19.55,-156.2,1.2297958924489796,2.1499999
19.55,-156.15,1.1114285495918368,1.91
19.55,-156.1,0.9683673310204082,1.5999999
19.55,-156.05,0.7938775359183673,1.2099999
19.55,-156,0.6679591728571429,1.12
19.55,-154.85,1.7142856918367346,2.54
19.55,-154.8,1.9073469040816327,2.71
19.55,-154.75,1.9587754714285714,2.76
19.55,-154.7,1.9808162959183673,2.78
19.55,-154.65,1.9961224224489795,2.8
19.55,-154.6,2.0071428265306124,2.81
19.55,-154.55,2.0161224142857144,2.83
19.55,-154.5,2.0248979265306124,2.83
19.55,-154.45,2.0314285408163264,2.84
19.55,-154.4,2.0373469,2.85
19.55,-154.35,2.042653024489796,2.85
19.55,-154.3,2.0471428265306124,2.85
19.55,-154.25,2.0514285408163264,2.86
19.55,-154.2,2.054693848979592,2.86
19.55,-154.15,2.05591833877551,2.86
19.55,-154.1,2.0571428204081634,2.87
19.55,-154.05,2.0322448673469387,2.85
19.6,-160.95,2.2138775163265305,2.9299998
19.6,-160.9,2.2355101714285714,2.97
19.6,-160.85,2.232040763265306,2.96
19.6,-160.8,2.229795869387755,2.95
19.6,-160.75,2.230204032653061,2.9399998
19.6,-160.7,2.230612195918367,2.9399998
19.6,-160.65,2.2316326204081633,2.95
19.6,-160.6,2.2322448653061224,2.97
19.6,-160.55,2.2308163040816327,2.98
19.6,-160.5,2.228979569387755,2.99
19.6,-160.45,2.226938751020408,3
19.6,-160.4,2.2263265081632655,3.01
19.6,-160.35,2.225510179591837,3.02
19.6,-160.3,2.2261224224489795,3.03
19.6,-160.25,2.2261224142857143,3.05
19.6,-160.2,2.229387714285714,3.07
19.6,-160.15,2.2308162836734695,3.09
19.6,-160.1,2.2324489469387756,3.11
19.6,-160.05,2.231224457142857,3.1299999
19.6,-160,2.228775473469388,3.1399999
19.6,-159.95,2.2259183224489796,3.1499999
19.6,-159.9,2.2228570979591837,3.1599998
19.6,-159.85,2.2193877040816328,3.1699998
19.6,-159.8,2.2163264897959185,3.1799998
19.6,-159.75,2.212040787755102,3.1799998
19.6,-159.7,2.2048979346938777,3.1899998
19.6,-159.65,2.199591806122449,3.1899998
19.6,-159.6,2.1948979306122447,3.1899998
19.6,-159.55,2.1906122142857143,3.1799998
19.6,-159.5,2.1863264959183675,3.1699998
19.6,-159.45,2.1832652714285716,3.1599998
19.6,-159.4,2.179387720408163,3.1499999
19.6,-159.35,2.173673418367347,3.1299999
19.6,-159.3,2.1671428040816325,3.11
19.6,-159.25,2.1587754653061224,3.09
19.6,-159.2,2.1512244469387753,3.07
19.6,-159.15,2.140612206122449,3.05
19.6,-159.1,2.131836704081633,3.03
19.6,-159.05,2.1238775142857143,3
19.6,-159,2.1167346510204084,2.98
19.6,-158.95,2.109795869387755,2.95
19.6,-158.9,2.1016326081632655,2.9199998
19.6,-158.85,2.0916326142857145,2.8799999
19.6,-158.8,2.0812244469387755,2.85
19.6,-158.75,2.071020369387755,2.83
19.6,-158.7,2.063673436734694,2.82
19.6,-158.65,2.055102014285714,2.81
19.6,-158.6,2.049183655102041,2.8
19.6,-158.55,2.0438775285714286,2.79
19.6,-158.5,2.0383673265306124,2.77
19.6,-158.45,2.0320408040816327,2.75
19.6,-158.4,2.025102024489796,2.73
19.6,-158.35,2.0187754918367347,2.71
19.6,-158.3,2.013877532653061,2.69
19.6,-158.25,2.0114285469387756,2.6799998
19.6,-158.2,2.009591808163265,2.6599998
19.6,-158.15,2.0063265,2.6399999
19.6,-158.1,2.001428532653061,2.61
19.6,-158.05,1.9961224224489795,2.59
19.6,-158,1.9885714081632653,2.58
19.6,-157.95,1.9824489551020408,2.57
19.6,-157.9,1.9767346714285714,2.57
19.6,-157.85,1.9706122163265305,2.59
19.6,-157.8,1.9632652857142856,2.6
19.6,-157.75,1.9536734387755101,2.6
19.6,-157.7,1.9453060918367346,2.61
19.6,-157.65,1.9383673204081633,2.61
19.6,-157.6,1.9322448714285714,2.61
19.6,-157.55,1.9279591612244897,2.61
19.6,-157.5,1.923673430612245,2.61
19.6,-157.45,1.918571387755102,2.62
19.6,-157.4,1.9144897612244898,2.62
19.6,-157.35,1.9120407775510204,2.62
19.6,-157.3,1.9126530204081633,2.6299999
19.6,-157.25,1.9118366918367347,2.6299999
19.6,-157.2,1.9120407775510204,2.6399999
19.6,-157.15,1.9087754673469388,2.6399999
19.6,-157.1,1.9034693428571428,2.6499999
19.6,-157.05,1.896530569387755,2.6699998
19.6,-157,1.8879591510204081,2.6799998
19.6,-156.95,1.878367312244898,2.7
19.6,-156.9,1.8673469102040816,2.71
19.6,-156.85,1.8542856897959183,2.72
19.6,-156.8,1.8377550755102041,2.71
19.6,-156.75,1.8193877265306122,2.72
19.6,-156.7,1.7965305755102041,2.72
19.6,-156.65,1.7704081367346938,2.72
19.6,-156.6,1.7406122224489795,2.72
19.6,-156.55,1.7044897606122449,2.71
19.6,-156.5,1.6622448579591838,2.7
19.6,-156.45,1.6138775267346939,2.6799998
19.6,-156.4,1.5575509869387756,2.6599998
19.6,-156.35,1.4955101708163265,2.62
19.6,-156.3,1.4297958991836734,2.57
19.6,-156.25,1.3548979346938776,2.47
19.6,-156.2,1.265102023265306,2.29
19.6,-156.15,1.1487754842857143,2.02
19.6,-156.1,0.9926530489795918,1.67
19.6,-156.05,0.7634693785714286,1.17
19.6,-156,0.5863265236734694,0.98999995
19.6,-154.9,1.6757142591836736,2.51
19.6,-154.85,1.820612212244898,2.6699998
19.6,-154.8,1.9102040510204081,2.73
19.6,-154.75,1.9553060836734693,2.77
19.6,-154.7,1.982040787755102,2.79
19.6,-154.65,1.9991836469387756,2.81
19.6,-154.6,2.0108162918367345,2.82
19.6,-154.55,2.019387714285714,2.83
19.6,-154.5,2.027755069387755,2.84
19.6,-154.45,2.034693842857143,2.84
19.6,-154.4,2.0397958775510205,2.85
19.6,-154.35,2.044693836734694,2.85
19.6,-154.3,2.0495918,2.86
19.6,-154.25,2.053469351020408,2.86
19.6,-154.2,2.0565305836734695,2.86
19.6,-154.15,2.060408130612245,2.87
19.6,-154.1,2.0606122183673468,2.87
19.6,-154.05,2.0348979326530614,2.85
19.65,-160.95,2.2144897612244896,2.9299998
19.65,-160.9,2.2363264918367345,2.97
19.65,-160.85,2.232653008163265,2.95
19.65,-160.8,2.230204024489796,2.9399998
19.65,-160.75,2.229795863265306,2.9299998
19.65,-160.7,2.229999951020408,2.9299998
19.65,-160.65,2.231224444897959,2.9299998
19.65,-160.6,2.231020373469388,2.95
19.65,-160.55,2.2318367040816325,2.97
19.65,-160.5,2.229999975510204,2.98
19.65,-160.45,2.2287754877551023,2.99
19.65,-160.4,2.2271428326530613,3
19.65,-160.35,2.225714263265306,3.01
19.65,-160.3,2.227550991836735,3.03
19.65,-160.25,2.228979563265306,3.04
19.65,-160.2,2.231020369387755,3.06
19.65,-160.15,2.2332652653061222,3.08
19.65,-160.1,2.2346938408163264,3.1
19.65,-160.05,2.2338775224489797,3.12
19.65,-160,2.2314285408163266,3.1299999
19.65,-159.95,2.228571393877551,3.1399999
19.65,-159.9,2.2265305714285715,3.1499999
19.65,-159.85,2.2251019836734693,3.1599998
19.65,-159.8,2.2212244408163264,3.1599998
19.65,-159.75,2.2173469,3.1699998
19.65,-159.7,2.211428542857143,3.1799998
19.65,-159.65,2.2046938469387753,3.1799998
19.65,-159.6,2.198367314285714,3.1799998
19.65,-159.55,2.193877518367347,3.1699998
19.65,-159.5,2.1885713959183675,3.1599998
19.65,-159.45,2.185714248979592,3.1599998
19.65,-159.4,2.181632618367347,3.1399999
19.65,-159.35,2.1769387387755104,3.1299999
19.65,-159.3,2.1706122,3.11
19.65,-159.25,2.1618366918367347,3.08
19.65,-159.2,2.152653020408163,3.06
19.65,-159.15,2.1424489489795917,3.04
19.65,-159.1,2.1328571081632655,3.02
19.65,-159.05,2.1255101673469388,3.01
19.65,-159,2.1179591448979593,2.99
19.65,-158.95,2.108979555102041,2.96
19.65,-158.9,2.1010203653061224,2.9299998
19.65,-158.85,2.091836704081633,2.8999999
19.65,-158.8,2.080408136734694,2.86
19.65,-158.75,2.0695918020408164,2.83
19.65,-158.7,2.0593877224489794,2.82
19.65,-158.65,2.050612218367347,2.81
19.65,-158.6,2.044081614285714,2.8
19.65,-158.55,2.0395918204081633,2.79
19.65,-158.5,2.034489787755102,2.77
19.65,-158.45,2.028571414285714,2.75
19.65,-158.4,2.021020393877551,2.73
19.65,-158.35,2.0138775285714288,2.71
19.65,-158.3,2.008775491836735,2.7
19.65,-158.25,2.004285687755102,2.6799998
19.65,-158.2,2.0028571142857143,2.6699998
19.65,-158.15,2.0008162918367347,2.6499999
19.65,-158.1,1.9955101714285715,2.62
19.65,-158.05,1.9893877265306121,2.6
19.65,-158,1.9816326285714285,2.57
19.65,-157.95,1.9755101836734694,2.56
19.65,-157.9,1.9695918244897959,2.56
19.65,-157.85,1.9638775285714285,2.57
19.65,-157.8,1.9569387448979592,2.59
19.65,-157.75,1.9483673204081633,2.6
19.65,-157.7,1.9395918122448979,2.6
19.65,-157.65,1.932040787755102,2.6
19.65,-157.6,1.9242856918367346,2.6
19.65,-157.55,1.9197959,2.61
19.65,-157.5,1.9134693489795918,2.61
19.65,-157.45,1.907346893877551,2.61
19.65,-157.4,1.9028571102040817,2.62
19.65,-157.35,1.899183636734694,2.62
19.65,-157.3,1.896326493877551,2.6299999
19.65,-157.25,1.8977550693877552,2.6299999
19.65,-157.2,1.8973469081632652,2.6299999
19.65,-157.15,1.8971428326530613,2.6399999
19.65,-157.1,1.8930611979591836,2.6499999
19.65,-157.05,1.8877550693877552,2.6599998
19.65,-157,1.8810203714285714,2.6699998
19.65,-156.95,1.8736734326530613,2.69
19.65,-156.9,1.8661224204081632,2.7
19.65,-156.85,1.854081612244898,2.7
19.65,-156.8,1.8412244612244897,2.7
19.65,-156.75,1.8261224306122448,2.69
19.65,-156.7,1.8091836367346938,2.71
19.65,-156.65,1.7865305959183673,2.72
19.65,-156.6,1.758367324489796,2.72
19.65,-156.55,1.7246938585714287,2.72
19.65,-156.5,1.6869387463265306,2.71
19.65,-156.45,1.6408163004081633,2.7
19.65,-156.4,1.5873469002040816,2.6799998
19.65,-156.35,1.5269387448979592,2.6499999
19.65,-156.3,1.4638775242857143,2.61
19.65,-156.25,1.3906122202040816,2.54
19.65,-156.2,1.3057142653061224,2.4099998
19.65,-156.15,1.194285685510204,2.1599998
19.65,-156.1,1.02693875877551,1.77
19.65,-156.05,0.7065306014285714,1.12
19.65,-154.95,1.6361224122448979,2.45
19.65,-154.9,1.7875509959183673,2.6499999
19.65,-154.85,1.8510203857142857,2.72
19.65,-154.8,1.911020375510204,2.75
19.65,-154.75,1.9544897632653062,2.78
19.65,-154.7,1.9836734346938776,2.8
19.65,-154.65,2.000612220408163,2.82
19.65,-154.6,2.0132652714285713,2.83
19.65,-154.55,2.0222448591836732,2.84
19.65,-154.5,2.0299999653061223,2.84
19.65,-154.45,2.036326493877551,2.85
19.65,-154.4,2.042040779591837,2.85
19.65,-154.35,2.047550975510204,2.86
19.65,-154.3,2.0526530163265306,2.86
19.65,-154.25,2.055918330612245,2.86
19.65,-154.2,2.0591836408163267,2.86
19.65,-154.15,2.0634693551020407,2.87
19.65,-154.1,2.0640816102040818,2.87
19.65,-154.05,2.037550993877551,2.85
19.7,-160.95,2.2148979285714288,2.9399998
19.7,-160.9,2.2371428183673467,2.97
19.7,-160.85,2.2346938265306124,2.95
19.7,-160.8,2.232244851020408,2.9399998
19.7,-160.75,2.2310203551020407,2.9299998
19.7,-160.7,2.2312244408163266,2.9299998
19.7,-160.65,2.231632602040816,2.9299998
19.7,-160.6,2.2324489346938776,2.9399998
19.7,-160.55,2.2330611897959183,2.96
19.7,-160.5,2.2312244591836734,2.97
19.7,-160.45,2.230204051020408,2.98
19.7,-160.4,2.2285714,2.99
19.7,-160.35,2.2279591530612244,2.99
19.7,-160.3,2.2277550734693876,3.01
19.7,-160.25,2.2308162959183675,3.03
19.7,-160.2,2.233877514285714,3.05
19.7,-160.15,2.2361224102040818,3.07
19.7,-160.1,2.2357142469387754,3.08
19.7,-160.05,2.234897920408163,3.1
19.7,-160,2.2330611897959183,3.11
19.7,-159.95,2.2310203714285715,3.12
19.7,-159.9,2.2299999591836737,3.1299999
19.7,-159.85,2.2285713775510203,3.1399999
19.7,-159.8,2.227142810204082,3.1499999
19.7,-159.75,2.223469342857143,3.1599998
19.7,-159.7,2.2173469,3.1599998
19.7,-159.65,2.209999971428571,3.1599998
19.7,-159.6,2.2036734306122447,3.1599998
19.7,-159.55,2.196530575510204,3.1599998
19.7,-159.5,2.192857108163265,3.1499999
19.7,-159.45,2.1885713918367347,3.1499999
19.7,-159.4,2.183877512244898,3.1299999
19.7,-159.35,2.1789795551020408,3.12
19.7,-159.3,2.1720407734693876,3.1
19.7,-159.25,2.164693830612245,3.08
19.7,-159.2,2.1540815897959185,3.05
19.7,-159.15,2.143673424489796,3.03
19.7,-159.1,2.1351020020408162,3.02
19.7,-159.05,2.1251020020408165,3
19.7,-159,2.117346897959184,2.98
19.7,-158.95,2.109387718367347,2.96
19.7,-158.9,2.099591802040816,2.9399998
19.7,-158.85,2.0893877285714284,2.8999999
19.7,-158.8,2.078775481632653,2.86
19.7,-158.75,2.067346904081633,2.84
19.7,-158.7,2.055510175510204,2.82
19.7,-158.65,2.045918342857143,2.81
19.7,-158.6,2.03938773877551,2.8
19.7,-158.55,2.034081618367347,2.79
19.7,-158.5,2.029999987755102,2.77
19.7,-158.45,2.0238775346938773,2.75
19.7,-158.4,2.016326512244898,2.73
19.7,-158.35,2.009999981632653,2.71
19.7,-158.3,2.0028571224489795,2.7
19.7,-158.25,1.998775487755102,2.6799998
19.7,-158.2,1.996122418367347,2.6699998
19.7,-158.15,1.9930611959183673,2.6499999
19.7,-158.1,1.9883673163265305,2.6299999
19.7,-158.05,1.9816326265306121,2.6
19.7,-158,1.9751020142857143,2.57
19.7,-157.95,1.9679591571428572,2.55
19.7,-157.9,1.9616326285714285,2.55
19.7,-157.85,1.9559183489795917,2.56
19.7,-157.8,1.9502040530612244,2.57
19.7,-157.75,1.9416326163265305,2.58
19.7,-157.7,1.9336734408163265,2.58
19.7,-157.65,1.9248979326530613,2.59
19.7,-157.6,1.9169387551020407,2.59
19.7,-157.55,1.9102040571428571,2.59
19.7,-157.5,1.9030611959183674,2.6
19.7,-157.45,1.8967346530612246,2.6
19.7,-157.4,1.8897958918367346,2.6
19.7,-157.35,1.884693855102041,2.61
19.7,-157.3,1.8812244571428571,2.61
19.7,-157.25,1.880816293877551,2.62
19.7,-157.2,1.882040787755102,2.6299999
19.7,-157.15,1.882448944897959,2.6299999
19.7,-157.1,1.8814285408163265,2.6399999
19.7,-157.05,1.8783673183673468,2.6399999
19.7,-157,1.8740816040816326,2.6499999
19.7,-156.95,1.8693877183673469,2.6699998
19.7,-156.9,1.8630611857142856,2.6699998
19.7,-156.85,1.8548979265306123,2.6799998
19.7,-156.8,1.8451020102040816,2.6799998
19.7,-156.75,1.8332652775510203,2.6799998
19.7,-156.7,1.8197958959183673,2.69
19.7,-156.65,1.8014285530612244,2.71
19.7,-156.6,1.7777550653061225,2.73
19.7,-156.55,1.7491836463265307,2.73
19.7,-156.5,1.713877533877551,2.72
19.7,-156.45,1.6724489534693878,2.71
19.7,-156.4,1.6212244534693878,2.69
19.7,-156.35,1.5644897734693877,2.6699998
19.7,-156.3,1.5006122075510204,2.6399999
19.7,-156.25,1.4310203797959185,2.6
19.7,-156.2,1.3481632518367346,2.5
19.7,-156.15,1.2479591563265306,2.31
19.7,-156.1,1.0797958932653062,1.93
19.7,-156.05,0.6126530508163265,0.98999995
19.7,-154.95,1.7351020020408163,2.56
19.7,-154.9,1.8297958877551022,2.71
19.7,-154.85,1.8699999755102041,2.74
19.7,-154.8,1.9146938448979591,2.77
19.7,-154.75,1.9544897591836734,2.79
19.7,-154.7,1.983061193877551,2.81
19.7,-154.65,2.001020373469388,2.83
19.7,-154.6,2.0146938408163266,2.84
19.7,-154.55,2.0238775122448978,2.85
19.7,-154.5,2.0326530204081634,2.86
19.7,-154.45,2.038571393877551,2.86
19.7,-154.4,2.0453060857142855,2.87
19.7,-154.35,2.0502040387755103,2.87
19.7,-154.3,2.0555101591836733,2.87
19.7,-154.25,2.0589795530612243,2.87
19.7,-154.2,2.0626530265306124,2.87
19.7,-154.15,2.0671428265306124,2.87
19.7,-154.1,2.0667346653061225,2.87
19.7,-154.05,2.0393877285714286,2.85
19.75,-160.95,2.215102008163265,2.9399998
19.75,-160.9,2.2367346530612244,2.97
19.75,-160.85,2.235102,2.95
19.75,-160.8,2.2322448571428573,2.9399998
19.75,-160.75,2.2314285224489794,2.9299998
19.75,-160.7,2.2304081183673468,2.9199998
19.75,-160.65,2.2320407714285713,2.9299998
19.75,-160.6,2.2320407714285713,2.9199998
19.75,-160.55,2.233469344897959,2.9299998
19.75,-160.5,2.232857112244898,2.95
19.75,-160.45,2.2314285469387753,2.95
19.75,-160.4,2.2291836469387754,2.96
19.75,-160.35,2.2285713979591835,2.97
19.75,-160.3,2.2293877224489798,2.98
19.75,-160.25,2.2318366979591837,3
19.75,-160.2,2.2355101673469386,3.02
19.75,-160.15,2.236326491836735,3.04
19.75,-160.1,2.2375509775510203,3.06
19.75,-160.05,2.2365305714285713,3.07
19.75,-160,2.234489751020408,3.08
19.75,-159.95,2.232448936734694,3.1
19.75,-159.9,2.2328571,3.11
19.75,-159.85,2.232653004081633,3.12
19.75,-159.8,2.230408108163265,3.1299999
19.75,-159.75,2.227346887755102,3.1399999
19.75,-159.7,2.2218366836734695,3.1399999
19.75,-159.65,2.2144897489795916,3.1399999
19.75,-159.6,2.207550979591837,3.1399999
19.75,-159.55,2.200816293877551,3.1399999
19.75,-159.5,2.1940816020408165,3.1399999
19.75,-159.45,2.1895918102040817,3.1299999
19.75,-159.4,2.1859183346938775,3.12
19.75,-159.35,2.179795885714286,3.11
19.75,-159.3,2.1736734326530613,3.09
19.75,-159.25,2.1651020020408165,3.07
19.75,-159.2,2.1553060653061222,3.04
19.75,-159.15,2.145306075510204,3.02
19.75,-159.1,2.1340815897959184,3
19.75,-159.05,2.12469383877551,2.99
19.75,-159,2.115306087755102,2.97
19.75,-158.95,2.1065305857142858,2.95
19.75,-158.9,2.097959151020408,2.9299998
19.75,-158.85,2.0879591551020407,2.8899999
19.75,-158.8,2.076326506122449,2.86
19.75,-158.75,2.064693851020408,2.84
19.75,-158.7,2.0516326265306124,2.82
19.75,-158.65,2.0418367081632653,2.81
19.75,-158.6,2.0342856897959183,2.8
19.75,-158.55,2.030408142857143,2.79
19.75,-158.5,2.0244897734693876,2.77
19.75,-158.45,2.0191836591836734,2.75
19.75,-158.4,2.0118367142857143,2.73
19.75,-158.35,2.004693857142857,2.71
19.75,-158.3,1.9973469163265305,2.69
19.75,-158.25,1.9922448734693878,2.6799998
19.75,-158.2,1.9891836408163266,2.6699998
19.75,-158.15,1.985306093877551,2.6499999
19.75,-158.1,1.9802040489795918,2.62
19.75,-158.05,1.9742856857142856,2.6
19.75,-158,1.9673469102040817,2.58
19.75,-157.95,1.9602040551020408,2.56
19.75,-157.9,1.9540816020408163,2.54
19.75,-157.85,1.9493877285714285,2.54
19.75,-157.8,1.9424489510204082,2.55
19.75,-157.75,1.9338775204081633,2.55
19.75,-157.7,1.924897924489796,2.56
19.75,-157.65,1.9165305897959184,2.56
19.75,-157.6,1.9077550734693878,2.56
19.75,-157.55,1.9004081346938775,2.57
19.75,-157.5,1.8924489489795917,2.57
19.75,-157.45,1.884081612244898,2.58
19.75,-157.4,1.8751020102040816,2.58
19.75,-157.35,1.8681632428571429,2.58
19.75,-157.3,1.8648979306122448,2.59
19.75,-157.25,1.8636734346938775,2.6
19.75,-157.2,1.8638775163265306,2.61
19.75,-157.15,1.8659183326530613,2.61
19.75,-157.1,1.8665305816326532,2.62
19.75,-157.05,1.8661224142857142,2.62
19.75,-157,1.8665305714285714,2.6299999
19.75,-156.95,1.8640815795918366,2.6399999
19.75,-156.9,1.8612244510204081,2.6499999
19.75,-156.85,1.8553061,2.6599998
19.75,-156.8,1.8481632306122449,2.6599998
19.75,-156.75,1.8387754795918367,2.6599998
19.75,-156.7,1.8285713959183674,2.6799998
19.75,-156.65,1.8148979448979592,2.71
19.75,-156.6,1.7967346673469389,2.73
19.75,-156.55,1.7722448646938775,2.74
19.75,-156.5,1.7422448708163265,2.74
19.75,-156.45,1.7067346736734694,2.72
19.75,-156.4,1.6595918010204083,2.7
19.75,-156.35,1.6046938342857142,2.6799998
19.75,-156.3,1.5418367034693878,2.6599998
19.75,-156.25,1.4730611942857144,2.6299999
19.75,-156.2,1.393469352857143,2.56
19.75,-156.15,1.2999999683673469,2.4199998
19.75,-156.1,1.143673443877551,2.11
19.75,-155.05,1.4502040546938775,2.19
19.75,-155,1.6810203775510204,2.49
19.75,-154.95,1.810204051020408,2.69
19.75,-154.9,1.8557142591836735,2.75
19.75,-154.85,1.8848979326530613,2.76
19.75,-154.8,1.9206122122448979,2.78
19.75,-154.75,1.955306093877551,2.8
19.75,-154.7,1.9834693591836734,2.82
19.75,-154.65,2.0030611857142855,2.84
19.75,-154.6,2.0163264979591835,2.85
19.75,-154.55,2.026734655102041,2.86
19.75,-154.5,2.0353060836734693,2.87
19.75,-154.45,2.041632614285714,2.87
19.75,-154.4,2.0483673081632654,2.8799999
19.75,-154.35,2.053673424489796,2.8799999
19.75,-154.3,2.0589795469387755,2.8799999
19.75,-154.25,2.0630611836734696,2.8799999
19.75,-154.2,2.0657142469387755,2.8899999
19.75,-154.15,2.069387724489796,2.8799999
19.75,-154.1,2.0685713918367346,2.8799999
19.75,-154.05,2.0402040530612244,2.85
19.8,-160.95,2.2161224102040817,2.9399998
19.8,-160.9,2.2363264897959185,2.97
19.8,-160.85,2.2340815897959185,2.95
19.8,-160.8,2.2318366918367345,2.9399998
19.8,-160.75,2.230408116326531,2.9299998
19.8,-160.7,2.230204042857143,2.9299998
19.8,-160.65,2.2295917979591837,2.9199998
19.8,-160.6,2.231632614285714,2.9199998
19.8,-160.55,2.2322448653061224,2.9099998
19.8,-160.5,2.232653024489796,2.9099998
19.8,-160.45,2.2312244551020406,2.9199998
19.8,-160.4,2.228979557142857,2.9299998
19.8,-160.35,2.22918363877551,2.9399998
19.8,-160.3,2.2304081306122447,2.95
19.8,-160.25,2.2326530265306124,2.97
19.8,-160.2,2.235714251020408,2.99
19.8,-160.15,2.2379591408163266,3.01
19.8,-160.1,2.238571381632653,3.03
19.8,-160.05,2.237346893877551,3.05
19.8,-160,2.2357142408163266,3.06
19.8,-159.95,2.234693824489796,3.07
19.8,-159.9,2.2342856734693877,3.09
19.8,-159.85,2.2344897448979593,3.1
19.8,-159.8,2.2328570897959183,3.11
19.8,-159.75,2.2302040346938776,3.12
19.8,-159.7,2.224285673469388,3.1299999
19.8,-159.65,2.2183673163265305,3.1299999
19.8,-159.6,2.2110203755102042,3.1299999
19.8,-159.55,2.203469355102041,3.1299999
19.8,-159.5,2.1963265020408165,3.1299999
19.8,-159.45,2.190816297959184,3.12
19.8,-159.4,2.185102014285714,3.11
19.8,-159.35,2.180204055102041,3.1
19.8,-159.3,2.1730611918367346,3.08
19.8,-159.25,2.1642856795918366,3.06
19.8,-159.2,2.1553060877551022,3.04
19.8,-159.15,2.144489751020408,3.01
19.8,-159.1,2.1340815836734692,2.99
19.8,-159.05,2.1242856714285714,2.98
19.8,-159,2.1142856836734696,2.96
19.8,-158.95,2.1048979285714284,2.9399998
19.8,-158.9,2.095918342857143,2.9199998
19.8,-158.85,2.086122426530612,2.8899999
19.8,-158.8,2.073673455102041,2.86
19.8,-158.75,2.0612244714285715,2.84
19.8,-158.7,2.049183642857143,2.83
19.8,-158.65,2.038163230612245,2.81
19.8,-158.6,2.030204057142857,2.8
19.8,-158.55,2.0261224244897957,2.79
19.8,-158.5,2.0197958959183673,2.77
19.8,-158.45,2.0138775285714283,2.75
19.8,-158.4,2.0071428265306124,2.73
19.8,-158.35,1.9995918081632653,2.71
19.8,-158.3,1.9928571224489795,2.69
19.8,-158.25,1.9857142551020408,2.6699998
19.8,-158.2,1.980408130612245,2.6599998
19.8,-158.15,1.9765305775510205,2.6399999
19.8,-158.1,1.9720407857142856,2.62
19.8,-158.05,1.9657142612244898,2.6
19.8,-158,1.9602040448979592,2.58
19.8,-157.95,1.9528571102040817,2.56
19.8,-157.9,1.9463264897959183,2.56
19.8,-157.85,1.9410203734693876,2.55
19.8,-157.8,1.9336734387755101,2.54
19.8,-157.75,1.9265305795918368,2.53
19.8,-157.7,1.9157142612244897,2.53
19.8,-157.65,1.9079591551020407,2.53
19.8,-157.6,1.8985713979591836,2.53
19.8,-157.55,1.889591806122449,2.54
19.8,-157.5,1.8806122142857142,2.54
19.8,-157.45,1.8699999673469387,2.54
19.8,-157.4,1.859795887755102,2.54
19.8,-157.35,1.8516326244897958,2.55
19.8,-157.3,1.8471428285714286,2.56
19.8,-157.25,1.8455101755102041,2.57
19.8,-157.2,1.8465305714285714,2.58
19.8,-157.15,1.848367306122449,2.59
19.8,-157.1,1.8495918040816326,2.59
19.8,-157.05,1.8518366979591836,2.6
19.8,-157,1.8540815836734694,2.61
19.8,-156.95,1.8551019918367346,2.62
19.8,-156.9,1.8555101693877551,2.6299999
19.8,-156.85,1.8536734367346939,2.6399999
19.8,-156.8,1.8499999734693877,2.6399999
19.8,-156.75,1.8430611918367348,2.6499999
19.8,-156.7,1.8344897489795917,2.6599998
19.8,-156.65,1.8240816142857144,2.69
19.8,-156.6,1.8102040653061224,2.72
19.8,-156.55,1.7920407930612245,2.74
19.8,-156.5,1.768367315510204,2.75
19.8,-156.45,1.739795894489796,2.74
19.8,-156.4,1.6991836510204081,2.73
19.8,-156.35,1.649183642857143,2.71
19.8,-156.3,1.5885713918367348,2.6799998
19.8,-156.25,1.5187754946938776,2.6499999
19.8,-156.2,1.4408163069387756,2.6
19.8,-156.15,1.3479591648979592,2.49
19.8,-156.1,1.2340816128571428,2.31
19.8,-156.05,0.899183653877551,1.88
19.8,-155.05,1.6455101693877552,2.4199998
19.8,-155,1.7865305897959183,2.6499999
19.8,-154.95,1.8453061,2.73
19.8,-154.9,1.8738775244897958,2.76
19.8,-154.85,1.898163236734694,2.78
19.8,-154.8,1.9271428285714285,2.8
19.8,-154.75,1.9577550714285714,2.82
19.8,-154.7,1.9851020081632653,2.83
19.8,-154.65,2.0053060897959183,2.85
19.8,-154.6,2.0181632285714284,2.86
19.8,-154.55,2.029183636734694,2.87
19.8,-154.5,2.0383673142857144,2.8799999
19.8,-154.45,2.0457142469387755,2.8799999
19.8,-154.4,2.052244857142857,2.8899999
19.8,-154.35,2.0573469040816326,2.8899999
19.8,-154.3,2.0620407775510206,2.8899999
19.8,-154.25,2.0661224163265306,2.8999999
19.8,-154.2,2.0687754714285713,2.8999999
19.8,-154.15,2.0720407795918367,2.8899999
19.8,-154.1,2.070408120408163,2.8899999
19.8,-154.05,2.046734663265306,2.86
19.85,-160.95,2.216530579591837,2.95
19.85,-160.9,2.2338775122448977,2.98
19.85,-160.85,2.2320407714285713,2.96
19.85,-160.8,2.2289795530612246,2.95
19.85,-160.75,2.2289795408163267,2.9399998
19.85,-160.7,2.2281632265306124,2.9299998
19.85,-160.65,2.2283673102040815,2.9199998
19.85,-160.6,2.229591806122449,2.9099998
19.85,-160.55,2.2304081306122447,2.9099998
19.85,-160.5,2.2308162959183675,2.8999999
19.85,-160.45,2.2308162959183675,2.8899999
19.85,-160.4,2.2299999693877552,2.8999999
19.85,-160.35,2.2293877204081634,2.9099998
19.85,-160.3,2.2314285285714286,2.9199998
19.85,-160.25,2.234081587755102,2.9399998
19.85,-160.2,2.2367346591836736,2.96
19.85,-160.15,2.2375509775510203,2.99
19.85,-160.1,2.2385713857142857,3.01
19.85,-160.05,2.236938730612245,3.02
19.85,-160,2.2355101530612242,3.04
19.85,-159.95,2.233265257142857,3.05
19.85,-159.9,2.2348979142857144,3.07
19.85,-159.85,2.2355101551020407,3.08
19.85,-159.8,2.233877502040816,3.1
19.85,-159.75,2.230816281632653,3.11
19.85,-159.7,2.2259183346938776,3.11
19.85,-159.65,2.2208163,3.12
19.85,-159.6,2.212653036734694,3.12
19.85,-159.55,2.2057142551020408,3.11
19.85,-159.5,2.198775483673469,3.11
19.85,-159.45,2.1920407897959184,3.11
19.85,-159.4,2.18673466122449,3.1
19.85,-159.35,2.1793877265306123,3.09
19.85,-159.3,2.173265275510204,3.08
19.85,-159.25,2.164285673469388,3.06
19.85,-159.2,2.1546938469387755,3.03
19.85,-159.15,2.1453060734693876,3.01
19.85,-159.1,2.1351019918367347,2.98
19.85,-159.05,2.12469383877551,2.96
19.85,-159,2.1140816020408164,2.95
19.85,-158.95,2.1038775224489794,2.9299998
19.85,-158.9,2.094285687755102,2.9099998
19.85,-158.85,2.0832652857142855,2.8899999
19.85,-158.8,2.0716326346938776,2.87
19.85,-158.75,2.0593877367346938,2.85
19.85,-158.7,2.0471428265306124,2.83
19.85,-158.65,2.0377550775510205,2.82
19.85,-158.6,2.028979567346939,2.8
19.85,-158.55,2.0222448693877553,2.79
19.85,-158.5,2.0157142530612244,2.77
19.85,-158.45,2.008979563265306,2.75
19.85,-158.4,2.0020407857142857,2.73
19.85,-158.35,1.9946938469387756,2.71
19.85,-158.3,1.986530581632653,2.69
19.85,-158.25,1.9802040510204082,2.6699998
19.85,-158.2,1.9744897673469388,2.6499999
19.85,-158.15,1.968571393877551,2.6399999
19.85,-158.1,1.9640816020408163,2.62
19.85,-158.05,1.9579591489795918,2.6
19.85,-158,1.9514285265306122,2.58
19.85,-157.95,1.9451019918367347,2.56
19.85,-157.9,1.9395917979591837,2.56
19.85,-157.85,1.934081593877551,2.56
19.85,-157.8,1.9265305795918368,2.55
19.85,-157.75,1.917346906122449,2.54
19.85,-157.7,1.9067346591836734,2.51
19.85,-157.65,1.8971428224489797,2.5
19.85,-157.6,1.885918336734694,2.5
19.85,-157.55,1.8761224102040817,2.51
19.85,-157.5,1.8667346469387756,2.52
19.85,-157.45,1.8551020102040816,2.52
19.85,-157.4,1.8455101775510203,2.52
19.85,-157.35,1.835102012244898,2.52
19.85,-157.3,1.8293877163265306,2.52
19.85,-157.25,1.8275509857142858,2.53
19.85,-157.2,1.8277550673469387,2.55
19.85,-157.15,1.8287754755102041,2.56
19.85,-157.1,1.832244855102041,2.56
19.85,-157.05,1.835714248979592,2.58
19.85,-157,1.840204036734694,2.59
19.85,-156.95,1.844081593877551,2.6
19.85,-156.9,1.8467346530612245,2.61
19.85,-156.85,1.8487754775510203,2.62
19.85,-156.8,1.8469387408163265,2.6299999
19.85,-156.75,1.8438775204081632,2.6299999
19.85,-156.7,1.8387754693877552,2.6399999
19.85,-156.65,1.8291836387755103,2.6799998
19.85,-156.6,1.8181632408163264,2.71
19.85,-156.55,1.8040816030612246,2.74
19.85,-156.5,1.7861224193877552,2.75
19.85,-156.45,1.765510167755102,2.76
19.85,-156.4,1.736122411020408,2.75
19.85,-156.35,1.6942856853061223,2.74
19.85,-156.3,1.6395918075510205,2.71
19.85,-156.25,1.5728571187755103,2.6799998
19.85,-156.2,1.4961224269387754,2.6299999
19.85,-156.15,1.4016326265306123,2.54
19.85,-156.1,1.281020381632653,2.36
19.85,-156.05,1.081224467142857,2.09
19.85,-156,0.8104081512244897,1.68
19.85,-155.05,1.7524489551020408,2.58
19.85,-155,1.837755081632653,2.72
19.85,-154.95,1.8693877285714287,2.76
19.85,-154.9,1.889183644897959,2.78
19.85,-154.85,1.9097958775510204,2.8
19.85,-154.8,1.9346938489795917,2.81
19.85,-154.75,1.9626530285714285,2.83
19.85,-154.7,1.9871428265306121,2.84
19.85,-154.65,2.00693873877551,2.86
19.85,-154.6,2.0214285204081635,2.87
19.85,-154.55,2.032040775510204,2.8799999
19.85,-154.5,2.0422448612244897,2.8899999
19.85,-154.45,2.049183636734694,2.8899999
19.85,-154.4,2.055714251020408,2.8899999
19.85,-154.35,2.0616326204081634,2.8999999
19.85,-154.3,2.0655101673469387,2.8999999
19.85,-154.25,2.0687754734693877,2.9099998
19.85,-154.2,2.0714285326530613,2.9099998
19.85,-154.15,2.072857106122449,2.8999999
19.85,-154.1,2.071632606122449,2.8899999
19.85,-154.05,2.0481632285714286,2.86
19.9,-160.95,2.216530579591837,2.95
19.9,-160.9,2.2306122040816327,2.99
19.9,-160.85,2.229387714285714,2.97
19.9,-160.8,2.2273469040816325,2.95
19.9,-160.75,2.2253060857142857,2.9399998
19.9,-160.7,2.225714251020408,2.9299998
19.9,-160.65,2.2265305795918366,2.9199998
19.9,-160.6,2.2263265,2.9099998
19.9,-160.55,2.2283673142857143,2.9099998
19.9,-160.5,2.2295918163265305,2.8999999
19.9,-160.45,2.2299999734693876,2.8899999
19.9,-160.4,2.229795891836735,2.8799999
19.9,-160.35,2.229999975510204,2.8899999
19.9,-160.3,2.230612208163265,2.8999999
19.9,-160.25,2.233061169387755,2.9199998
19.9,-160.2,2.2361224040816325,2.95
19.9,-160.15,2.2375509836734695,2.97
19.9,-160.1,2.2379591387755102,2.99
19.9,-160.05,2.2361223979591838,3
19.9,-160,2.2340815836734693,3.01
19.9,-159.95,2.233469336734694,3.03
19.9,-159.9,2.233061169387755,3.05
19.9,-159.85,2.2322448448979593,3.06
19.9,-159.8,2.2326530142857144,3.08
19.9,-159.75,2.2299999571428573,3.09
19.9,-159.7,2.2271428244897957,3.1
19.9,-159.65,2.2222448714285714,3.11
19.9,-159.6,2.216530591836735,3.1
19.9,-159.55,2.2095918081632653,3.1
19.9,-159.5,2.202040793877551,3.1
19.9,-159.45,2.1930611918367346,3.09
19.9,-159.4,2.186530585714286,3.09
19.9,-159.35,2.1795918081632655,3.08
19.9,-159.3,2.171632626530612,3.07
19.9,-159.25,2.163061187755102,3.05
19.9,-159.2,2.153673442857143,3.03
19.9,-159.15,2.1438775163265307,3
19.9,-159.1,2.134285663265306,2.98
19.9,-159.05,2.1238775142857143,2.95
19.9,-159,2.114081595918367,2.9399998
19.9,-158.95,2.102857108163265,2.9299998
19.9,-158.9,2.092040781632653,2.9199998
19.9,-158.85,2.081836706122449,2.8999999
19.9,-158.8,2.0702040551020406,2.8799999
19.9,-158.75,2.057755075510204,2.86
19.9,-158.7,2.0461224204081634,2.84
19.9,-158.65,2.0359183408163264,2.82
19.9,-158.6,2.0267346612244896,2.8
19.9,-158.55,2.0193877224489793,2.78
19.9,-158.5,2.0122448632653063,2.77
19.9,-158.45,2.0057142551020406,2.75
19.9,-158.4,1.9977550795918368,2.72
19.9,-158.35,1.989591806122449,2.7
19.9,-158.3,1.9818367,2.6799998
19.9,-158.25,1.9738775204081633,2.6599998
19.9,-158.2,1.9669387489795918,2.6499999
19.9,-158.15,1.9610203775510204,2.6299999
19.9,-158.1,1.9555101653061224,2.61
19.9,-158.05,1.9499999612244898,2.59
19.9,-158,1.9442856714285714,2.58
19.9,-157.95,1.9373468979591837,2.56
19.9,-157.9,1.9328571061224489,2.56
19.9,-157.85,1.9257142530612246,2.56
19.9,-157.8,1.918367306122449,2.56
19.9,-157.75,1.9089795653061226,2.55
19.9,-157.7,1.896938751020408,2.53
19.9,-157.65,1.8855101795918368,2.5
19.9,-157.6,1.8730612,2.48
19.9,-157.55,1.8620407836734694,2.49
19.9,-157.5,1.8506122142857142,2.5
19.9,-157.45,1.8393877265306122,2.51
19.9,-157.4,1.8271428224489796,2.5
19.9,-157.35,1.817959157142857,2.5
19.9,-157.3,1.811020387755102,2.49
19.9,-157.25,1.8087754795918367,2.49
19.9,-157.2,1.8087754836734693,2.51
19.9,-157.15,1.8104081306122448,2.52
19.9,-157.1,1.812857106122449,2.53
19.9,-157.05,1.8179591489795919,2.55
19.9,-157,1.824081606122449,2.56
19.9,-156.95,1.829999969387755,2.58
19.9,-156.9,1.8338775326530612,2.59
19.9,-156.85,1.8371428326530612,2.6
19.9,-156.8,1.8387754775510203,2.61
19.9,-156.75,1.8391836428571429,2.61
19.9,-156.7,1.837550987755102,2.61
19.9,-156.65,1.8310203755102041,2.6499999
19.9,-156.6,1.8220407877551021,2.69
19.9,-156.55,1.8114285346938774,2.73
19.9,-156.5,1.7989795524489796,2.75
19.9,-156.45,1.7832652759183674,2.77
19.9,-156.4,1.763673446122449,2.78
19.9,-156.35,1.733673445510204,2.77
19.9,-156.3,1.690408144897959,2.75
19.9,-156.25,1.6310203891836734,2.72
19.9,-156.2,1.5575509997959183,2.6699998
19.9,-156.15,1.4657142565306123,2.59
19.9,-156.1,1.337346915510204,2.4299998
19.9,-156.05,1.1585714108163265,2.18
19.9,-156,0.9512244697959183,1.8399999
19.9,-155.95,0.6934693763265306,1.41
19.9,-155.1,1.7028571,2.54
19.9,-155.05,1.8348979346938776,2.72
19.9,-155,1.867346912244898,2.76
19.9,-154.95,1.8873469163265306,2.78
19.9,-154.9,1.9030611918367346,2.8
19.9,-154.85,1.9210203795918368,2.81
19.9,-154.8,1.9430612020408162,2.83
19.9,-154.75,1.9675509857142857,2.84
19.9,-154.7,1.9916326224489795,2.86
19.9,-154.65,2.0112244571428572,2.87
19.9,-154.6,2.026938726530612,2.8799999
19.9,-154.55,2.037550975510204,2.8899999
19.9,-154.5,2.046122414285714,2.8999999
19.9,-154.45,2.0528571122448978,2.8999999
19.9,-154.4,2.0593877285714286,2.8999999
19.9,-154.35,2.064897930612245,2.9099998
19.9,-154.3,2.0687754795918365,2.9099998
19.9,-154.25,2.0724489428571427,2.9099998
19.9,-154.2,2.0734693469387757,2.9099998
19.9,-154.15,2.0744897591836735,2.9099998
19.9,-154.1,2.072448932653061,2.8999999
19.9,-154.05,2.048775469387755,2.86
19.95,-160.95,2.216530575510204,2.95
19.95,-160.9,2.2285713918367347,2.99
19.95,-160.85,2.227346906122449,2.98
19.95,-160.8,2.2253060897959185,2.95
19.95,-160.75,2.2236734346938776,2.9399998
19.95,-160.7,2.2228571102040817,2.9299998
19.95,-160.65,2.224285681632653,2.9199998
19.95,-160.6,2.2251020040816325,2.9099998
19.95,-160.55,2.2267346653061226,2.8999999
19.95,-160.5,2.2293877285714285,2.8899999
19.95,-160.45,2.228979575510204,2.8799999
19.95,-160.4,2.228163248979592,2.8799999
19.95,-160.35,2.227959155102041,2.8899999
19.95,-160.3,2.2283673142857143,2.8999999
19.95,-160.25,2.231428530612245,2.9199998
19.95,-160.2,2.2328571020408163,2.9399998
19.95,-160.15,2.2359183285714286,2.96
19.95,-160.1,2.236122414285714,2.98
19.95,-160.05,2.2348979183673467,3
19.95,-160,2.23244893877551,3.01
19.95,-159.95,2.231224448979592,3.02
19.95,-159.9,2.230612195918367,3.02
19.95,-159.85,2.230204032653061,3.05
19.95,-159.8,2.2306122,3.07
19.95,-159.75,2.2291836326530614,3.08
19.95,-159.7,2.2273469040816325,3.09
19.95,-159.65,2.2236734469387756,3.09
19.95,-159.6,2.2187754897959184,3.09
19.95,-159.55,2.212653044897959,3.09
19.95,-159.5,2.2042856795918366,3.08
19.95,-159.45,2.196530583673469,3.08
19.95,-159.4,2.187550991836735,3.08
19.95,-159.35,2.179387724489796,3.07
19.95,-159.3,2.1720407938775512,3.06
19.95,-159.25,2.163265275510204,3.05
19.95,-159.2,2.153877518367347,3.03
19.95,-159.15,2.1442856795918366,3
19.95,-159.1,2.1336734285714285,2.97
19.95,-159.05,2.124489757142857,2.96
19.95,-159,2.1138775163265304,2.95
19.95,-158.95,2.102653026530612,2.9399998
19.95,-158.9,2.092448948979592,2.9299998
19.95,-158.85,2.0806122142857144,2.9099998
19.95,-158.8,2.0687754795918365,2.8899999
19.95,-158.75,2.0565305795918367,2.87
19.95,-158.7,2.045306087755102,2.84
19.95,-158.65,2.034897924489796,2.82
19.95,-158.6,2.025714248979592,2.8
19.95,-158.55,2.017755067346939,2.78
19.95,-158.5,2.0108162918367345,2.76
19.95,-158.45,2.002244871428571,2.74
19.95,-158.4,1.9932652795918366,2.72
19.95,-158.35,1.9840816061224489,2.7
19.95,-158.3,1.9757142612244898,2.6699998
19.95,-158.25,1.968775481632653,2.6599998
19.95,-158.2,1.9616326142857143,2.6399999
19.95,-158.15,1.9546938326530612,2.62
19.95,-158.1,1.9491836285714286,2.61
19.95,-158.05,1.9442856734693876,2.59
19.95,-158,1.939387706122449,2.58
19.95,-157.95,1.9334693387755102,2.57
19.95,-157.9,1.9259183265306123,2.56
19.95,-157.85,1.9193877142857143,2.56
19.95,-157.8,1.9106122102040817,2.56
19.95,-157.75,1.9004081367346939,2.56
19.95,-157.7,1.8873469204081632,2.53
19.95,-157.65,1.8726530367346939,2.51
19.95,-157.6,1.8583673204081632,2.48
19.95,-157.55,1.8438775142857142,2.47
19.95,-157.5,1.8328571081632652,2.48
19.95,-157.45,1.8218367040816326,2.49
19.95,-157.4,1.808979563265306,2.48
19.95,-157.35,1.799999969387755,2.48
19.95,-157.3,1.7938775224489796,2.47
19.95,-157.25,1.7902040469387754,2.47
19.95,-157.2,1.7904081428571428,2.47
19.95,-157.15,1.7910203795918367,2.48
19.95,-157.1,1.7938775163265306,2.5
19.95,-157.05,1.8002040428571429,2.51
19.95,-157,1.8063264959183674,2.53
19.95,-156.95,1.8126530265306122,2.55
19.95,-156.9,1.817346912244898,2.56
19.95,-156.85,1.821224463265306,2.58
19.95,-156.8,1.8248979306122448,2.59
19.95,-156.75,1.8269387489795919,2.59
19.95,-156.7,1.8271428224489796,2.59
19.95,-156.65,1.825714263265306,2.59
19.95,-156.6,1.8208162959183674,2.6499999
19.95,-156.55,1.8124489408163265,2.7
19.95,-156.5,1.8057142540816327,2.74
19.95,-156.45,1.7965305795918367,2.77
19.95,-156.4,1.7832652769387756,2.79
19.95,-156.35,1.7620407889795917,2.8
19.95,-156.3,1.7314285514285714,2.79
19.95,-156.25,1.6875510034693877,2.76
19.95,-156.2,1.622653043877551,2.71
19.95,-156.15,1.5379591502040817,2.6399999
19.95,-156.1,1.4193877281632652,2.52
19.95,-156.05,1.2451020281632652,2.29
19.95,-156,1.0383673273469387,1.9599999
19.95,-155.95,0.8067346861224489,1.53
19.95,-155.9,0.5153061153061225,1.04
19.95,-155.15,1.6963265020408163,2.55
19.95,-155.1,1.8316326346938776,2.73
19.95,-155.05,1.8681632387755103,2.76
19.95,-155,1.8879591571428571,2.78
19.95,-154.95,1.902653018367347,2.8
19.95,-154.9,1.9171428265306123,2.82
19.95,-154.85,1.9328571142857143,2.83
19.95,-154.8,1.9524489551020408,2.85
19.95,-154.75,1.9744897612244898,2.86
19.95,-154.7,1.996530575510204,2.87
19.95,-154.65,2.015714251020408,2.8799999
19.95,-154.6,2.0318366918367348,2.8899999
19.95,-154.55,2.0418366959183674,2.8999999
19.95,-154.5,2.0508162918367345,2.8999999
19.95,-154.45,2.0575509795918365,2.9099998
19.95,-154.4,2.063469357142857,2.9099998
19.95,-154.35,2.0679591591836735,2.9099998
19.95,-154.3,2.071632620408163,2.9099998
19.95,-154.25,2.0740815979591836,2.9099998
19.95,-154.2,2.075510167346939,2.9099998
19.95,-154.15,2.074693844897959,2.9099998
19.95,-154.1,2.072653012244898,2.8999999
19.95,-154.05,2.0493877142857144,2.86
20,-160.95,2.216122412244898,2.95
20,-160.9,2.225102012244898,3
20,-160.85,2.225306093877551,2.98
20,-160.8,2.222857118367347,2.96
20,-160.75,2.221224457142857,2.9399998
20,-160.7,2.2206122081632653,2.9199998
20,-160.65,2.221632612244898,2.9199998
20,-160.6,2.223469357142857,2.9099998
20,-160.55,2.2251020163265305,2.8999999
20,-160.5,2.2273469204081633,2.8999999
20,-160.45,2.2269387530612246,2.8899999
20,-160.4,2.2257142591836736,2.8799999
20,-160.35,2.224285693877551,2.8899999
20,-160.3,2.225102012244898,2.9099998
20,-160.25,2.22673466122449,2.9199998
20,-160.2,2.2295917979591837,2.9399998
20,-160.15,2.2326530285714288,2.96
20,-160.1,2.233061187755102,2.98
20,-160.05,2.231428530612245,2.99
20,-160,2.229183644897959,3
20,-159.95,2.2287754714285715,3.01
20,-159.9,2.2285713795918367,3.02
20,-159.85,2.2283673040816327,3.02
20,-159.8,2.229387718367347,3.05
20,-159.75,2.229183642857143,3.07
20,-159.7,2.2277550693877552,3.08
20,-159.65,2.2255101693877553,3.09
20,-159.6,2.221428544897959,3.08
20,-159.55,2.214285687755102,3.08
20,-159.5,2.2079591551020408,3.07
20,-159.45,2.1987754734693876,3.07
20,-159.4,2.1891836408163265,3.07
20,-159.35,2.181020371428571,3.06
20,-159.3,2.172653032653061,3.06
20,-159.25,2.163877520408163,3.04
20,-159.2,2.154285679591837,3.02
20,-159.15,2.1440816,3
20,-159.1,2.1355101612244898,2.98
20,-159.05,2.125306083673469,2.97
20,-159,2.115102,2.96
20,-158.95,2.102857108163265,2.95
20,-158.9,2.0918367061224488,2.9399998
20,-158.85,2.0802040489795917,2.9299998
20,-158.8,2.067550983673469,2.8999999
20,-158.75,2.0559183285714284,2.8799999
20,-158.7,2.0440816040816325,2.85
20,-158.65,2.0334693530612244,2.82
20,-158.6,2.0248979163265304,2.8
20,-158.55,2.01673466122449,2.78
20,-158.5,2.0083673122448977,2.76
20,-158.45,1.9993877265306121,2.74
20,-158.4,1.9889795673469388,2.71
20,-158.35,1.979387736734694,2.69
20,-158.3,1.9704081408163265,2.6599998
20,-158.25,1.962653030612245,2.6499999
20,-158.2,1.956122418367347,2.6299999
20,-158.15,1.9493877265306123,2.61
20,-158.1,1.9448979265306123,2.6
20,-158.05,1.939183636734694,2.58
20,-158,1.9338775163265305,2.57
20,-157.95,1.9289795489795918,2.57
20,-157.9,1.9208162836734695,2.56
20,-157.85,1.9124489428571427,2.56
20,-157.8,1.9022448673469388,2.57
20,-157.75,1.891428548979592,2.56
20,-157.7,1.876938755102041,2.54
20,-157.65,1.8608162979591836,2.51
20,-157.6,1.8432652755102041,2.48
20,-157.55,1.8275509816326532,2.45
20,-157.5,1.8140816,2.45
20,-157.45,1.8016326265306122,2.45
20,-157.4,1.7908162979591837,2.45
20,-157.35,1.7818367040816325,2.45
20,-157.3,1.7761224142857144,2.45
20,-157.25,1.7724489530612244,2.44
20,-157.2,1.7718367020408163,2.44
20,-157.15,1.7720407959183673,2.44
20,-157.1,1.7759183367346938,2.46
20,-157.05,1.7808162897959183,2.48
20,-157,1.7865305673469387,2.49
20,-156.95,1.7932652734693877,2.51
20,-156.9,1.7985714,2.53
20,-156.85,1.8024489510204083,2.54
20,-156.8,1.8071428326530612,2.56
20,-156.75,1.810204057142857,2.57
20,-156.7,1.811836706122449,2.56
20,-156.65,1.813469369387755,2.55
20,-156.6,1.8122448734693877,2.58
20,-156.55,1.8089795653061225,2.6599998
20,-156.5,1.8063265142857143,2.71
20,-156.45,1.7997958969387755,2.75
20,-156.4,1.7934693551020409,2.78
20,-156.35,1.7816326230612245,2.8
20,-156.3,1.7606122271428573,2.8
20,-156.25,1.727959158979592,2.79
20,-156.2,1.6791836514285714,2.76
20,-156.15,1.610816303877551,2.69
20,-156.1,1.501428552244898,2.58
20,-156.05,1.3436734481632653,2.3999999
20,-156,1.134693853877551,2.12
20,-155.95,0.8824489687755102,1.66
20,-155.9,0.5848979489795918,1.12
20,-155.85,0.390204073877551,0.82
20,-155.2,1.7146938510204082,2.58
20,-155.15,1.8395918102040816,2.74
20,-155.1,1.8716326163265307,2.77
20,-155.05,1.8912244591836735,2.79
20,-155,1.9057142469387756,2.81
20,-154.95,1.919183642857143,2.82
20,-154.9,1.9320407897959184,2.84
20,-154.85,1.9457142591836734,2.85
20,-154.8,1.963265275510204,2.86
20,-154.75,1.9832652653061225,2.87
20,-154.7,2.002857112244898,2.8799999
20,-154.65,2.0224489448979592,2.8899999
20,-154.6,2.0365305714285715,2.8999999
20,-154.55,2.047959148979592,2.9099998
20,-154.5,2.056122416326531,2.9099998
20,-154.45,2.061836702040816,2.9199998
20,-154.4,2.066326514285714,2.9199998
20,-154.35,2.0720407897959183,2.9199998
20,-154.3,2.074489769387755,2.9199998
20,-154.25,2.077142826530612,2.9199998
20,-154.2,2.0781632326530612,2.9099998
20,-154.15,2.076326493877551,2.9099998
20,-154.1,2.0730611857142858,2.8999999
20,-154.05,2.0502040408163267,2.87
20.05,-160.95,2.2151020040816327,2.96
20.05,-160.9,2.222244873469388,3
20.05,-160.85,2.2214285469387756,2.98
20.05,-160.8,2.220204048979592,2.96
20.05,-160.75,2.218367314285714,2.9399998
20.05,-160.7,2.217959155102041,2.9199998
20.05,-160.65,2.217550985714286,2.9099998
20.05,-160.6,2.2210203693877553,2.9099998
20.05,-160.55,2.2224489469387754,2.9099998
20.05,-160.5,2.2236734387755104,2.8999999
20.05,-160.45,2.2242856897959182,2.8899999
20.05,-160.4,2.222448957142857,2.8799999
20.05,-160.35,2.221428544897959,2.8899999
20.05,-160.3,2.221224457142857,2.9099998
20.05,-160.25,2.222653026530612,2.9199998
20.05,-160.2,2.2259183306122448,2.9399998
20.05,-160.15,2.2295918040816325,2.96
20.05,-160.1,2.22897956122449,2.97
20.05,-160.05,2.2285713918367347,2.98
20.05,-160,2.227755063265306,2.99
20.05,-159.95,2.2265305775510202,3
20.05,-159.9,2.2267346591836734,3.01
20.05,-159.85,2.2273469,3.01
20.05,-159.8,2.2285713897959183,3.03
20.05,-159.75,2.2291836346938774,3.06
20.05,-159.7,2.227959151020408,3.07
20.05,-159.65,2.225102002040816,3.08
20.05,-159.6,2.221632624489796,3.08
20.05,-159.55,2.215714263265306,3.07
20.05,-159.5,2.2083673224489795,3.07
20.05,-159.45,2.2008162959183672,3.06
20.05,-159.4,2.1914285367346937,3.06
20.05,-159.35,2.182653026530612,3.06
20.05,-159.3,2.1740816020408165,3.05
20.05,-159.25,2.165102012244898,3.04
20.05,-159.2,2.1548979285714287,3.02
20.05,-159.15,2.1453060857142856,3
20.05,-159.1,2.135510169387755,2.99
20.05,-159.05,2.1257142469387755,2.98
20.05,-159,2.1148979163265307,2.98
20.05,-158.95,2.103265269387755,2.96
20.05,-158.9,2.092653032653061,2.95
20.05,-158.85,2.0793877163265306,2.9399998
20.05,-158.8,2.0677550653061223,2.9199998
20.05,-158.75,2.055102006122449,2.8899999
20.05,-158.7,2.0440816040816325,2.86
20.05,-158.65,2.032653024489796,2.83
20.05,-158.6,2.023265269387755,2.8
20.05,-158.55,2.0142856897959183,2.78
20.05,-158.5,2.005102012244898,2.76
20.05,-158.45,1.994489775510204,2.73
20.05,-158.4,1.9846938510204082,2.71
20.05,-158.35,1.9736734428571427,2.6799998
20.05,-158.3,1.965102006122449,2.6499999
20.05,-158.25,1.9569387387755102,2.6299999
20.05,-158.2,1.9510203795918368,2.62
20.05,-158.15,1.945918342857143,2.6
20.05,-158.1,1.9399999734693878,2.59
20.05,-158.05,1.9357142510204082,2.58
20.05,-158,1.929795875510204,2.57
20.05,-157.95,1.9246938346938776,2.57
20.05,-157.9,1.9165305714285714,2.56
20.05,-157.85,1.9065305775510204,2.56
20.05,-157.8,1.894693842857143,2.56
20.05,-157.75,1.8818367163265306,2.56
20.05,-157.7,1.8667346632653061,2.54
20.05,-157.65,1.8489795571428571,2.52
20.05,-157.6,1.8297958836734693,2.48
20.05,-157.55,1.811224442857143,2.44
20.05,-157.5,1.7955101591836735,2.4099998
20.05,-157.45,1.7818366979591838,2.4099998
20.05,-157.4,1.7706122163265305,2.4099998
20.05,-157.35,1.7630611959183673,2.4099998
20.05,-157.3,1.7569387448979592,2.4099998
20.05,-157.25,1.7551020163265307,2.4099998
20.05,-157.2,1.7540815918367347,2.4099998
20.05,-157.15,1.7551019959183674,2.4099998
20.05,-157.1,1.757142830612245,2.4199998
20.05,-157.05,1.7624489510204082,2.44
20.05,-157,1.7675509897959183,2.46
20.05,-156.95,1.7736734428571428,2.48
20.05,-156.9,1.7785713959183673,2.5
20.05,-156.85,1.7828571142857141,2.51
20.05,-156.8,1.7867346612244899,2.53
20.05,-156.75,1.7908162959183673,2.54
20.05,-156.7,1.7930611979591837,2.53
20.05,-156.65,1.7957142551020409,2.52
20.05,-156.6,1.7973469040816326,2.5
20.05,-156.55,1.7977550714285715,2.57
20.05,-156.5,1.7991836367346938,2.6599998
20.05,-156.45,1.797959157142857,2.71
20.05,-156.4,1.7967346734693876,2.75
20.05,-156.35,1.7910203808163265,2.78
20.05,-156.3,1.7787754840816326,2.8
20.05,-156.25,1.7581632402040817,2.79
20.05,-156.2,1.7242856942857143,2.78
20.05,-156.15,1.6706122128571428,2.74
20.05,-156.1,1.5897958971428572,2.6499999
20.05,-156.05,1.44591834,2.49
20.05,-156,1.242244881020408,2.23
20.05,-155.95,0.9651020187755102,1.8199999
20.05,-155.9,0.5810203989795918,1.12
20.05,-155.85,0.36122448346938774,0.76
20.05,-155.3,1.6769387530612245,2.55
20.05,-155.25,1.7830612,2.69
20.05,-155.2,1.8522448632653061,2.74
20.05,-155.15,1.8806122224489796,2.77
20.05,-155.1,1.8965305836734694,2.8
20.05,-155.05,1.9102040469387755,2.81
20.05,-155,1.9232652673469388,2.83
20.05,-154.95,1.9346938530612245,2.84
20.05,-154.9,1.9459183408163265,2.86
20.05,-154.85,1.9583673204081633,2.87
20.05,-154.8,1.9736734326530612,2.8799999
20.05,-154.75,1.9916326204081631,2.8899999
20.05,-154.7,2.010612212244898,2.8899999
20.05,-154.65,2.027550985714286,2.8999999
20.05,-154.6,2.042857106122449,2.9099998
20.05,-154.55,2.0518367,2.9099998
20.05,-154.5,2.0602040448979593,2.9199998
20.05,-154.45,2.0669387489795916,2.9199998
20.05,-154.4,2.0712244693877553,2.9299998
20.05,-154.35,2.074693848979592,2.9299998
20.05,-154.3,2.078571395918367,2.9299998
20.05,-154.25,2.079591802040816,2.9199998
20.05,-154.2,2.0799999653061225,2.9199998
20.05,-154.15,2.0789795551020407,2.9099998
20.05,-154.1,2.074693832653061,2.8999999
20.05,-154.05,2.051836695918367,2.87
20.1,-160.95,2.2136734346938773,2.96
20.1,-160.9,2.218775483673469,3
20.1,-160.85,2.218775481632653,2.99
20.1,-160.8,2.2165305836734692,2.97
20.1,-160.75,2.2146938428571428,2.9399998
20.1,-160.7,2.21367343877551,2.9199998
20.1,-160.65,2.2140816020408165,2.9099998
20.1,-160.6,2.2148979285714288,2.8999999
20.1,-160.55,2.2177550714285714,2.8999999
20.1,-160.5,2.219591808163265,2.8999999
20.1,-160.45,2.2206122163265305,2.8999999
20.1,-160.4,2.2191836387755104,2.8799999
20.1,-160.35,2.2191836408163264,2.8899999
20.1,-160.3,2.2179591469387754,2.9099998
20.1,-160.25,2.2185713918367345,2.9199998
20.1,-160.2,2.2208162897959185,2.9399998
20.1,-160.15,2.2242856795918367,2.95
20.1,-160.1,2.2263265,2.97
20.1,-160.05,2.2265305795918366,2.97
20.1,-160,2.2263264959183675,2.98
20.1,-159.95,2.2265305836734695,2.99
20.1,-159.9,2.225510167346939,3
20.1,-159.85,2.226734657142857,3
20.1,-159.8,2.2279591408163264,3.01
20.1,-159.75,2.2277550591836732,3.04
20.1,-159.7,2.2271428163265305,3.06
20.1,-159.65,2.2246938469387754,3.07
20.1,-159.6,2.2208163040816324,3.07
20.1,-159.55,2.2155101795918366,3.06
20.1,-159.5,2.209183655102041,3.06
20.1,-159.45,2.202040793877551,3.06
20.1,-159.4,2.1948979285714287,3.05
20.1,-159.35,2.18448976122449,3.05
20.1,-159.3,2.1759183469387757,3.05
20.1,-159.25,2.166734663265306,3.04
20.1,-159.2,2.155918330612245,3.02
20.1,-159.15,2.1477550653061224,3.01
20.1,-159.1,2.136530567346939,3.01
20.1,-159.05,2.125102006122449,3
20.1,-159,2.1146938285714287,2.99
20.1,-158.95,2.103265269387755,2.98
20.1,-158.9,2.0926530265306122,2.97
20.1,-158.85,2.079795881632653,2.95
20.1,-158.8,2.0681632224489794,2.9299998
20.1,-158.75,2.0563264918367348,2.8999999
20.1,-158.7,2.0428571020408164,2.87
20.1,-158.65,2.031632612244898,2.83
20.1,-158.6,2.020204036734694,2.81
20.1,-158.55,2.009999969387755,2.78
20.1,-158.5,2.000408144897959,2.75
20.1,-158.45,1.9904081469387755,2.73
20.1,-158.4,1.9791836530612246,2.7
20.1,-158.35,1.9685714,2.6699998
20.1,-158.3,1.9587754795918366,2.6399999
20.1,-158.25,1.9528571142857143,2.62
20.1,-158.2,1.9463265020408163,2.6
20.1,-158.15,1.9410203857142856,2.59
20.1,-158.1,1.937550993877551,2.58
20.1,-158.05,1.932040781632653,2.57
20.1,-158,1.9257142510204082,2.56
20.1,-157.95,1.9193877163265305,2.56
20.1,-157.9,1.9114285265306123,2.56
20.1,-157.85,1.899795887755102,2.56
20.1,-157.8,1.8881632367346939,2.56
20.1,-157.75,1.8720407836734694,2.56
20.1,-157.7,1.855102,2.54
20.1,-157.65,1.8365305775510203,2.52
20.1,-157.6,1.8165305836734693,2.48
20.1,-157.55,1.7959183408163266,2.44
20.1,-157.5,1.7779591387755103,2.4099998
20.1,-157.45,1.7626530265306122,2.37
20.1,-157.4,1.7504081265306122,2.36
20.1,-157.35,1.7428571102040815,2.36
20.1,-157.3,1.7381632346938776,2.36
20.1,-157.25,1.7371428346938775,2.37
20.1,-157.2,1.7367346734693878,2.37
20.1,-157.15,1.7369387510204082,2.37
20.1,-157.1,1.7395918020408163,2.3799999
20.1,-157.05,1.7432652775510205,2.3999999
20.1,-157,1.748163230612245,2.4199998
20.1,-156.95,1.7520407857142857,2.44
20.1,-156.9,1.7573469204081633,2.47
20.1,-156.85,1.7604081448979592,2.48
20.1,-156.8,1.765102012244898,2.5
20.1,-156.75,1.768571387755102,2.5
20.1,-156.7,1.7718367020408163,2.5
20.1,-156.65,1.776734657142857,2.48
20.1,-156.6,1.7810203775510203,2.46
20.1,-156.55,1.785306093877551,2.44
20.1,-156.5,1.788367318367347,2.56
20.1,-156.45,1.7922448653061225,2.6399999
20.1,-156.4,1.7936734469387756,2.7
20.1,-156.35,1.7928571163265306,2.74
20.1,-156.3,1.7869387469387754,2.76
20.1,-156.25,1.7734693602040816,2.77
20.1,-156.2,1.752857118367347,2.78
20.1,-156.15,1.7181632387755101,2.75
20.1,-156.1,1.657550991632653,2.69
20.1,-156.05,1.5444897710204082,2.55
20.1,-156,1.3532652891836734,2.3
20.1,-155.95,1.0544897785714284,1.93
20.1,-155.9,0.5591836646938776,1.1
20.1,-155.45,1.5704081402040817,2.31
20.1,-155.4,1.7112244653061224,2.6
20.1,-155.35,1.7771428285714286,2.6699998
20.1,-155.3,1.8281632265306123,2.72
20.1,-155.25,1.8638775265306122,2.75
20.1,-155.2,1.8889795693877551,2.77
20.1,-155.15,1.9044897693877552,2.8
20.1,-155.1,1.9171428224489795,2.82
20.1,-155.05,1.928571393877551,2.83
20.1,-155,1.9402040448979592,2.85
20.1,-154.95,1.9512244632653062,2.86
20.1,-154.9,1.960408130612245,2.87
20.1,-154.85,1.9710203673469389,2.8799999
20.1,-154.8,1.9844897591836734,2.8899999
20.1,-154.75,2.0006122142857143,2.8999999
20.1,-154.7,2.016938732653061,2.8999999
20.1,-154.65,2.032653018367347,2.9099998
20.1,-154.6,2.0463264857142858,2.9099998
20.1,-154.55,2.056938736734694,2.9199998
20.1,-154.5,2.063877514285714,2.9199998
20.1,-154.45,2.070612218367347,2.9299998
20.1,-154.4,2.0738775265306124,2.9299998
20.1,-154.35,2.0767346653061223,2.9299998
20.1,-154.3,2.0797958836734693,2.9299998
20.1,-154.25,2.0824489530612245,2.9299998
20.1,-154.2,2.0828571142857144,2.9299998
20.1,-154.15,2.0826530224489797,2.9199998
20.1,-154.1,2.0771428102040814,2.9099998
20.1,-154.05,2.0544897551020407,2.8799999
20.15,-160.95,2.212244869387755,2.96
20.15,-160.9,2.214897932653061,3
20.15,-160.85,2.215510173469388,2.99
20.15,-160.8,2.214285681632653,2.97
20.15,-160.75,2.212244867346939,2.9399998
20.15,-160.7,2.2089795591836734,2.9199998
20.15,-160.65,2.2079591551020408,2.9099998
20.15,-160.6,2.2097959020408164,2.8999999
20.15,-160.55,2.2116326285714285,2.8999999
20.15,-160.5,2.2151020142857143,2.8899999
20.15,-160.45,2.2157142653061226,2.8899999
20.15,-160.4,2.2155101755102042,2.8799999
20.15,-160.35,2.2140816020408165,2.8899999
20.15,-160.3,2.2136734367346937,2.8999999
20.15,-160.25,2.2144897571428572,2.9199998
20.15,-160.2,2.2171428163265308,2.9299998
20.15,-160.15,2.220408126530612,2.95
20.15,-160.1,2.223877512244898,2.96
20.15,-160.05,2.22448976122449,2.97
20.15,-160,2.225102006122449,2.98
20.15,-159.95,2.224897926530612,2.98
20.15,-159.9,2.226122408163265,2.99
20.15,-159.85,2.226938736734694,2.99
20.15,-159.8,2.2271428163265305,3
20.15,-159.75,2.2281632224489796,3.02
20.15,-159.7,2.2265305714285715,3.04
20.15,-159.65,2.2242856755102043,3.05
20.15,-159.6,2.2199999673469386,3.06
20.15,-159.55,2.2146938551020408,3.06
20.15,-159.5,2.208979575510204,3.05
20.15,-159.45,2.203673444897959,3.05
20.15,-159.4,2.1961224163265305,3.05
20.15,-159.35,2.1881632387755103,3.05
20.15,-159.3,2.177959157142857,3.04
20.15,-159.25,2.168571397959184,3.04
20.15,-159.2,2.1591836408163263,3.03
20.15,-159.15,2.1487754714285714,3.03
20.15,-159.1,2.1379591326530614,3.02
20.15,-159.05,2.126326489795918,3.01
20.15,-159,2.114489757142857,3
20.15,-158.95,2.104081585714286,2.99
20.15,-158.9,2.0924489387755103,2.98
20.15,-158.85,2.0808162979591835,2.96
20.15,-158.8,2.0687754775510205,2.9399998
20.15,-158.75,2.0557142469387757,2.9099998
20.15,-158.7,2.043265269387755,2.8799999
20.15,-158.65,2.029183630612245,2.84
20.15,-158.6,2.0167346551020406,2.81
20.15,-158.55,2.006530579591837,2.78
20.15,-158.5,1.9948979387755101,2.75
20.15,-158.45,1.9853060979591837,2.73
20.15,-158.4,1.9736734448979592,2.69
20.15,-158.35,1.9628571142857143,2.6599998
20.15,-158.3,1.9546938510204082,2.6399999
20.15,-158.25,1.947550981632653,2.61
20.15,-158.2,1.9446938448979592,2.59
20.15,-158.15,1.9385713959183672,2.58
20.15,-158.1,1.9332652734693878,2.57
20.15,-158.05,1.9285713918367346,2.57
20.15,-158,1.9212244612244898,2.57
20.15,-157.95,1.9142856836734694,2.57
20.15,-157.9,1.9057142551020407,2.56
20.15,-157.85,1.8944897693877552,2.56
20.15,-157.8,1.8799999755102041,2.56
20.15,-157.75,1.8632652816326531,2.56
20.15,-157.7,1.8451020204081632,2.55
20.15,-157.65,1.8246938489795919,2.53
20.15,-157.6,1.8030612020408163,2.5
20.15,-157.55,1.781632612244898,2.46
20.15,-157.5,1.7620407734693877,2.4199998
20.15,-157.45,1.7440815938775511,2.3799999
20.15,-157.4,1.7308163081632653,2.34
20.15,-157.35,1.7214285448979592,2.3
20.15,-157.3,1.7173469163265307,2.3
20.15,-157.25,1.7161224265306123,2.31
20.15,-157.2,1.7161224265306123,2.32
20.15,-157.15,1.716530575510204,2.32
20.15,-157.1,1.7193877265306123,2.33
20.15,-157.05,1.723061206122449,2.35
20.15,-157,1.7279591632653062,2.3899999
20.15,-156.95,1.7299999530612244,2.4099998
20.15,-156.9,1.7361224102040815,2.44
20.15,-156.85,1.7395918020408163,2.46
20.15,-156.8,1.7422448673469388,2.47
20.15,-156.75,1.7459183285714286,2.48
20.15,-156.7,1.7481632285714286,2.46
20.15,-156.65,1.752857112244898,2.44
20.15,-156.6,1.7579591448979592,2.4199998
20.15,-156.55,1.7661224204081631,2.3999999
20.15,-156.5,1.7738775224489796,2.4099998
20.15,-156.45,1.7814285489795918,2.54
20.15,-156.4,1.7871428163265306,2.6299999
20.15,-156.35,1.7897958918367347,2.6799998
20.15,-156.3,1.7881632408163266,2.72
20.15,-156.25,1.7826530448979592,2.74
20.15,-156.2,1.7702040387755102,2.74
20.15,-156.15,1.7481632379591836,2.73
20.15,-156.1,1.712040791020408,2.69
20.15,-156.05,1.6361224242857142,2.58
20.15,-156,1.4783673222448979,2.34
20.15,-155.95,1.1714285436734695,2.05
20.15,-155.9,0.5159183581632653,0.95
20.15,-155.6,1.6514285408163265,2.51
20.15,-155.55,1.7093877224489795,2.6
20.15,-155.5,1.7424489489795918,2.6299999
20.15,-155.45,1.7681632367346938,2.62
20.15,-155.4,1.8191836428571428,2.69
20.15,-155.35,1.8510203836734693,2.72
20.15,-155.3,1.8804081367346939,2.75
20.15,-155.25,1.8999999755102042,2.78
20.15,-155.2,1.9146938448979591,2.8
20.15,-155.15,1.9263264918367347,2.82
20.15,-155.1,1.937142818367347,2.84
20.15,-155.05,1.946530575510204,2.85
20.15,-155,1.955918330612245,2.86
20.15,-154.95,1.9653060897959185,2.87
20.15,-154.9,1.973877506122449,2.8799999
20.15,-154.85,1.9834693551020408,2.8899999
20.15,-154.8,1.995306093877551,2.8999999
20.15,-154.75,2.008571393877551,2.9099998
20.15,-154.7,2.0222448530612245,2.9099998
20.15,-154.65,2.035714242857143,2.9199998
20.15,-154.6,2.0493877020408164,2.9199998
20.15,-154.55,2.059387712244898,2.9199998
20.15,-154.5,2.067755069387755,2.9299998
20.15,-154.45,2.072653030612245,2.9299998
20.15,-154.4,2.0771428285714286,2.9299998
20.15,-154.35,2.080408130612245,2.9299998
20.15,-154.3,2.0830611979591835,2.9399998
20.15,-154.25,2.0838775224489794,2.9399998
20.15,-154.2,2.0844897653061225,2.9299998
20.15,-154.15,2.084285681632653,2.9299998
20.15,-154.1,2.0799999489795917,2.9199998
20.15,-154.05,2.0557142489795917,2.8799999
20.2,-160.95,2.2097959,2.96
20.2,-160.9,2.2108162918367347,3
20.2,-160.85,2.212040781632653,2.99
20.2,-160.8,2.212244869387755,2.98
20.2,-160.75,2.209387730612245,2.95
20.2,-160.7,2.2061224224489795,2.9299998
20.2,-160.65,2.203469363265306,2.9099998
20.2,-160.6,2.2048979346938773,2.8899999
20.2,-160.55,2.206530589795918,2.8899999
20.2,-160.5,2.211428551020408,2.8899999
20.2,-160.45,2.2120407897959184,2.8799999
20.2,-160.4,2.2114285489795917,2.8799999
20.2,-160.35,2.210204057142857,2.8899999
20.2,-160.3,2.2102040551020408,2.8999999
20.2,-160.25,2.209795887755102,2.9099998
20.2,-160.2,2.213265273469388,2.9299998
20.2,-160.15,2.217550975510204,2.9399998
20.2,-160.1,2.220816281632653,2.96
20.2,-160.05,2.223265275510204,2.97
20.2,-160,2.2242856836734695,2.98
20.2,-159.95,2.223877518367347,2.98
20.2,-159.9,2.2248979204081634,2.98
20.2,-159.85,2.225102,2.99
20.2,-159.8,2.226530573469388,3
20.2,-159.75,2.2271428204081634,3
20.2,-159.7,2.225714244897959,3.01
20.2,-159.65,2.2244897530612247,3.03
20.2,-159.6,2.2202040469387754,3.04
20.2,-159.55,2.2159183326530614,3.04
20.2,-159.5,2.2106122163265307,3.05
20.2,-159.45,2.2042856877551023,3.05
20.2,-159.4,2.1979591612244898,3.05
20.2,-159.35,2.18918363877551,3.05
20.2,-159.3,2.1816326224489795,3.05
20.2,-159.25,2.1718367040816324,3.05
20.2,-159.2,2.16122446122449,3.04
20.2,-159.15,2.1497958816326532,3.04
20.2,-159.1,2.139795873469388,3.04
20.2,-159.05,2.127550975510204,3.03
20.2,-159,2.115918326530612,3.01
20.2,-158.95,2.1036734346938775,3.01
20.2,-158.9,2.0922448591836735,2.99
20.2,-158.85,2.080612212244898,2.98
20.2,-158.8,2.0691836408163264,2.95
20.2,-158.75,2.0557142489795917,2.9199998
20.2,-158.7,2.0412244530612247,2.8899999
20.2,-158.65,2.0279591530612247,2.85
20.2,-158.6,2.0136734408163264,2.82
20.2,-158.55,2.0016326244897957,2.79
20.2,-158.5,1.9902040489795918,2.75
20.2,-158.45,1.9797958836734695,2.72
20.2,-158.4,1.9689795653061224,2.69
20.2,-158.35,1.9579591428571428,2.6599998
20.2,-158.3,1.9506121897959183,2.6299999
20.2,-158.25,1.9438775,2.6
20.2,-158.2,1.9389795387755102,2.58
20.2,-158.15,1.934693836734694,2.56
20.2,-158.1,1.9297958857142856,2.56
20.2,-158.05,1.924285681632653,2.57
20.2,-158,1.918163230612245,2.58
20.2,-157.95,1.9089795653061223,2.58
20.2,-157.9,1.9004081387755103,2.58
20.2,-157.85,1.8883673244897958,2.56
20.2,-157.8,1.874693842857143,2.57
20.2,-157.75,1.8565305857142858,2.56
20.2,-157.7,1.8359183530612244,2.56
20.2,-157.65,1.8144897653061225,2.55
20.2,-157.6,1.7908162959183673,2.53
20.2,-157.55,1.7683673102040816,2.49
20.2,-157.5,1.747550981632653,2.44
20.2,-157.45,1.7271428265306121,2.3899999
20.2,-157.4,1.7106122224489795,2.34
20.2,-157.35,1.6977550775510204,2.3
20.2,-157.3,1.6930612081632652,2.27
20.2,-157.25,1.6908163,2.24
20.2,-157.2,1.6908162979591836,2.24
20.2,-157.15,1.691020387755102,2.25
20.2,-157.1,1.6934693571428572,2.27
20.2,-157.05,1.6965305795918366,2.3
20.2,-157,1.7012244632653062,2.33
20.2,-156.95,1.706122418367347,2.37
20.2,-156.9,1.7120407734693877,2.4099998
20.2,-156.85,1.7161224204081633,2.44
20.2,-156.8,1.7187754775510204,2.45
20.2,-156.75,1.7206122224489797,2.45
20.2,-156.7,1.7216326163265305,2.4299998
20.2,-156.65,1.722857106122449,2.4099998
20.2,-156.6,1.7279591551020408,2.3799999
20.2,-156.55,1.7379591551020408,2.35
20.2,-156.5,1.748775487755102,2.33
20.2,-156.45,1.761224463265306,2.36
20.2,-156.4,1.7716326408163265,2.51
20.2,-156.35,1.7797958999999999,2.6
20.2,-156.3,1.7840815979591838,2.6599998
20.2,-156.25,1.7838775224489796,2.6799998
20.2,-156.2,1.7789795489795919,2.6799998
20.2,-156.15,1.7710203836734695,2.6699998
20.2,-156.1,1.752244869387755,2.6499999
20.2,-156.05,1.7093877218367346,2.59
20.2,-156,1.6173469167346939,2.46
20.2,-155.95,1.3255101918367347,2.22
20.2,-155.7,1.5985714091836734,2.36
20.2,-155.65,1.7053060918367346,2.56
20.2,-155.6,1.7540816020408163,2.62
20.2,-155.55,1.784897930612245,2.6499999
20.2,-155.5,1.814897918367347,2.6799998
20.2,-155.45,1.842448944897959,2.71
20.2,-155.4,1.8681632367346939,2.73
20.2,-155.35,1.8928571142857142,2.76
20.2,-155.3,1.9122448612244898,2.78
20.2,-155.25,1.9267346530612244,2.8
20.2,-155.2,1.9375509734693876,2.82
20.2,-155.15,1.9475509918367346,2.84
20.2,-155.1,1.955918336734694,2.85
20.2,-155.05,1.9638775142857143,2.86
20.2,-155,1.9716326163265305,2.87
20.2,-154.95,1.9789795489795918,2.8799999
20.2,-154.9,1.9863265061224489,2.8899999
20.2,-154.85,1.9940816102040817,2.8999999
20.2,-154.8,2.004081606122449,2.9099998
20.2,-154.75,2.015918336734694,2.9099998
20.2,-154.7,2.0271428102040816,2.9199998
20.2,-154.65,2.039591793877551,2.9199998
20.2,-154.6,2.0518366857142856,2.9199998
20.2,-154.55,2.0620407775510206,2.9299998
20.2,-154.5,2.070612210204082,2.9299998
20.2,-154.45,2.076326491836735,2.9299998
20.2,-154.4,2.0804081285714284,2.9299998
20.2,-154.35,2.0826530285714284,2.9399998
20.2,-154.3,2.0855101795918367,2.9399998
20.2,-154.25,2.086734669387755,2.9399998
20.2,-154.2,2.086326502040816,2.9399998
20.2,-154.15,2.0863264959183674,2.9299998
20.2,-154.1,2.081836689795918,2.9199998
20.2,-154.05,2.057346902040816,2.8899999
20.25,-160.95,2.20714283877551,2.96
20.25,-160.9,2.2059183346938775,2.99
20.25,-160.85,2.2097958836734692,2.99
20.25,-160.8,2.209183651020408,2.98
20.25,-160.75,2.2067346714285714,2.95
20.25,-160.7,2.20224487755102,2.9299998
20.25,-160.65,2.200612224489796,2.9099998
20.25,-160.6,2.1997958959183674,2.8899999
20.25,-160.55,2.2018367081632655,2.8799999
20.25,-160.5,2.2053061020408165,2.8799999
20.25,-160.45,2.207142830612245,2.8799999
20.25,-160.4,2.207959157142857,2.8799999
20.25,-160.35,2.207550993877551,2.8899999
20.25,-160.3,2.2057142591836736,2.8999999
20.25,-160.25,2.205714257142857,2.9099998
20.25,-160.2,2.2091836367346938,2.9199998
20.25,-160.15,2.212244855102041,2.9399998
20.25,-160.1,2.2175509795918367,2.96
20.25,-160.05,2.219183636734694,2.97
20.25,-160,2.221224457142857,2.98
20.25,-159.95,2.2220407836734695,2.98
20.25,-159.9,2.22244893877551,2.99
20.25,-159.85,2.2242856755102043,2.99
20.25,-159.8,2.2255101693877553,2.99
20.25,-159.75,2.2257142530612244,3
20.25,-159.7,2.225306081632653,3
20.25,-159.65,2.223877512244898,3.01
20.25,-159.6,2.2206122040816325,3.03
20.25,-159.55,2.2167346591836736,3.03
20.25,-159.5,2.2118367040816325,3.04
20.25,-159.45,2.2059183428571427,3.04
20.25,-159.4,2.1991836469387755,3.04
20.25,-159.35,2.191836712244898,3.04
20.25,-159.3,2.1838775224489795,3.06
20.25,-159.25,2.1748979224489795,3.06
20.25,-159.2,2.1644897612244898,3.06
20.25,-159.15,2.1528570979591835,3.06
20.25,-159.1,2.1416326102040815,3.05
20.25,-159.05,2.1291836204081633,3.04
20.25,-159,2.116530563265306,3.03
20.25,-158.95,2.1042856734693878,3.02
20.25,-158.9,2.0916326163265304,3.01
20.25,-158.85,2.0797958795918365,2.99
20.25,-158.8,2.0675509857142855,2.97
20.25,-158.75,2.0544897551020407,2.9299998
20.25,-158.7,2.0412244428571427,2.8999999
20.25,-158.65,2.0246938448979592,2.86
20.25,-158.6,2.0106122122448977,2.83
20.25,-158.55,1.9965305857142857,2.79
20.25,-158.5,1.9846938489795918,2.76
20.25,-158.45,1.9738775285714285,2.72
20.25,-158.4,1.9640815836734693,2.6799998
20.25,-158.35,1.9548979081632654,2.6499999
20.25,-158.3,1.9471428102040815,2.62
20.25,-158.25,1.941020363265306,2.59
20.25,-158.2,1.9359183265306121,2.57
20.25,-158.15,1.9310203653061224,2.55
20.25,-158.1,1.9261224102040817,2.56
20.25,-158.05,1.921020381632653,2.57
20.25,-158,1.9122448632653062,2.58
20.25,-157.95,1.904081606122449,2.59
20.25,-157.9,1.8940815979591836,2.59
20.25,-157.85,1.8818367,2.58
20.25,-157.8,1.86795916122449,2.57
20.25,-157.75,1.8508163020408164,2.57
20.25,-157.7,1.8297959020408163,2.57
20.25,-157.65,1.8061224224489796,2.56
20.25,-157.6,1.780816293877551,2.54
20.25,-157.55,1.7573469020408163,2.51
20.25,-157.5,1.7332652775510204,2.47
20.25,-157.45,1.7118366959183673,2.4099998
20.25,-157.4,1.6914285387755101,2.35
20.25,-157.35,1.675102006122449,2.31
20.25,-157.3,1.6657142571428571,2.27
20.25,-157.25,1.6610203734693878,2.24
20.25,-157.2,1.659183642857143,2.2
20.25,-157.15,1.6583673122448979,2.19
20.25,-157.1,1.6612244469387756,2.2
20.25,-157.05,1.6640816040816326,2.23
20.25,-157,1.6693877244897959,2.27
20.25,-156.95,1.6763264918367347,2.31
20.25,-156.9,1.683265281632653,2.36
20.25,-156.85,1.6904081285714285,2.3999999
20.25,-156.8,1.6934693489795918,2.4199998
20.25,-156.75,1.6934693489795918,2.4199998
20.25,-156.7,1.690816293877551,2.4099998
20.25,-156.65,1.685918330612245,2.37
20.25,-156.6,1.6865305734693878,2.33
20.25,-156.55,1.6963264959183673,2.3
20.25,-156.5,1.7120407897959182,2.28
20.25,-156.45,1.7269387551020408,2.25
20.25,-156.4,1.7432652734693876,2.31
20.25,-156.35,1.754081606122449,2.46
20.25,-156.3,1.7626530367346938,2.56
20.25,-156.25,1.7695918081632653,2.61
20.25,-156.2,1.7757142530612244,2.62
20.25,-156.15,1.7797958918367347,2.61
20.25,-156.1,1.7806122224489795,2.59
20.25,-156.05,1.770612218367347,2.58
20.25,-156,1.7389795510204082,2.57
20.25,-155.95,1.6461224379591837,2.51
20.25,-155.9,1.2571428240816327,2.1599998
20.25,-155.75,1.679387724489796,2.47
20.25,-155.7,1.7420407775510205,2.56
20.25,-155.65,1.7810203714285715,2.6399999
20.25,-155.6,1.805102006122449,2.6599998
20.25,-155.55,1.830612224489796,2.69
20.25,-155.5,1.8563265,2.71
20.25,-155.45,1.8806122142857142,2.74
20.25,-155.4,1.9034693469387756,2.77
20.25,-155.35,1.9224489387755102,2.79
20.25,-155.3,1.9375509836734695,2.81
20.25,-155.25,1.949387718367347,2.83
20.25,-155.2,1.9589795591836734,2.84
20.25,-155.15,1.9675509857142857,2.86
20.25,-155.1,1.9732652653061225,2.86
20.25,-155.05,1.9793877163265305,2.87
20.25,-155,1.9855101653061225,2.8799999
20.25,-154.95,1.9910203775510205,2.8899999
20.25,-154.9,1.9959183408163266,2.8999999
20.25,-154.85,2.0032652775510202,2.9099998
20.25,-154.8,2.011632624489796,2.9099998
20.25,-154.75,2.022040775510204,2.9199998
20.25,-154.7,2.0314285204081632,2.9199998
20.25,-154.65,2.0430611775510203,2.9199998
20.25,-154.6,2.0534693408163265,2.9299998
20.25,-154.55,2.0644897571428573,2.9299998
20.25,-154.5,2.0728571040816326,2.9299998
20.25,-154.45,2.078775475510204,2.9299998
20.25,-154.4,2.0834693530612243,2.9399998
20.25,-154.35,2.0844897612244897,2.9399998
20.25,-154.3,2.0865305795918365,2.9399998
20.25,-154.25,2.088571397959184,2.9399998
20.25,-154.2,2.088571397959184,2.9399998
20.25,-154.15,2.0871428224489796,2.9299998
20.25,-154.1,2.082857106122449,2.9199998
20.25,-154.05,2.058367304081633,2.8899999
20.3,-160.95,2.2044897795918366,2.96
20.3,-160.9,2.201632624489796,2.98
20.3,-160.85,2.205306093877551,2.98
20.3,-160.8,2.205510183673469,2.97
20.3,-160.75,2.2034693673469388,2.95
20.3,-160.7,2.1999999795918366,2.9299998
20.3,-160.65,2.1957142653061226,2.9099998
20.3,-160.6,2.1953061,2.8999999
20.3,-160.55,2.195714263265306,2.8799999
20.3,-160.5,2.1987754857142856,2.8799999
20.3,-160.45,2.202244875510204,2.8799999
20.3,-160.4,2.2034693591836736,2.87
20.3,-160.35,2.2030611979591836,2.8899999
20.3,-160.3,2.2012244653061224,2.8999999
20.3,-160.25,2.2010203734693876,2.9099998
20.3,-160.2,2.203265275510204,2.9199998
20.3,-160.15,2.2083673102040815,2.9299998
20.3,-160.1,2.212040779591837,2.95
20.3,-160.05,2.2163264836734693,2.96
20.3,-160,2.2177550632653062,2.97
20.3,-159.95,2.2189795612244896,2.99
20.3,-159.9,2.2208162897959185,2.99
20.3,-159.85,2.22224486122449,3
20.3,-159.8,2.2242856836734695,3
20.3,-159.75,2.2267346591836734,3
20.3,-159.7,2.226734657142857,3.01
20.3,-159.65,2.223877512244898,3.01
20.3,-159.6,2.221020367346939,3.02
20.3,-159.55,2.2161224102040817,3.02
20.3,-159.5,2.2118367081632653,3.03
20.3,-159.45,2.2063265081632655,3.03
20.3,-159.4,2.2008163,3.03
20.3,-159.35,2.1944897734693876,3.05
20.3,-159.3,2.186122418367347,3.06
20.3,-159.25,2.1775509959183674,3.07
20.3,-159.2,2.165918332653061,3.08
20.3,-159.15,2.154489751020408,3.07
20.3,-159.1,2.1424489346938773,3.07
20.3,-159.05,2.1304081142857143,3.06
20.3,-159,2.1175509795918366,3.05
20.3,-158.95,2.1044897591836733,3.03
20.3,-158.9,2.0906122102040814,3.02
20.3,-158.85,2.0775509795918365,3
20.3,-158.8,2.0648979204081632,2.98
20.3,-158.75,2.051224455102041,2.95
20.3,-158.7,2.0375509714285713,2.9099998
20.3,-158.65,2.0210203836734695,2.87
20.3,-158.6,2.0057142530612246,2.83
20.3,-158.55,1.9902040510204082,2.79
20.3,-158.5,1.9785713979591837,2.76
20.3,-158.45,1.9685713918367347,2.72
20.3,-158.4,1.9602040306122448,2.6799998
20.3,-158.35,1.9512244346938776,2.6399999
20.3,-158.3,1.9436734285714286,2.61
20.3,-158.25,1.9367346632653062,2.58
20.3,-158.2,1.931428542857143,2.56
20.3,-158.15,1.926938742857143,2.55
20.3,-158.1,1.9208162959183672,2.56
20.3,-158.05,1.9136734408163265,2.57
20.3,-158,1.9073469122448978,2.58
20.3,-157.95,1.89918363877551,2.59
20.3,-157.9,1.8906122102040817,2.59
20.3,-157.85,1.879183636734694,2.59
20.3,-157.8,1.864693842857143,2.58
20.3,-157.75,1.846938751020408,2.57
20.3,-157.7,1.8269387530612244,2.58
20.3,-157.65,1.8016326265306122,2.57
20.3,-157.6,1.7751020204081633,2.56
20.3,-157.55,1.7489795571428572,2.53
20.3,-157.5,1.7222448673469388,2.49
20.3,-157.45,1.6975509897959185,2.4299998
20.3,-157.4,1.6732652734693878,2.37
20.3,-157.35,1.65367343877551,2.31
20.3,-157.3,1.6387754857142858,2.27
20.3,-157.25,1.6304081408163265,2.23
20.3,-157.2,1.6257142530612245,2.2
20.3,-157.15,1.6234693510204081,2.1499999
20.3,-157.1,1.624285693877551,2.1499999
20.3,-157.05,1.6257142510204081,2.1399999
20.3,-157,1.6299999714285713,2.19
20.3,-156.95,1.6385714081632654,2.24
20.3,-156.9,1.6485713918367346,2.28
20.3,-156.85,1.6577550632653062,2.34
20.3,-156.8,1.6642856734693878,2.3799999
20.3,-156.75,1.6655101632653062,2.3899999
20.3,-156.7,1.659183624489796,2.3799999
20.3,-156.65,1.6471428183673469,2.34
20.3,-156.6,1.6418366979591836,2.3
20.3,-156.55,1.648571393877551,2.26
20.3,-156.5,1.6638775020408163,2.23
20.3,-156.45,1.6806122061224489,2.2
20.3,-156.4,1.6979591469387756,2.18
20.3,-156.35,1.7122448653061224,2.24
20.3,-156.3,1.7244897673469388,2.3899999
20.3,-156.25,1.736122426530612,2.49
20.3,-156.2,1.7489795653061224,2.53
20.3,-156.15,1.7640816142857143,2.53
20.3,-156.1,1.7836734448979592,2.51
20.3,-156.05,1.8004081367346938,2.56
20.3,-156,1.814081612244898,2.62
20.3,-155.95,1.810612218367347,2.6499999
20.3,-155.9,1.775510175510204,2.6399999
20.3,-155.85,1.7567346673469388,2.6399999
20.3,-155.8,1.7673469081632653,2.6299999
20.3,-155.75,1.7893877346938776,2.62
20.3,-155.7,1.807959169387755,2.6499999
20.3,-155.65,1.825306093877551,2.6699998
20.3,-155.6,1.846734663265306,2.7
20.3,-155.55,1.870204048979592,2.72
20.3,-155.5,1.8922448551020408,2.75
20.3,-155.45,1.9132652591836734,2.77
20.3,-155.4,1.9324489489795917,2.8
20.3,-155.35,1.9481632387755101,2.82
20.3,-155.3,1.960408130612245,2.84
20.3,-155.25,1.9704081265306121,2.85
20.3,-155.2,1.978775469387755,2.86
20.3,-155.15,1.9844897530612244,2.87
20.3,-155.1,1.9895917918367347,2.8799999
20.3,-155.05,1.9936734285714286,2.8899999
20.3,-155,1.9975509857142857,2.8899999
20.3,-154.95,2.002244863265306,2.8999999
20.3,-154.9,2.005714255102041,2.8999999
20.3,-154.85,2.0118367020408163,2.9099998
20.3,-154.8,2.0185713918367347,2.9199998
20.3,-154.75,2.027142808163265,2.9199998
20.3,-154.7,2.036530563265306,2.9299998
20.3,-154.65,2.047142808163265,2.9299998
20.3,-154.6,2.0567346551020407,2.9299998
20.3,-154.55,2.0673469020408164,2.9299998
20.3,-154.5,2.07448976122449,2.9299998
20.3,-154.45,2.080816295918367,2.9399998
20.3,-154.4,2.085306093877551,2.9399998
20.3,-154.35,2.0871428204081632,2.9399998
20.3,-154.3,2.0893877224489796,2.9399998
20.3,-154.25,2.0893877224489796,2.9399998
20.3,-154.2,2.0897958836734696,2.9399998
20.3,-154.15,2.0895918020408164,2.9299998
20.3,-154.1,2.0848979224489796,2.9299998
20.3,-154.05,2.063061183673469,2.8999999
20.35,-160.95,2.202653042857143,2.96
20.35,-160.9,2.1977550775510206,2.97
20.35,-160.85,2.2006122224489797,2.97
20.35,-160.8,2.202040789795918,2.96
20.35,-160.75,2.2002040612244897,2.95
20.35,-160.7,2.1961224224489797,2.9299998
20.35,-160.65,2.1924489591836736,2.9099998
20.35,-160.6,2.1908163102040814,2.8999999
20.35,-160.55,2.1908163040816326,2.8899999
20.35,-160.5,2.1940816040816324,2.8799999
20.35,-160.45,2.1973469163265307,2.8799999
20.35,-160.4,2.198367326530612,2.87
20.35,-160.35,2.1985714040816324,2.8799999
20.35,-160.3,2.196122418367347,2.8899999
20.35,-160.25,2.1967346653061224,2.8999999
20.35,-160.2,2.1987754775510204,2.9099998
20.35,-160.15,2.2032652775510204,2.9299998
20.35,-160.1,2.2075509857142857,2.9399998
20.35,-160.05,2.2128571102040815,2.96
20.35,-160,2.2142856734693876,2.97
20.35,-159.95,2.2165305816326533,2.98
20.35,-159.9,2.218367314285714,3
20.35,-159.85,2.2202040530612246,3
20.35,-159.8,2.2230611959183673,3.01
20.35,-159.75,2.224081593877551,3.01
20.35,-159.7,2.225714257142857,3.01
20.35,-159.65,2.223673432653061,3.02
20.35,-159.6,2.2208162897959185,3.03
20.35,-159.55,2.216938732653061,3.04
20.35,-159.5,2.211632624489796,3.04
20.35,-159.45,2.2065305918367346,3.04
20.35,-159.4,2.202040787755102,3.04
20.35,-159.35,2.1963265040816324,3.05
20.35,-159.3,2.188571406122449,3.07
20.35,-159.25,2.1791836469387755,3.08
20.35,-159.2,2.1683673102040815,3.09
20.35,-159.15,2.1565305653061224,3.09
20.35,-159.1,2.144081597959184,3.09
20.35,-159.05,2.131836687755102,3.08
20.35,-159,2.118367306122449,3.07
20.35,-158.95,2.1044897653061225,3.05
20.35,-158.9,2.0895918020408164,3.03
20.35,-158.85,2.0761224142857144,3.01
20.35,-158.8,2.061836706122449,2.99
20.35,-158.75,2.0475509979591835,2.96
20.35,-158.7,2.0324489408163267,2.9199998
20.35,-158.65,2.0163265040816327,2.8799999
20.35,-158.6,1.9993877204081631,2.84
20.35,-158.55,1.9842856836734695,2.8
20.35,-158.5,1.9718366999999999,2.76
20.35,-158.45,1.9618366999999999,2.72
20.35,-158.4,1.9542856734693876,2.6799998
20.35,-158.35,1.9461224142857143,2.6399999
20.35,-158.3,1.9393877285714285,2.6
20.35,-158.25,1.9320407918367346,2.57
20.35,-158.2,1.9261224224489797,2.55
20.35,-158.15,1.921428548979592,2.55
20.35,-158.1,1.9140816102040816,2.56
20.35,-158.05,1.9079591469387756,2.57
20.35,-158,1.9018366918367346,2.58
20.35,-157.95,1.8951020040816327,2.59
20.35,-157.9,1.8875509857142858,2.6
20.35,-157.85,1.8783673061224488,2.6
20.35,-157.8,1.8655101897959183,2.59
20.35,-157.75,1.8487754918367347,2.58
20.35,-157.7,1.8263265040816326,2.59
20.35,-157.65,1.801632618367347,2.59
20.35,-157.6,1.7728571142857144,2.57
20.35,-157.55,1.7428571102040817,2.54
20.35,-157.5,1.7134693591836734,2.51
20.35,-157.45,1.684693836734694,2.45
20.35,-157.4,1.6571428265306123,2.3899999
20.35,-157.35,1.6318367040816326,2.32
20.35,-157.3,1.612448957142857,2.26
20.35,-157.25,1.5995918204081632,2.22
20.35,-157.2,1.5918367020408164,2.18
20.35,-157.15,1.5873469020408164,2.1499999
20.35,-157.1,1.5855101775510203,2.11
20.35,-157.05,1.585714257142857,2.1
20.35,-157,1.5883673204081632,2.11
20.35,-156.95,1.5967346653061225,2.1499999
20.35,-156.9,1.6071428285714286,2.19
20.35,-156.85,1.6193877285714287,2.24
20.35,-156.8,1.6289795428571427,2.3
20.35,-156.75,1.6328570959183673,2.34
20.35,-156.7,1.624693848979592,2.34
20.35,-156.65,1.6057142591836735,2.31
20.35,-156.6,1.5977550755102041,2.26
20.35,-156.55,1.6002040563265305,2.23
20.35,-156.5,1.612244858367347,2.2
20.35,-156.45,1.6289795571428571,2.1699998
20.35,-156.4,1.644081606122449,2.1399999
20.35,-156.35,1.658775481632653,2.1299999
20.35,-156.3,1.6736734387755101,2.19
20.35,-156.25,1.6879591571428572,2.3
20.35,-156.2,1.7038775102040815,2.3999999
20.35,-156.15,1.7261224204081633,2.4299998
20.35,-156.1,1.7555101714285715,2.4199998
20.35,-156.05,1.791020369387755,2.5
20.35,-156,1.825714257142857,2.6
20.35,-155.95,1.8483673040816326,2.6699998
20.35,-155.9,1.8414285367346939,2.69
20.35,-155.85,1.829999969387755,2.69
20.35,-155.8,1.8265305755102041,2.69
20.35,-155.75,1.8342856795918367,2.6799998
20.35,-155.7,1.845102006122449,2.69
20.35,-155.65,1.8626530244897959,2.71
20.35,-155.6,1.8818366979591836,2.74
20.35,-155.55,1.9028570979591837,2.76
20.35,-155.5,1.9236734387755101,2.78
20.35,-155.45,1.942244875510204,2.81
20.35,-155.4,1.9575509897959185,2.83
20.35,-155.35,1.9702040489795918,2.85
20.35,-155.3,1.9806122102040817,2.86
20.35,-155.25,1.987550975510204,2.87
20.35,-155.2,1.9946938346938776,2.8799999
20.35,-155.15,1.9981632224489796,2.8799999
20.35,-155.1,2.0022448591836732,2.8899999
20.35,-155.05,2.005306087755102,2.8999999
20.35,-155,2.009387720408163,2.8999999
20.35,-154.95,2.0122448632653063,2.8999999
20.35,-154.9,2.0153060836734693,2.8999999
20.35,-154.85,2.020204036734694,2.9099998
20.35,-154.8,2.0257142408163267,2.9299998
20.35,-154.75,2.0330611775510206,2.9299998
20.35,-154.7,2.0412244428571427,2.9299998
20.35,-154.65,2.0504081224489794,2.9299998
20.35,-154.6,2.059183636734694,2.9299998
20.35,-154.55,2.0689795530612245,2.9299998
20.35,-154.5,2.077142824489796,2.9299998
20.35,-154.45,2.0824489489795917,2.9299998
20.35,-154.4,2.0861224163265306,2.9399998
20.35,-154.35,2.0893877163265304,2.9399998
20.35,-154.3,2.090408124489796,2.9399998
20.35,-154.25,2.090408124489796,2.9399998
20.35,-154.2,2.0910203714285713,2.9399998
20.35,-154.15,2.0906122102040814,2.9299998
20.35,-154.1,2.0867346591836733,2.9299998
20.35,-154.05,2.0636734285714287,2.8999999
20.4,-160.95,2.201020383673469,2.97
20.4,-160.9,2.1938775244897957,2.97
20.4,-160.85,2.1953060959183675,2.96
20.4,-160.8,2.1975509897959182,2.96
20.4,-160.75,2.1955101795918366,2.95
20.4,-160.7,2.1914285448979594,2.9299998
20.4,-160.65,2.187550995918367,2.9099998
20.4,-160.6,2.1861224265306123,2.8999999
20.4,-160.55,2.1857142591836736,2.8899999
20.4,-160.5,2.188367318367347,2.8799999
20.4,-160.45,2.1908162959183675,2.8799999
20.4,-160.4,2.193469367346939,2.87
20.4,-160.35,2.194081606122449,2.87
20.4,-160.3,2.1926530346938775,2.8799999
20.4,-160.25,2.1926530346938775,2.8899999
20.4,-160.2,2.195306085714286,2.9099998
20.4,-160.15,2.2002040469387754,2.9199998
20.4,-160.1,2.203673432653061,2.9299998
20.4,-160.05,2.206938742857143,2.95
20.4,-160,2.2120407836734692,2.97
20.4,-159.95,2.2138775204081633,2.98
20.4,-159.9,2.215714255102041,2.99
20.4,-159.85,2.217550993877551,3
20.4,-159.8,2.2202040469387754,3.01
20.4,-159.75,2.2226530244897957,3.02
20.4,-159.7,2.22448976122449,3.02
20.4,-159.65,2.224285681632653,3.03
20.4,-159.6,2.2210203693877553,3.04
20.4,-159.55,2.216938744897959,3.05
20.4,-159.5,2.2116326224489797,3.05
20.4,-159.45,2.2071428224489797,3.06
20.4,-159.4,2.203877518367347,3.07
20.4,-159.35,2.1973469020408163,3.07
20.4,-159.3,2.190204051020408,3.09
20.4,-159.25,2.180612212244898,3.09
20.4,-159.2,2.1708162959183674,3.09
20.4,-159.15,2.1581632244897957,3.1
20.4,-159.1,2.1459183346938775,3.11
20.4,-159.05,2.132653020408163,3.1
20.4,-159,2.1183672979591837,3.08
20.4,-158.95,2.1038775163265306,3.06
20.4,-158.9,2.0885713918367346,3.04
20.4,-158.85,2.0734693591836733,3.02
20.4,-158.8,2.0585714102040815,2.99
20.4,-158.75,2.042448963265306,2.97
20.4,-158.7,2.02571426122449,2.9299998
20.4,-158.65,2.009183644897959,2.8899999
20.4,-158.6,1.992857112244898,2.85
20.4,-158.55,1.977755069387755,2.81
20.4,-158.5,1.9661224163265305,2.76
20.4,-158.45,1.9557142469387756,2.72
20.4,-158.4,1.9477550571428572,2.6799998
20.4,-158.35,1.9395918061224489,2.6299999
20.4,-158.3,1.9334693693877552,2.59
20.4,-158.25,1.926326512244898,2.56
20.4,-158.2,1.9197958897959184,2.55
20.4,-158.15,1.9138775244897959,2.56
20.4,-158.1,1.9071428346938775,2.56
20.4,-158.05,1.901428544897959,2.57
20.4,-158,1.896530575510204,2.58
20.4,-157.95,1.8910203775510204,2.6
20.4,-157.9,1.8875509836734694,2.61
20.4,-157.85,1.8787754775510204,2.61
20.4,-157.8,1.8706122224489796,2.61
20.4,-157.75,1.8540816163265306,2.6
20.4,-157.7,1.8316326387755102,2.6
20.4,-157.65,1.8040815918367348,2.6
20.4,-157.6,1.7738775224489796,2.58
20.4,-157.55,1.7412244632653062,2.55
20.4,-157.5,1.7079591448979592,2.52
20.4,-157.45,1.6742856918367346,2.47
20.4,-157.4,1.6412244734693877,2.3999999
20.4,-157.35,1.6126530285714284,2.33
20.4,-157.3,1.5873469040816326,2.26
20.4,-157.25,1.5691836408163264,2.21
20.4,-157.2,1.5563264979591838,2.1599998
20.4,-157.15,1.5506122142857142,2.1299999
20.4,-157.1,1.5473469142857144,2.09
20.4,-157.05,1.5483673163265306,2.07
20.4,-157,1.5497958897959183,2.08
20.4,-156.95,1.5536734346938776,2.1
20.4,-156.9,1.561632618367347,2.1299999
20.4,-156.85,1.5722448734693877,2.1499999
20.4,-156.8,1.5832652897959183,2.19
20.4,-156.75,1.5857142653061225,2.23
20.4,-156.7,1.5787754897959183,2.26
20.4,-156.65,1.5510203795918367,2.24
20.4,-156.6,1.5483673102040816,2.23
20.4,-156.55,1.5522448714285715,2.2
20.4,-156.5,1.5612244563265305,2.1599998
20.4,-156.45,1.5722448734693877,2.1499999
20.4,-156.4,1.5838775204081632,2.12
20.4,-156.35,1.5959183469387754,2.08
20.4,-156.3,1.609591806122449,2.09
20.4,-156.25,1.6253060918367346,2.1699998
20.4,-156.2,1.6440815959183672,2.22
20.4,-156.15,1.6708162979591836,2.27
20.4,-156.1,1.7089795612244898,2.3
20.4,-156.05,1.7587754897959182,2.4299998
20.4,-156,1.8130612,2.56
20.4,-155.95,1.8585713857142856,2.6799998
20.4,-155.9,1.865306081632653,2.72
20.4,-155.85,1.8616326183673468,2.73
20.4,-155.8,1.8608162897959184,2.73
20.4,-155.75,1.8646938387755103,2.73
20.4,-155.7,1.877550981632653,2.73
20.4,-155.65,1.8948979244897959,2.75
20.4,-155.6,1.9159183224489795,2.78
20.4,-155.55,1.9346938448979591,2.8
20.4,-155.5,1.9522448673469388,2.82
20.4,-155.45,1.967755063265306,2.84
20.4,-155.4,1.9804081285714286,2.85
20.4,-155.35,1.9899999591836735,2.86
20.4,-155.3,1.9985713979591837,2.8799999
20.4,-155.25,2.0036734408163266,2.8799999
20.4,-155.2,2.0083673204081633,2.8899999
20.4,-155.15,2.0112244612244896,2.8899999
20.4,-155.1,2.013877516326531,2.8999999
20.4,-155.05,2.016326493877551,2.8999999
20.4,-155,2.017755067346939,2.8999999
20.4,-154.95,2.020612204081633,2.8999999
20.4,-154.9,2.0236734204081634,2.8999999
20.4,-154.85,2.027142806122449,2.9099998
20.4,-154.8,2.0318366897959184,2.9199998
20.4,-154.75,2.0385713795918368,2.9299998
20.4,-154.7,2.0453060795918367,2.9299998
20.4,-154.65,2.0534693448979593,2.9299998
20.4,-154.6,2.0620407795918365,2.9299998
20.4,-154.55,2.070408124489796,2.9299998
20.4,-154.5,2.0785713979591836,2.9299998
20.4,-154.45,2.0842856795918365,2.9299998
20.4,-154.4,2.088367312244898,2.9299998
20.4,-154.35,2.0914285346938777,2.9299998
20.4,-154.3,2.092653020408163,2.9299998
20.4,-154.25,2.0924489408163267,2.9299998
20.4,-154.2,2.0926530265306122,2.9299998
20.4,-154.15,2.0914285326530613,2.9299998
20.4,-154.1,2.0867346591836733,2.9299998
20.4,-154.05,2.0653060775510204,2.9099998
20.45,-160.95,2.199183648979592,2.97
20.45,-160.9,2.191020381632653,2.97
20.45,-160.85,2.1914285408163265,2.96
20.45,-160.8,2.192040783673469,2.95
20.45,-160.75,2.190408132653061,2.9399998
20.45,-160.7,2.1879591551020408,2.9299998
20.45,-160.65,2.1846938489795917,2.9099998
20.45,-160.6,2.182244869387755,2.8999999
20.45,-160.55,2.1808162979591836,2.8899999
20.45,-160.5,2.182857112244898,2.8799999
20.45,-160.45,2.1851020102040817,2.8799999
20.45,-160.4,2.188775485714286,2.87
20.45,-160.35,2.189591812244898,2.86
20.45,-160.3,2.1902040591836736,2.8799999
20.45,-160.25,2.191020381632653,2.8899999
20.45,-160.2,2.1924489469387756,2.8999999
20.45,-160.15,2.1946938408163263,2.9099998
20.45,-160.1,2.198979555102041,2.9299998
20.45,-160.05,2.2038775102040815,2.9399998
20.45,-160,2.20897956122449,2.96
20.45,-159.95,2.211224463265306,2.98
20.45,-159.9,2.2132652755102042,2.99
20.45,-159.85,2.2146938428571428,3
20.45,-159.8,2.217550985714286,3.01
20.45,-159.75,2.220816287755102,3.02
20.45,-159.7,2.2222448591836734,3.03
20.45,-159.65,2.2222448632653062,3.03
20.45,-159.6,2.219999969387755,3.04
20.45,-159.55,2.217142820408163,3.05
20.45,-159.5,2.2116326163265305,3.07
20.45,-159.45,2.2083673102040815,3.09
20.45,-159.4,2.203265267346939,3.1
20.45,-159.35,2.198367314285714,3.11
20.45,-159.3,2.1912244591836734,3.11
20.45,-159.25,2.181020379591837,3.1
20.45,-159.2,2.1702040510204084,3.09
20.45,-159.15,2.159999955102041,3.1
20.45,-159.1,2.1471428204081633,3.11
20.45,-159.05,2.1332652591836734,3.11
20.45,-159,2.1189795428571427,3.1
20.45,-158.95,2.1022448489795917,3.07
20.45,-158.9,2.0875509918367348,3.05
20.45,-158.85,2.0708163081632653,3.03
20.45,-158.8,2.0536734530612244,3
20.45,-158.75,2.0363265102040815,2.97
20.45,-158.7,2.019387730612245,2.9399998
20.45,-158.65,2.0026530346938776,2.8999999
20.45,-158.6,1.9861224081632654,2.86
20.45,-158.55,1.9706122142857143,2.81
20.45,-158.5,1.9583673142857143,2.76
20.45,-158.45,1.9481632265306121,2.72
20.45,-158.4,1.9389795530612244,2.6699998
20.45,-158.35,1.9304081408163265,2.62
20.45,-158.3,1.9234693612244897,2.58
20.45,-158.25,1.9173469061224488,2.54
20.45,-158.2,1.9099999591836734,2.54
20.45,-158.15,1.9044897591836734,2.55
20.45,-158.1,1.8983673163265307,2.56
20.45,-158.05,1.893265287755102,2.58
20.45,-158,1.8895918204081632,2.59
20.45,-157.95,1.8871428346938774,2.6
20.45,-157.9,1.8859183428571429,2.62
20.45,-157.85,1.882040793877551,2.6299999
20.45,-157.8,1.8763264897959184,2.6299999
20.45,-157.75,1.8628571224489796,2.6299999
20.45,-157.7,1.8397959020408163,2.62
20.45,-157.65,1.8108162979591838,2.62
20.45,-157.6,1.778367306122449,2.6
20.45,-157.55,1.7426530326530612,2.57
20.45,-157.5,1.7042856857142856,2.52
20.45,-157.45,1.6661224183673469,2.48
20.45,-157.4,1.6289795591836735,2.4099998
20.45,-157.35,1.5940815918367346,2.34
20.45,-157.3,1.5620407918367347,2.27
20.45,-157.25,1.5381632469387756,2.2
20.45,-157.2,1.5208162959183673,2.1399999
20.45,-157.15,1.512040793877551,2.1
20.45,-157.1,1.5079591612244898,2.06
20.45,-157.05,1.5093877265306122,2.02
20.45,-157,1.5104081346938776,2.04
20.45,-156.95,1.511632636734694,2.08
20.45,-156.9,1.5146938571428572,2.1
20.45,-156.85,1.519387724489796,2.11
20.45,-156.8,1.5236734469387756,2.11
20.45,-156.75,1.5163265142857143,2.09
20.45,-156.7,1.5004081408163266,2.08
20.45,-156.65,1.4536734448979591,2.06
20.45,-156.6,1.4697958891836735,2.1299999
20.45,-156.55,1.4973469093877552,2.1499999
20.45,-156.5,1.5140815930612246,2.1299999
20.45,-156.45,1.5148979326530612,2.1
20.45,-156.4,1.5187754789795918,2.08
20.45,-156.35,1.5236734402040817,2.05
20.45,-156.3,1.5322448591836735,2.05
20.45,-156.25,1.5446938489795918,2.03
20.45,-156.2,1.5624489510204083,2.08
20.45,-156.15,1.5936734346938775,2.1299999
20.45,-156.1,1.6438774999999999,2.1599998
20.45,-156.05,1.7118366938775509,2.34
20.45,-156,1.7904081204081632,2.52
20.45,-155.95,1.8614285367346939,2.69
20.45,-155.9,1.8785713857142856,2.74
20.45,-155.85,1.8816326244897958,2.76
20.45,-155.8,1.886530575510204,2.77
20.45,-155.75,1.8959183265306123,2.78
20.45,-155.7,1.9089795632653062,2.78
20.45,-155.65,1.9261224163265305,2.79
20.45,-155.6,1.945510169387755,2.81
20.45,-155.55,1.9640815979591837,2.83
20.45,-155.5,1.9785713918367347,2.85
20.45,-155.45,1.990408124489796,2.86
20.45,-155.4,2.0002040530612244,2.87
20.45,-155.35,2.0079591551020406,2.8799999
20.45,-155.3,2.014285687755102,2.8899999
20.45,-155.25,2.017550993877551,2.8899999
20.45,-155.2,2.0210203775510203,2.8999999
20.45,-155.15,2.0226530306122448,2.8999999
20.45,-155.1,2.0240816,2.8999999
20.45,-155.05,2.0253060857142855,2.8999999
20.45,-155,2.0267346530612245,2.8999999
20.45,-154.95,2.028367297959184,2.8999999
20.45,-154.9,2.0308162734693878,2.9099998
20.45,-154.85,2.0336734204081632,2.9099998
20.45,-154.8,2.0387754653061223,2.9199998
20.45,-154.75,2.0432652653061223,2.9299998
20.45,-154.7,2.049387712244898,2.9299998
20.45,-154.65,2.057346897959184,2.9199998
20.45,-154.6,2.0648979163265304,2.9199998
20.45,-154.55,2.0726530163265307,2.9299998
20.45,-154.5,2.079591797959184,2.9299998
20.45,-154.45,2.0857142551020407,2.9299998
20.45,-154.4,2.0897958857142855,2.9299998
20.45,-154.35,2.092040781632653,2.9299998
20.45,-154.3,2.093265269387755,2.9299998
20.45,-154.25,2.093265267346939,2.9299998
20.45,-154.2,2.0936734326530613,2.9299998
20.45,-154.15,2.0928571040816326,2.9299998
20.45,-154.1,2.08775506122449,2.9299998
20.45,-154.05,2.066122406122449,2.9099998
20.5,-160.95,2.1973469142857143,2.98
20.5,-160.9,2.1885714020408162,2.98
20.5,-160.85,2.186530581632653,2.96
20.5,-160.8,2.185714251020408,2.95
20.5,-160.75,2.1848979285714285,2.9399998
20.5,-160.7,2.1828571142857145,2.9299998
20.5,-160.65,2.1804081346938777,2.9099998
20.5,-160.6,2.1777550714285714,2.8999999
20.5,-160.55,2.177142824489796,2.8899999
20.5,-160.5,2.177755069387755,2.8799999
20.5,-160.45,2.1797958836734694,2.8799999
20.5,-160.4,2.1826530326530613,2.87
20.5,-160.35,2.1842856877551022,2.86
20.5,-160.3,2.1861224265306123,2.87
20.5,-160.25,2.18673466122449,2.8799999
20.5,-160.2,2.1891836408163265,2.8899999
20.5,-160.15,2.19102037755102,2.8999999
20.5,-160.1,2.1953060897959182,2.9199998
20.5,-160.05,2.201020367346939,2.9399998
20.5,-160,2.2063264979591835,2.96
20.5,-159.95,2.2085713959183675,2.98
20.5,-159.9,2.2095918081632653,2.99
20.5,-159.85,2.211632618367347,3
20.5,-159.8,2.213265273469388,3.01
20.5,-159.75,2.2181632326530614,3.02
20.5,-159.7,2.2199999551020406,3.03
20.5,-159.65,2.22040812244898,3.03
20.5,-159.6,2.2183673040816325,3.04
20.5,-159.55,2.2163264959183673,3.06
20.5,-159.5,2.2130611897959183,3.08
20.5,-159.45,2.2083673102040815,3.09
20.5,-159.4,2.203469351020408,3.1
20.5,-159.35,2.1973469081632655,3.11
20.5,-159.3,2.1889795612244898,3.09
20.5,-159.25,2.1806122224489797,3.08
20.5,-159.2,2.170612224489796,3.08
20.5,-159.15,2.159183632653061,3.09
20.5,-159.1,2.1473469,3.11
20.5,-159.05,2.132448932653061,3.11
20.5,-159,2.118163218367347,3.11
20.5,-158.95,2.101632606122449,3.09
20.5,-158.9,2.0853060979591835,3.06
20.5,-158.85,2.067551006122449,3.04
20.5,-158.8,2.0493877346938776,3.01
20.5,-158.75,2.031428544897959,2.98
20.5,-158.7,2.0138775285714283,2.95
20.5,-158.65,1.9959183285714286,2.9099998
20.5,-158.6,1.9791836408163266,2.86
20.5,-158.55,1.9620407857142856,2.81
20.5,-158.5,1.947755069387755,2.76
20.5,-158.45,1.9381632408163265,2.72
20.5,-158.4,1.9283673142857143,2.6699998
20.5,-158.35,1.9189795673469388,2.61
20.5,-158.3,1.9099999734693878,2.57
20.5,-158.25,1.9028571102040817,2.53
20.5,-158.2,1.8977550653061224,2.52
20.5,-158.15,1.8940815959183672,2.54
20.5,-158.1,1.8883673142857142,2.56
20.5,-158.05,1.8853060897959184,2.57
20.5,-158,1.883469375510204,2.59
20.5,-157.95,1.8834693714285715,2.61
20.5,-157.9,1.8838775244897958,2.6299999
20.5,-157.85,1.8846938469387755,2.6399999
20.5,-157.8,1.882857106122449,2.6499999
20.5,-157.75,1.872040781632653,2.6299999
20.5,-157.7,1.8499999816326531,2.6399999
20.5,-157.65,1.8202040489795919,2.6299999
20.5,-157.6,1.7842856693877551,2.62
20.5,-157.55,1.745102012244898,2.58
20.5,-157.5,1.702653030612245,2.53
20.5,-157.45,1.6575510040816326,2.48
20.5,-157.4,1.6153060836734694,2.4099998
20.5,-157.35,1.575102006122449,2.34
20.5,-157.3,1.5369387510204082,2.26
20.5,-157.25,1.506326506122449,2.18
20.5,-157.2,1.4818367102040817,2.1
20.5,-157.15,1.467755069387755,2.05
20.5,-157.1,1.4612244632653062,2.02
20.5,-157.05,1.4591836489795917,1.9799999
20.5,-157,1.4585713979591837,1.9499999
20.5,-156.95,1.459387730612245,1.99
20.5,-156.9,1.4577550724489796,2.05
20.5,-156.85,1.452448958367347,2.07
20.5,-156.8,1.4422448759183673,2.07
20.5,-156.75,1.4206122175510203,2.01
20.5,-156.7,1.377959152244898,1.91
20.5,-156.65,1.2638775302040817,1.7199999
20.5,-156.6,1.3073469140816327,1.8199999
20.5,-156.55,1.3828571224489796,1.9699999
20.5,-156.5,1.4467346612244898,2.02
20.5,-156.45,1.4424489563265306,2.03
20.5,-156.4,1.4393877285714285,2.01
20.5,-156.35,1.4365305775510204,2.02
20.5,-156.3,1.4377550846938776,2.01
20.5,-156.25,1.4402040591836736,1.9599999
20.5,-156.2,1.4522448765306122,1.88
20.5,-156.15,1.4853060836734695,1.9499999
20.5,-156.1,1.5487754693877551,2.04
20.5,-156.05,1.640612212244898,2.2
20.5,-156,1.7532652734693877,2.46
20.5,-155.95,1.861836712244898,2.71
20.5,-155.9,1.8889795489795917,2.77
20.5,-155.85,1.899591793877551,2.79
20.5,-155.8,1.9112244632653062,2.8
20.5,-155.75,1.9255101795918368,2.81
20.5,-155.7,1.940816293877551,2.81
20.5,-155.65,1.9581632265306121,2.81
20.5,-155.6,1.976122424489796,2.84
20.5,-155.55,1.9902040510204082,2.85
20.5,-155.5,2.0022448693877553,2.87
20.5,-155.45,2.010204055102041,2.8799999
20.5,-155.4,2.0175509918367345,2.8899999
20.5,-155.35,2.0234693591836734,2.8899999
20.5,-155.3,2.0271428265306124,2.8999999
20.5,-155.25,2.030204048979592,2.8999999
20.5,-155.2,2.0306122081632654,2.8999999
20.5,-155.15,2.031224451020408,2.8999999
20.5,-155.1,2.032040773469388,2.8999999
20.5,-155.05,2.0326530224489794,2.8999999
20.5,-155,2.0340815897959184,2.9099998
20.5,-154.95,2.034897912244898,2.9099998
20.5,-154.9,2.0375509714285713,2.9099998
20.5,-154.85,2.038775463265306,2.9099998
20.5,-154.8,2.0432652653061223,2.9199998
20.5,-154.75,2.0481632163265306,2.9199998
20.5,-154.7,2.0536734326530612,2.9199998
20.5,-154.65,2.059387714285714,2.9199998
20.5,-154.6,2.0669387367346936,2.9299998
20.5,-154.55,2.073877506122449,2.9299998
20.5,-154.5,2.0814285346938775,2.9299998
20.5,-154.45,2.0869387408163265,2.9299998
20.5,-154.4,2.091428536734694,2.9299998
20.5,-154.35,2.094081593877551,2.9299998
20.5,-154.3,2.094081595918367,2.9299998
20.5,-154.25,2.095102002040816,2.9299998
20.5,-154.2,2.094081591836735,2.9299998
20.5,-154.15,2.094693836734694,2.9299998
20.5,-154.1,2.0879591428571427,2.9299998
20.5,-154.05,2.065918330612245,2.9199998
20.55,-160.95,2.1961224285714285,2.98
20.55,-160.9,2.186530581632653,2.98
20.55,-160.85,2.183265279591837,2.97
20.55,-160.8,2.1816326224489795,2.96
20.55,-160.75,2.179795889795918,2.95
20.55,-160.7,2.177755069387755,2.9299998
20.55,-160.65,2.1757142530612246,2.9199998
20.55,-160.6,2.174489763265306,2.8999999
20.55,-160.55,2.1726530285714287,2.8899999
20.55,-160.5,2.1734693489795918,2.8799999
20.55,-160.45,2.1753060918367346,2.8799999
20.55,-160.4,2.1765305857142856,2.87
20.55,-160.35,2.1779591591836733,2.86
20.55,-160.3,2.181632624489796,2.85
20.55,-160.25,2.182857112244898,2.87
20.55,-160.2,2.1846938448979594,2.8799999
20.55,-160.15,2.1873469102040817,2.8899999
20.55,-160.1,2.1918367040816324,2.9099998
20.55,-160.05,2.195918330612245,2.9299998
20.55,-160,2.2010203693877552,2.95
20.55,-159.95,2.203061193877551,2.97
20.55,-159.9,2.205510175510204,2.99
20.55,-159.85,2.2069387367346938,3
20.55,-159.8,2.211020369387755,3.01
20.55,-159.75,2.2140816020408165,3.02
20.55,-159.7,2.2183673102040817,3.03
20.55,-159.65,2.218571381632653,3.04
20.55,-159.6,2.2183673081632653,3.04
20.55,-159.55,2.215306087755102,3.06
20.55,-159.5,2.2122448612244896,3.08
20.55,-159.45,2.2077550693877552,3.09
20.55,-159.4,2.202857112244898,3.1
20.55,-159.35,2.196734657142857,3.09
20.55,-159.3,2.1891836408163265,3.08
20.55,-159.25,2.1795918142857142,3.07
20.55,-159.2,2.170204051020408,3.08
20.55,-159.15,2.158163226530612,3.09
20.55,-159.1,2.1471428163265305,3.11
20.55,-159.05,2.1322448551020408,3.11
20.55,-159,2.1167346428571427,3.11
20.55,-158.95,2.099999963265306,3.09
20.55,-158.9,2.0828571142857144,3.07
20.55,-158.85,2.0653061020408163,3.05
20.55,-158.8,2.0461224204081634,3.02
20.55,-158.75,2.02693873877551,2.99
20.55,-158.7,2.0083673163265305,2.95
20.55,-158.65,1.989999963265306,2.9099998
20.55,-158.6,1.9710203775510204,2.86
20.55,-158.55,1.9538775224489795,2.81
20.55,-158.5,1.937755063265306,2.76
20.55,-158.45,1.9251020122448979,2.71
20.55,-158.4,1.9138775142857143,2.6599998
20.55,-158.35,1.9036734408163265,2.6
20.55,-158.3,1.894285687755102,2.55
20.55,-158.25,1.8867346591836736,2.51
20.55,-158.2,1.8826530265306123,2.5
20.55,-158.15,1.8806122102040816,2.52
20.55,-158.1,1.8783673081632652,2.54
20.55,-158.05,1.8777550653061224,2.56
20.55,-158,1.8769387408163265,2.59
20.55,-157.95,1.8799999755102041,2.61
20.55,-157.9,1.8816326183673469,2.6399999
20.55,-157.85,1.8867346510204082,2.6599998
20.55,-157.8,1.8875509714285714,2.6699998
20.55,-157.75,1.879795881632653,2.6499999
20.55,-157.7,1.8591836428571429,2.6599998
20.55,-157.65,1.828979563265306,2.6499999
20.55,-157.6,1.7918367081632653,2.6399999
20.55,-157.55,1.7485713918367347,2.61
20.55,-157.5,1.700408136734694,2.55
20.55,-157.45,1.6514285530612245,2.48
20.55,-157.4,1.6026530285714287,2.3999999
20.55,-157.35,1.555510181632653,2.32
20.55,-157.3,1.5110203775510205,2.24
20.55,-157.25,1.472040781632653,2.1499999
20.55,-157.2,1.4383673142857143,2.06
20.55,-157.15,1.4142856857142858,1.99
20.55,-157.1,1.3973469163265306,1.9399999
20.55,-157.05,1.3879591571428571,1.9
20.55,-157,1.3834693655102042,1.88
20.55,-156.95,1.3795918095918367,1.9399999
20.55,-156.9,1.3699999816326531,1.93
20.55,-156.85,1.3499999720408162,1.9399999
20.55,-156.8,1.3048979459183674,1.91
20.55,-156.75,1.226734677755102,1.8
20.55,-156.7,1.043877543265306,1.51
20.55,-156.5,1.321224469387755,1.81
20.55,-156.45,1.3269387465306122,1.88
20.55,-156.4,1.308571406122449,1.9
20.55,-156.35,1.2995918140816327,1.91
20.55,-156.3,1.3044897773469388,1.9399999
20.55,-156.25,1.3024489587755101,1.88
20.55,-156.2,1.303877533265306,1.75
20.55,-156.15,1.3244897810204082,1.64
20.55,-156.1,1.4063265040816326,1.79
20.55,-156.05,1.5373469,2
20.55,-156,1.6973469163265307,2.36
20.55,-155.95,1.8622448775510203,2.72
20.55,-155.9,1.8991836346938775,2.79
20.55,-155.85,1.9177550632653062,2.81
20.55,-155.8,1.935918342857143,2.82
20.55,-155.75,1.9542856897959184,2.83
20.55,-155.7,1.9722448612244898,2.83
20.55,-155.65,1.9887754836734695,2.84
20.55,-155.6,2.002040793877551,2.86
20.55,-155.55,2.0140816102040815,2.87
20.55,-155.5,2.021836712244898,2.8799999
20.55,-155.45,2.027755081632653,2.8899999
20.55,-155.4,2.0322448755102043,2.8999999
20.55,-155.35,2.0357142571428573,2.8999999
20.55,-155.3,2.0371428244897958,2.8999999
20.55,-155.25,2.038163232653061,2.9099998
20.55,-155.2,2.038367304081633,2.9099998
20.55,-155.15,2.0387754653061223,2.9099998
20.55,-155.1,2.0383673061224488,2.9099998
20.55,-155.05,2.0385713836734696,2.9099998
20.55,-155,2.039591793877551,2.9199998
20.55,-154.95,2.0399999591836733,2.9199998
20.55,-154.9,2.042857095918367,2.9199998
20.55,-154.85,2.044285669387755,2.9199998
20.55,-154.8,2.047346895918367,2.9199998
20.55,-154.75,2.051632608163265,2.9199998
20.55,-154.7,2.0571428204081634,2.9199998
20.55,-154.65,2.0632652653061223,2.9299998
20.55,-154.6,2.0702040408163267,2.9299998
20.55,-154.55,2.0751019918367346,2.9299998
20.55,-154.5,2.0822448612244897,2.9399998
20.55,-154.45,2.088367314285714,2.9399998
20.55,-154.4,2.0920407795918368,2.9399998
20.55,-154.35,2.0944897530612243,2.9399998
20.55,-154.3,2.0965305714285716,2.9399998
20.55,-154.25,2.0963264938775508,2.9399998
20.55,-154.2,2.096530569387755,2.9399998
20.55,-154.15,2.095101997959184,2.9299998
20.55,-154.1,2.089183630612245,2.9299998
20.55,-154.05,2.0681632285714286,2.9199998
20.6,-160.95,2.193877536734694,2.98
20.6,-160.9,2.185714248979592,3
20.6,-160.85,2.180612206122449,2.98
20.6,-160.8,2.1781632326530613,2.97
20.6,-160.75,2.175306097959184,2.95
20.6,-160.7,2.173877518367347,2.9399998
20.6,-160.65,2.172040775510204,2.9199998
20.6,-160.6,2.1704081285714287,2.8999999
20.6,-160.55,2.1681632183673467,2.8899999
20.6,-160.5,2.168367306122449,2.8799999
20.6,-160.45,2.1685714,2.87
20.6,-160.4,2.1699999795918368,2.87
20.6,-160.35,2.1728571204081635,2.86
20.6,-160.3,2.175918342857143,2.85
20.6,-160.25,2.178367312244898,2.85
20.6,-160.2,2.1799999673469386,2.87
20.6,-160.15,2.1832652775510204,2.8799999
20.6,-160.1,2.185306091836735,2.8999999
20.6,-160.05,2.1897958836734692,2.9199998
20.6,-160,2.1938775102040817,2.9399998
20.6,-159.95,2.197142824489796,2.96
20.6,-159.9,2.199387724489796,2.98
20.6,-159.85,2.2026530285714285,3
20.6,-159.8,2.2063264959183675,3.01
20.6,-159.75,2.2110203795918366,3.02
20.6,-159.7,2.2142856857142856,3.03
20.6,-159.65,2.2155101653061227,3.04
20.6,-159.6,2.215101993877551,3.04
20.6,-159.55,2.2136734326530614,3.05
20.6,-159.5,2.2122448714285716,3.08
20.6,-159.45,2.2085714040816327,3.09
20.6,-159.4,2.2040816020408163,3.09
20.6,-159.35,2.1969387428571427,3.08
20.6,-159.3,2.1889795612244898,3.07
20.6,-159.25,2.180204051020408,3.08
20.6,-159.2,2.1697958897959184,3.09
20.6,-159.15,2.158571395918367,3.11
20.6,-159.1,2.145714251020408,3.12
20.6,-159.05,2.1316326142857145,3.12
20.6,-159,2.116326487755102,3.1
20.6,-158.95,2.0993877142857142,3.09
20.6,-158.9,2.080816295918367,3.08
20.6,-158.85,2.062653018367347,3.05
20.6,-158.8,2.0434693469387755,3.03
20.6,-158.75,2.0232652714285715,3
20.6,-158.7,2.003877526530612,2.96
20.6,-158.65,1.9836734367346938,2.9199998
20.6,-158.6,1.9638775163265305,2.87
20.6,-158.55,1.944285687755102,2.81
20.6,-158.5,1.9251020081632653,2.75
20.6,-158.45,1.9099999714285714,2.7
20.6,-158.4,1.897346906122449,2.6499999
20.6,-158.35,1.8853061,2.59
20.6,-158.3,1.8765305897959184,2.54
20.6,-158.25,1.8706122142857142,2.49
20.6,-158.2,1.8667346591836735,2.47
20.6,-158.15,1.8671428204081633,2.49
20.6,-158.1,1.866530581632653,2.52
20.6,-158.05,1.8683673102040816,2.55
20.6,-158,1.8720407836734694,2.57
20.6,-157.95,1.8755101775510203,2.6
20.6,-157.9,1.8808162918367346,2.6399999
20.6,-157.85,1.8855101653061224,2.6699998
20.6,-157.8,1.8902040387755101,2.69
20.6,-157.75,1.8859183204081633,2.6799998
20.6,-157.7,1.8661224122448978,2.69
20.6,-157.65,1.835102012244898,2.6799998
20.6,-157.6,1.7965305795918367,2.6599998
20.6,-157.55,1.750612206122449,2.6299999
20.6,-157.5,1.698571406122449,2.56
20.6,-157.45,1.6451020183673468,2.48
20.6,-157.4,1.591836706122449,2.3899999
20.6,-157.35,1.5393877224489796,2.3
20.6,-157.3,1.489387718367347,2.21
20.6,-157.25,1.440816306122449,2.11
20.6,-157.2,1.3957142673469387,2
20.6,-157.15,1.3581632346938775,1.91
20.6,-157.1,1.3283673185714286,1.8399999
20.6,-157.05,1.3057142691836734,1.79
20.6,-157,1.2930612,1.77
20.6,-156.95,1.288571401632653,1.8399999
20.6,-156.9,1.2912244663265307,1.88
20.6,-156.85,1.2873469191836735,1.87
20.6,-156.8,1.2581632412244899,1.81
20.6,-156.75,1.2083673295918367,1.81
20.6,-156.7,1.1653060946938776,1.76
20.6,-156.65,0.9565305897959183,1.5699999
20.6,-156.6,0.8597959012244898,1.42
20.6,-156.55,0.8895918230612245,1.4
20.6,-156.5,0.9718367222448979,1.35
20.6,-156.45,0.7624489702040816,1.04
20.6,-156.25,1.0520408030612245,1.61
20.6,-156.2,1.0775509997959183,1.49
20.6,-156.15,1.0924489563265305,1.42
20.6,-156.1,1.18102038,1.4699999
20.6,-156.05,1.339795893877551,1.66
20.6,-156,1.5861224142857142,2.18
20.6,-155.95,1.8648979346938774,2.74
20.6,-155.9,1.9120407775510204,2.8
20.6,-155.85,1.9393877326530613,2.82
20.6,-155.8,1.9646938510204082,2.83
20.6,-155.75,1.9859183346938776,2.84
20.6,-155.7,2.0020408020408165,2.85
20.6,-155.65,2.016326508163265,2.87
20.6,-155.6,2.0263265,2.8799999
20.6,-155.55,2.0336734469387756,2.8899999
20.6,-155.5,2.0389795653061227,2.8999999
20.6,-155.45,2.0420407857142857,2.9099998
20.6,-155.4,2.044081606122449,2.9099998
20.6,-155.35,2.0457142530612247,2.9099998
20.6,-155.3,2.045918324489796,2.9099998
20.6,-155.25,2.044693842857143,2.9099998
20.6,-155.2,2.044693842857143,2.9099998
20.6,-155.15,2.0434693428571427,2.9099998
20.6,-155.1,2.044081589795918,2.9199998
20.6,-155.05,2.043877514285714,2.9199998
20.6,-155,2.0444897591836733,2.9199998
20.6,-154.95,2.0457142469387755,2.9299998
20.6,-154.9,2.0477550551020407,2.9299998
20.6,-154.85,2.048571381632653,2.9299998
20.6,-154.8,2.052040773469388,2.9299998
20.6,-154.75,2.0557142530612245,2.9299998
20.6,-154.7,2.0604081224489796,2.9299998
20.6,-154.65,2.0648979142857145,2.9299998
20.6,-154.6,2.0706122,2.9399998
20.6,-154.55,2.075101997959184,2.9399998
20.6,-154.5,2.0826530224489797,2.9399998
20.6,-154.45,2.087550987755102,2.9399998
20.6,-154.4,2.0924489408163267,2.9399998
20.6,-154.35,2.094897920408163,2.9399998
20.6,-154.3,2.0969387387755103,2.95
20.6,-154.25,2.0973469,2.95
20.6,-154.2,2.096734648979592,2.9399998
20.6,-154.15,2.0951019959183674,2.9399998
20.6,-154.1,2.0897958775510204,2.9299998
20.6,-154.05,2.0702040408163267,2.9199998
20.65,-160.95,2.1926530428571427,2.99
20.65,-160.9,2.1838775102040815,3.01
20.65,-160.85,2.178979551020408,3
20.65,-160.8,2.1751019897959183,2.98
20.65,-160.75,2.1712244469387754,2.96
20.65,-160.7,2.1702040469387756,2.95
20.65,-160.65,2.167346893877551,2.9299998
20.65,-160.6,2.166326475510204,2.9099998
20.65,-160.55,2.164489742857143,2.8899999
20.65,-160.5,2.163877506122449,2.8799999
20.65,-160.45,2.1628571081632653,2.87
20.65,-160.4,2.1636734428571427,2.87
20.65,-160.35,2.165306095918367,2.86
20.65,-160.3,2.168979563265306,2.85
20.65,-160.25,2.17224486122449,2.84
20.65,-160.2,2.174489757142857,2.85
20.65,-160.15,2.177755069387755,2.87
20.65,-160.1,2.1795918020408163,2.8899999
20.65,-160.05,2.182040781632653,2.9099998
20.65,-160,2.185306087755102,2.9299998
20.65,-159.95,2.189795887755102,2.95
20.65,-159.9,2.1942856857142856,2.97
20.65,-159.85,2.197959155102041,2.99
20.65,-159.8,2.2026530367346937,3
20.65,-159.75,2.2063265020408163,3.02
20.65,-159.7,2.2099999653061224,3.03
20.65,-159.65,2.2116326081632653,3.04
20.65,-159.6,2.211224442857143,3.04
20.65,-159.55,2.211224455102041,3.05
20.65,-159.5,2.2099999693877552,3.07
20.65,-159.45,2.207959157142857,3.08
20.65,-159.4,2.2028571163265305,3.09
20.65,-159.35,2.1979591530612246,3.08
20.65,-159.3,2.1897958857142856,3.08
20.65,-159.25,2.1808163,3.09
20.65,-159.2,2.170816302040816,3.1
20.65,-159.15,2.1581632367346937,3.12
20.65,-159.1,2.1453060897959184,3.12
20.65,-159.05,2.1306122102040814,3.1
20.65,-159,2.1140816,3.09
20.65,-158.95,2.0979591591836733,3.09
20.65,-158.9,2.0791836428571426,3.08
20.65,-158.85,2.0599999591836733,3.06
20.65,-158.8,2.0399999612244897,3.04
20.65,-158.75,2.018775481632653,3
20.65,-158.7,1.9973469020408163,2.96
20.65,-158.65,1.976734663265306,2.9199998
20.65,-158.6,1.954897930612245,2.87
20.65,-158.55,1.9318367102040817,2.81
20.65,-158.5,1.9112244632653062,2.75
20.65,-158.45,1.8942856836734694,2.69
20.65,-158.4,1.8781632285714285,2.6299999
20.65,-158.35,1.8657142612244897,2.57
20.65,-158.3,1.8567346673469387,2.51
20.65,-158.25,1.8499999612244897,2.46
20.65,-158.2,1.8487754714285713,2.44
20.65,-158.15,1.8499999714285715,2.46
20.65,-158.1,1.8526530306122448,2.49
20.65,-158.05,1.8563264979591836,2.51
20.65,-158,1.8618367020408162,2.55
20.65,-157.95,1.8685713897959184,2.58
20.65,-157.9,1.876326493877551,2.62
20.65,-157.85,1.8855101673469388,2.6699998
20.65,-157.8,1.893061193877551,2.71
20.65,-157.75,1.8944897571428572,2.73
20.65,-157.7,1.873061181632653,2.72
20.65,-157.65,1.8402040673469386,2.72
20.65,-157.6,1.7989795591836735,2.69
20.65,-157.55,1.7504081326530612,2.6499999
20.65,-157.5,1.697550987755102,2.58
20.65,-157.45,1.641428544897959,2.49
20.65,-157.4,1.585102006122449,2.3899999
20.65,-157.35,1.5283673285714285,2.29
20.65,-157.3,1.4706122142857143,2.18
20.65,-157.25,1.4124489612244897,2.06
20.65,-157.2,1.3573469173469388,1.9399999
20.65,-157.15,1.3051020120408163,1.8199999
20.65,-157.1,1.259387721632653,1.7099999
20.65,-157.05,1.2173469155102041,1.63
20.65,-157,1.186530593265306,1.5999999
20.65,-156.95,1.1642856997959183,1.63
20.65,-156.9,1.1834693697959184,1.73
20.65,-156.85,1.221836703877551,1.8199999
20.65,-156.8,1.2285714036734694,1.81
20.65,-156.75,1.1806122265306123,1.7199999
20.65,-156.7,1.134693854489796,1.67
20.65,-156.65,0.9938775342857142,1.53
20.65,-156.6,0.8702040695918367,1.37
20.65,-156.55,0.7867346851020408,1.26
20.65,-156.5,0.7295918291836735,1.22
20.65,-156.45,0.5612244828571429,0.89
20.65,-156.05,0.9865305995918368,1.39
20.65,-156,1.3471428326530612,1.7199999
20.65,-155.95,1.8744897673469387,2.75
20.65,-155.9,1.9304081285714285,2.81
20.65,-155.85,1.9687754857142856,2.83
20.65,-155.8,1.9975509959183673,2.85
20.65,-155.75,2.015102018367347,2.87
20.65,-155.7,2.0302040551020406,2.8899999
20.65,-155.65,2.0395918040816325,2.8999999
20.65,-155.6,2.0459183408163266,2.9099998
20.65,-155.55,2.049387724489796,2.9099998
20.65,-155.5,2.051836706122449,2.9199998
20.65,-155.45,2.052857114285714,2.9199998
20.65,-155.4,2.0534693591836737,2.9299998
20.65,-155.35,2.053265275510204,2.9299998
20.65,-155.3,2.0516326224489796,2.9199998
20.65,-155.25,2.0508162918367345,2.9199998
20.65,-155.2,2.0493877102040816,2.9199998
20.65,-155.15,2.0495918,2.9199998
20.65,-155.1,2.050204044897959,2.9299998
20.65,-155.05,2.049387716326531,2.9299998
20.65,-155,2.0495917979591836,2.9299998
20.65,-154.95,2.0506122040816326,2.9399998
20.65,-154.9,2.0524489387755103,2.9399998
20.65,-154.85,2.0530611775510206,2.9399998
20.65,-154.8,2.0565305673469387,2.9399998
20.65,-154.75,2.058979548979592,2.9399998
20.65,-154.7,2.0634693408163267,2.9399998
20.65,-154.65,2.0671428142857144,2.9399998
20.65,-154.6,2.071428530612245,2.9399998
20.65,-154.55,2.0767346551020407,2.95
20.65,-154.5,2.0820407836734693,2.95
20.65,-154.45,2.087346916326531,2.95
20.65,-154.4,2.0920407795918368,2.95
20.65,-154.35,2.095306085714286,2.95
20.65,-154.3,2.096938732653061,2.95
20.65,-154.25,2.096122406122449,2.95
20.65,-154.2,2.0965305673469388,2.95
20.65,-154.15,2.095918326530612,2.95
20.65,-154.1,2.0910203653061226,2.9399998
20.65,-154.05,2.0722448530612243,2.9299998
20.7,-160.95,2.190612224489796,2.99
20.7,-160.9,2.1820407714285714,3.03
20.7,-160.85,2.1777550510204082,3.01
20.7,-160.8,2.1726530102040815,2.99
20.7,-160.75,2.167959136734694,2.97
20.7,-160.7,2.1648979204081633,2.95
20.7,-160.65,2.162857106122449,2.9399998
20.7,-160.6,2.160408118367347,2.9199998
20.7,-160.55,2.15795913877551,2.8999999
20.7,-160.5,2.1561224020408165,2.8799999
20.7,-160.45,2.1553060877551022,2.87
20.7,-160.4,2.1557142489795917,2.87
20.7,-160.35,2.158775479591837,2.86
20.7,-160.3,2.1610203775510204,2.85
20.7,-160.25,2.1648979204081633,2.85
20.7,-160.2,2.1675509857142856,2.83
20.7,-160.15,2.1699999714285716,2.85
20.7,-160.1,2.172448948979592,2.87
20.7,-160.05,2.1759183326530613,2.8899999
20.7,-160,2.1789795551020408,2.9099998
20.7,-159.95,2.183877518367347,2.9399998
20.7,-159.9,2.188163232653061,2.96
20.7,-159.85,2.193469367346939,2.98
20.7,-159.8,2.1971428346938775,3
20.7,-159.75,2.2020407918367346,3.01
20.7,-159.7,2.205306091836735,3.02
20.7,-159.65,2.2071428122448977,3.03
20.7,-159.6,2.2089795387755102,3.04
20.7,-159.55,2.209387718367347,3.05
20.7,-159.5,2.2085713959183675,3.06
20.7,-159.45,2.2061224224489795,3.07
20.7,-159.4,2.203265275510204,3.08
20.7,-159.35,2.196734655102041,3.08
20.7,-159.3,2.189795879591837,3.08
20.7,-159.25,2.1812244551020408,3.09
20.7,-159.2,2.1693877224489797,3.11
20.7,-159.15,2.1571428285714287,3.11
20.7,-159.1,2.1428571142857145,3.1
20.7,-159.05,2.127346904081633,3.09
20.7,-159,2.111428542857143,3.09
20.7,-158.95,2.0946938428571427,3.08
20.7,-158.9,2.0773468999999998,3.07
20.7,-158.85,2.0581632346938776,3.06
20.7,-158.8,2.0377550653061225,3.04
20.7,-158.75,2.0151020081632653,3.01
20.7,-158.7,1.9924489408163266,2.97
20.7,-158.65,1.9695918,2.9199998
20.7,-158.6,1.945306087755102,2.87
20.7,-158.55,1.9206122122448979,2.81
20.7,-158.5,1.8971428326530613,2.74
20.7,-158.45,1.8755101653061224,2.6699998
20.7,-158.4,1.8577550775510203,2.61
20.7,-158.35,1.8438775387755102,2.55
20.7,-158.3,1.8340815959183674,2.49
20.7,-158.25,1.8281632265306123,2.4299998
20.7,-158.2,1.8277550714285715,2.4099998
20.7,-158.15,1.8297958897959183,2.4199998
20.7,-158.1,1.8355101775510203,2.44
20.7,-158.05,1.841836718367347,2.47
20.7,-158,1.848367318367347,2.51
20.7,-157.95,1.8569387326530613,2.55
20.7,-157.9,1.8681632346938775,2.6
20.7,-157.85,1.8818366979591836,2.6599998
20.7,-157.8,1.8965305795918368,2.74
20.7,-157.75,1.9051020040816327,2.78
20.7,-157.7,1.8810203714285714,2.78
20.7,-157.65,1.8448979367346938,2.77
20.7,-157.6,1.8016326224489796,2.73
20.7,-157.55,1.7504081285714286,2.6599998
20.7,-157.5,1.6957142408163266,2.6
20.7,-157.45,1.639183644897959,2.51
20.7,-157.4,1.5828571163265306,2.3999999
20.7,-157.35,1.5220407897959183,2.28
20.7,-157.3,1.4571428285714285,2.1399999
20.7,-157.25,1.389183648979592,2
20.7,-157.2,1.320612218367347,1.86
20.7,-157.15,1.2544897751020407,1.7099999
20.7,-157.1,1.1912244695918368,1.5699999
20.7,-157.05,1.1287755030612245,1.4499999
20.7,-157,1.0677550812244898,1.36
20.7,-156.95,0.991632636122449,1.24
20.7,-156.9,1.0155101836734695,1.3399999
20.7,-156.85,1.1275510018367347,1.66
20.7,-156.8,1.2032652875510204,1.81
20.7,-156.75,1.1634693618367347,1.68
20.7,-156.7,1.108367324897959,1.63
20.7,-156.65,0.9355101940816326,1.38
20.7,-156.6,0.7881632530612245,1.26
20.7,-156.55,0.6785714183673469,1.14
20.7,-156.5,0.60408162,0.98999995
20.7,-156.45,0.43244897387755105,0.64
20.7,-155.95,1.8722448571428572,2.75
20.7,-155.9,1.9626530265306121,2.82
20.7,-155.85,2.0055101755102043,2.85
20.7,-155.8,2.029183651020408,2.8899999
20.7,-155.75,2.0438775285714286,2.9099998
20.7,-155.7,2.05265303877551,2.9199998
20.7,-155.65,2.0587754836734695,2.9199998
20.7,-155.6,2.061836706122449,2.9299998
20.7,-155.55,2.062244867346939,2.9299998
20.7,-155.5,2.0620407795918365,2.9299998
20.7,-155.45,2.0626530224489796,2.9299998
20.7,-155.4,2.061632626530612,2.9399998
20.7,-155.35,2.0597958918367345,2.9399998
20.7,-155.3,2.058367320408163,2.9399998
20.7,-155.25,2.056938744897959,2.9399998
20.7,-155.2,2.055714255102041,2.9299998
20.7,-155.15,2.0553060857142857,2.9399998
20.7,-155.1,2.0553060836734693,2.9399998
20.7,-155.05,2.0563264918367348,2.9399998
20.7,-155,2.0563264918367348,2.9399998
20.7,-154.95,2.056122412244898,2.9399998
20.7,-154.9,2.0563264959183676,2.95
20.7,-154.85,2.057142814285714,2.95
20.7,-154.8,2.0591836346938774,2.95
20.7,-154.75,2.061632612244898,2.95
20.7,-154.7,2.0655101673469387,2.95
20.7,-154.65,2.0695918,2.95
20.7,-154.6,2.072857106122449,2.95
20.7,-154.55,2.0773469040816326,2.96
20.7,-154.5,2.0820407836734693,2.96
20.7,-154.45,2.0881632408163266,2.96
20.7,-154.4,2.0916326224489796,2.96
20.7,-154.35,2.095102006122449,2.96
20.7,-154.3,2.0957142489795917,2.96
20.7,-154.25,2.097550981632653,2.96
20.7,-154.2,2.0963264897959184,2.96
20.7,-154.15,2.0957142448979593,2.95
20.7,-154.1,2.0910203653061226,2.9399998
20.7,-154.05,2.0746938346938775,2.9299998
20.75,-160.95,2.1861224285714287,2.99
20.75,-160.9,2.181224444897959,3.05
20.75,-160.85,2.177550973469388,3.03
20.75,-160.8,2.1695917959183673,3
20.75,-160.75,2.1644897530612246,2.98
20.75,-160.7,2.1608162836734692,2.96
20.75,-160.65,2.1571428142857143,2.9399998
20.75,-160.6,2.1540815857142857,2.9199998
20.75,-160.55,2.1506122020408163,2.8999999
20.75,-160.5,2.1481632224489795,2.8899999
20.75,-160.45,2.147142818367347,2.87
20.75,-160.4,2.1485713918367346,2.87
20.75,-160.35,2.1506122020408163,2.86
20.75,-160.3,2.1536734367346937,2.86
20.75,-160.25,2.156734663265306,2.85
20.75,-160.2,2.159999969387755,2.83
20.75,-160.15,2.162244863265306,2.83
20.75,-160.1,2.164693855102041,2.84
20.75,-160.05,2.1681632387755103,2.87
20.75,-160,2.171632618367347,2.8899999
20.75,-159.95,2.1773469040816327,2.9199998
20.75,-159.9,2.181632612244898,2.9399998
20.75,-159.85,2.1861224224489795,2.96
20.75,-159.8,2.1908163020408162,2.99
20.75,-159.75,2.1955101795918366,3
20.75,-159.7,2.200204051020408,3.02
20.75,-159.65,2.2036734346938776,3.03
20.75,-159.6,2.206122408163265,3.04
20.75,-159.55,2.207550979591837,3.04
20.75,-159.5,2.207755075510204,3.05
20.75,-159.45,2.2059183387755104,3.06
20.75,-159.4,2.202244869387755,3.06
20.75,-159.35,2.196734657142857,3.07
20.75,-159.3,2.190816281632653,3.08
20.75,-159.25,2.1804081163265305,3.09
20.75,-159.2,2.168775481632653,3.1
20.75,-159.15,2.1544897673469388,3.1
20.75,-159.1,2.140816291836735,3.09
20.75,-159.05,2.125306087755102,3.08
20.75,-159,2.109999969387755,3.08
20.75,-158.95,2.0944897673469387,3.08
20.75,-158.9,2.075510175510204,3.07
20.75,-158.85,2.0567346632653063,3.06
20.75,-158.8,2.034897930612245,3.04
20.75,-158.75,2.011836712244898,3.02
20.75,-158.7,1.9875509857142857,2.98
20.75,-158.65,1.9616326142857143,2.9299998
20.75,-158.6,1.933673436734694,2.87
20.75,-158.55,1.9071428244897959,2.8
20.75,-158.5,1.8802040408163265,2.73
20.75,-158.45,1.8567346469387755,2.6599998
20.75,-158.4,1.8357142653061225,2.59
20.75,-158.35,1.8204081285714286,2.52
20.75,-158.3,1.809387724489796,2.46
20.75,-158.25,1.8030612,2.4199998
20.75,-158.2,1.8030611897959183,2.4099998
20.75,-158.15,1.806734663265306,2.3899999
20.75,-158.1,1.8126530285714286,2.3799999
20.75,-158.05,1.8206122081632652,2.4199998
20.75,-158,1.829795893877551,2.46
20.75,-157.95,1.8393877183673468,2.51
20.75,-157.9,1.8520407734693878,2.56
20.75,-157.85,1.8716326163265307,2.6399999
20.75,-157.8,1.8977550693877552,2.75
20.75,-157.75,1.9187754734693878,2.85
20.75,-157.7,1.8961224326530612,2.84
20.75,-157.65,1.8555101857142857,2.83
20.75,-157.6,1.810204051020408,2.79
20.75,-157.55,1.755306087755102,2.69
20.75,-157.5,1.6991836448979591,2.6299999
20.75,-157.45,1.6395918,2.53
20.75,-157.4,1.5816326265306122,2.4199998
20.75,-157.35,1.5193877346938776,2.29
20.75,-157.3,1.4495918053061225,2.1299999
20.75,-157.25,1.3697958918367348,1.9499999
20.75,-157.2,1.2828571179591837,1.77
20.75,-157.15,1.1883673308163265,1.5899999
20.75,-157.1,1.0881632504081633,1.4
20.75,-157.05,0.9675510042857143,1.2099999
20.75,-157,0.8038775365306122,1.06
20.75,-156.85,0.9353061112244898,1.29
20.75,-156.8,1.1753061044897959,1.78
20.75,-156.75,1.1236734512244897,1.6899999
20.75,-156.7,1.0561224273469387,1.5999999
20.75,-156.65,0.8297959042857143,1.1999999
20.75,-156.6,0.670204072244898,1.04
20.75,-156.55,0.5299999910204082,0.87
20.75,-156.5,0.5010204010204081,0.82
20.75,-155.95,1.895102,2.76
20.75,-155.9,2.0073469040816327,2.85
20.75,-155.85,2.0426530346938776,2.8999999
20.75,-155.8,2.056122424489796,2.9199998
20.75,-155.75,2.065102008163265,2.9299998
20.75,-155.7,2.0699999673469387,2.9399998
20.75,-155.65,2.0726530265306122,2.9399998
20.75,-155.6,2.073877524489796,2.95
20.75,-155.55,2.0728571244897958,2.95
20.75,-155.5,2.071224467346939,2.9399998
20.75,-155.45,2.0704081408163266,2.9399998
20.75,-155.4,2.0695918183673467,2.95
20.75,-155.35,2.068163244897959,2.95
20.75,-155.3,2.0653061,2.95
20.75,-155.25,2.0630612,2.95
20.75,-155.2,2.062857120408163,2.95
20.75,-155.15,2.061428548979592,2.95
20.75,-155.1,2.0612244653061222,2.95
20.75,-155.05,2.0610203775510203,2.95
20.75,-155,2.060408132653061,2.95
20.75,-154.95,2.060816295918367,2.95
20.75,-154.9,2.0599999693877553,2.95
20.75,-154.85,2.0595918122448977,2.96
20.75,-154.8,2.0626530408163264,2.96
20.75,-154.75,2.064693855102041,2.96
20.75,-154.7,2.0681632346938774,2.96
20.75,-154.65,2.0706122122448978,2.96
20.75,-154.6,2.0744897653061223,2.96
20.75,-154.55,2.078775481632653,2.96
20.75,-154.5,2.0836734428571426,2.97
20.75,-154.45,2.088367324489796,2.97
20.75,-154.4,2.0924489510204083,2.97
20.75,-154.35,2.095102010204082,2.97
20.75,-154.3,2.096530581632653,2.97
20.75,-154.25,2.0977550653061225,2.96
20.75,-154.2,2.0979591489795917,2.96
20.75,-154.15,2.0965305734693875,2.96
20.75,-154.1,2.0926530204081635,2.95
20.75,-154.05,2.0757142408163265,2.9299998
20.8,-160.95,2.183265281632653,2.99
20.8,-160.9,2.181224451020408,3.06
20.8,-160.85,2.176734651020408,3.05
20.8,-160.8,2.169591804081633,3.02
20.8,-160.75,2.1616326163265307,2.99
20.8,-160.7,2.1561224040816325,2.97
20.8,-160.65,2.152040771428571,2.95
20.8,-160.6,2.1477550530612244,2.9299998
20.8,-160.55,2.142040773469388,2.8999999
20.8,-160.5,2.139591785714286,2.8899999
20.8,-160.45,2.1381632204081633,2.8799999
20.8,-160.4,2.1395918020408162,2.87
20.8,-160.35,2.1414285285714287,2.86
20.8,-160.3,2.1442856775510206,2.86
20.8,-160.25,2.1473469020408165,2.84
20.8,-160.2,2.1514285448979593,2.83
20.8,-160.15,2.154081606122449,2.81
20.8,-160.1,2.156938744897959,2.82
20.8,-160.05,2.159795885714286,2.84
20.8,-160,2.1634693530612243,2.86
20.8,-159.95,2.1685713918367346,2.8899999
20.8,-159.9,2.172857112244898,2.9199998
20.8,-159.85,2.177142824489796,2.9399998
20.8,-159.8,2.1828571081632653,2.97
20.8,-159.75,2.189183642857143,2.99
20.8,-159.7,2.193877518367347,3.01
20.8,-159.65,2.198775483673469,3.02
20.8,-159.6,2.203265271428571,3.03
20.8,-159.55,2.205306091836735,3.04
20.8,-159.5,2.2063264979591835,3.04
20.8,-159.45,2.205102012244898,3.05
20.8,-159.4,2.2012244530612244,3.05
20.8,-159.35,2.1946938387755104,3.06
20.8,-159.3,2.187346887755102,3.07
20.8,-159.25,2.1779591367346938,3.09
20.8,-159.2,2.165918332653061,3.1
20.8,-159.15,2.152040779591837,3.1
20.8,-159.1,2.138163226530612,3.09
20.8,-159.05,2.1226530285714285,3.07
20.8,-159,2.1079591591836735,3.07
20.8,-158.95,2.0922448775510203,3.07
20.8,-158.9,2.074693844897959,3.07
20.8,-158.85,2.0551020040816326,3.06
20.8,-158.8,2.033265275510204,3.05
20.8,-158.75,2.0099999775510202,3.02
20.8,-158.7,1.983061187755102,2.99
20.8,-158.65,1.9544897551020408,2.9399998
20.8,-158.6,1.9242856734693878,2.8799999
20.8,-158.55,1.8932652693877552,2.81
20.8,-158.5,1.8632652734693878,2.73
20.8,-158.45,1.8365305775510203,2.6499999
20.8,-158.4,1.8130611979591837,2.57
20.8,-158.35,1.795102006122449,2.5
20.8,-158.3,1.7820407836734693,2.44
20.8,-158.25,1.7751020020408164,2.3999999
20.8,-158.2,1.773265269387755,2.3799999
20.8,-158.15,1.7759183326530612,2.35
20.8,-158.1,1.7836734428571428,2.32
20.8,-158.05,1.7940815959183674,2.36
20.8,-158,1.8065305714285713,2.4099998
20.8,-157.95,1.8189795653061225,2.48
20.8,-157.9,1.8316326204081632,2.53
20.8,-157.85,1.850816287755102,2.6
20.8,-157.8,1.8889795612244897,2.74
20.8,-157.75,1.927142830612245,2.8799999
20.8,-157.7,1.9077550673469388,2.8899999
20.8,-157.65,1.8716326183673468,2.8799999
20.8,-157.6,1.8302040551020409,2.86
20.8,-157.55,1.7726530326530612,2.75
20.8,-157.5,1.7087754714285714,2.6699998
20.8,-157.45,1.6420407836734694,2.55
20.8,-157.4,1.5787754918367347,2.44
20.8,-157.35,1.515306086734694,2.3
20.8,-157.3,1.4436734336734693,2.1299999
20.8,-157.25,1.3581632381632653,1.92
20.8,-157.2,1.2602040608163265,1.73
20.8,-157.15,1.141224473265306,1.53
20.8,-157.1,1.0118367142857143,1.3199999
20.8,-157.05,0.84795917,1.1
20.8,-157,0.6624489685714285,0.93
20.8,-156.8,1.1440816124489797,1.79
20.8,-156.75,1.09591835,1.66
20.8,-156.7,0.992653038367347,1.5799999
20.8,-156.65,0.652244887755102,0.84
20.8,-156.6,0.4987755044897959,0.64
20.8,-156,1.7865305857142857,2.6299999
20.8,-155.95,1.9808163020408163,2.84
20.8,-155.9,2.040408124489796,2.9099998
20.8,-155.85,2.065102012244898,2.9399998
20.8,-155.8,2.074897930612245,2.95
20.8,-155.75,2.0791836469387754,2.95
20.8,-155.7,2.08122446122449,2.95
20.8,-155.65,2.0822448714285713,2.96
20.8,-155.6,2.0826530346938776,2.96
20.8,-155.55,2.0818367081632654,2.96
20.8,-155.5,2.0797958918367345,2.96
20.8,-155.45,2.0779591571428573,2.95
20.8,-155.4,2.07591833877551,2.95
20.8,-155.35,2.0740816102040815,2.96
20.8,-155.3,2.0726530346938774,2.96
20.8,-155.25,2.0710203857142857,2.96
20.8,-155.2,2.0697958918367347,2.96
20.8,-155.15,2.068367318367347,2.96
20.8,-155.1,2.067142832653061,2.96
20.8,-155.05,2.0673469142857144,2.97
20.8,-155,2.0657142591836735,2.97
20.8,-154.95,2.0651020102040816,2.97
20.8,-154.9,2.064285693877551,2.97
20.8,-154.85,2.063877530612245,2.96
20.8,-154.8,2.0655101836734695,2.96
20.8,-154.75,2.0679591632653063,2.97
20.8,-154.7,2.0702040551020406,2.97
20.8,-154.65,2.0732652734693877,2.97
20.8,-154.6,2.0771428326530614,2.97
20.8,-154.55,2.080612220408163,2.97
20.8,-154.5,2.0846938489795916,2.97
20.8,-154.45,2.0885714040816326,2.97
20.8,-154.4,2.093265279591837,2.97
20.8,-154.35,2.095510175510204,2.97
20.8,-154.3,2.097959155102041,2.97
20.8,-154.25,2.0991836408163267,2.97
20.8,-154.2,2.098775481632653,2.97
20.8,-154.15,2.0987754775510203,2.96
20.8,-154.1,2.093673430612245,2.96
20.8,-154.05,2.0793877081632655,2.9399998
20.85,-160.95,2.180204051020408,2.99
20.85,-160.9,2.181224457142857,3.07
20.85,-160.85,2.17775506122449,3.06
20.85,-160.8,2.168163224489796,3.03
20.85,-160.75,2.159795873469388,3
20.85,-160.7,2.153061181632653,2.98
20.85,-160.65,2.146734651020408,2.96
20.85,-160.6,2.140408112244898,2.9299998
20.85,-160.55,2.1340815836734692,2.9099998
20.85,-160.5,2.129999948979592,2.8899999
20.85,-160.45,2.12999996122449,2.8799999
20.85,-160.4,2.129591808163265,2.87
20.85,-160.35,2.1326530265306123,2.86
20.85,-160.3,2.1351020040816326,2.85
20.85,-160.25,2.137550985714286,2.84
20.85,-160.2,2.1426530326530613,2.82
20.85,-160.15,2.1446938448979593,2.8
20.85,-160.1,2.1483673142857143,2.79
20.85,-160.05,2.150204044897959,2.81
20.85,-160,2.153061185714286,2.83
20.85,-159.95,2.157142824489796,2.86
20.85,-159.9,2.162040785714286,2.8899999
20.85,-159.85,2.166326493877551,2.9199998
20.85,-159.8,2.172448948979592,2.95
20.85,-159.75,2.1795917979591835,2.97
20.85,-159.7,2.1863265020408162,2.99
20.85,-159.65,2.1934693612244898,3.01
20.85,-159.6,2.1985714020408165,3.02
20.85,-159.55,2.2018366979591835,3.03
20.85,-159.5,2.204285681632653,3.04
20.85,-159.45,2.203061181632653,3.05
20.85,-159.4,2.198163226530612,3.06
20.85,-159.35,2.1924489346938776,3.07
20.85,-159.3,2.1842856673469386,3.08
20.85,-159.25,2.1736734346938777,3.1
20.85,-159.2,2.16244893877551,3.11
20.85,-159.15,2.1495918020408165,3.1
20.85,-159.1,2.1348979265306123,3.09
20.85,-159.05,2.122040785714286,3.07
20.85,-159,2.1077550714285715,3.06
20.85,-158.95,2.0916326204081632,3.07
20.85,-158.9,2.074897932653061,3.07
20.85,-158.85,2.0553060795918365,3.06
20.85,-158.8,2.0318367102040815,3.05
20.85,-158.75,2.007142824489796,3.02
20.85,-158.7,1.9787754775510205,2.99
20.85,-158.65,1.9481632224489795,2.95
20.85,-158.6,1.9153060795918366,2.8899999
20.85,-158.55,1.8816326285714287,2.81
20.85,-158.5,1.8481632367346938,2.73
20.85,-158.45,1.8175509877551022,2.6399999
20.85,-158.4,1.790612212244898,2.55
20.85,-158.35,1.7693877204081632,2.48
20.85,-158.3,1.7532652734693877,2.4099998
20.85,-158.25,1.7426530346938776,2.36
20.85,-158.2,1.739387730612245,2.32
20.85,-158.15,1.7406122163265305,2.28
20.85,-158.1,1.747755069387755,2.26
20.85,-158.05,1.7595918040816327,2.29
20.85,-158,1.7740816020408163,2.36
20.85,-157.95,1.7916326163265306,2.44
20.85,-157.9,1.8077550734693877,2.51
20.85,-157.85,1.8255101632653061,2.57
20.85,-157.8,1.843469363265306,2.6399999
20.85,-157.75,1.9185714040816326,2.8899999
20.85,-157.7,1.9240816081632652,2.96
20.85,-157.65,1.8804081265306123,2.8999999
20.85,-157.6,1.8508163020408164,2.8799999
20.85,-157.55,1.7993877326530612,2.81
20.85,-157.5,1.731632624489796,2.73
20.85,-157.45,1.6516326183673469,2.6
20.85,-157.4,1.576938751020408,2.46
20.85,-157.35,1.5053060989795919,2.32
20.85,-157.3,1.4332652726530613,2.1399999
20.85,-157.25,1.3465305979591837,1.9
20.85,-157.2,1.2516326226530612,1.6899999
20.85,-157.15,1.1253060989795918,1.5
20.85,-157.1,0.9542857046938775,1.25
20.85,-157.05,0.7185714153061225,1.01
20.85,-156.8,1.1773469183673468,1.86
20.85,-156.75,1.1120408020408163,1.73
20.85,-156.7,0.9661224314285715,1.5999999
20.85,-156.1,1.7155101857142856,2.58
20.85,-156.05,1.8816326204081633,2.78
20.85,-156,1.971632624489796,2.86
20.85,-155.95,2.0293877224489796,2.9199998
20.85,-155.9,2.0577550714285713,2.95
20.85,-155.85,2.0769387510204083,2.96
20.85,-155.8,2.0859183408163267,2.96
20.85,-155.75,2.088775481632653,2.96
20.85,-155.7,2.0893877224489796,2.97
20.85,-155.65,2.090204048979592,2.97
20.85,-155.6,2.0899999653061223,2.97
20.85,-155.55,2.0879591551020407,2.97
20.85,-155.5,2.0865305836734693,2.97
20.85,-155.45,2.085306093877551,2.97
20.85,-155.4,2.0824489489795917,2.96
20.85,-155.35,2.0802040530612245,2.97
20.85,-155.3,2.077959155102041,2.97
20.85,-155.25,2.076122424489796,2.97
20.85,-155.2,2.074489769387755,2.97
20.85,-155.15,2.073265281632653,2.97
20.85,-155.1,2.0722448673469387,2.97
20.85,-155.05,2.071632624489796,2.98
20.85,-155,2.070408136734694,2.98
20.85,-154.95,2.069387732653061,2.98
20.85,-154.9,2.069387732653061,2.98
20.85,-154.85,2.0687754857142857,2.97
20.85,-154.8,2.069999973469388,2.97
20.85,-154.75,2.072040787755102,2.97
20.85,-154.7,2.0746938469387755,2.97
20.85,-154.65,2.077755075510204,2.98
20.85,-154.6,2.0797958918367345,2.98
20.85,-154.55,2.0822448714285713,2.98
20.85,-154.5,2.086734667346939,2.98
20.85,-154.45,2.0904081387755102,2.98
20.85,-154.4,2.0942856897959183,2.98
20.85,-154.35,2.0967346673469387,2.98
20.85,-154.3,2.099999969387755,2.98
20.85,-154.25,2.1004081326530613,2.98
20.85,-154.2,2.0999999714285713,2.98
20.85,-154.15,2.0991836408163267,2.97
20.85,-154.1,2.0944897632653063,2.96
20.85,-154.05,2.080816283673469,2.95
20.9,-160.95,2.178979557142857,2.99
20.9,-160.9,2.1824489448979594,3.09
20.9,-160.85,2.1781632326530613,3.08
20.9,-160.8,2.1679591428571428,3.05
20.9,-160.75,2.158775475510204,3.02
20.9,-160.7,2.1495917979591836,2.99
20.9,-160.65,2.1418367,2.97
20.9,-160.6,2.1342856612244896,2.9399998
20.9,-160.55,2.1271428081632653,2.9199998
20.9,-160.5,2.1214285224489795,2.8999999
20.9,-160.45,2.120408118367347,2.8799999
20.9,-160.4,2.1212244591836735,2.87
20.9,-160.35,2.1244897591836733,2.86
20.9,-160.3,2.1269387346938777,2.85
20.9,-160.25,2.129591804081633,2.83
20.9,-160.2,2.132448948979592,2.82
20.9,-160.15,2.1359183408163265,2.79
20.9,-160.1,2.137755069387755,2.77
20.9,-160.05,2.1389795591836736,2.77
20.9,-160,2.1412244530612243,2.8
20.9,-159.95,2.146122418367347,2.83
20.9,-159.9,2.150612212244898,2.86
20.9,-159.85,2.1551020102040814,2.8899999
20.9,-159.8,2.1622448591836734,2.9199998
20.9,-159.75,2.170204044897959,2.95
20.9,-159.7,2.177755075510204,2.97
20.9,-159.65,2.1863265102040814,2.99
20.9,-159.6,2.1920407979591836,3
20.9,-159.55,2.1967346591836736,3.01
20.9,-159.5,2.1983673081632653,3.03
20.9,-159.45,2.197142808163265,3.05
20.9,-159.4,2.193877493877551,3.06
20.9,-159.35,2.1875509734693876,3.08
20.9,-159.3,2.1797958795918366,3.09
20.9,-159.25,2.170816285714286,3.11
20.9,-159.2,2.1595918081632655,3.12
20.9,-159.15,2.1469387489795917,3.11
20.9,-159.1,2.1342856857142856,3.1
20.9,-159.05,2.122040781632653,3.08
20.9,-159,2.1075509857142856,3.06
20.9,-158.95,2.091632618367347,3.06
20.9,-158.9,2.0746938469387755,3.07
20.9,-158.85,2.0548979285714286,3.06
20.9,-158.8,2.0316326183673468,3.05
20.9,-158.75,2.0057142510204082,3.02
20.9,-158.7,1.9761224163265305,2.99
20.9,-158.65,1.9434693612244898,2.95
20.9,-158.6,1.9079591387755102,2.8999999
20.9,-158.55,1.8726530346938774,2.82
20.9,-158.5,1.8367346653061225,2.73
20.9,-158.45,1.801632612244898,2.6399999
20.9,-158.4,1.7693877265306122,2.54
20.9,-158.35,1.7418366959183673,2.45
20.9,-158.3,1.720612206122449,2.36
20.9,-158.25,1.7073468959183673,2.29
20.9,-158.2,1.7002040367346938,2.24
20.9,-158.15,1.6995917918367347,2.21
20.9,-158.1,1.705306093877551,2.19
20.9,-158.05,1.7167346714285714,2.22
20.9,-158,1.7340816040816327,2.29
20.9,-157.95,1.7553061020408163,2.3799999
20.9,-157.9,1.7755101775510205,2.47
20.9,-157.85,1.7912244673469389,2.53
20.9,-157.8,1.7914285326530612,2.55
20.9,-157.75,1.8559183265306123,2.76
20.9,-157.7,1.9073469040816327,2.9099998
20.9,-157.65,1.9034693653061223,2.95
20.9,-157.6,1.8816326122448979,2.9399998
20.9,-157.55,1.822244863265306,2.84
20.9,-157.5,1.7553060755102041,2.77
20.9,-157.45,1.6695918020408163,2.6399999
20.9,-157.4,1.5855101795918367,2.51
20.9,-157.35,1.5018366969387755,2.3799999
20.9,-157.3,1.4197958848979593,2.1699998
20.9,-157.25,1.3234693653061225,1.86
20.9,-157.2,1.238571392857143,1.61
20.9,-157.15,1.142653041632653,1.51
20.9,-157.1,0.9383673293877551,1.1999999
20.9,-156.85,1.1224489636734694,1.8399999
20.9,-156.8,1.2524489577551021,1.9499999
20.9,-156.75,1.1714285448979591,1.86
20.9,-156.7,1.0020407975510204,1.68
20.9,-156.45,0.48102040285714287,0.66999996
20.9,-156.2,0.46224489265306123,0.7
20.9,-156.15,1.8812244591836735,2.79
20.9,-156.1,1.9367346612244898,2.84
20.9,-156.05,1.9979591571428572,2.9099998
20.9,-156,2.024897918367347,2.9399998
20.9,-155.95,2.0471428265306124,2.95
20.9,-155.9,2.068571393877551,2.97
20.9,-155.85,2.083877524489796,2.98
20.9,-155.8,2.091836704081633,2.98
20.9,-155.75,2.0948979265306122,2.98
20.9,-155.7,2.096122412244898,2.98
20.9,-155.65,2.095306087755102,2.98
20.9,-155.6,2.095102006122449,2.98
20.9,-155.55,2.094285681632653,2.98
20.9,-155.5,2.0932652734693877,2.98
20.9,-155.45,2.092653032653061,2.98
20.9,-155.4,2.089591812244898,2.98
20.9,-155.35,2.0869387489795916,2.98
20.9,-155.3,2.082857116326531,2.98
20.9,-155.25,2.0808162979591835,2.98
20.9,-155.2,2.0797958897959186,2.98
20.9,-155.15,2.0787754857142855,2.98
20.9,-155.1,2.0779591591836732,2.98
20.9,-155.05,2.076530587755102,2.99
20.9,-155,2.0748979346938774,2.99
20.9,-154.95,2.0746938530612247,2.99
20.9,-154.9,2.074489773469388,2.99
20.9,-154.85,2.074489775510204,2.98
20.9,-154.8,2.0753060959183673,2.98
20.9,-154.75,2.076938748979592,2.98
20.9,-154.7,2.078571395918367,2.98
20.9,-154.65,2.081632624489796,2.98
20.9,-154.6,2.083673444897959,2.99
20.9,-154.55,2.0869387448979593,2.99
20.9,-154.5,2.088979555102041,2.99
20.9,-154.45,2.0928571163265306,2.99
20.9,-154.4,2.0957142591836733,2.99
20.9,-154.35,2.0995918081632654,2.99
20.9,-154.3,2.10122446122449,2.99
20.9,-154.25,2.1022448714285713,2.98
20.9,-154.2,2.101428544897959,2.98
20.9,-154.15,2.1002040489795917,2.98
20.9,-154.1,2.095510169387755,2.97
20.9,-154.05,2.082857106122449,2.96
20.95,-160.95,2.1769387387755104,2.99
20.95,-160.9,2.1840816020408163,3.11
20.95,-160.85,2.1787754857142856,3.1
20.95,-160.8,2.1669387346938773,3.06
20.95,-160.75,2.1571428265306123,3.03
20.95,-160.7,2.147550993877551,3
20.95,-160.65,2.1383673224489796,2.98
20.95,-160.6,2.1293877224489797,2.96
20.95,-160.55,2.121836697959184,2.9299998
20.95,-160.5,2.1146938306122447,2.8999999
20.95,-160.45,2.1120407734693876,2.8799999
20.95,-160.4,2.113265267346939,2.86
20.95,-160.35,2.1153060836734694,2.85
20.95,-160.3,2.1177550653061226,2.84
20.95,-160.25,2.1193877142857143,2.83
20.95,-160.2,2.1222448591836733,2.81
20.95,-160.15,2.1255101795918367,2.79
20.95,-160.1,2.1261224142857142,2.76
20.95,-160.05,2.1289795489795917,2.74
20.95,-160,2.131020369387755,2.76
20.95,-159.95,2.134081593877551,2.8
20.95,-159.9,2.1393877265306123,2.83
20.95,-159.85,2.1446938489795917,2.86
20.95,-159.8,2.1510203795918366,2.8899999
20.95,-159.75,2.1595918020408162,2.9199998
20.95,-159.7,2.1687754714285714,2.95
20.95,-159.65,2.1773469142857143,2.97
20.95,-159.6,2.1846938530612245,2.98
20.95,-159.55,2.1904081285714287,3.01
20.95,-159.5,2.1920407734693876,3.04
20.95,-159.45,2.191428526530612,3.06
20.95,-159.4,2.188571387755102,3.07
20.95,-159.35,2.1842856877551022,3.09
20.95,-159.3,2.176326493877551,3.1
20.95,-159.25,2.1667346591836734,3.11
20.95,-159.2,2.156326506122449,3.11
20.95,-159.15,2.1453061020408164,3.11
20.95,-159.1,2.132244875510204,3.09
20.95,-159.05,2.120816293877551,3.08
20.95,-159,2.107959144897959,3.07
20.95,-158.95,2.0938775142857144,3.06
20.95,-158.9,2.0757142530612245,3.07
20.95,-158.85,2.0555101734693877,3.06
20.95,-158.8,2.0328571081632654,3.04
20.95,-158.75,2.0065305734693877,3.02
20.95,-158.7,1.9755101714285714,3
20.95,-158.65,1.9418367122448978,2.96
20.95,-158.6,1.9038775224489797,2.9099998
20.95,-158.55,1.8644897612244897,2.83
20.95,-158.5,1.8255101734693877,2.74
20.95,-158.45,1.786734644897959,2.6399999
20.95,-158.4,1.7491836510204082,2.53
20.95,-158.35,1.7159183204081632,2.4299998
20.95,-158.3,1.6877550795918368,2.32
20.95,-158.25,1.6667346653061224,2.22
20.95,-158.2,1.6538775122448979,2.1699998
20.95,-158.15,1.6499999653061224,2.1399999
20.95,-158.1,1.6542856734693878,2.1399999
20.95,-158.05,1.6644897551020408,2.1499999
20.95,-158,1.6826530346938775,2.2
20.95,-157.95,1.705306081632653,2.29
20.95,-157.9,1.7295918020408163,2.3899999
20.95,-157.85,1.7497958897959183,2.48
20.95,-157.8,1.755102012244898,2.51
20.95,-157.75,1.7534693551020408,2.52
20.95,-157.7,1.8493877224489796,2.73
20.95,-157.65,1.8987754857142858,2.9099998
20.95,-157.6,1.8771428346938774,2.9299998
20.95,-157.55,1.845306087755102,2.87
20.95,-157.5,1.7877550714285715,2.82
20.95,-157.45,1.6914285510204081,2.69
20.95,-157.4,1.5973469040816326,2.55
20.95,-157.35,1.4983673214285713,2.4299998
20.95,-157.3,1.397142831632653,2.19
20.95,-157.25,1.271836713877551,1.78
20.95,-157.2,1.1912244816326532,1.52
20.95,-157.15,1.1524489567346938,1.53
20.95,-157.1,1.138163248367347,1.5899999
20.95,-157.05,0.9985714179591837,1.5899999
20.95,-157,0.9832652891836734,1.5799999
20.95,-156.95,1.0097959036734694,1.64
20.95,-156.9,1.0734693691836734,1.6899999
20.95,-156.85,1.184285693265306,1.8299999
20.95,-156.8,1.2997959036734694,2.01
20.95,-156.75,1.294285692857143,2.07
20.95,-156.7,1.1067346714285715,1.8399999
20.95,-156.5,1.6232652828571428,2.62
20.95,-156.45,1.8346938346938775,2.9199998
20.95,-156.4,1.7853060979591837,2.75
20.95,-156.35,1.7732652897959185,2.69
20.95,-156.3,1.7448979285714286,2.59
20.95,-156.25,1.8826530204081633,2.79
20.95,-156.2,2.017550987755102,3.06
20.95,-156.15,1.9967346653061224,2.9199998
20.95,-156.1,2.020204042857143,2.9299998
20.95,-156.05,2.0346938387755102,2.95
20.95,-156,2.0465305775510205,2.96
20.95,-155.95,2.060408124489796,2.97
20.95,-155.9,2.076326495918367,2.98
20.95,-155.85,2.089183642857143,2.99
20.95,-155.8,2.0965305836734696,2.99
20.95,-155.75,2.0999999653061225,2.99
20.95,-155.7,2.1016326081632655,2.99
20.95,-155.65,2.101224444897959,2.99
20.95,-155.6,2.100408124489796,2.99
20.95,-155.55,2.1004081285714284,2.99
20.95,-155.5,2.1002040530612245,2.99
20.95,-155.45,2.0973469122448978,2.99
20.95,-155.4,2.0955101775510205,2.99
20.95,-155.35,2.090816302040816,2.99
20.95,-155.3,2.089387730612245,2.99
20.95,-155.25,2.0861224224489794,2.99
20.95,-155.2,2.084693851020408,2.99
20.95,-155.15,2.0828571183673468,2.99
20.95,-155.1,2.0822448734693877,2.99
20.95,-155.05,2.0812244714285715,2.99
20.95,-155,2.0802040612244896,2.99
20.95,-154.95,2.080612224489796,3
20.95,-154.9,2.0797958897959186,2.99
20.95,-154.85,2.079591806122449,2.99
20.95,-154.8,2.080612216326531,2.99
20.95,-154.75,2.082040787755102,2.99
20.95,-154.7,2.0840816081632654,2.99
20.95,-154.65,2.0863265081632654,2.99
20.95,-154.6,2.0887754857142857,2.99
20.95,-154.55,2.089591806122449,2.99
20.95,-154.5,2.0920407836734696,2.99
20.95,-154.45,2.0944897673469387,2.99
20.95,-154.4,2.0977550714285713,2.99
20.95,-154.35,2.1004081326530613,2.99
20.95,-154.3,2.1032652795918367,2.99
20.95,-154.25,2.103265281632653,2.99
20.95,-154.2,2.10346936122449,2.99
20.95,-154.15,2.101224457142857,2.98
20.95,-154.1,2.0975509857142858,2.98
20.95,-154.05,2.083877510204082,2.96
21,-160.95,2.1746938408163263,2.99
21,-160.9,2.185306091836735,3.1299999
21,-160.85,2.1785713979591836,3.12
21,-160.8,2.1669387448979593,3.09
21,-160.75,2.156122414285714,3.05
21,-160.7,2.1442856918367346,3.02
21,-160.65,2.1338775265306125,2.99
21,-160.6,2.1246938530612245,2.96
21,-160.55,2.115510163265306,2.9299998
21,-160.5,2.1075509836734696,2.8999999
21,-160.45,2.1038775163265306,2.87
21,-160.4,2.1038775142857142,2.86
21,-160.35,2.105714248979592,2.84
21,-160.3,2.107142824489796,2.84
21,-160.25,2.10918363877551,2.83
21,-160.2,2.109999969387755,2.81
21,-160.15,2.1134693489795917,2.79
21,-160.1,2.114897920408163,2.75
21,-160.05,2.1163264897959184,2.72
21,-160,2.118571383673469,2.73
21,-159.95,2.1224489448979593,2.76
21,-159.9,2.1279591530612243,2.8
21,-159.85,2.132244873469388,2.83
21,-159.8,2.139999969387755,2.86
21,-159.75,2.148367318367347,2.8899999
21,-159.7,2.1597958877551022,2.9199998
21,-159.65,2.1685713959183675,2.95
21,-159.6,2.177142832653061,2.98
21,-159.55,2.1830612020408164,3.02
21,-159.5,2.1851020102040817,3.04
21,-159.45,2.185306091836735,3.06
21,-159.4,2.182040773469388,3.08
21,-159.35,2.1787754693877552,3.1
21,-159.3,2.172653032653061,3.11
21,-159.25,2.164693851020408,3.12
21,-159.2,2.1551020102040814,3.11
21,-159.15,2.14346936122449,3.1
21,-159.1,2.1324489591836735,3.1
21,-159.05,2.1214285428571427,3.09
21,-159,2.1089795591836733,3.08
21,-158.95,2.095306087755102,3.07
21,-158.9,2.0787754795918367,3.06
21,-158.85,2.0585713979591835,3.05
21,-158.8,2.0351020081632654,3.04
21,-158.75,2.0089795653061224,3.02
21,-158.7,1.978775481632653,3
21,-158.65,1.9442856795918366,2.96
21,-158.6,1.9053061,2.9099998
21,-158.55,1.8634693408163265,2.85
21,-158.5,1.8199999714285715,2.76
21,-158.45,1.773265275510204,2.6499999
21,-158.4,1.7297958897959183,2.53
21,-158.35,1.688163242857143,2.4099998
21,-158.3,1.6522448755102042,2.28
21,-158.25,1.6228570979591836,2.1599998
21,-158.2,1.6036734367346939,2.1
21,-158.15,1.5957142469387755,2.08
21,-158.1,1.5955101693877551,2.08
21,-158.05,1.6040816102040816,2.1
21,-158,1.6189795632653061,2.1299999
21,-157.95,1.6418366959183672,2.19
21,-157.9,1.6706122122448979,2.3
21,-157.85,1.7048979346938775,2.4099998
21,-157.8,1.738367306122449,2.51
21,-157.75,1.7440816,2.54
21,-157.7,1.793265287755102,2.59
21,-157.65,1.8779591612244897,2.81
21,-157.6,1.891836718367347,2.9199998
21,-157.55,1.8655101693877552,2.9099998
21,-157.5,1.808367312244898,2.83
21,-157.45,1.7320407979591836,2.77
21,-157.4,1.6218367102040816,2.6299999
21,-157.35,1.4916326318367348,2.45
21,-157.3,1.356734662244898,2.1699998
21,-157.25,1.1551020151020408,1.63
21,-157.2,1.0379591771428571,1.3
21,-157.15,0.9832652879591837,1.1899999
21,-157.1,0.9542856977551021,1.2099999
21,-157.05,0.8699999840816327,1.22
21,-157,0.8306122344897959,1.25
21,-156.95,0.8489795804081632,1.3399999
21,-156.9,0.9204081479591837,1.41
21,-156.85,1.0704081483673469,1.5799999
21,-156.8,1.2736734489795918,1.93
21,-156.75,1.44122445877551,2.27
21,-156.7,1.3714285471428571,2.27
21,-156.5,1.8191836326530613,2.83
21,-156.45,1.9120407897959184,2.8899999
21,-156.4,1.9412244714285714,2.8799999
21,-156.35,1.9469387510204081,2.86
21,-156.3,1.9669387489795918,2.8799999
21,-156.25,1.9973469081632653,2.8999999
21,-156.2,2.0208162959183675,2.9399998
21,-156.15,2.0359183346938776,2.95
21,-156.1,2.047346891836735,2.96
21,-156.05,2.054285663265306,2.97
21,-156,2.0602040408163265,2.97
21,-155.95,2.0708162918367345,2.98
21,-155.9,2.082857106122449,2.99
21,-155.85,2.0946938408163267,3
21,-155.8,2.1018366918367346,3
21,-155.75,2.104897912244898,3
21,-155.7,2.105306079591837,3
21,-155.65,2.1067346489795917,3
21,-155.6,2.106326485714286,3
21,-155.55,2.1063264918367346,3
21,-155.5,2.1055101673469387,3
21,-155.45,2.1016326224489794,3
21,-155.4,2.100204055102041,3
21,-155.35,2.0973469163265306,3
21,-155.3,2.0946938530612242,3
21,-155.25,2.091632624489796,3
21,-155.2,2.089591808163265,3
21,-155.15,2.0881632408163266,3
21,-155.1,2.087346916326531,3
21,-155.05,2.086122424489796,3
21,-155,2.0853060959183676,3
21,-154.95,2.0848979265306125,3
21,-154.9,2.0851020142857144,3
21,-154.85,2.084693851020408,3
21,-154.8,2.0855101714285715,3
21,-154.75,2.0865305836734693,2.99
21,-154.7,2.0899999714285715,2.99
21,-154.65,2.0908163,2.99
21,-154.6,2.0920407918367347,3
21,-154.55,2.0934693591836733,3
21,-154.5,2.094897924489796,3
21,-154.45,2.0969387428571427,3
21,-154.4,2.099999969387755,3
21,-154.35,2.101836706122449,3
21,-154.3,2.1042856857142858,3
21,-154.25,2.105306093877551,3
21,-154.2,2.1042856836734694,3
21,-154.15,2.103877518367347,2.99
21,-154.1,2.098775481632653,2.98
21,-154.05,2.085102004081633,2.97
21.05,-160.95,2.1740816020408165,3
21.05,-160.9,2.188775473469388,3.1599998
21.05,-160.85,2.1791836408163263,3.1499999
21.05,-160.8,2.1663264918367346,3.12
21.05,-160.75,2.154489757142857,3.08
21.05,-160.7,2.1418367040816326,3.04
21.05,-160.65,2.1306122102040814,3
21.05,-160.6,2.1189795530612243,2.96
21.05,-160.55,2.109795875510204,2.9299998
21.05,-160.5,2.1002040448979593,2.8899999
21.05,-160.45,2.0942856836734696,2.87
21.05,-160.4,2.09224486122449,2.85
21.05,-160.35,2.091836691836735,2.84
21.05,-160.3,2.094489757142857,2.83
21.05,-160.25,2.097346906122449,2.82
21.05,-160.2,2.099795889795918,2.8
21.05,-160.15,2.101020373469388,2.78
21.05,-160.1,2.1026530326530612,2.74
21.05,-160.05,2.1042856714285714,2.71
21.05,-160,2.105306083673469,2.69
21.05,-159.95,2.109387718367347,2.72
21.05,-159.9,2.114693848979592,2.76
21.05,-159.85,2.120816293877551,2.8
21.05,-159.8,2.1275509979591836,2.83
21.05,-159.75,2.136938757142857,2.86
21.05,-159.7,2.1489795591836733,2.8999999
21.05,-159.65,2.158979551020408,2.9399998
21.05,-159.6,2.1689795591836734,2.98
21.05,-159.55,2.175102006122449,3.02
21.05,-159.5,2.1779591489795918,3.04
21.05,-159.45,2.1783673102040817,3.07
21.05,-159.4,2.1775509795918366,3.09
21.05,-159.35,2.1744897673469388,3.11
21.05,-159.3,2.1691836530612245,3.12
21.05,-159.25,2.1618367081632655,3.12
21.05,-159.2,2.1528571040816327,3.11
21.05,-159.15,2.1432652734693876,3.12
21.05,-159.1,2.13367343877551,3.12
21.05,-159.05,2.1230612,3.12
21.05,-159,2.1126530265306123,3.11
21.05,-158.95,2.098163224489796,3.1
21.05,-158.9,2.0826530285714284,3.08
21.05,-158.85,2.063673442857143,3.05
21.05,-158.8,2.041020375510204,3.04
21.05,-158.75,2.014897930612245,3.02
21.05,-158.7,1.9857142469387754,3
21.05,-158.65,1.9502040469387756,2.97
21.05,-158.6,1.9108163020408162,2.9299998
21.05,-158.55,1.8677550693877552,2.86
21.05,-158.5,1.8181632265306122,2.77
21.05,-158.45,1.7644897591836735,2.6599998
21.05,-158.4,1.7124489428571428,2.53
21.05,-158.35,1.6610203795918368,2.3899999
21.05,-158.3,1.614693836734694,2.24
21.05,-158.25,1.5755101795918367,2.09
21.05,-158.2,1.5479591469387755,2.02
21.05,-158.15,1.5328571142857144,2
21.05,-158.1,1.5283673285714285,2
21.05,-158.05,1.5304081387755102,2.04
21.05,-158,1.5377550734693877,2.07
21.05,-157.95,1.5546938469387754,2.07
21.05,-157.9,1.5848979285714286,2.1499999
21.05,-157.85,1.6346938530612245,2.29
21.05,-157.8,1.6987754857142856,2.44
21.05,-157.75,1.7522448734693878,2.57
21.05,-157.7,1.7916326163265306,2.6299999
21.05,-157.65,1.8493877326530612,2.72
21.05,-157.6,1.913673442857143,2.8899999
21.05,-157.55,1.8891836408163265,2.8799999
21.05,-157.5,1.8471428326530612,2.83
21.05,-157.45,1.7824489448979592,2.8
21.05,-157.4,1.6648979346938775,2.69
21.05,-157.35,1.509999970612245,2.49
21.05,-157.3,1.3357142626530611,2.1699998
21.05,-157.25,0.9704081508163265,1.3
21.05,-157.2,0.8459183569387755,1.04
21.05,-157.15,0.8026530493877551,1.05
21.05,-157.1,0.7620408020408164,1.01
21.05,-157.05,0.6585714195918367,0.9
21.05,-157,0.5657142806122449,0.76
21.05,-156.95,0.5055102004081633,0.71
21.05,-156.9,0.3899999955102041,0.56
21.05,-156.85,0.5536734630612244,0.74
21.05,-156.8,1.0706122310204083,1.54
21.05,-156.75,1.4518366971428571,2.19
21.05,-156.7,1.8057142489795919,2.82
21.05,-156.65,1.8414285387755103,2.8999999
21.05,-156.6,1.8818367081632652,2.9199998
21.05,-156.55,1.9299999612244898,2.9399998
21.05,-156.5,1.978775487755102,2.95
21.05,-156.45,2.0020407836734693,2.9399998
21.05,-156.4,2.0175509836734693,2.95
21.05,-156.35,2.030204044897959,2.96
21.05,-156.3,2.0408162836734696,2.96
21.05,-156.25,2.0499999510204083,2.97
21.05,-156.2,2.0557142244897957,2.97
21.05,-156.15,2.060612183673469,2.97
21.05,-156.1,2.0648979020408165,2.98
21.05,-156.05,2.0677550510204084,2.98
21.05,-156,2.072653018367347,2.98
21.05,-155.95,2.0791836387755103,2.99
21.05,-155.9,2.08999996122449,2.99
21.05,-155.85,2.1002040326530613,3
21.05,-155.8,2.1073468897959184,3.01
21.05,-155.75,2.110816287755102,3.01
21.05,-155.7,2.111020369387755,3.01
21.05,-155.65,2.1114285346938777,3.01
21.05,-155.6,2.110816293877551,3
21.05,-155.55,2.1110203795918365,3.01
21.05,-155.5,2.1091836489795917,3.01
21.05,-155.45,2.1077550795918367,3.01
21.05,-155.4,2.105102020408163,3.01
21.05,-155.35,2.1030612,3.01
21.05,-155.3,2.100612220408163,3.01
21.05,-155.25,2.0979591591836733,3
21.05,-155.2,2.094897932653061,3
21.05,-155.15,2.0942856836734696,3
21.05,-155.1,2.0922448714285715,3
21.05,-155.05,2.0906122204081634,3
21.05,-155,2.0902040530612243,3.01
21.05,-154.95,2.089591808163265,3.01
21.05,-154.9,2.088775481632653,3.01
21.05,-154.85,2.0887754775510206,3.01
21.05,-154.8,2.0895918020408164,3
21.05,-154.75,2.0914285367346936,3
21.05,-154.7,2.092040781632653,3
21.05,-154.65,2.0940816020408164,3
21.05,-154.6,2.095102014285714,3
21.05,-154.55,2.096530581632653,3
21.05,-154.5,2.0987754795918367,3
21.05,-154.45,2.1020407857142858,3.01
21.05,-154.4,2.1034693530612243,3.01
21.05,-154.35,2.1055101734693875,3.01
21.05,-154.3,2.1073469102040816,3.01
21.05,-154.25,2.1077550714285715,3
21.05,-154.2,2.1073469102040816,3
21.05,-154.15,2.106734663265306,3
21.05,-154.1,2.1014285387755103,2.99
21.05,-154.05,2.0877550653061223,2.98
21.1,-160.95,2.1738775224489797,3.01
21.1,-160.9,2.195102006122449,3.1799998
21.1,-160.85,2.1846938448979594,3.1799998
21.1,-160.8,2.1685713897959182,3.1499999
21.1,-160.75,2.1546938387755104,3.11
21.1,-160.7,2.140612212244898,3.07
21.1,-160.65,2.125918336734694,3.02
21.1,-160.6,2.1146938387755103,2.97
21.1,-160.55,2.1030611857142856,2.9299998
21.1,-160.5,2.093061185714286,2.8899999
21.1,-160.45,2.0851019979591836,2.86
21.1,-160.4,2.081428524489796,2.84
21.1,-160.35,2.079591789795918,2.82
21.1,-160.3,2.0818366836734694,2.81
21.1,-160.25,2.085102004081633,2.8
21.1,-160.2,2.0875509918367348,2.79
21.1,-160.15,2.0893877265306124,2.76
21.1,-160.1,2.090612210204082,2.73
21.1,-160.05,2.0902040530612247,2.69
21.1,-160,2.092040769387755,2.6599998
21.1,-159.95,2.0944897530612243,2.6799998
21.1,-159.9,2.0995918,2.72
21.1,-159.85,2.1063265040816326,2.76
21.1,-159.8,2.113877524489796,2.79
21.1,-159.75,2.1246938612244897,2.83
21.1,-159.7,2.1369387551020407,2.8799999
21.1,-159.65,2.147142814285714,2.9299998
21.1,-159.6,2.1575509836734694,2.97
21.1,-159.55,2.164285673469388,3.01
21.1,-159.5,2.1689795714285713,3.04
21.1,-159.45,2.1704081265306123,3.08
21.1,-159.4,2.1710203714285714,3.1
21.1,-159.35,2.169183655102041,3.12
21.1,-159.3,2.165510179591837,3.1299999
21.1,-159.25,2.1593877224489795,3.1299999
21.1,-159.2,2.1516326224489797,3.12
21.1,-159.15,2.1434693591836735,3.1299999
21.1,-159.1,2.135510175510204,3.1399999
21.1,-159.05,2.1269387489795917,3.1399999
21.1,-159,2.1157142408163265,3.1399999
21.1,-158.95,2.1022448612244897,3.1299999
21.1,-158.9,2.0885713959183674,3.11
21.1,-158.85,2.0697958959183675,3.08
21.1,-158.8,2.0487754734693877,3.05
21.1,-158.75,2.0244897612244896,3.03
21.1,-158.7,1.9953060897959183,3.01
21.1,-158.65,1.9606122040816327,2.99
21.1,-158.6,1.919795887755102,2.9399998
21.1,-158.55,1.872448951020408,2.8799999
21.1,-158.5,1.8202040428571429,2.79
21.1,-158.45,1.7608162775510203,2.6699998
21.1,-158.4,1.697551,2.53
21.1,-158.35,1.635102006122449,2.37
21.1,-158.3,1.5775510020408163,2.2
21.1,-158.25,1.5263265081632653,2.04
21.1,-158.2,1.4879591612244898,1.9
21.1,-158.15,1.4632652836734694,1.86
21.1,-158.1,1.4467346673469388,1.87
21.1,-158.05,1.4351020163265307,1.91
21.1,-158,1.4318367040816327,1.9399999
21.1,-157.95,1.4391836469387755,1.92
21.1,-157.9,1.4693877102040815,1.9699999
21.1,-157.85,1.533265287755102,2.12
21.1,-157.8,1.6208163040816326,2.3
21.1,-157.75,1.7189795612244898,2.5
21.1,-157.7,1.8148979224489796,2.6799998
21.1,-157.65,1.8716326204081633,2.77
21.1,-157.6,1.9189795632653062,2.87
21.1,-157.55,1.9312244632653062,2.8999999
21.1,-157.5,1.9128571040816327,2.8799999
21.1,-157.45,1.8571428326530612,2.84
21.1,-157.4,1.7479591428571428,2.75
21.1,-157.35,1.545102018367347,2.52
21.1,-157.3,1.2316326318367348,2.08
21.1,-156.75,0.9991836591836735,1.48
21.1,-156.7,1.8432652816326531,2.85
21.1,-156.65,1.9402040346938776,2.9399998
21.1,-156.6,1.9887754653061225,2.97
21.1,-156.55,2.0151019979591838,2.97
21.1,-156.5,2.031632604081633,2.97
21.1,-156.45,2.044285667346939,2.98
21.1,-156.4,2.0553060673469385,2.98
21.1,-156.35,2.0616325979591834,2.98
21.1,-156.3,2.067346879591837,2.98
21.1,-156.25,2.0712244244897957,2.99
21.1,-156.2,2.073673412244898,2.99
21.1,-156.15,2.075918314285714,2.99
21.1,-156.1,2.0773468959183674,2.99
21.1,-156.05,2.0789795551020407,2.99
21.1,-156,2.082244867346939,2.99
21.1,-155.95,2.088775475510204,2.99
21.1,-155.9,2.096326491836735,3
21.1,-155.85,2.1055101551020408,3.01
21.1,-155.8,2.111836691836735,3.01
21.1,-155.75,2.1142856714285716,3.01
21.1,-155.7,2.115306087755102,3.01
21.1,-155.65,2.1144897653061223,3.01
21.1,-155.6,2.114285681632653,3.01
21.1,-155.55,2.1136734408163265,3.01
21.1,-155.5,2.1122448714285715,3.01
21.1,-155.45,2.1102040591836735,3.02
21.1,-155.4,2.1099999795918367,3.02
21.1,-155.35,2.108775487755102,3.02
21.1,-155.3,2.1065305897959186,3.01
21.1,-155.25,2.1034693653061223,3.01
21.1,-155.2,2.10040813877551,3.01
21.1,-155.15,2.0989795673469387,3.01
21.1,-155.1,2.0965305836734696,3.01
21.1,-155.05,2.095918342857143,3.01
21.1,-155,2.095306087755102,3.01
21.1,-154.95,2.094285681632653,3.01
21.1,-154.9,2.093469351020408,3.01
21.1,-154.85,2.092857106122449,3.01
21.1,-154.8,2.092857106122449,3.01
21.1,-154.75,2.094693844897959,3.01
21.1,-154.7,2.0959183326530613,3.01
21.1,-154.65,2.097346906122449,3.01
21.1,-154.6,2.0997958857142858,3.01
21.1,-154.55,2.1008162979591836,3.01
21.1,-154.5,2.103673436734694,3.01
21.1,-154.45,2.1053060897959184,3.01
21.1,-154.4,2.1073469102040816,3.01
21.1,-154.35,2.108979563265306,3.01
21.1,-154.3,2.110408130612245,3.01
21.1,-154.25,2.1120407897959184,3.01
21.1,-154.2,2.1116326265306125,3.01
21.1,-154.15,2.1097958897959184,3
21.1,-154.1,2.1044897653061225,2.99
21.1,-154.05,2.08999996122449,2.98
21.15,-160.95,2.173877518367347,3.03
21.15,-160.9,2.2012244469387756,3.1999998
21.15,-160.85,2.1908162918367347,3.1999998
21.15,-160.8,2.172448948979592,3.1699998
21.15,-160.75,2.1555101673469386,3.1399999
21.15,-160.7,2.141020375510204,3.1
21.15,-160.65,2.125918336734694,3.06
21.15,-160.6,2.109795883673469,3
21.15,-160.55,2.0959183326530613,2.9399998
21.15,-160.5,2.085101993877551,2.8899999
21.15,-160.45,2.074285675510204,2.85
21.15,-160.4,2.069795881632653,2.83
21.15,-160.35,2.066938726530612,2.81
21.15,-160.3,2.0702040408163267,2.8
21.15,-160.25,2.073061181632653,2.79
21.15,-160.2,2.0753060836734694,2.77
21.15,-160.15,2.0765305775510203,2.75
21.15,-160.1,2.0763264897959184,2.72
21.15,-160.05,2.0759183346938777,2.6799998
21.15,-160,2.077142826530612,2.6399999
21.15,-159.95,2.078775469387755,2.6499999
21.15,-159.9,2.082653018367347,2.6799998
21.15,-159.85,2.0899999632653063,2.72
21.15,-159.8,2.0979591469387753,2.76
21.15,-159.75,2.108775481632653,2.8
21.15,-159.7,2.1216326285714286,2.86
21.15,-159.65,2.132857106122449,2.9099998
21.15,-159.6,2.1428571020408165,2.96
21.15,-159.55,2.151632618367347,3
21.15,-159.5,2.157959157142857,3.04
21.15,-159.45,2.1606122163265304,3.08
21.15,-159.4,2.162244863265306,3.1
21.15,-159.35,2.1612244551020408,3.12
21.15,-159.3,2.15897956122449,3.12
21.15,-159.25,2.155510173469388,3.1299999
21.15,-159.2,2.150408136734694,3.1299999
21.15,-159.15,2.1438775265306123,3.1299999
21.15,-159.1,2.136734669387755,3.1399999
21.15,-159.05,2.129591812244898,3.1499999
21.15,-159,2.1191836510204083,3.1499999
21.15,-158.95,2.1071428163265304,3.1499999
21.15,-158.9,2.0922448673469387,3.1399999
21.15,-158.85,2.076122424489796,3.11
21.15,-158.8,2.057550993877551,3.08
21.15,-158.75,2.0344897591836735,3.04
21.15,-158.7,2.007755069387755,3.02
21.15,-158.65,1.9740816040816327,3
21.15,-158.6,1.932653030612245,2.96
21.15,-158.55,1.8838775244897958,2.8999999
21.15,-158.5,1.8263264918367348,2.81
21.15,-158.45,1.7610203795918367,2.69
21.15,-158.4,1.6883673224489797,2.54
21.15,-158.35,1.615102018367347,2.37
21.15,-158.3,1.5432652734693877,2.18
21.15,-158.25,1.4773469163265307,2
21.15,-158.2,1.4226530408163265,1.8199999
21.15,-158.15,1.3848979326530613,1.68
21.15,-158.1,1.3504081346938774,1.68
21.15,-158.05,1.3183673218367347,1.6999999
21.15,-158,1.296326506122449,1.7199999
21.15,-157.95,1.2938775297959184,1.7099999
21.15,-157.9,1.325102012244898,1.76
21.15,-157.85,1.3885714020408164,1.89
21.15,-157.8,1.4971428224489796,2.09
21.15,-157.75,1.6381632428571429,2.36
21.15,-157.7,1.788571406122449,2.6399999
21.15,-157.65,1.9116326183673469,2.85
21.15,-157.6,1.9648979265306121,2.9399998
21.15,-157.55,1.9865305673469387,2.98
21.15,-157.5,1.9806122142857143,2.97
21.15,-157.45,1.9557142469387756,2.95
21.15,-157.4,1.8906122204081632,2.8999999
21.15,-157.35,1.7393877285714285,2.74
21.15,-157.3,1.375102016734694,2.32
21.15,-156.7,1.9179591530612246,2.8799999
21.15,-156.65,2.0212244469387755,2.97
21.15,-156.6,2.04918363877551,2.98
21.15,-156.55,2.0589795591836735,2.99
21.15,-156.5,2.0648979163265304,2.99
21.15,-156.45,2.072448924489796,3
21.15,-156.4,2.0781632163265304,3
21.15,-156.35,2.0818366836734694,3
21.15,-156.3,2.0842856653061226,3
21.15,-156.25,2.0859183163265307,3
21.15,-156.2,2.0865305714285713,3
21.15,-156.15,2.0869387367346937,3
21.15,-156.1,2.0871428204081632,3
21.15,-156.05,2.0885713959183674,3
21.15,-156,2.089999969387755,3
21.15,-155.95,2.0951020081632654,3
21.15,-155.9,2.101836702040816,3.01
21.15,-155.85,2.1091836346938777,3.01
21.15,-155.8,2.115918330612245,3.02
21.15,-155.75,2.118571395918367,3.02
21.15,-155.7,2.1191836408163267,3.02
21.15,-155.65,2.119183644897959,3.02
21.15,-155.6,2.117142824489796,3.02
21.15,-155.55,2.116530581632653,3.02
21.15,-155.5,2.1151020102040814,3.02
21.15,-155.45,2.114897930612245,3.02
21.15,-155.4,2.1134693591836733,3.02
21.15,-155.35,2.113061193877551,3.02
21.15,-155.3,2.110816297959184,3.02
21.15,-155.25,2.1091836448979593,3.02
21.15,-155.2,2.106530581632653,3.02
21.15,-155.15,2.1040815999999998,3.02
21.15,-155.1,2.102244867346939,3.02
21.15,-155.05,2.100816293877551,3.02
21.15,-155,2.100816293877551,3.02
21.15,-154.95,2.0997958857142858,3.02
21.15,-154.9,2.097755069387755,3.02
21.15,-154.85,2.096734657142857,3.02
21.15,-154.8,2.0971428163265307,3.02
21.15,-154.75,2.0983673081632652,3.01
21.15,-154.7,2.0995918,3.01
21.15,-154.65,2.100816293877551,3.01
21.15,-154.6,2.1038775163265306,3.01
21.15,-154.55,2.1067346612244897,3.01
21.15,-154.5,2.107346906122449,3.01
21.15,-154.45,2.1093877265306125,3.01
21.15,-154.4,2.1112244612244897,3.02
21.15,-154.35,2.1124489530612243,3.02
21.15,-154.3,2.1144897714285715,3.02
21.15,-154.25,2.1148979387755102,3.01
21.15,-154.2,2.1148979387755102,3.01
21.15,-154.15,2.112653036734694,3.01
21.15,-154.1,2.1069387448979593,3
21.15,-154.05,2.0916326204081632,2.99
21.2,-160.95,2.1728571102040815,3.04
21.2,-160.9,2.2097958714285713,3.22
21.2,-160.85,2.197550981632653,3.22
21.2,-160.8,2.1785713979591836,3.1899998
21.2,-160.75,2.160612206122449,3.1599998
21.2,-160.7,2.143061183673469,3.1299999
21.2,-160.65,2.1246938448979593,3.1
21.2,-160.6,2.1079591551020407,3.04
21.2,-160.55,2.0893877265306124,2.97
21.2,-160.5,2.0759183224489797,2.9099998
21.2,-160.45,2.0636734387755102,2.85
21.2,-160.4,2.056938730612245,2.82
21.2,-160.35,2.055101997959184,2.8
21.2,-160.3,2.0548979224489794,2.79
21.2,-160.25,2.0593877285714286,2.78
21.2,-160.2,2.0620407857142857,2.76
21.2,-160.15,2.059387718367347,2.74
21.2,-160.1,2.061632624489796,2.71
21.2,-160.05,2.0606122020408164,2.6699998
21.2,-160,2.060816293877551,2.6299999
21.2,-159.95,2.0618367,2.62
21.2,-159.9,2.0648979224489796,2.6499999
21.2,-159.85,2.0714285326530613,2.6699998
21.2,-159.8,2.080612212244898,2.71
21.2,-159.75,2.091020375510204,2.76
21.2,-159.7,2.1026530326530612,2.82
21.2,-159.65,2.114081604081633,2.8799999
21.2,-159.6,2.123877506122449,2.9399998
21.2,-159.55,2.134081604081633,2.99
21.2,-159.5,2.141836718367347,3.03
21.2,-159.45,2.149183642857143,3.06
21.2,-159.4,2.1522448591836736,3.09
21.2,-159.35,2.1522448551020408,3.1
21.2,-159.3,2.1520407857142856,3.11
21.2,-159.25,2.149591816326531,3.12
21.2,-159.2,2.1469387489795917,3.1299999
21.2,-159.15,2.143061195918367,3.1399999
21.2,-159.1,2.1377550734693878,3.1499999
21.2,-159.05,2.131224469387755,3.1599998
21.2,-159,2.1210203795918368,3.1599998
21.2,-158.95,2.109795887755102,3.1499999
21.2,-158.9,2.0965305714285716,3.1499999
21.2,-158.85,2.0832652714285715,3.1399999
21.2,-158.8,2.0653060959183676,3.11
21.2,-158.75,2.0446938489795916,3.08
21.2,-158.7,2.019591806122449,3.04
21.2,-158.65,1.9883673020408164,3.01
21.2,-158.6,1.9493877204081633,2.98
21.2,-158.55,1.9004081326530613,2.9199998
21.2,-158.5,1.8410203816326531,2.84
21.2,-158.45,1.7695918040816327,2.72
21.2,-158.4,1.688571387755102,2.56
21.2,-158.35,1.602448948979592,2.37
21.2,-158.3,1.5146938530612244,2.19
21.2,-158.25,1.4285714,1.9699999
21.2,-158.2,1.3532652673469387,1.74
21.2,-158.15,1.2975510040816327,1.5999999
21.2,-158.1,1.2363265093877551,1.53
21.2,-158.05,1.173265287755102,1.4399999
21.2,-158,1.1404081320408164,1.4399999
21.2,-157.95,1.1346938475510204,1.4399999
21.2,-157.9,1.1553061012244898,1.49
21.2,-157.85,1.1995918244897958,1.5799999
21.2,-157.8,1.2995918163265305,1.76
21.2,-157.75,1.4555101775510204,2.06
21.2,-157.7,1.6959183387755101,2.48
21.2,-157.65,1.9234693408163266,2.85
21.2,-157.6,1.989591806122449,2.97
21.2,-157.55,2.022040787755102,3.02
21.2,-157.5,2.0304081408163266,3.02
21.2,-157.45,2.027346920408163,3.02
21.2,-157.4,2.001836706122449,3.01
21.2,-157.35,1.9483673204081633,2.95
21.2,-157.3,1.6663265081632652,2.72
21.2,-157.1,1.6910203857142856,2.62
21.2,-157.05,1.8338775265306122,2.79
21.2,-157,1.8189795489795917,2.73
21.2,-156.95,1.891020393877551,2.84
21.2,-156.9,1.9459183285714285,2.9199998
21.2,-156.85,1.976530575510204,2.96
21.2,-156.8,1.991632612244898,2.96
21.2,-156.75,2.019387726530612,2.97
21.2,-156.7,2.053265269387755,2.97
21.2,-156.65,2.0738775142857144,3.01
21.2,-156.6,2.0822448571428573,3.01
21.2,-156.55,2.085102004081633,3.01
21.2,-156.5,2.0865305795918365,3.01
21.2,-156.45,2.088979555102041,3.01
21.2,-156.4,2.0916326204081632,3.01
21.2,-156.35,2.095102012244898,3.01
21.2,-156.3,2.0965305836734696,3.01
21.2,-156.25,2.0957142530612245,3.01
21.2,-156.2,2.0957142489795917,3.01
21.2,-156.15,2.0957142469387753,3.01
21.2,-156.1,2.0959183285714285,3.01
21.2,-156.05,2.096326495918367,3.01
21.2,-156,2.0983673142857144,3.01
21.2,-155.95,2.1012244530612243,3.01
21.2,-155.9,2.1065305714285714,3.01
21.2,-155.85,2.1132652673469385,3.02
21.2,-155.8,2.1185713897959184,3.02
21.2,-155.75,2.122040785714286,3.02
21.2,-155.7,2.1236734408163267,3.03
21.2,-155.65,2.121428544897959,3.03
21.2,-155.6,2.1202040530612245,3.03
21.2,-155.55,2.118979563265306,3.03
21.2,-155.5,2.117959155102041,3.03
21.2,-155.45,2.117550987755102,3.03
21.2,-155.4,2.117142824489796,3.03
21.2,-155.35,2.1161224163265304,3.03
21.2,-155.3,2.114489763265306,3.03
21.2,-155.25,2.113877518367347,3.03
21.2,-155.2,2.1110203795918365,3.03
21.2,-155.15,2.1093877204081632,3.03
21.2,-155.1,2.1065305795918365,3.02
21.2,-155.05,2.1057142510204083,3.02
21.2,-155,2.104693842857143,3.02
21.2,-154.95,2.103265269387755,3.02
21.2,-154.9,2.102653026530612,3.02
21.2,-154.85,2.103061187755102,3.02
21.2,-154.8,2.1022448612244897,3.02
21.2,-154.75,2.1022448612244897,3.02
21.2,-154.7,2.1040815918367346,3.02
21.2,-154.65,2.1065305775510206,3.02
21.2,-154.6,2.108571389795918,3.02
21.2,-154.55,2.110816289795918,3.02
21.2,-154.5,2.1120407836734696,3.02
21.2,-154.45,2.112448944897959,3.02
21.2,-154.4,2.113877518367347,3.02
21.2,-154.35,2.1159183469387757,3.02
21.2,-154.3,2.1177550775510205,3.02
21.2,-154.25,2.118163242857143,3.02
21.2,-154.2,2.1179591591836733,3.02
21.2,-154.15,2.116122418367347,3.01
21.2,-154.1,2.109591804081633,3.01
21.2,-154.05,2.0940815979591836,3
21.25,-160.95,2.1679591510204084,3.05
21.25,-160.9,2.2169387428571428,3.25
21.25,-160.85,2.2073469,3.25
21.25,-160.8,2.1873468979591837,3.22
21.25,-160.75,2.1671428224489797,3.1899998
21.25,-160.7,2.1477550653061224,3.1599998
21.25,-160.65,2.1283673081632655,3.1299999
21.25,-160.6,2.108163236734694,3.08
21.25,-160.55,2.087550987755102,3.01
21.25,-160.5,2.0681632224489794,2.9399998
21.25,-160.45,2.0540816,2.87
21.25,-160.4,2.0430611918367347,2.81
21.25,-160.35,2.0420407836734693,2.79
21.25,-160.3,2.0406122061224488,2.77
21.25,-160.25,2.044693848979592,2.76
21.25,-160.2,2.0467346612244897,2.75
21.25,-160.15,2.04591833877551,2.73
21.25,-160.1,2.0451020183673467,2.7
21.25,-160.05,2.04387752244898,2.6599998
21.25,-160,2.0426530346938776,2.62
21.25,-159.95,2.0430611836734696,2.6
21.25,-159.9,2.045102006122449,2.6
21.25,-159.85,2.050612206122449,2.6299999
21.25,-159.8,2.0581632285714284,2.6699998
21.25,-159.75,2.066938730612245,2.71
21.25,-159.7,2.0787754673469387,2.77
21.25,-159.65,2.0897958897959183,2.84
21.25,-159.6,2.1016326163265306,2.9099998
21.25,-159.55,2.1140816061224488,2.97
21.25,-159.5,2.1257142591836735,3.01
21.25,-159.45,2.1346938551020407,3.05
21.25,-159.4,2.139795885714286,3.08
21.25,-159.35,2.1428571040816324,3.1
21.25,-159.3,2.145918324489796,3.12
21.25,-159.25,2.145306091836735,3.1299999
21.25,-159.2,2.1442856836734694,3.1399999
21.25,-159.15,2.1414285428571427,3.1499999
21.25,-159.1,2.1367346591836736,3.1599998
21.25,-159.05,2.1302040530612243,3.1599998
21.25,-159,2.1230611897959184,3.1599998
21.25,-158.95,2.112653030612245,3.1599998
21.25,-158.9,2.1014285387755103,3.1499999
21.25,-158.85,2.0877550530612243,3.1399999
21.25,-158.8,2.073469342857143,3.12
21.25,-158.75,2.055510175510204,3.1
21.25,-158.7,2.032448948979592,3.07
21.25,-158.65,2.003469348979592,3.03
21.25,-158.6,1.967550987755102,3
21.25,-158.55,1.9216326244897959,2.95
21.25,-158.5,1.861224463265306,2.87
21.25,-158.45,1.7861224163265306,2.76
21.25,-158.4,1.6957142510204082,2.59
21.25,-158.35,1.5944897734693877,2.4099998
21.25,-158.3,1.487550981632653,2.19
21.25,-158.25,1.3757142653061225,1.92
21.25,-158.2,1.2763265071428571,1.63
21.25,-158.15,1.185102022857143,1.5799999
21.25,-158.1,1.069591812244898,1.37
21.25,-158.05,1.0567346757142857,1.27
21.25,-158,1.0326530357142858,1.24
21.25,-157.95,1.013061203877551,1.2099999
21.25,-157.9,1.0379591589795918,1.24
21.25,-157.85,1.0038775387755101,1.24
21.25,-157.8,1.0226530485714287,1.31
21.25,-157.75,1.1165305804081633,1.4699999
21.25,-157.7,1.473673430612245,2.1399999
21.25,-157.65,1.915306093877551,2.84
21.25,-157.6,2.002040781632653,2.97
21.25,-157.55,2.0469387448979592,3.04
21.25,-157.5,2.067142824489796,3.05
21.25,-157.45,2.0761224163265304,3.05
21.25,-157.4,2.078367308163265,3.05
21.25,-157.35,2.081428544897959,3.06
21.25,-157.3,2.0765305795918367,3.05
21.25,-157.25,2.025102,3.01
21.25,-157.2,2.0195918081632653,3.02
21.25,-157.15,2.009387724489796,3.02
21.25,-157.1,2.011428532653061,3
21.25,-157.05,2.017959142857143,3
21.25,-157,2.0134693346938777,2.97
21.25,-156.95,2.021224444897959,2.97
21.25,-156.9,2.0461224040816326,3.01
21.25,-156.85,2.053877508163265,3.02
21.25,-156.8,2.0620407775510206,3.02
21.25,-156.75,2.0734693469387757,3.02
21.25,-156.7,2.0897958836734696,3.03
21.25,-156.65,2.0957142530612245,3.03
21.25,-156.6,2.099591806122449,3.02
21.25,-156.55,2.1006122142857144,3.02
21.25,-156.5,2.1002040530612245,3.02
21.25,-156.45,2.102040787755102,3.02
21.25,-156.4,2.103673444897959,3.02
21.25,-156.35,2.1055101775510203,3.02
21.25,-156.3,2.1053061020408164,3.02
21.25,-156.25,2.1040815999999998,3.02
21.25,-156.2,2.1030611897959184,3.02
21.25,-156.15,2.101632620408163,3.02
21.25,-156.1,2.101428532653061,3.02
21.25,-156.05,2.1022448612244897,3.02
21.25,-156,2.1044897612244897,3.02
21.25,-155.95,2.1069387367346937,3.02
21.25,-155.9,2.111020369387755,3.02
21.25,-155.85,2.1167346530612243,3.02
21.25,-155.8,2.1226530224489797,3.03
21.25,-155.75,2.124489763265306,3.03
21.25,-155.7,2.1257142510204083,3.03
21.25,-155.65,2.1246938530612245,3.03
21.25,-155.6,2.122448951020408,3.03
21.25,-155.55,2.121224457142857,3.03
21.25,-155.5,2.120612218367347,3.03
21.25,-155.45,2.1206122142857144,3.03
21.25,-155.4,2.1191836428571427,3.03
21.25,-155.35,2.118367318367347,3.03
21.25,-155.3,2.1173469102040814,3.03
21.25,-155.25,2.1163265,3.03
21.25,-155.2,2.1153060918367346,3.03
21.25,-155.15,2.1140816,3.03
21.25,-155.1,2.111224455102041,3.03
21.25,-155.05,2.1102040469387755,3.03
21.25,-155,2.1093877224489797,3.03
21.25,-154.95,2.107142818367347,3.03
21.25,-154.9,2.106734657142857,3.03
21.25,-154.85,2.1071428224489797,3.03
21.25,-154.8,2.105918332653061,3.03
21.25,-154.75,2.1065305714285714,3.03
21.25,-154.7,2.10775506122449,3.03
21.25,-154.65,2.1099999591836736,3.02
21.25,-154.6,2.112244857142857,3.02
21.25,-154.55,2.1138775102040817,3.02
21.25,-154.5,2.1136734326530613,3.02
21.25,-154.45,2.11448976122449,3.02
21.25,-154.4,2.1161224204081632,3.02
21.25,-154.35,2.1181632408163265,3.02
21.25,-154.3,2.119591812244898,3.02
21.25,-154.25,2.1212244653061223,3.02
21.25,-154.2,2.121428544897959,3.02
21.25,-154.15,2.118979557142857,3.02
21.25,-154.1,2.112040787755102,3.01
21.25,-154.05,2.0965305775510203,3.01
21.3,-160.95,2.168979551020408,3.08
21.3,-160.9,2.2271428367346937,3.26
21.3,-160.85,2.219795897959184,3.27
21.3,-160.8,2.198163218367347,3.24
21.3,-160.75,2.178571393877551,3.21
21.3,-160.7,2.1561224102040817,3.1799998
21.3,-160.65,2.134285679591837,3.1499999
21.3,-160.6,2.1114285346938777,3.11
21.3,-160.55,2.0883673081632654,3.05
21.3,-160.5,2.065306081632653,2.98
21.3,-160.45,2.0461224163265306,2.8999999
21.3,-160.4,2.0320407897959183,2.82
21.3,-160.35,2.0261224163265306,2.77
21.3,-160.3,2.0257142510204083,2.75
21.3,-160.25,2.0287754714285713,2.74
21.3,-160.2,2.032653024489796,2.74
21.3,-160.15,2.0308162897959185,2.72
21.3,-160.1,2.0304081285714286,2.69
21.3,-160.05,2.027755073469388,2.6599998
21.3,-160,2.0230612040816327,2.6299999
21.3,-159.95,2.0226530387755104,2.59
21.3,-159.9,2.0222448693877553,2.58
21.3,-159.85,2.0255101714285715,2.59
21.3,-159.8,2.0310203714285713,2.62
21.3,-159.75,2.0391836163265307,2.6599998
21.3,-159.7,2.0483673081632654,2.71
21.3,-159.65,2.060816293877551,2.8
21.3,-159.6,2.074693844897959,2.8799999
21.3,-159.55,2.09122443877551,2.9399998
21.3,-159.5,2.106734669387755,3
21.3,-159.45,2.1187754918367347,3.04
21.3,-159.4,2.127755073469388,3.08
21.3,-159.35,2.1365305714285716,3.11
21.3,-159.3,2.1397958673469386,3.1299999
21.3,-159.25,2.1424489469387753,3.1399999
21.3,-159.2,2.141836697959184,3.1499999
21.3,-159.15,2.138571393877551,3.1599998
21.3,-159.1,2.133061181632653,3.1699998
21.3,-159.05,2.127346904081633,3.1699998
21.3,-159,2.1199999653061226,3.1699998
21.3,-158.95,2.113061189795918,3.1599998
21.3,-158.9,2.103469344897959,3.1499999
21.3,-158.85,2.0934693469387753,3.1399999
21.3,-158.8,2.080816287755102,3.12
21.3,-158.75,2.0640815979591838,3.1
21.3,-158.7,2.043877526530612,3.08
21.3,-158.65,2.0189795510204083,3.04
21.3,-158.6,1.985918330612245,3.02
21.3,-158.55,1.9438775081632653,2.98
21.3,-158.5,1.8881632469387755,2.9099998
21.3,-158.45,1.8116326346938776,2.8
21.3,-158.4,1.7124489530612246,2.6399999
21.3,-158.35,1.5902040469387755,2.45
21.3,-158.3,1.4544897653061224,2.2
21.3,-158.25,1.295510175510204,1.8499999
21.3,-158.2,1.1283673348979593,1.61
21.3,-158.15,0.8855101895918367,1.43
21.3,-158.05,0.4693877473469388,0.69
21.3,-158,0.6085714175510204,0.83
21.3,-157.95,0.6751020310204081,0.96999997
21.3,-157.9,0.41673468734693875,0.7
21.3,-157.65,1.8836734265306123,2.82
21.3,-157.6,2.0073469020408163,2.99
21.3,-157.55,2.0644897714285713,3.06
21.3,-157.5,2.0865305836734693,3.06
21.3,-157.45,2.0973469040816326,3.06
21.3,-157.4,2.103673430612245,3.07
21.3,-157.35,2.107346908163265,3.07
21.3,-157.3,2.10040813877551,3.07
21.3,-157.25,2.0855101673469387,3.06
21.3,-157.2,2.07224486122449,3.05
21.3,-157.15,2.067755075510204,3.06
21.3,-157.1,2.0708163081632653,3.06
21.3,-157.05,2.0716326285714284,3.05
21.3,-157,2.0736734408163264,3.04
21.3,-156.95,2.074693848979592,3.04
21.3,-156.9,2.0787754836734695,3.03
21.3,-156.85,2.083265275510204,3.03
21.3,-156.8,2.088163232653061,3.04
21.3,-156.75,2.0942856795918368,3.04
21.3,-156.7,2.1026530346938777,3.03
21.3,-156.65,2.1075509979591835,3.03
21.3,-156.6,2.110204048979592,3.03
21.3,-156.55,2.1116326204081632,3.03
21.3,-156.5,2.1122448714285715,3.04
21.3,-156.45,2.1120407857142856,3.04
21.3,-156.4,2.1134693612244897,3.04
21.3,-156.35,2.113469363265306,3.04
21.3,-156.3,2.111836704081633,3.04
21.3,-156.25,2.1102040428571427,3.04
21.3,-156.2,2.1087754734693878,3.04
21.3,-156.15,2.1081632306122446,3.04
21.3,-156.1,2.1081632265306123,3.03
21.3,-156.05,2.1079591469387755,3.03
21.3,-156,2.10999996122449,3.03
21.3,-155.95,2.111836691836735,3.03
21.3,-155.9,2.116530575510204,3.03
21.3,-155.85,2.1206122020408165,3.03
21.3,-155.8,2.1246938346938777,3.03
21.3,-155.75,2.1283673081632655,3.03
21.3,-155.7,2.128775475510204,3.04
21.3,-155.65,2.127550991836735,3.04
21.3,-155.6,2.1259183387755103,3.04
21.3,-155.55,2.1240816040816326,3.04
21.3,-155.5,2.122653024489796,3.04
21.3,-155.45,2.122653026530612,3.04
21.3,-155.4,2.120816291836735,3.04
21.3,-155.35,2.1208162897959184,3.04
21.3,-155.3,2.1195918,3.04
21.3,-155.25,2.1191836387755103,3.04
21.3,-155.2,2.1187754714285716,3.04
21.3,-155.15,2.117142824489796,3.04
21.3,-155.1,2.1153060959183674,3.04
21.3,-155.05,2.1122448714285715,3.03
21.3,-155,2.1122448714285715,3.03
21.3,-154.95,2.1108162918367346,3.03
21.3,-154.9,2.1108162836734694,3.03
21.3,-154.85,2.1104081224489795,3.03
21.3,-154.8,2.109795881632653,3.03
21.3,-154.75,2.1110203714285714,3.03
21.3,-154.7,2.1114285285714285,3.03
21.3,-154.65,2.1140815979591836,3.03
21.3,-154.6,2.1148979265306123,3.03
21.3,-154.55,2.1151020081632654,3.03
21.3,-154.5,2.115918342857143,3.03
21.3,-154.45,2.1163265020408164,3.03
21.3,-154.4,2.1169387469387755,3.03
21.3,-154.35,2.1193877224489794,3.03
21.3,-154.3,2.1224489489795917,3.03
21.3,-154.25,2.123877520408163,3.03
21.3,-154.2,2.123469348979592,3.03
21.3,-154.15,2.120816291836735,3.02
21.3,-154.1,2.1142856857142855,3.02
21.3,-154.05,2.0995918081632654,3.01
21.35,-160.95,2.1673469040816324,3.09
21.35,-160.9,2.238571412244898,3.29
21.35,-160.85,2.2318367102040817,3.29
21.35,-160.8,2.2124489510204084,3.27
21.35,-160.75,2.1912244530612246,3.24
21.35,-160.7,2.1669387367346937,3.21
21.35,-160.65,2.1434693428571427,3.1799998
21.35,-160.6,2.1187754775510204,3.1399999
21.35,-160.55,2.090612210204082,3.07
21.35,-160.5,2.065306081632653,3.01
21.35,-160.45,2.0397958857142857,2.9299998
21.35,-160.4,2.0230611979591835,2.84
21.35,-160.35,2.0116326224489796,2.77
21.35,-160.3,2.0110203775510205,2.73
21.35,-160.25,2.012448951020408,2.71
21.35,-160.2,2.018775475510204,2.72
21.35,-160.15,2.018979557142857,2.71
21.35,-160.1,2.0155101612244897,2.69
21.35,-160.05,2.010816281632653,2.6599998
21.35,-160,2.0030611836734695,2.6299999
21.35,-159.95,1.9977550673469389,2.59
21.35,-159.9,1.9951020204081633,2.55
21.35,-159.85,1.993469369387755,2.55
21.35,-159.8,1.9977550734693879,2.56
21.35,-159.75,2.004489767346939,2.6
21.35,-159.7,2.0134693448979593,2.6599998
21.35,-159.65,2.0263264918367345,2.75
21.35,-159.6,2.0434693673469386,2.83
21.35,-159.55,2.0640816102040818,2.9099998
21.35,-159.5,2.084285675510204,2.97
21.35,-159.45,2.1024489448979593,3.03
21.35,-159.4,2.1167346591836735,3.07
21.35,-159.35,2.1279591285714283,3.11
21.35,-159.3,2.135510151020408,3.1299999
21.35,-159.25,2.137755063265306,3.1499999
21.35,-159.2,2.137959142857143,3.1599998
21.35,-159.15,2.134693836734694,3.1699998
21.35,-159.1,2.129591804081633,3.1699998
21.35,-159.05,2.124285681632653,3.1699998
21.35,-159,2.117346906122449,3.1699998
21.35,-158.95,2.110816289795918,3.1599998
21.35,-158.9,2.104897926530612,3.1499999
21.35,-158.85,2.095714255102041,3.1399999
21.35,-158.8,2.0857142653061223,3.12
21.35,-158.75,2.0716326224489796,3.1
21.35,-158.7,2.054897936734694,3.07
21.35,-158.65,2.033469359183673,3.05
21.35,-158.6,2.0067346571428573,3.04
21.35,-158.55,1.9714285387755102,3.01
21.35,-158.5,1.9216326265306123,2.96
21.35,-158.45,1.8481632408163264,2.86
21.35,-158.4,1.7451020102040817,2.7
21.35,-158.35,1.6073469142857142,2.5
21.35,-158.3,1.4416326346938775,2.23
21.35,-158.25,1.2359183363265307,1.8
21.35,-158.2,0.9889795751020408,1.5699999
21.35,-158.15,0.6826530518367347,1.15
21.35,-157.7,0.48918366469387753,0.7
21.35,-157.65,1.9832652673469389,2.99
21.35,-157.6,2.043673432653061,3.03
21.35,-157.55,2.08122446122449,3.05
21.35,-157.5,2.102244867346939,3.06
21.35,-157.45,2.1136734408163265,3.07
21.35,-157.4,2.1193877285714287,3.07
21.35,-157.35,2.1228571142857144,3.08
21.35,-157.3,2.121836702040816,3.08
21.35,-157.25,2.112040781632653,3.08
21.35,-157.2,2.1008163,3.08
21.35,-157.15,2.0946938632653063,3.07
21.35,-157.1,2.093265281632653,3.07
21.35,-157.05,2.093469367346939,3.06
21.35,-157,2.0932652836734693,3.05
21.35,-156.95,2.0948979265306122,3.05
21.35,-156.9,2.0979591571428573,3.05
21.35,-156.85,2.1004081408163264,3.04
21.35,-156.8,2.1034693591836735,3.04
21.35,-156.75,2.1073469102040816,3.04
21.35,-156.7,2.112653036734694,3.04
21.35,-156.65,2.116326508163265,3.04
21.35,-156.6,2.1199999714285713,3.04
21.35,-156.55,2.1210203795918368,3.05
21.35,-156.5,2.1208163020408164,3.05
21.35,-156.45,2.1216326265306122,3.05
21.35,-156.4,2.1206122142857144,3.05
21.35,-156.35,2.118979563265306,3.05
21.35,-156.3,2.117142824489796,3.05
21.35,-156.25,2.115102002040816,3.05
21.35,-156.2,2.1142856775510204,3.05
21.35,-156.15,2.114081595918367,3.05
21.35,-156.1,2.1134693530612245,3.05
21.35,-156.05,2.11448976122449,3.05
21.35,-156,2.114897924489796,3.05
21.35,-155.95,2.117142820408163,3.05
21.35,-155.9,2.1195917897959182,3.04
21.35,-155.85,2.123877506122449,3.04
21.35,-155.8,2.127550975510204,3.04
21.35,-155.75,2.1308162918367346,3.04
21.35,-155.7,2.1302040530612243,3.04
21.35,-155.65,2.129795891836735,3.04
21.35,-155.6,2.127550987755102,3.04
21.35,-155.55,2.126122418367347,3.04
21.35,-155.5,2.1251020102040816,3.04
21.35,-155.45,2.1236734306122447,3.04
21.35,-155.4,2.1226530204081633,3.04
21.35,-155.35,2.1228571,3.04
21.35,-155.3,2.123061183673469,3.04
21.35,-155.25,2.12244893877551,3.04
21.35,-155.2,2.1222448591836733,3.04
21.35,-155.15,2.119999963265306,3.04
21.35,-155.1,2.1183673142857145,3.04
21.35,-155.05,2.116938744897959,3.04
21.35,-155,2.1163264979591836,3.04
21.35,-154.95,2.1146938428571427,3.04
21.35,-154.9,2.114897924489796,3.04
21.35,-154.85,2.1142856775510204,3.04
21.35,-154.8,2.1134693469387753,3.04
21.35,-154.75,2.1142856775510204,3.04
21.35,-154.7,2.1155101653061226,3.04
21.35,-154.65,2.1169387408163267,3.04
21.35,-154.6,2.1177550714285713,3.04
21.35,-154.55,2.1169387387755103,3.03
21.35,-154.5,2.1177550734693877,3.03
21.35,-154.45,2.1187754795918368,3.03
21.35,-154.4,2.119999963265306,3.03
21.35,-154.35,2.1218367,3.03
21.35,-154.3,2.1224489408163265,3.03
21.35,-154.25,2.1238775102040814,3.03
21.35,-154.2,2.123877512244898,3.03
21.35,-154.15,2.122244863265306,3.03
21.35,-154.1,2.1165305795918368,3.03
21.35,-154.05,2.102448955102041,3.02
21.4,-160.95,2.165306083673469,3.1
21.4,-160.9,2.2485714081632655,3.31
21.4,-160.85,2.2436734408163264,3.31
21.4,-160.8,2.2267346714285714,3.29
21.4,-160.75,2.206938742857143,3.27
21.4,-160.7,2.1830611897959185,3.25
21.4,-160.65,2.1557142469387753,3.21
21.4,-160.6,2.127550987755102,3.1699998
21.4,-160.55,2.093877520408163,3.1
21.4,-160.5,2.0663264959183674,3.03
21.4,-160.45,2.036326506122449,2.95
21.4,-160.4,2.0151020204081633,2.87
21.4,-160.35,1.998367324489796,2.78
21.4,-160.3,1.9965305836734695,2.73
21.4,-160.25,1.999999969387755,2.69
21.4,-160.2,2.00551016122449,2.69
21.4,-160.15,2.0071428142857144,2.7
21.4,-160.1,2.0014285224489794,2.6799998
21.4,-160.05,1.9940815959183673,2.6599998
21.4,-160,1.9818366979591837,2.6299999
21.4,-159.95,1.9699999571428572,2.58
21.4,-159.9,1.962040787755102,2.53
21.4,-159.85,1.9569387510204082,2.5
21.4,-159.8,1.9579591551020408,2.51
21.4,-159.75,1.9620407795918366,2.54
21.4,-159.7,1.9722448775510204,2.61
21.4,-159.65,1.9881632326530612,2.7
21.4,-159.6,2.0089795571428573,2.79
21.4,-159.55,2.0344897673469386,2.87
21.4,-159.5,2.059999955102041,2.9399998
21.4,-159.45,2.0842856857142857,3.01
21.4,-159.4,2.1040816081632654,3.06
21.4,-159.35,2.1189795510204084,3.1
21.4,-159.3,2.128163220408163,3.1299999
21.4,-159.25,2.132857106122449,3.1499999
21.4,-159.2,2.1328571,3.1699998
21.4,-159.15,2.12999996122449,3.1799998
21.4,-159.1,2.125102,3.1799998
21.4,-159.05,2.118775475510204,3.1799998
21.4,-159,2.113673430612245,3.1699998
21.4,-158.95,2.1093877142857145,3.1599998
21.4,-158.9,2.103877518367347,3.1499999
21.4,-158.85,2.09673466122449,3.1399999
21.4,-158.8,2.088163242857143,3.12
21.4,-158.75,2.078163248979592,3.1
21.4,-158.7,2.0646938571428572,3.07
21.4,-158.65,2.048775487755102,3.06
21.4,-158.6,2.028367314285714,3.05
21.4,-158.55,2.0012244551020406,3.04
21.4,-158.5,1.9579591408163266,3
21.4,-158.45,1.8938775224489797,2.9299998
21.4,-158.4,1.796326493877551,2.79
21.4,-158.35,1.6499999734693878,2.57
21.4,-158.3,1.453877531632653,2.28
21.4,-158.25,1.174693862244898,1.75
21.4,-158.2,0.7716326453061224,1.3299999
21.4,-157.7,1.730816286734694,2.73
21.4,-157.65,1.9997958857142857,3
21.4,-157.6,2.0691836448979593,3.06
21.4,-157.55,2.0995918081632654,3.06
21.4,-157.5,2.119183648979592,3.07
21.4,-157.45,2.130612218367347,3.08
21.4,-157.4,2.1361224204081632,3.08
21.4,-157.35,2.1399999734693878,3.08
21.4,-157.3,2.1391836469387755,3.09
21.4,-157.25,2.1318367020408164,3.08
21.4,-157.2,2.1232652673469388,3.08
21.4,-157.15,2.1159183469387757,3.08
21.4,-157.1,2.1124489632653063,3.08
21.4,-157.05,2.109183655102041,3.07
21.4,-157,2.108775493877551,3.07
21.4,-156.95,2.1106122285714286,3.06
21.4,-156.9,2.1112244714285713,3.06
21.4,-156.85,2.113061206122449,3.05
21.4,-156.8,2.115510187755102,3.05
21.4,-156.75,2.119795902040816,3.05
21.4,-156.7,2.1232652857142855,3.05
21.4,-156.65,2.125102018367347,3.05
21.4,-156.6,2.1269387571428573,3.05
21.4,-156.55,2.1283673285714286,3.06
21.4,-156.5,2.127346920408163,3.06
21.4,-156.45,2.1263265081632654,3.06
21.4,-156.4,2.1248979326530613,3.06
21.4,-156.35,2.123469363265306,3.06
21.4,-156.3,2.1216326285714286,3.06
21.4,-156.25,2.11979587755102,3.06
21.4,-156.2,2.1191836346938775,3.06
21.4,-156.15,2.118367312244898,3.06
21.4,-156.1,2.1183673163265304,3.06
21.4,-156.05,2.1183673102040816,3.06
21.4,-156,2.118571393877551,3.06
21.4,-155.95,2.1204081285714285,3.06
21.4,-155.9,2.1238775142857143,3.06
21.4,-155.85,2.1263264959183674,3.05
21.4,-155.8,2.128571385714286,3.05
21.4,-155.75,2.1324489469387755,3.05
21.4,-155.7,2.1336734448979593,3.05
21.4,-155.65,2.1316326224489797,3.05
21.4,-155.6,2.129795891836735,3.05
21.4,-155.55,2.1277550714285716,3.05
21.4,-155.5,2.126326497959184,3.05
21.4,-155.45,2.1259183306122447,3.05
21.4,-155.4,2.124489751020408,3.05
21.4,-155.35,2.125306075510204,3.05
21.4,-155.3,2.125510157142857,3.05
21.4,-155.25,2.1259183265306123,3.05
21.4,-155.2,2.124489755102041,3.05
21.4,-155.15,2.1228571020408165,3.05
21.4,-155.1,2.121224448979592,3.05
21.4,-155.05,2.1204081204081633,3.04
21.4,-155,2.118775469387755,3.04
21.4,-154.95,2.118979548979592,3.04
21.4,-154.9,2.1189795469387755,3.04
21.4,-154.85,2.1185713938775512,3.04
21.4,-154.8,2.118571391836735,3.04
21.4,-154.75,2.1181632285714285,3.04
21.4,-154.7,2.118979557142857,3.04
21.4,-154.65,2.1195917959183674,3.04
21.4,-154.6,2.119999957142857,3.04
21.4,-154.55,2.119591797959184,3.04
21.4,-154.5,2.120408124489796,3.04
21.4,-154.45,2.1202040448979593,3.04
21.4,-154.4,2.120816283673469,3.03
21.4,-154.35,2.1222448591836733,3.03
21.4,-154.3,2.1230611857142856,3.03
21.4,-154.25,2.1232652734693875,3.03
21.4,-154.2,2.123877520408163,3.03
21.4,-154.15,2.1228571142857144,3.03
21.4,-154.1,2.117959155102041,3.03
21.4,-154.05,2.103673444897959,3.03
21.45,-160.95,2.164081593877551,3.11
21.45,-160.9,2.2585714040816325,3.32
21.45,-160.85,2.2548979285714283,3.32
21.45,-160.8,2.2397958918367347,3.3
21.45,-160.75,2.2230611959183673,3.29
21.45,-160.7,2.1989795591836736,3.28
21.45,-160.65,2.171428530612245,3.25
21.45,-160.6,2.139795887755102,3.1999998
21.45,-160.55,2.100612208163265,3.12
21.45,-160.5,2.0683673081632654,3.06
21.45,-160.45,2.0351020040816326,2.97
21.45,-160.4,2.0075509836734695,2.8799999
21.45,-160.35,1.9885713897959183,2.79
21.45,-160.3,1.9848979102040816,2.73
21.45,-160.25,1.9883673,2.7
21.45,-160.2,1.991632612244898,2.6799998
21.45,-160.15,1.9946938367346938,2.6799998
21.45,-160.1,1.9869387367346938,2.6699998
21.45,-160.05,1.975306087755102,2.6499999
21.45,-160,1.956530569387755,2.62
21.45,-159.95,1.937755063265306,2.58
21.45,-159.9,1.9218367040816327,2.52
21.45,-159.85,1.9124489346938776,2.47
21.45,-159.8,1.910204036734694,2.46
21.45,-159.75,1.9148979204081633,2.5
21.45,-159.7,1.9267346632653062,2.56
21.45,-159.65,1.9461224306122449,2.6299999
21.45,-159.6,1.9712244653061224,2.72
21.45,-159.55,2.002244867346939,2.82
21.45,-159.5,2.0351020163265305,2.8999999
21.45,-159.45,2.0663265081632654,2.98
21.45,-159.4,2.090816306122449,3.05
21.45,-159.35,2.108775475510204,3.1
21.45,-159.3,2.1206122,3.1299999
21.45,-159.25,2.1257142387755104,3.1599998
21.45,-159.2,2.1248979204081633,3.1699998
21.45,-159.15,2.1234693530612243,3.1799998
21.45,-159.1,2.1193877265306122,3.1799998
21.45,-159.05,2.1140815979591836,3.1799998
21.45,-159,2.1108162918367346,3.1699998
21.45,-158.95,2.106122412244898,3.1599998
21.45,-158.9,2.1022448612244897,3.1499999
21.45,-158.85,2.097142824489796,3.1299999
21.45,-158.8,2.0922448775510203,3.12
21.45,-158.75,2.0846938591836737,3.1
21.45,-158.7,2.0759183489795916,3.07
21.45,-158.65,2.0657142673469386,3.07
21.45,-158.6,2.0522448775510203,3.07
21.45,-158.55,2.0316326102040816,3.06
21.45,-158.5,1.9995918040816327,3.04
21.45,-158.45,1.948163236734694,2.99
21.45,-158.4,1.8638775163265306,2.8899999
21.45,-158.35,1.7255101653061224,2.71
21.45,-158.3,1.5057142571428572,2.3999999
21.45,-158.25,1.0832652771428573,1.65
21.45,-157.8,0.9999999769387755,1.64
21.45,-157.75,0.43959182612244896,0.68
21.45,-157.7,1.9820407795918367,3.02
21.45,-157.65,2.0493877224489796,3.06
21.45,-157.6,2.0885714081632654,3.06
21.45,-157.55,2.117550993877551,3.07
21.45,-157.5,2.1359183469387757,3.08
21.45,-157.45,2.14714283877551,3.09
21.45,-157.4,2.1538775408163264,3.1
21.45,-157.35,2.1561224346938777,3.11
21.45,-157.3,2.1524489632653063,3.11
21.45,-157.25,2.146938751020408,3.1
21.45,-157.2,2.138571391836735,3.09
21.45,-157.15,2.132040783673469,3.08
21.45,-157.1,2.1265305857142858,3.08
21.45,-157.05,2.1238775265306122,3.08
21.45,-157,2.122448955102041,3.08
21.45,-156.95,2.121836712244898,3.07
21.45,-156.9,2.12265303877551,3.07
21.45,-156.85,2.123877536734694,3.06
21.45,-156.8,2.125102024489796,3.06
21.45,-156.75,2.1285714122448978,3.06
21.45,-156.7,2.131836716326531,3.06
21.45,-156.65,2.132857130612245,3.06
21.45,-156.6,2.1326530428571426,3.06
21.45,-156.55,2.1326530428571426,3.06
21.45,-156.5,2.1326530408163267,3.06
21.45,-156.45,2.131224475510204,3.07
21.45,-156.4,2.12938773877551,3.07
21.45,-156.35,2.1277550795918367,3.07
21.45,-156.3,2.1257142591836735,3.07
21.45,-156.25,2.1234693530612243,3.07
21.45,-156.2,2.1228571081632652,3.07
21.45,-156.15,2.122040785714286,3.07
21.45,-156.1,2.1224489530612245,3.07
21.45,-156.05,2.1224489489795917,3.07
21.45,-156,2.1230611938775508,3.07
21.45,-155.95,2.125306087755102,3.07
21.45,-155.9,2.125918332653061,3.06
21.45,-155.85,2.128571393877551,3.06
21.45,-155.8,2.1314285346938777,3.06
21.45,-155.75,2.1330611959183674,3.06
21.45,-155.7,2.134693848979592,3.06
21.45,-155.65,2.133877518367347,3.05
21.45,-155.6,2.1322448714285716,3.05
21.45,-155.55,2.129795891836735,3.05
21.45,-155.5,2.1289795612244897,3.05
21.45,-155.45,2.1265305795918366,3.05
21.45,-155.4,2.1269387408163265,3.05
21.45,-155.35,2.126530575510204,3.05
21.45,-155.3,2.127959144897959,3.05
21.45,-155.25,2.1271428224489797,3.05
21.45,-155.2,2.1269387448979593,3.05
21.45,-155.15,2.1263265,3.05
21.45,-155.1,2.125306083673469,3.05
21.45,-155.05,2.1248979224489797,3.05
21.45,-155,2.1244897591836733,3.05
21.45,-154.95,2.1236734285714287,3.05
21.45,-154.9,2.123265269387755,3.05
21.45,-154.85,2.122653024489796,3.05
21.45,-154.8,2.121632606122449,3.04
21.45,-154.75,2.122448930612245,3.05
21.45,-154.7,2.121632606122449,3.05
21.45,-154.65,2.123061179591837,3.05
21.45,-154.6,2.1226530204081633,3.04
21.45,-154.55,2.1228571,3.04
21.45,-154.5,2.12244893877551,3.04
21.45,-154.45,2.122040775510204,3.04
21.45,-154.4,2.1232652591836736,3.04
21.45,-154.35,2.1228570979591836,3.04
21.45,-154.3,2.123265269387755,3.04
21.45,-154.25,2.1236734387755103,3.04
21.45,-154.2,2.1246938530612245,3.04
21.45,-154.15,2.1232652775510203,3.04
21.45,-154.1,2.1181632448979593,3.04
21.45,-154.05,2.1057142632653063,3.03
21.5,-160.95,2.161836697959184,3.12
21.5,-160.9,2.2691836408163266,3.33
21.5,-160.85,2.2655101653061225,3.34
21.5,-160.8,2.2508162918367347,3.31
21.5,-160.75,2.2363265020408165,3.31
21.5,-160.7,2.2181632244897957,3.3
21.5,-160.65,2.195102006122449,3.29
21.5,-160.6,2.1597958836734694,3.26
21.5,-160.55,2.1124489346938775,3.1699998
21.5,-160.5,2.074693832653061,3.1
21.5,-160.45,2.034693836734694,3
21.5,-160.4,2.0010203591836735,2.8799999
21.5,-160.35,1.9822448551020408,2.79
21.5,-160.3,1.9738775142857143,2.72
21.5,-160.25,1.9779591469387756,2.7
21.5,-160.2,1.9791836408163266,2.6799998
21.5,-160.15,1.9767346653061224,2.6699998
21.5,-160.1,1.9683673204081633,2.6599998
21.5,-160.05,1.951020363265306,2.6399999
21.5,-160,1.9248979408163265,2.61
21.5,-159.95,1.8973469,2.57
21.5,-159.9,1.8748979285714287,2.52
21.5,-159.85,1.8624489408163265,2.46
21.5,-159.8,1.8585713959183674,2.4099998
21.5,-159.75,1.8648979163265307,2.4299998
21.5,-159.7,1.8771428142857143,2.48
21.5,-159.65,1.9002040489795917,2.55
21.5,-159.6,1.9320407918367346,2.6399999
21.5,-159.55,1.9702040367346938,2.75
21.5,-159.5,2.008775487755102,2.85
21.5,-159.45,2.046734651020408,2.95
21.5,-159.4,2.0761224265306124,3.03
21.5,-159.35,2.0993877224489794,3.09
21.5,-159.3,2.111632606122449,3.1299999
21.5,-159.25,2.11653056122449,3.1599998
21.5,-159.2,2.115306085714286,3.1699998
21.5,-159.15,2.1144897653061223,3.1799998
21.5,-159.1,2.1110203734693878,3.1799998
21.5,-159.05,2.1081632387755103,3.1699998
21.5,-159,2.105510169387755,3.1699998
21.5,-158.95,2.1030611897959184,3.1599998
21.5,-158.9,2.100612212244898,3.1399999
21.5,-158.85,2.099387724489796,3.1299999
21.5,-158.8,2.0963265020408164,3.11
21.5,-158.75,2.093061202040816,3.09
21.5,-158.7,2.0881632408163266,3.09
21.5,-158.65,2.082857120408163,3.09
21.5,-158.6,2.0751020163265306,3.08
21.5,-158.55,2.061020375510204,3.08
21.5,-158.5,2.0395918,3.08
21.5,-158.45,2.0036734469387754,3.05
21.5,-158.4,1.9426530346938775,3
21.5,-158.35,1.8393877346938776,2.87
21.5,-158.3,1.632448948979592,2.62
21.5,-158.25,1.080612225102041,1.6899999
21.5,-157.8,1.6757142718367346,2.6399999
21.5,-157.75,1.9791836510204082,3.1399999
21.5,-157.7,2.02693873877551,3.04
21.5,-157.65,2.0771428285714286,3.06
21.5,-157.6,2.109795887755102,3.07
21.5,-157.55,2.133469367346939,3.08
21.5,-157.5,2.1499999897959183,3.09
21.5,-157.45,2.1604081489795917,3.1
21.5,-157.4,2.1659183469387755,3.12
21.5,-157.35,2.16714283877551,3.1399999
21.5,-157.3,2.1640816163265306,3.1299999
21.5,-157.25,2.1575509999999998,3.12
21.5,-157.2,2.1510203857142858,3.11
21.5,-157.15,2.1438775265306123,3.09
21.5,-157.1,2.137959151020408,3.08
21.5,-157.05,2.1342856836734696,3.08
21.5,-157,2.1322448653061223,3.08
21.5,-156.95,2.1314285489795917,3.08
21.5,-156.9,2.131224469387755,3.07
21.5,-156.85,2.1312244714285713,3.07
21.5,-156.8,2.13244896122449,3.07
21.5,-156.75,2.1353061040816326,3.06
21.5,-156.7,2.1377550897959186,3.06
21.5,-156.65,2.1381632530612245,3.06
21.5,-156.6,2.137346924489796,3.06
21.5,-156.55,2.138571416326531,3.07
21.5,-156.5,2.136122430612245,3.07
21.5,-156.45,2.1351020204081634,3.07
21.5,-156.4,2.133469369387755,3.07
21.5,-156.35,2.1306122224489794,3.07
21.5,-156.3,2.1289795612244897,3.07
21.5,-156.25,2.126938742857143,3.07
21.5,-156.2,2.126326497959184,3.07
21.5,-156.15,2.1265305795918366,3.07
21.5,-156.1,2.1257142530612243,3.07
21.5,-156.05,2.1261224163265307,3.07
21.5,-156,2.127346906122449,3.07
21.5,-155.95,2.1271428204081633,3.07
21.5,-155.9,2.1287754714285714,3.07
21.5,-155.85,2.130816289795918,3.07
21.5,-155.8,2.1334693489795917,3.06
21.5,-155.75,2.1346938510204083,3.06
21.5,-155.7,2.136734669387755,3.06
21.5,-155.65,2.1355101795918365,3.06
21.5,-155.6,2.1355101775510206,3.06
21.5,-155.55,2.1318367102040816,3.06
21.5,-155.5,2.130408132653061,3.06
21.5,-155.45,2.1289795591836733,3.06
21.5,-155.4,2.1279591510204083,3.06
21.5,-155.35,2.1283673142857142,3.06
21.5,-155.3,2.1285714000000002,3.06
21.5,-155.25,2.1289795612244897,3.06
21.5,-155.2,2.1291836408163265,3.06
21.5,-155.15,2.1285713959183674,3.05
21.5,-155.1,2.1287754836734694,3.05
21.5,-155.05,2.1283673204081635,3.05
21.5,-155,2.1277550714285716,3.05
21.5,-154.95,2.126530581632653,3.05
21.5,-154.9,2.1259183346938775,3.05
21.5,-154.85,2.1251019959183672,3.05
21.5,-154.8,2.1253060734693876,3.05
21.5,-154.75,2.125101993877551,3.05
21.5,-154.7,2.1246938346938777,3.05
21.5,-154.65,2.12551016122449,3.05
21.5,-154.6,2.1251019979591836,3.05
21.5,-154.55,2.1259183285714287,3.05
21.5,-154.5,2.1253060857142856,3.05
21.5,-154.45,2.1248979163265305,3.04
21.5,-154.4,2.124285669387755,3.04
21.5,-154.35,2.123673424489796,3.04
21.5,-154.3,2.123877506122449,3.04
21.5,-154.25,2.1244897612244897,3.04
21.5,-154.2,2.1246938530612245,3.04
21.5,-154.15,2.1248979326530613,3.04
21.5,-154.1,2.1204081346938777,3.04
21.5,-154.05,2.107755075510204,3.04
21.55,-160.95,2.1614285306122447,3.1299999
21.55,-160.9,2.2791836346938776,3.34
21.55,-160.85,2.2773468979591835,3.35
21.55,-160.8,2.2622448632653063,3.33
21.55,-160.75,2.246326506122449,3.31
21.55,-160.7,2.232857118367347,3.31
21.55,-160.65,2.215306087755102,3.32
21.55,-160.6,2.1808162897959185,3.3
21.55,-160.55,2.121428548979592,3.1899998
21.55,-160.5,2.085510157142857,3.1399999
21.55,-160.45,2.0434693408163267,3.04
21.55,-160.4,2.003673424489796,2.8999999
21.55,-160.35,1.974285675510204,2.78
21.55,-160.3,1.9597958775510205,2.7
21.55,-160.25,1.9618366999999999,2.69
21.55,-160.2,1.9616326224489795,2.6799998
21.55,-160.15,1.9536734387755101,2.6699998
21.55,-160.1,1.9434693551020408,2.6599998
21.55,-160.05,1.9202040551020407,2.62
21.55,-160,1.8865305836734694,2.6
21.55,-159.95,1.8495918020408164,2.56
21.55,-159.9,1.8244897551020407,2.51
21.55,-159.85,1.8106122224489796,2.45
21.55,-159.8,1.8093877265306122,2.3999999
21.55,-159.75,1.8134693489795919,2.35
21.55,-159.7,1.8273469040816326,2.3899999
21.55,-159.65,1.8538775204081632,2.45
21.55,-159.6,1.8889795530612246,2.55
21.55,-159.55,1.9320407918367346,2.6599998
21.55,-159.5,1.978571387755102,2.79
21.55,-159.45,2.021632626530612,2.9099998
21.55,-159.4,2.0585713979591835,3.01
21.55,-159.35,2.086122418367347,3.09
21.55,-159.3,2.098571379591837,3.1299999
21.55,-159.25,2.1034693428571427,3.1599998
21.55,-159.2,2.1038775163265306,3.1699998
21.55,-159.15,2.1020407836734694,3.1699998
21.55,-159.1,2.101632624489796,3.1699998
21.55,-159.05,2.101020369387755,3.1699998
21.55,-159,2.100612208163265,3.1599998
21.55,-158.95,2.101632624489796,3.1499999
21.55,-158.9,2.1014285428571426,3.1399999
21.55,-158.85,2.1014285469387755,3.12
21.55,-158.8,2.102244869387755,3.11
21.55,-158.75,2.1022448775510205,3.1
21.55,-158.7,2.1004081326530613,3.1
21.55,-158.65,2.0987754795918367,3.11
21.55,-158.6,2.0957142653061225,3.11
21.55,-158.55,2.0889795693877553,3.11
21.55,-158.5,2.0765305795918367,3.1
21.55,-158.45,2.0546938387755103,3.1
21.55,-158.4,2.017550993877551,3.08
21.55,-158.35,1.9393877204081633,2.98
21.55,-158.3,1.8293877346938776,2.8999999
21.55,-158.25,0.47795917897959184,0.7
21.55,-157.8,1.8989795489795918,2.9399998
21.55,-157.75,2.0132652775510205,3.03
21.55,-157.7,2.067550987755102,3.05
21.55,-157.65,2.106326506122449,3.07
21.55,-157.6,2.132040791836735,3.09
21.55,-157.55,2.14938773877551,3.1
21.55,-157.5,2.1624489591836733,3.1
21.55,-157.45,2.1708163081632654,3.12
21.55,-157.4,2.175102018367347,3.1399999
21.55,-157.35,2.175510187755102,3.1499999
21.55,-157.3,2.1714285530612245,3.1399999
21.55,-157.25,2.166326506122449,3.1299999
21.55,-157.2,2.160816308163265,3.12
21.55,-157.15,2.154285695918367,3.1
21.55,-157.1,2.1481632428571427,3.09
21.55,-157.05,2.144081606122449,3.08
21.55,-157,2.1406122224489796,3.08
21.55,-156.95,2.139387730612245,3.08
21.55,-156.9,2.138775487755102,3.08
21.55,-156.85,2.1387754857142856,3.07
21.55,-156.8,2.139795897959184,3.07
21.55,-156.75,2.141020393877551,3.07
21.55,-156.7,2.1424489653061225,3.07
21.55,-156.65,2.1430612142857144,3.07
21.55,-156.6,2.141224475510204,3.07
21.55,-156.55,2.1410203918367348,3.07
21.55,-156.5,2.1402040612244897,3.07
21.55,-156.45,2.137346918367347,3.07
21.55,-156.4,2.1359183489795917,3.07
21.55,-156.35,2.1340816102040816,3.07
21.55,-156.3,2.1330611959183674,3.07
21.55,-156.25,2.132244869387755,3.07
21.55,-156.2,2.1308162999999998,3.07
21.55,-156.15,2.131224455102041,3.07
21.55,-156.1,2.130816289795918,3.07
21.55,-156.05,2.1299999653061223,3.07
21.55,-156,2.129795881632653,3.07
21.55,-155.95,2.1304081285714287,3.07
21.55,-155.9,2.131428530612245,3.07
21.55,-155.85,2.1334693530612245,3.07
21.55,-155.8,2.134693848979592,3.07
21.55,-155.75,2.1361224265306125,3.06
21.55,-155.7,2.137755075510204,3.06
21.55,-155.65,2.137346912244898,3.06
21.55,-155.6,2.1367346673469387,3.06
21.55,-155.55,2.1342856897959184,3.06
21.55,-155.5,2.131632630612245,3.06
21.55,-155.45,2.1302040591836735,3.06
21.55,-155.4,2.1291836530612245,3.06
21.55,-155.35,2.1279591632653063,3.06
21.55,-155.3,2.128571406122449,3.06
21.55,-155.25,2.130408130612245,3.06
21.55,-155.2,2.131020375510204,3.06
21.55,-155.15,2.129591808163265,3.06
21.55,-155.1,2.129591806122449,3.06
21.55,-155.05,2.1291836448979593,3.06
21.55,-155,2.1297958897959184,3.06
21.55,-154.95,2.128979563265306,3.06
21.55,-154.9,2.128163230612245,3.05
21.55,-154.85,2.1273468959183672,3.05
21.55,-154.8,2.1273468959183672,3.05
21.55,-154.75,2.1269387346938777,3.05
21.55,-154.7,2.1261224081632655,3.05
21.55,-154.65,2.1259183265306123,3.05
21.55,-154.6,2.1271428163265305,3.05
21.55,-154.55,2.1273469,3.05
21.55,-154.5,2.1273469040816324,3.05
21.55,-154.45,2.126734657142857,3.05
21.55,-154.4,2.1271428204081633,3.05
21.55,-154.35,2.12551016122449,3.05
21.55,-154.3,2.125101993877551,3.04
21.55,-154.25,2.1255101591836736,3.04
21.55,-154.2,2.1255101734693875,3.04
21.55,-154.15,2.125918332653061,3.04
21.55,-154.1,2.1224489489795917,3.05
21.55,-154.05,2.108163224489796,3.05
21.6,-160.95,2.1626530244897957,3.1399999
21.6,-160.9,2.288571381632653,3.34
21.6,-160.85,2.287959142857143,3.35
21.6,-160.8,2.2761224122448978,3.34
21.6,-160.75,2.2581632346938774,3.33
21.6,-160.7,2.24265303877551,3.31
21.6,-160.65,2.2312244653061226,3.31
21.6,-160.6,2.219183632653061,3.3899999
21.6,-160.55,2.1371428224489795,3.23
21.6,-160.5,2.1083673142857142,3.1799998
21.6,-160.45,2.0671428285714284,3.09
21.6,-160.4,2.0110203653061225,2.9399998
21.6,-160.35,1.9612244714285714,2.77
21.6,-160.3,1.931836712244898,2.6499999
21.6,-160.25,1.931836706122449,2.62
21.6,-160.2,1.925918348979592,2.62
21.6,-160.15,1.9212244653061223,2.6399999
21.6,-160.1,1.9071428285714285,2.6499999
21.6,-160.05,1.8806122102040816,2.62
21.6,-160,1.8414285428571429,2.6
21.6,-159.95,1.7999999653061225,2.56
21.6,-159.9,1.7748979224489796,2.51
21.6,-159.85,1.7618367040816327,2.45
21.6,-159.8,1.7620407795918367,2.3799999
21.6,-159.75,1.766734651020408,2.31
21.6,-159.7,1.7797958877551021,2.3
21.6,-159.65,1.803265281632653,2.35
21.6,-159.6,1.8399999673469387,2.4299998
21.6,-159.55,1.8853060836734694,2.55
21.6,-159.5,1.936326506122449,2.7
21.6,-159.45,1.9885714102040817,2.85
21.6,-159.4,2.0322448714285715,2.98
21.6,-159.35,2.063265275510204,3.07
21.6,-159.3,2.0822448530612245,3.1299999
21.6,-159.25,2.0887754775510206,3.1499999
21.6,-159.2,2.0904081224489794,3.1699998
21.6,-159.15,2.0912244469387753,3.1699998
21.6,-159.1,2.092040775510204,3.1699998
21.6,-159.05,2.0955101612244897,3.1599998
21.6,-159,2.0971428142857143,3.1599998
21.6,-158.95,2.0991836387755103,3.1399999
21.6,-158.9,2.102040781632653,3.1299999
21.6,-158.85,2.105306087755102,3.1299999
21.6,-158.8,2.107755075510204,3.1299999
21.6,-158.75,2.1114285346938777,3.12
21.6,-158.7,2.113673430612245,3.12
21.6,-158.65,2.1148979387755102,3.12
21.6,-158.6,2.116122418367347,3.1299999
21.6,-158.55,2.1132652795918365,3.1299999
21.6,-158.5,2.106938763265306,3.12
21.6,-158.45,2.0959183469387757,3.1299999
21.6,-158.4,2.0751020204081634,3.12
21.6,-158.35,2.025306087755102,3.07
21.6,-158.3,1.9763265142857143,3.03
21.6,-158.25,1.9310203857142858,3.1399999
21.6,-158.2,1.6724489573469388,2.74
21.6,-158.15,1.3889795702040817,2.4299998
21.6,-157.85,1.884285681632653,2.9099998
21.6,-157.8,2.0167346714285714,3.04
21.6,-157.75,2.070408136734694,3.07
21.6,-157.7,2.104285693877551,3.08
21.6,-157.65,2.1316326285714284,3.09
21.6,-157.6,2.149795893877551,3.11
21.6,-157.55,2.162244875510204,3.11
21.6,-157.5,2.171836712244898,3.1299999
21.6,-157.45,2.177755081632653,3.1399999
21.6,-157.4,2.179795897959184,3.1499999
21.6,-157.35,2.1806122163265305,3.1499999
21.6,-157.3,2.177959157142857,3.1399999
21.6,-157.25,2.1726530387755103,3.1299999
21.6,-157.2,2.1681632469387755,3.12
21.6,-157.15,2.1618367163265306,3.1
21.6,-157.1,2.1557142612244897,3.09
21.6,-157.05,2.151632630612245,3.08
21.6,-157,2.14795916122449,3.08
21.6,-156.95,2.145714263265306,3.08
21.6,-156.9,2.14489793877551,3.08
21.6,-156.85,2.146122432653061,3.08
21.6,-156.8,2.1465305959183674,3.08
21.6,-156.75,2.1467346775510205,3.08
21.6,-156.7,2.1469387612244897,3.08
21.6,-156.65,2.147346924489796,3.07
21.6,-156.6,2.1448979448979593,3.07
21.6,-156.55,2.143469369387755,3.07
21.6,-156.5,2.1424489591836733,3.07
21.6,-156.45,2.140612226530612,3.07
21.6,-156.4,2.1395918204081634,3.07
21.6,-156.35,2.138571412244898,3.07
21.6,-156.3,2.1369387530612243,3.07
21.6,-156.25,2.136326508163265,3.07
21.6,-156.2,2.135306089795918,3.07
21.6,-156.15,2.1346938428571427,3.07
21.6,-156.1,2.134489757142857,3.07
21.6,-156.05,2.1336734346938777,3.07
21.6,-156,2.132857106122449,3.07
21.6,-155.95,2.132857106122449,3.07
21.6,-155.9,2.1332652673469386,3.07
21.6,-155.85,2.1334693530612245,3.07
21.6,-155.8,2.1357142530612245,3.07
21.6,-155.75,2.1371428285714287,3.07
21.6,-155.7,2.138775479591837,3.07
21.6,-155.65,2.1402040489795917,3.07
21.6,-155.6,2.1391836428571427,3.07
21.6,-155.55,2.137550993877551,3.07
21.6,-155.5,2.134285687755102,3.06
21.6,-155.45,2.132040793877551,3.06
21.6,-155.4,2.1293877346938777,3.06
21.6,-155.35,2.1293877326530612,3.06
21.6,-155.3,2.1295918102040816,3.06
21.6,-155.25,2.1308162918367346,3.06
21.6,-155.2,2.1318367,3.06
21.6,-155.15,2.1310203775510206,3.06
21.6,-155.1,2.1308162959183674,3.06
21.6,-155.05,2.130816293877551,3.06
21.6,-155,2.1302040530612243,3.06
21.6,-154.95,2.1302040510204083,3.06
21.6,-154.9,2.1306122102040814,3.06
21.6,-154.85,2.1295918020408164,3.06
21.6,-154.8,2.1287754775510206,3.06
21.6,-154.75,2.1283673142857142,3.06
21.6,-154.7,2.1275509857142856,3.06
21.6,-154.65,2.1285713918367346,3.06
21.6,-154.6,2.128571393877551,3.06
21.6,-154.55,2.128775475510204,3.06
21.6,-154.5,2.1293877204081633,3.05
21.6,-154.45,2.1295917979591836,3.05
21.6,-154.4,2.1295917979591836,3.05
21.6,-154.35,2.128775469387755,3.05
21.6,-154.3,2.127550975510204,3.05
21.6,-154.25,2.1279591428571427,3.05
21.6,-154.2,2.1279591510204083,3.05
21.6,-154.15,2.1273469,3.05
21.6,-154.1,2.123061183673469,3.05
21.6,-154.05,2.1106122040816326,3.06
21.65,-160.95,2.1632652734693876,3.1499999
21.65,-160.9,2.2965305734693877,3.35
21.65,-160.85,2.297550969387755,3.36
21.65,-160.8,2.2875509795918365,3.36
21.65,-160.75,2.2734693510204083,3.35
21.65,-160.7,2.2579591530612246,3.33
21.65,-160.65,2.226530593877551,3.29
21.65,-160.6,2.2316326163265305,3.3899999
21.65,-160.55,2.1706121979591835,3.27
21.65,-160.5,2.1504081346938775,3.24
21.65,-160.45,2.0953060775510206,3.1499999
21.65,-160.4,2.0218366959183673,2.99
21.65,-160.35,1.9467346775510204,2.78
21.65,-160.3,1.8887754775510204,2.58
21.65,-160.25,1.8826530306122449,2.52
21.65,-160.2,1.8732652714285714,2.51
21.65,-160.15,1.8695918040816326,2.57
21.65,-160.1,1.853061193877551,2.62
21.65,-160.05,1.8353060897959184,2.6399999
21.65,-160,1.7995917979591836,2.6
21.65,-159.95,1.7599999775510204,2.57
21.65,-159.9,1.7353060959183673,2.52
21.65,-159.85,1.7222448775510204,2.45
21.65,-159.8,1.722653030612245,2.37
21.65,-159.75,1.7232652714285714,2.28
21.65,-159.7,1.7297958897959183,2.21
21.65,-159.65,1.7459183428571428,2.23
21.65,-159.6,1.7769387530612244,2.3
21.65,-159.55,1.8224489612244898,2.4199998
21.65,-159.5,1.878367312244898,2.58
21.65,-159.45,1.9363264979591837,2.76
21.65,-159.4,1.9908162857142857,2.9299998
21.65,-159.35,2.034081606122449,3.05
21.65,-159.3,2.0599999469387753,3.12
21.65,-159.25,2.0704081285714286,3.1499999
21.65,-159.2,2.076122408163265,3.1599998
21.65,-159.15,2.0797958714285714,3.1599998
21.65,-159.1,2.0838775081632654,3.1699998
21.65,-159.05,2.0902040428571427,3.1699998
21.65,-159,2.0957142469387753,3.1599998
21.65,-158.95,2.0999999653061225,3.1399999
21.65,-158.9,2.1040815959183674,3.1299999
21.65,-158.85,2.109795883673469,3.1399999
21.65,-158.8,2.115306085714286,3.1499999
21.65,-158.75,2.1216326142857143,3.1499999
21.65,-158.7,2.127346906122449,3.1399999
21.65,-158.65,2.132244869387755,3.1399999
21.65,-158.6,2.134489769387755,3.1399999
21.65,-158.55,2.134897920408163,3.1399999
21.65,-158.5,2.1322448673469387,3.1399999
21.65,-158.45,2.1251020142857144,3.1499999
21.65,-158.4,2.112857114285714,3.1499999
21.65,-158.35,2.0916326224489796,3.1399999
21.65,-158.3,2.0528571163265306,3.1
21.65,-158.25,1.9879591510204082,3.05
21.65,-158.2,1.9185714040816326,3.02
21.65,-158.15,1.7918366795918368,2.9099998
21.65,-158.1,1.4830611953061223,2.56
21.65,-157.9,1.8514285408163265,2.82
21.65,-157.85,2.0208163020408163,3.04
21.65,-157.8,2.0824489469387757,3.09
21.65,-157.75,2.112448948979592,3.1
21.65,-157.7,2.133061193877551,3.11
21.65,-157.65,2.1512244612244897,3.12
21.65,-157.6,2.1618367040816326,3.1299999
21.65,-157.55,2.1706122142857143,3.1499999
21.65,-157.5,2.1767346653061224,3.1499999
21.65,-157.45,2.181020383673469,3.1599998
21.65,-157.4,2.1836734408163263,3.1599998
21.65,-157.35,2.1846938489795917,3.1499999
21.65,-157.3,2.182040785714286,3.1399999
21.65,-157.25,2.177550993877551,3.1299999
21.65,-157.2,2.173265285714286,3.11
21.65,-157.15,2.1673469224489796,3.1
21.65,-157.1,2.1628571204081632,3.09
21.65,-157.05,2.1577550775510206,3.09
21.65,-157,2.1544897714285716,3.08
21.65,-156.95,2.1536734469387753,3.09
21.65,-156.9,2.152448963265306,3.09
21.65,-156.85,2.151836720408163,3.08
21.65,-156.8,2.151632636734694,3.08
21.65,-156.75,2.1514285591836733,3.09
21.65,-156.7,2.1516326408163264,3.08
21.65,-156.65,2.149795904081633,3.08
21.65,-156.6,2.1483673265306122,3.08
21.65,-156.55,2.14714283877551,3.08
21.65,-156.5,2.145510181632653,3.08
21.65,-156.45,2.144285689795918,3.08
21.65,-156.4,2.1428571224489796,3.08
21.65,-156.35,2.1416326387755102,3.08
21.65,-156.3,2.141836714285714,3.08
21.65,-156.25,2.1399999795918365,3.07
21.65,-156.2,2.1389795653061223,3.07
21.65,-156.15,2.137755075510204,3.07
21.65,-156.1,2.1369387428571427,3.07
21.65,-156.05,2.1369387408163263,3.07
21.65,-156,2.135714251020408,3.07
21.65,-155.95,2.1357142489795917,3.07
21.65,-155.9,2.1351020040816326,3.07
21.65,-155.85,2.1361224163265304,3.07
21.65,-155.8,2.1367346653061223,3.07
21.65,-155.75,2.138571404081633,3.07
21.65,-155.7,2.1408162979591836,3.07
21.65,-155.65,2.141428544897959,3.07
21.65,-155.6,2.142040787755102,3.07
21.65,-155.55,2.14040813877551,3.07
21.65,-155.5,2.137959155102041,3.07
21.65,-155.45,2.134897930612245,3.07
21.65,-155.4,2.132244873469388,3.06
21.65,-155.35,2.1306122142857142,3.06
21.65,-155.3,2.131020375510204,3.06
21.65,-155.25,2.1316326204081633,3.06
21.65,-155.2,2.1316326204081633,3.06
21.65,-155.15,2.1332652714285714,3.06
21.65,-155.1,2.132244863265306,3.06
21.65,-155.05,2.13224486122449,3.06
21.65,-155,2.131632618367347,3.06
21.65,-154.95,2.131020375510204,3.06
21.65,-154.9,2.13142853877551,3.06
21.65,-154.85,2.1310203775510206,3.06
21.65,-154.8,2.130408132653061,3.06
21.65,-154.75,2.129999969387755,3.06
21.65,-154.7,2.1291836408163265,3.06
21.65,-154.65,2.129591806122449,3.06
21.65,-154.6,2.129795887755102,3.06
21.65,-154.55,2.130612212244898,3.06
21.65,-154.5,2.129999963265306,3.06
21.65,-154.45,2.1306122040816327,3.05
21.65,-154.4,2.1308162877551022,3.05
21.65,-154.35,2.128979555102041,3.05
21.65,-154.3,2.1297958775510204,3.05
21.65,-154.25,2.1295917959183672,3.05
21.65,-154.2,2.1291836346938777,3.05
21.65,-154.15,2.1293877204081633,3.05
21.65,-154.1,2.124897924489796,3.06
21.65,-154.05,2.1128571040816326,3.06
21.7,-160.95,2.163673444897959,3.1599998
21.7,-160.9,2.302448936734694,3.35
21.7,-160.85,2.3057142326530613,3.37
21.7,-160.8,2.2967346448979593,3.37
21.7,-160.75,2.2863264897959183,3.37
21.7,-160.7,2.2720407714285713,3.36
21.7,-160.65,2.2387754775510205,3.31
21.7,-160.6,2.232857112244898,3.32
21.7,-160.55,2.2185713959183673,3.32
21.7,-160.5,2.1716326204081633,3.28
21.7,-160.45,2.1136734367346937,3.1999998
21.7,-160.4,2.039387726530612,3.06
21.7,-160.35,1.941020387755102,2.82
21.7,-160.3,1.8467346734693877,2.53
21.7,-160.25,1.807755081632653,2.3799999
21.7,-160.2,1.7663265142857143,2.29
21.7,-160.15,1.767142824489796,2.3999999
21.7,-160.1,1.7818367040816325,2.55
21.7,-160.05,1.797959157142857,2.6699998
21.7,-160,1.7759183346938776,2.6499999
21.7,-159.95,1.7385713959183673,2.6
21.7,-159.9,1.7067346734693878,2.53
21.7,-159.85,1.6926530326530613,2.45
21.7,-159.8,1.689795893877551,2.36
21.7,-159.75,1.6804081346938775,2.25
21.7,-159.7,1.6759183285714285,2.1399999
21.7,-159.65,1.6785714040816326,2.11
21.7,-159.6,1.6934693551020408,2.1499999
21.7,-159.55,1.728775487755102,2.25
21.7,-159.5,1.7826530387755102,2.4099998
21.7,-159.45,1.8555101693877551,2.6299999
21.7,-159.4,1.9314285469387755,2.85
21.7,-159.35,1.9946938551020408,3.01
21.7,-159.3,2.0342856673469387,3.1
21.7,-159.25,2.0532652571428573,3.1399999
21.7,-159.2,2.063673420408163,3.1599998
21.7,-159.15,2.0720407714285716,3.1699998
21.7,-159.1,2.0804081224489797,3.1799998
21.7,-159.05,2.0885713959183674,3.1799998
21.7,-159,2.0959183326530613,3.1699998
21.7,-158.95,2.1030611897959184,3.1399999
21.7,-158.9,2.109591804081633,3.1399999
21.7,-158.85,2.1177550714285713,3.1599998
21.7,-158.8,2.12693873877551,3.1699998
21.7,-158.75,2.1355101612244898,3.1799998
21.7,-158.7,2.1422448591836734,3.1699998
21.7,-158.65,2.148571393877551,3.1699998
21.7,-158.6,2.152857112244898,3.1599998
21.7,-158.55,2.1536734367346937,3.1599998
21.7,-158.5,2.1522448714285716,3.1599998
21.7,-158.45,2.148979567346939,3.1699998
21.7,-158.4,2.140816293877551,3.1699998
21.7,-158.35,2.127959144897959,3.1699998
21.7,-158.3,2.1112244530612245,3.1599998
21.7,-158.25,2.0802040489795917,3.1499999
21.7,-158.2,2.0391836469387754,3.1299999
21.7,-158.15,1.9899999653061224,3.1
21.7,-158.1,1.886530587755102,2.99
21.7,-158.05,1.536122421632653,2.58
21.7,-157.95,1.579795893877551,2.32
21.7,-157.9,2.0387754795918367,3.05
21.7,-157.85,2.0993877224489794,3.1299999
21.7,-157.8,2.123877518367347,3.1399999
21.7,-157.75,2.139795889795918,3.1399999
21.7,-157.7,2.1508162959183674,3.1499999
21.7,-157.65,2.161020383673469,3.1499999
21.7,-157.6,2.1673469102040817,3.1599998
21.7,-157.55,2.1738775204081633,3.1699998
21.7,-157.5,2.1789795551020408,3.1699998
21.7,-157.45,2.183469351020408,3.1699998
21.7,-157.4,2.1859183306122447,3.1599998
21.7,-157.35,2.186122412244898,3.1499999
21.7,-157.3,2.1844897591836734,3.1299999
21.7,-157.25,2.1808163,3.12
21.7,-157.2,2.1769387551020407,3.11
21.7,-157.15,2.172653036734694,3.1
21.7,-157.1,2.1681632408163263,3.1
21.7,-157.05,2.164285689795918,3.1
21.7,-157,2.161632630612245,3.1
21.7,-156.95,2.159795893877551,3.1
21.7,-156.9,2.159795893877551,3.1
21.7,-156.85,2.158571406122449,3.09
21.7,-156.8,2.1571428387755103,3.09
21.7,-156.75,2.156938757142857,3.09
21.7,-156.7,2.155918351020408,3.09
21.7,-156.65,2.1544897795918367,3.09
21.7,-156.6,2.1526530428571427,3.09
21.7,-156.55,2.1506122265306122,3.09
21.7,-156.5,2.1491836591836733,3.08
21.7,-156.45,2.1479591673469387,3.08
21.7,-156.4,2.1467346795918365,3.08
21.7,-156.35,2.1469387612244897,3.08
21.7,-156.3,2.1457142673469387,3.08
21.7,-156.25,2.144489775510204,3.08
21.7,-156.2,2.143265281632653,3.08
21.7,-156.15,2.141428544897959,3.07
21.7,-156.1,2.1399999673469385,3.07
21.7,-156.05,2.1395918020408162,3.07
21.7,-156,2.138163230612245,3.07
21.7,-155.95,2.1373469040816326,3.07
21.7,-155.9,2.1377550653061226,3.07
21.7,-155.85,2.137755069387755,3.07
21.7,-155.8,2.1379591591836733,3.07
21.7,-155.75,2.140204055102041,3.07
21.7,-155.7,2.143265275510204,3.07
21.7,-155.65,2.143265275510204,3.07
21.7,-155.6,2.1436734387755103,3.07
21.7,-155.55,2.1424489469387753,3.07
21.7,-155.5,2.1399999714285713,3.07
21.7,-155.45,2.1369387469387755,3.07
21.7,-155.4,2.134693848979592,3.07
21.7,-155.35,2.1328571102040814,3.07
21.7,-155.3,2.1322448673469387,3.07
21.7,-155.25,2.1336734367346937,3.07
21.7,-155.2,2.132857112244898,3.07
21.7,-155.15,2.133061193877551,3.06
21.7,-155.1,2.1328571081632655,3.06
21.7,-155.05,2.133061189795918,3.07
21.7,-155,2.1328571081632655,3.07
21.7,-154.95,2.1324489469387755,3.07
21.7,-154.9,2.132040783673469,3.07
21.7,-154.85,2.1318367020408164,3.07
21.7,-154.8,2.131632618367347,3.07
21.7,-154.75,2.1299999714285716,3.07
21.7,-154.7,2.1304081346938775,3.07
21.7,-154.65,2.1304081346938775,3.07
21.7,-154.6,2.130408130612245,3.07
21.7,-154.55,2.1308162877551022,3.06
21.7,-154.5,2.131836693877551,3.06
21.7,-154.45,2.1320407775510204,3.06
21.7,-154.4,2.1322448653061223,3.06
21.7,-154.35,2.131224457142857,3.06
21.7,-154.3,2.1306122102040814,3.06
21.7,-154.25,2.1320407836734696,3.05
21.7,-154.2,2.132040781632653,3.06
21.7,-154.15,2.131632624489796,3.06
21.7,-154.1,2.1251020102040816,3.06
21.7,-154.05,2.1142856714285716,3.07
21.75,-160.95,2.154897932653061,3.1699998
21.75,-160.9,2.3061224020408164,3.36
21.75,-160.85,2.310408114285714,3.3799999
21.75,-160.8,2.302040763265306,3.3799999
21.75,-160.75,2.2938774959183674,3.3799999
21.75,-160.7,2.2830611795918365,3.37
21.75,-160.65,2.271632614285714,3.36
21.75,-160.6,2.2577550551020407,3.34
21.75,-160.55,2.2414285285714284,3.34
21.75,-160.5,2.200204057142857,3.31
21.75,-160.45,2.1524489387755104,3.26
21.75,-160.4,2.075510169387755,3.1499999
21.75,-160.35,1.9651020122448979,2.9199998
21.75,-160.3,1.821632612244898,2.55
21.75,-160.25,1.7038775346938775,2.23
21.75,-160.2,1.5302040489795918,1.99
21.75,-160.15,1.6120407897959184,2.25
21.75,-160.1,1.7089795653061224,2.48
21.75,-160.05,1.7871428285714286,2.72
21.75,-160,1.7769387428571428,2.73
21.75,-159.95,1.7397958734693877,2.69
21.75,-159.9,1.7002040510204082,2.56
21.75,-159.85,1.673265287755102,2.44
21.75,-159.8,1.6612244653061223,2.34
21.75,-159.75,1.6344897653061223,2.2
21.75,-159.7,1.6112244530612245,2.06
21.75,-159.65,1.5914285367346939,1.9799999
21.75,-159.6,1.5846938448979593,1.99
21.75,-159.55,1.5914285326530613,2.05
21.75,-159.5,1.636530575510204,2.19
21.75,-159.45,1.7293877163265305,2.4299998
21.75,-159.4,1.8438775163265306,2.72
21.75,-159.35,1.9451020040816327,2.95
21.75,-159.3,2.011020381632653,3.09
21.75,-159.25,2.039999955102041,3.1399999
21.75,-159.2,2.0553060775510206,3.1699998
21.75,-159.15,2.0675509714285716,3.1799998
21.75,-159.1,2.079795875510204,3.1899998
21.75,-159.05,2.0902040408163267,3.1899998
21.75,-159,2.1008162857142856,3.1699998
21.75,-158.95,2.110816289795918,3.1399999
21.75,-158.9,2.119183636734694,3.1499999
21.75,-158.85,2.129591804081633,3.1699998
21.75,-158.8,2.1404081204081633,3.1899998
21.75,-158.75,2.150408120408163,3.1999998
21.75,-158.7,2.1591836408163263,3.21
21.75,-158.65,2.1659183265306123,3.1999998
21.75,-158.6,2.169183642857143,3.1999998
21.75,-158.55,2.1718366959183673,3.1899998
21.75,-158.5,2.172448936734694,3.1899998
21.75,-158.45,2.1697958816326532,3.1899998
21.75,-158.4,2.166122412244898,3.1799998
21.75,-158.35,2.159999963265306,3.1799998
21.75,-158.3,2.148571389795918,3.1799998
21.75,-158.25,2.13142853877551,3.1699998
21.75,-158.2,2.1146938428571427,3.1699998
21.75,-158.15,2.101632618367347,3.1599998
21.75,-158.1,2.091632612244898,3.1499999
21.75,-158.05,2.0740816020408164,3.1
21.75,-158,2.08918363877551,3.1499999
21.75,-157.95,2.126122420408163,3.1999998
21.75,-157.9,2.1251020102040816,3.1499999
21.75,-157.85,2.137346912244898,3.1699998
21.75,-157.8,2.145918336734694,3.1699998
21.75,-157.75,2.1534693591836733,3.1699998
21.75,-157.7,2.1591836428571427,3.1699998
21.75,-157.65,2.1642856836734694,3.1699998
21.75,-157.6,2.169591812244898,3.1699998
21.75,-157.55,2.174693848979592,3.1699998
21.75,-157.5,2.180612214285714,3.1799998
21.75,-157.45,2.184897926530612,3.1699998
21.75,-157.4,2.1869387408163266,3.1599998
21.75,-157.35,2.1885713979591834,3.1499999
21.75,-157.3,2.18653057755102,3.1399999
21.75,-157.25,2.1838775224489795,3.1299999
21.75,-157.2,2.1808162959183672,3.12
21.75,-157.15,2.1763265020408165,3.11
21.75,-157.1,2.171836706122449,3.11
21.75,-157.05,2.1691836448979593,3.11
21.75,-157,2.167550991836735,3.11
21.75,-156.95,2.166122424489796,3.11
21.75,-156.9,2.165510181632653,3.11
21.75,-156.85,2.163877524489796,3.1
21.75,-156.8,2.1620407918367346,3.1
21.75,-156.75,2.16040813877551,3.1
21.75,-156.7,2.159795893877551,3.1
21.75,-156.65,2.158163242857143,3.1
21.75,-156.6,2.156734675510204,3.09
21.75,-156.55,2.1555101857142858,3.09
21.75,-156.5,2.1542856979591836,3.09
21.75,-156.45,2.152040804081633,3.09
21.75,-156.4,2.1514285591836733,3.08
21.75,-156.35,2.150816314285714,3.08
21.75,-156.3,2.15020406122449,3.08
21.75,-156.25,2.148367324489796,3.08
21.75,-156.2,2.145306091836735,3.08
21.75,-156.15,2.14428567755102,3.08
21.75,-156.1,2.1426530204081633,3.07
21.75,-156.05,2.1414285306122447,3.07
21.75,-156,2.1412244551020407,3.07
21.75,-155.95,2.139795881632653,3.07
21.75,-155.9,2.139999963265306,3.07
21.75,-155.85,2.1410203714285716,3.08
21.75,-155.8,2.1424489489795917,3.08
21.75,-155.75,2.144489763265306,3.07
21.75,-155.7,2.1457142530612243,3.07
21.75,-155.65,2.146938742857143,3.08
21.75,-155.6,2.1467346612244897,3.08
21.75,-155.55,2.1448979285714285,3.08
21.75,-155.5,2.142448951020408,3.07
21.75,-155.45,2.1391836469387755,3.07
21.75,-155.4,2.1375509918367346,3.07
21.75,-155.35,2.1357142489795917,3.07
21.75,-155.3,2.1344897591836736,3.07
21.75,-155.25,2.1338775142857145,3.07
21.75,-155.2,2.133469351020408,3.07
21.75,-155.15,2.1340815979591836,3.07
21.75,-155.1,2.1340815979591836,3.07
21.75,-155.05,2.13367343877551,3.07
21.75,-155,2.133061193877551,3.07
21.75,-154.95,2.132857106122449,3.07
21.75,-154.9,2.1322448591836736,3.07
21.75,-154.85,2.1312244530612245,3.07
21.75,-154.8,2.131632618367347,3.07
21.75,-154.75,2.130816297959184,3.07
21.75,-154.7,2.1310203775510206,3.07
21.75,-154.65,2.131224451020408,3.07
21.75,-154.6,2.132040779591837,3.07
21.75,-154.55,2.1328571081632655,3.07
21.75,-154.5,2.133265269387755,3.07
21.75,-154.45,2.1332652673469386,3.06
21.75,-154.4,2.132040779591837,3.06
21.75,-154.35,2.132244863265306,3.06
21.75,-154.3,2.132244863265306,3.06
21.75,-154.25,2.1336734326530613,3.06
21.75,-154.2,2.1332652714285714,3.06
21.75,-154.15,2.1318366979591836,3.06
21.75,-154.1,2.1279591510204083,3.07
21.75,-154.05,2.1169387346938775,3.08
21.8,-160.95,2.1565305897959184,3.1899998
21.8,-160.9,2.3089795428571427,3.37
21.8,-160.85,2.3108162734693876,3.3799999
21.8,-160.8,2.3040815857142856,3.3799999
21.8,-160.75,2.296326481632653,3.3799999
21.8,-160.7,2.291428530612245,3.3799999
21.8,-160.65,2.2836734346938776,3.37
21.8,-160.6,2.271020373469388,3.36
21.8,-160.55,2.2514285346938774,3.34
21.8,-160.5,2.218571393877551,3.31
21.8,-160.45,2.1773469020408163,3.28
21.8,-160.4,2.1034693632653063,3.1999998
21.8,-160.35,1.974897918367347,3.02
21.8,-160.3,1.7483673224489795,2.61
21.8,-160.25,1.3579591620408162,2.01
21.8,-160.15,1.3851020224489796,1.9499999
21.8,-160.1,1.6093877265306122,2.35
21.8,-160.05,1.8008162918367348,2.75
21.8,-160,1.7979591448979593,2.8
21.8,-159.95,1.7624489510204082,2.79
21.8,-159.9,1.7124489551020408,2.6499999
21.8,-159.85,1.6673469,2.44
21.8,-159.8,1.6371428224489797,2.28
21.8,-159.75,1.575714251020408,2.1
21.8,-159.7,1.5230611897959183,1.9599999
21.8,-159.65,1.4757142530612244,1.89
21.8,-159.6,1.4359183408163265,1.8199999
21.8,-159.55,1.4073469102040816,1.8299999
21.8,-159.5,1.4312244632653062,1.91
21.8,-159.45,1.5253060897959183,2.11
21.8,-159.4,1.7106122204081633,2.5
21.8,-159.35,1.8857142612244897,2.87
21.8,-159.3,1.9897958979591837,3.06
21.8,-159.25,2.032448942857143,3.1599998
21.8,-159.2,2.052653012244898,3.1899998
21.8,-159.15,2.0675509714285716,3.1999998
21.8,-159.1,2.0820407714285714,3.1999998
21.8,-159.05,2.0957142448979593,3.1899998
21.8,-159,2.1083673040816326,3.1799998
21.8,-158.95,2.121224448979592,3.1599998
21.8,-158.9,2.1330611836734694,3.1699998
21.8,-158.85,2.1442856714285714,3.1799998
21.8,-158.8,2.1565305734693876,3.1999998
21.8,-158.75,2.1675509816326533,3.22
21.8,-158.7,2.175510175510204,3.23
21.8,-158.65,2.181632618367347,3.23
21.8,-158.6,2.1859183265306124,3.23
21.8,-158.55,2.188571381632653,3.22
21.8,-158.5,2.189183626530612,3.22
21.8,-158.45,2.1893877204081633,3.21
21.8,-158.4,2.1867346530612246,3.1999998
21.8,-158.35,2.1818366959183675,3.1899998
21.8,-158.3,2.1728571040816327,3.1899998
21.8,-158.25,2.1608162857142856,3.1899998
21.8,-158.2,2.151020373469388,3.1899998
21.8,-158.15,2.143061195918367,3.1799998
21.8,-158.1,2.1385714,3.1699998
21.8,-158.05,2.1385713979591836,3.1799998
21.8,-158,2.139183644897959,3.1699998
21.8,-157.95,2.143469351020408,3.1699998
21.8,-157.9,2.1463264918367346,3.1799998
21.8,-157.85,2.149999957142857,3.1799998
21.8,-157.8,2.154693836734694,3.1799998
21.8,-157.75,2.159387718367347,3.1799998
21.8,-157.7,2.163061193877551,3.1799998
21.8,-157.65,2.1667346653061226,3.1799998
21.8,-157.6,2.17142853877551,3.1799998
21.8,-157.55,2.176734663265306,3.1799998
21.8,-157.5,2.181224457142857,3.1799998
21.8,-157.45,2.185714248979592,3.1799998
21.8,-157.4,2.1881632285714288,3.1699998
21.8,-157.35,2.188571387755102,3.1599998
21.8,-157.3,2.187959144897959,3.1499999
21.8,-157.25,2.1859183285714288,3.1499999
21.8,-157.2,2.1830611857142856,3.1399999
21.8,-157.15,2.179999963265306,3.1299999
21.8,-157.1,2.1763264959183672,3.12
21.8,-157.05,2.1734693530612246,3.12
21.8,-157,2.1722448653061224,3.11
21.8,-156.95,2.172040787755102,3.11
21.8,-156.9,2.1710203795918366,3.12
21.8,-156.85,2.1681632408163267,3.12
21.8,-156.8,2.1659183408163267,3.11
21.8,-156.75,2.1644897653061226,3.11
21.8,-156.7,2.1634693591836736,3.11
21.8,-156.65,2.1612244591836736,3.1
21.8,-156.6,2.1597958918367346,3.1
21.8,-156.55,2.158775483673469,3.1
21.8,-156.5,2.157755081632653,3.1
21.8,-156.45,2.156326508163265,3.1
21.8,-156.4,2.1555101836734694,3.09
21.8,-156.35,2.154285687755102,3.09
21.8,-156.3,2.1536734367346937,3.09
21.8,-156.25,2.1512244530612246,3.09
21.8,-156.2,2.148979557142857,3.08
21.8,-156.15,2.148775475510204,3.08
21.8,-156.1,2.147142824489796,3.08
21.8,-156.05,2.1459183306122447,3.08
21.8,-156,2.144285675510204,3.08
21.8,-155.95,2.143469348979592,3.08
21.8,-155.9,2.144285673469388,3.08
21.8,-155.85,2.144489755102041,3.08
21.8,-155.8,2.1455101734693875,3.08
21.8,-155.75,2.1465305795918366,3.08
21.8,-155.7,2.1473469040816324,3.08
21.8,-155.65,2.148163232653061,3.08
21.8,-155.6,2.1477550714285716,3.08
21.8,-155.55,2.146326497959184,3.08
21.8,-155.5,2.1440816,3.08
21.8,-155.45,2.1424489489795917,3.08
21.8,-155.4,2.1389795591836736,3.07
21.8,-155.35,2.1371428265306123,3.07
21.8,-155.3,2.135306085714286,3.07
21.8,-155.25,2.1346938408163267,3.07
21.8,-155.2,2.1338775163265304,3.07
21.8,-155.15,2.133877518367347,3.07
21.8,-155.1,2.133877518367347,3.07
21.8,-155.05,2.1348979224489795,3.07
21.8,-155,2.1346938346938775,3.07
21.8,-154.95,2.1336734346938777,3.07
21.8,-154.9,2.1326530224489795,3.07
21.8,-154.85,2.132040781632653,3.07
21.8,-154.8,2.1316326204081633,3.07
21.8,-154.75,2.1314285367346937,3.07
21.8,-154.7,2.1326530265306123,3.07
21.8,-154.65,2.1324489469387755,3.08
21.8,-154.6,2.1328571081632655,3.08
21.8,-154.55,2.134285675510204,3.08
21.8,-154.5,2.134285669387755,3.07
21.8,-154.45,2.134081587755102,3.07
21.8,-154.4,2.13306117755102,3.07
21.8,-154.35,2.1326530163265307,3.07
21.8,-154.3,2.132653024489796,3.06
21.8,-154.25,2.133061185714286,3.06
21.8,-154.2,2.132653020408163,3.06
21.8,-154.15,2.1320407775510204,3.07
21.8,-154.1,2.1283673102040814,3.07
21.8,-154.05,2.1189795551020407,3.09
21.85,-160.95,2.1538775285714284,3.1899998
21.85,-160.9,2.3102040346938777,3.37
21.85,-160.85,2.3120407612244898,3.3899999
21.85,-160.8,2.3069387265306123,3.3799999
21.85,-160.75,2.3014285224489797,3.3799999
21.85,-160.7,2.29775506122449,3.37
21.85,-160.65,2.289591806122449,3.37
21.85,-160.6,2.2763264979591837,3.36
21.85,-160.55,2.2581632367346938,3.34
21.85,-160.5,2.230408132653061,3.32
21.85,-160.45,2.1955101836734694,3.29
21.85,-160.4,2.138163226530612,3.25
21.85,-160.35,2.029591793877551,3.1499999
21.85,-160.3,1.802857112244898,2.84
21.85,-160.25,1.3916326163265307,2.1699998
21.85,-160.15,1.1081632551020408,1.55
21.85,-160.1,1.4216326318367347,2.1
21.85,-160.05,1.8236734489795918,2.83
21.85,-160,1.8310203673469387,2.8799999
21.85,-159.95,1.8026530367346938,2.86
21.85,-159.9,1.740612212244898,2.74
21.85,-159.85,1.6712244612244898,2.5
21.85,-159.8,1.6142856897959184,2.25
21.85,-159.75,1.4940816163265307,2.02
21.85,-159.7,1.3973469040816326,1.9399999
21.85,-159.65,1.3093877428571428,1.76
21.85,-159.6,1.2193877285714285,1.5899999
21.85,-159.55,1.177959168367347,1.5699999
21.85,-159.5,1.1757142606122448,1.5699999
21.85,-159.45,1.2228571295918367,1.64
21.85,-159.4,1.4504081346938775,2.03
21.85,-159.35,1.778775493877551,2.6699998
21.85,-159.3,1.9710203836734694,3.05
21.85,-159.25,2.0271428183673468,3.1699998
21.85,-159.2,2.052653020408163,3.21
21.85,-159.15,2.0702040428571427,3.22
21.85,-159.1,2.0865305775510206,3.21
21.85,-159.05,2.1042856714285714,3.21
21.85,-159,2.1191836306122447,3.1899998
21.85,-158.95,2.134285667346939,3.1799998
21.85,-158.9,2.1493877102040817,3.1899998
21.85,-158.85,2.1630611836734692,3.1999998
21.85,-158.8,2.1753060918367346,3.21
21.85,-158.75,2.185918332653061,3.23
21.85,-158.7,2.193469344897959,3.24
21.85,-158.65,2.198775463265306,3.25
21.85,-158.6,2.2032652653061224,3.25
21.85,-158.55,2.2044897551020406,3.25
21.85,-158.5,2.205918324489796,3.24
21.85,-158.45,2.2051019959183673,3.23
21.85,-158.4,2.2028570918367345,3.22
21.85,-158.35,2.1985713775510205,3.21
21.85,-158.3,2.1912244408163266,3.1999998
21.85,-158.25,2.1816326142857143,3.1999998
21.85,-158.2,2.174285675510204,3.1999998
21.85,-158.15,2.166734642857143,3.1899998
21.85,-158.1,2.1624489285714286,3.1899998
21.85,-158.05,2.1583673020408165,3.1799998
21.85,-158,2.157755057142857,3.1799998
21.85,-157.95,2.1571428102040815,3.1799998
21.85,-157.9,2.156530567346939,3.1799998
21.85,-157.85,2.1571428163265307,3.1799998
21.85,-157.8,2.1599999591836734,3.1799998
21.85,-157.75,2.163061191836735,3.1799998
21.85,-157.7,2.165918336734694,3.1799998
21.85,-157.65,2.169387726530612,3.1799998
21.85,-157.6,2.173265273469388,3.1799998
21.85,-157.55,2.1787754775510204,3.1799998
21.85,-157.5,2.1836734306122447,3.1799998
21.85,-157.45,2.1871428204081633,3.1799998
21.85,-157.4,2.189591793877551,3.1799998
21.85,-157.35,2.1902040408163264,3.1699998
21.85,-157.3,2.189183630612245,3.1699998
21.85,-157.25,2.1873468959183673,3.1699998
21.85,-157.2,2.1848979163265305,3.1599998
21.85,-157.15,2.1828570979591837,3.1599998
21.85,-157.1,2.1808162857142857,3.1399999
21.85,-157.05,2.1781632326530613,3.12
21.85,-157,2.176122418367347,3.12
21.85,-156.95,2.1751020142857143,3.12
21.85,-156.9,2.174489769387755,3.1299999
21.85,-156.85,2.1712244591836733,3.1299999
21.85,-156.8,2.167959157142857,3.12
21.85,-156.75,2.166530585714286,3.12
21.85,-156.7,2.164897930612245,3.11
21.85,-156.65,2.16346936122449,3.11
21.85,-156.6,2.162448951020408,3.11
21.85,-156.55,2.1608163,3.11
21.85,-156.5,2.1599999734693878,3.11
21.85,-156.45,2.158775483673469,3.11
21.85,-156.4,2.1585714,3.11
21.85,-156.35,2.157550989795918,3.11
21.85,-156.3,2.1565305775510204,3.11
21.85,-156.25,2.1551019979591834,3.11
21.85,-156.2,2.1544897551020408,3.1
21.85,-156.15,2.1524489428571427,3.1
21.85,-156.1,2.151224455102041,3.09
21.85,-156.05,2.1502040408163263,3.09
21.85,-156,2.1483673020408163,3.08
21.85,-155.95,2.147346891836735,3.08
21.85,-155.9,2.147346893877551,3.08
21.85,-155.85,2.146734655102041,3.08
21.85,-155.8,2.1483673081632655,3.08
21.85,-155.75,2.1489795530612246,3.08
21.85,-155.7,2.1495917959183672,3.09
21.85,-155.65,2.149795879591837,3.09
21.85,-155.6,2.14999996122449,3.09
21.85,-155.55,2.1489795530612246,3.09
21.85,-155.5,2.1483673040816327,3.09
21.85,-155.45,2.1461224040816327,3.09
21.85,-155.4,2.143061179591837,3.08
21.85,-155.35,2.1391836346938775,3.08
21.85,-155.3,2.1379591448979594,3.08
21.85,-155.25,2.1373469,3.08
21.85,-155.2,2.135918326530612,3.08
21.85,-155.15,2.1357142530612245,3.08
21.85,-155.1,2.135102006122449,3.08
21.85,-155.05,2.1359183285714285,3.08
21.85,-155,2.1357142448979594,3.08
21.85,-154.95,2.1346938387755103,3.08
21.85,-154.9,2.1344897551020408,3.08
21.85,-154.85,2.1336734326530613,3.08
21.85,-154.8,2.1336734326530613,3.08
21.85,-154.75,2.1334693489795917,3.08
21.85,-154.7,2.1326530224489795,3.08
21.85,-154.65,2.1336734326530613,3.08
21.85,-154.6,2.1342856775510204,3.08
21.85,-154.55,2.135510167346939,3.08
21.85,-154.5,2.136122406122449,3.08
21.85,-154.45,2.134285669387755,3.08
21.85,-154.4,2.134081581632653,3.08
21.85,-154.35,2.133265257142857,3.07
21.85,-154.3,2.133061181632653,3.07
21.85,-154.25,2.1330611877551022,3.07
21.85,-154.2,2.1338775081632653,3.07
21.85,-154.15,2.1328571040816326,3.07
21.85,-154.1,2.129183630612245,3.08
21.85,-154.05,2.1214285346938775,3.1
21.9,-160.95,2.1518367081632652,3.1999998
21.9,-160.9,2.3122448448979593,3.3799999
21.9,-160.85,2.3144897408163265,3.3799999
21.9,-160.8,2.310204026530612,3.3799999
21.9,-160.75,2.3053060734693878,3.37
21.9,-160.7,2.299591795918367,3.37
21.9,-160.65,2.2914285224489794,3.36
21.9,-160.6,2.2777550632653063,3.35
21.9,-160.55,2.2595918040816327,3.34
21.9,-160.5,2.2353060897959183,3.32
21.9,-160.45,2.2042856836734694,3.3
21.9,-160.4,2.1620407795918366,3.28
21.9,-160.35,2.092040781632653,3.23
21.9,-160.3,1.9636734265306122,3.1
21.9,-160.25,1.628163244897959,2.6499999
21.9,-160.05,1.844285687755102,2.86
21.9,-160,1.8936734285714285,2.98
21.9,-159.95,1.8661224142857142,2.9199998
21.9,-159.9,1.7824489571428572,2.8
21.9,-159.85,1.6724489510204081,2.56
21.9,-159.8,1.5716326224489796,2.24
21.9,-159.75,1.3320407920408164,1.99
21.9,-159.7,1.113061202857143,1.7199999
21.9,-159.65,0.8046938691836735,1.3
21.9,-159.35,1.499795893877551,2.18
21.9,-159.3,1.9420407836734694,3
21.9,-159.25,2.0244897612244896,3.1899998
21.9,-159.2,2.055102002040816,3.23
21.9,-159.15,2.0769387428571426,3.24
21.9,-159.1,2.0971428265306122,3.24
21.9,-159.05,2.116938736734694,3.23
21.9,-159,2.1365305734693876,3.21
21.9,-158.95,2.1551019979591834,3.21
21.9,-158.9,2.1716326163265305,3.22
21.9,-158.85,2.185102,3.22
21.9,-158.8,2.195102,3.23
21.9,-158.75,2.2042856795918366,3.24
21.9,-158.7,2.2112244469387754,3.25
21.9,-158.65,2.215102008163265,3.26
21.9,-158.6,2.2171428285714283,3.26
21.9,-158.55,2.2175509836734695,3.26
21.9,-158.5,2.217959142857143,3.26
21.9,-158.45,2.217142806122449,3.25
21.9,-158.4,2.2155101510204083,3.23
21.9,-158.35,2.2112244408163266,3.22
21.9,-158.3,2.2038775040816327,3.21
21.9,-158.25,2.196530567346939,3.21
21.9,-158.2,2.1871428102040817,3.1999998
21.9,-158.15,2.1806122040816325,3.1899998
21.9,-158.1,2.1759183163265305,3.1899998
21.9,-158.05,2.1710203551020406,3.1899998
21.9,-158,2.167550975510204,3.1899998
21.9,-157.95,2.1648979102040817,3.1899998
21.9,-157.9,2.1634693428571428,3.1899998
21.9,-157.85,2.163877508163265,3.1899998
21.9,-157.8,2.1642856755102042,3.1899998
21.9,-157.75,2.1665305714285714,3.1799998
21.9,-157.7,2.1691836408163265,3.1799998
21.9,-157.65,2.1722448591836736,3.1799998
21.9,-157.6,2.1765305775510204,3.1799998
21.9,-157.55,2.180816291836735,3.1799998
21.9,-157.5,2.184897918367347,3.1799998
21.9,-157.45,2.188163224489796,3.1799998
21.9,-157.4,2.1906122020408163,3.1699998
21.9,-157.35,2.1910203591836734,3.1799998
21.9,-157.3,2.1893877102040817,3.1699998
21.9,-157.25,2.187959136734694,3.1699998
21.9,-157.2,2.1869387224489794,3.1699998
21.9,-157.15,2.1861224020408163,3.1599998
21.9,-157.1,2.1842856714285714,3.1499999
21.9,-157.05,2.1818366897959183,3.1399999
21.9,-157,2.1797958775510202,3.1399999
21.9,-156.95,2.1789795551020408,3.1399999
21.9,-156.9,2.1771428224489795,3.1499999
21.9,-156.85,2.1742856816326532,3.1399999
21.9,-156.8,2.171020381632653,3.1299999
21.9,-156.75,2.1689795653061226,3.1299999
21.9,-156.7,2.1671428367346937,3.12
21.9,-156.65,2.165918344897959,3.12
21.9,-156.6,2.1644897734693878,3.12
21.9,-156.55,2.1628571224489797,3.12
21.9,-156.5,2.163265281632653,3.12
21.9,-156.45,2.161836712244898,3.12
21.9,-156.4,2.1624489530612245,3.1299999
21.9,-156.35,2.160408130612245,3.1299999
21.9,-156.3,2.1597958836734694,3.1299999
21.9,-156.25,2.158163226530612,3.1299999
21.9,-156.2,2.1573468979591834,3.12
21.9,-156.15,2.1559183285714285,3.12
21.9,-156.1,2.155101997959184,3.12
21.9,-156.05,2.153265257142857,3.11
21.9,-156,2.1512244367346938,3.11
21.9,-155.95,2.150612193877551,3.1
21.9,-155.9,2.150408112244898,3.1
21.9,-155.85,2.1506121979591835,3.1
21.9,-155.8,2.151020363265306,3.09
21.9,-155.75,2.151428530612245,3.09
21.9,-155.7,2.1524489346938775,3.1
21.9,-155.65,2.1526530163265307,3.1
21.9,-155.6,2.152653012244898,3.1
21.9,-155.55,2.1520407693877552,3.09
21.9,-155.5,2.1514285224489798,3.09
21.9,-155.45,2.149183626530612,3.1
21.9,-155.4,2.1459183285714287,3.09
21.9,-155.35,2.1428571020408165,3.09
21.9,-155.3,2.1395918,3.09
21.9,-155.25,2.1381632326530613,3.08
21.9,-155.2,2.1373469,3.08
21.9,-155.15,2.136734657142857,3.08
21.9,-155.1,2.137550987755102,3.08
21.9,-155.05,2.1367346551020407,3.08
21.9,-155,2.136938736734694,3.08
21.9,-154.95,2.1369387285714287,3.08
21.9,-154.9,2.1357142408163265,3.08
21.9,-154.85,2.13530607755102,3.08
21.9,-154.8,2.135510163265306,3.08
21.9,-154.75,2.133877512244898,3.08
21.9,-154.7,2.1346938346938775,3.08
21.9,-154.65,2.1359183285714285,3.08
21.9,-154.6,2.1361224081632653,3.09
21.9,-154.55,2.136326491836735,3.09
21.9,-154.5,2.1359183224489797,3.09
21.9,-154.45,2.1361224,3.09
21.9,-154.4,2.1348979142857143,3.08
21.9,-154.35,2.134693836734694,3.08
21.9,-154.3,2.134489757142857,3.08
21.9,-154.25,2.13530607755102,3.08
21.9,-154.2,2.134489751020408,3.07
21.9,-154.15,2.133673426530612,3.08
21.9,-154.1,2.130816281632653,3.09
21.9,-154.05,2.122857106122449,3.1
21.95,-160.95,2.1483673224489794,3.21
21.95,-160.9,2.313469336734694,3.3799999
21.95,-160.85,2.315306067346939,3.3799999
21.95,-160.8,2.3104081102040817,3.37
21.95,-160.75,2.304081587755102,3.36
21.95,-160.7,2.2965305653061225,3.35
21.95,-160.65,2.2877550591836733,3.35
21.95,-160.6,2.2728571020408164,3.34
21.95,-160.55,2.254897920408163,3.33
21.95,-160.5,2.2328571,3.32
21.95,-160.45,2.206938742857143,3.31
21.95,-160.4,2.17551017755102,3.29
21.95,-160.35,2.137142820408163,3.27
21.95,-160.3,2.0881632408163266,3.23
21.95,-160.25,1.957755075510204,3.1
21.95,-160.2,1.724489769387755,2.81
21.95,-160.15,1.2738775308163266,2.1499999
21.95,-160.05,1.935510181632653,3
21.95,-160,1.9883673,3.09
21.95,-159.95,1.9579591489795918,3.03
21.95,-159.9,1.8477550632653061,2.86
21.95,-159.85,1.6912244673469388,2.6
21.95,-159.8,1.5297958910204081,2.29
21.95,-159.75,1.0455101887755103,1.7099999
21.95,-159.7,0.6899999912244897,1.18
21.95,-159.3,1.8636734387755103,2.87
21.95,-159.25,2.01938772244898,3.1999998
21.95,-159.2,2.0585713897959184,3.25
21.95,-159.15,2.0879591428571427,3.26
21.95,-159.1,2.113061187755102,3.25
21.95,-159.05,2.1383673020408165,3.24
21.95,-159,2.1597958795918366,3.23
21.95,-158.95,2.1789795591836736,3.24
21.95,-158.9,2.194285667346939,3.25
21.95,-158.85,2.205918320408163,3.25
21.95,-158.8,2.215102006122449,3.25
21.95,-158.75,2.221020375510204,3.25
21.95,-158.7,2.2263265,3.26
21.95,-158.65,2.2275509897959185,3.26
21.95,-158.6,2.2285713918367347,3.27
21.95,-158.55,2.2277550612244896,3.27
21.95,-158.5,2.227142814285714,3.27
21.95,-158.45,2.2263264857142855,3.26
21.95,-158.4,2.2240815836734695,3.25
21.95,-158.35,2.218979548979592,3.24
21.95,-158.3,2.2124489346938776,3.23
21.95,-158.25,2.2051019959183673,3.21
21.95,-158.2,2.196938732653061,3.1999998
21.95,-158.15,2.190408124489796,3.1999998
21.95,-158.1,2.1846938346938773,3.1899998
21.95,-158.05,2.1797958775510202,3.1899998
21.95,-158,2.174897908163265,3.1999998
21.95,-157.95,2.171428526530612,3.1999998
21.95,-157.9,2.169183630612245,3.1999998
21.95,-157.85,2.168979557142857,3.21
21.95,-157.8,2.168571397959184,3.21
21.95,-157.75,2.168979555102041,3.1999998
21.95,-157.7,2.1724489408163263,3.1899998
21.95,-157.65,2.1759183244897957,3.1799998
21.95,-157.6,2.178367312244898,3.1799998
21.95,-157.55,2.1818367020408163,3.1699998
21.95,-157.5,2.185714251020408,3.1699998
21.95,-157.45,2.1883673102040815,3.1699998
21.95,-157.4,2.1908162836734695,3.1699998
21.95,-157.35,2.1916326040816325,3.1699998
21.95,-157.3,2.190204030612245,3.1699998
21.95,-157.25,2.1893877040816325,3.1699998
21.95,-157.2,2.1879591387755104,3.1699998
21.95,-157.15,2.1875509714285712,3.1699998
21.95,-157.1,2.18693872244898,3.1699998
21.95,-157.05,2.1861223959183675,3.1599998
21.95,-157,2.183061175510204,3.1599998
21.95,-156.95,2.181224444897959,3.1599998
21.95,-156.9,2.1779591408163266,3.1599998
21.95,-156.85,2.1757142469387754,3.1499999
21.95,-156.8,2.173877514285714,3.1399999
21.95,-156.75,2.1720407857142856,3.1299999
21.95,-156.7,2.170204051020408,3.1299999
21.95,-156.65,2.1673469142857145,3.1299999
21.95,-156.6,2.1663265081632654,3.1299999
21.95,-156.55,2.165714263265306,3.1299999
21.95,-156.5,2.1653061,3.1299999
21.95,-156.45,2.1642856918367346,3.1299999
21.95,-156.4,2.163877524489796,3.1299999
21.95,-156.35,2.1624489530612245,3.1399999
21.95,-156.3,2.1624489489795917,3.1399999
21.95,-156.25,2.1614285408163263,3.1399999
21.95,-156.2,2.1595917979591834,3.1399999
21.95,-156.15,2.158163226530612,3.1299999
21.95,-156.1,2.1571428040816327,3.1299999
21.95,-156.05,2.156122393877551,3.1299999
21.95,-156,2.1551019836734695,3.1299999
21.95,-155.95,2.1546938224489796,3.12
21.95,-155.9,2.153673418367347,3.12
21.95,-155.85,2.1546938224489796,3.12
21.95,-155.8,2.1542856653061224,3.11
21.95,-155.75,2.1542856591836737,3.11
21.95,-155.7,2.154489742857143,3.11
21.95,-155.65,2.155510148979592,3.11
21.95,-155.6,2.155306069387755,3.1
21.95,-155.55,2.154897906122449,3.1
21.95,-155.5,2.1538774979591837,3.1
21.95,-155.45,2.1514285244897957,3.11
21.95,-155.4,2.147550983673469,3.1
21.95,-155.35,2.145510163265306,3.1
21.95,-155.3,2.14244893877551,3.1
21.95,-155.25,2.140816283673469,3.09
21.95,-155.2,2.1387754734693876,3.09
21.95,-155.15,2.137755069387755,3.09
21.95,-155.1,2.1377550653061226,3.09
21.95,-155.05,2.1383673020408165,3.09
21.95,-155,2.1377550591836734,3.09
21.95,-154.95,2.13755097755102,3.09
21.95,-154.9,2.137346893877551,3.09
21.95,-154.85,2.135918324489796,3.09
21.95,-154.8,2.135510163265306,3.09
21.95,-154.75,2.1357142469387753,3.09
21.95,-154.7,2.136530569387755,3.09
21.95,-154.65,2.1369387387755103,3.09
21.95,-154.6,2.1375509795918366,3.09
21.95,-154.55,2.137550981632653,3.09
21.95,-154.5,2.137142818367347,3.09
21.95,-154.45,2.1367346469387756,3.09
21.95,-154.4,2.1357142448979594,3.09
21.95,-154.35,2.1365305653061224,3.09
21.95,-154.3,2.135306069387755,3.09
21.95,-154.25,2.1361224,3.08
21.95,-154.2,2.134693832653061,3.08
21.95,-154.15,2.1344897530612243,3.08
21.95,-154.1,2.1316326081632653,3.09
21.95,-154.05,2.125102006122449,3.11
22,-160.95,2.1465305836734694,3.21
22,-160.9,2.3120407714285713,3.37
22,-160.85,2.3124489408163265,3.37
22,-160.8,2.306326495918367,3.35
22,-160.75,2.2987754714285713,3.34
22,-160.7,2.290816287755102,3.34
22,-160.65,2.280204036734694,3.33
22,-160.6,2.2657142489795916,3.33
22,-160.55,2.2483673102040815,3.32
22,-160.5,2.227142814285714,3.31
22,-160.45,2.2075509836734692,3.3
22,-160.4,2.187346912244898,3.29
22,-160.35,2.165306091836735,3.28
22,-160.3,2.139387720408163,3.26
22,-160.25,2.096122420408163,3.23
22,-160.2,2.007550987755102,3.1399999
22,-160.15,1.8714285387755103,3.04
22,-160.1,0.35836734440816326,0.69
22,-160.05,2.126122393877551,3.1999998
22,-160,2.093265269387755,3.1799998
22,-159.95,2.046938742857143,3.1299999
22,-159.9,1.923265269387755,2.96
22,-159.85,1.7212244571428572,2.6699998
22,-159.8,1.4389795751020409,2.32
22,-159.3,1.7608162816326531,2.71
22,-159.25,2.014081608163265,3.21
22,-159.2,2.065714244897959,3.26
22,-159.15,2.102040781632653,3.26
22,-159.1,2.136938720408163,3.26
22,-159.05,2.1659183265306123,3.25
22,-159,2.1887754795918366,3.25
22,-158.95,2.2053060775510205,3.27
22,-158.9,2.2167346591836736,3.27
22,-158.85,2.225714257142857,3.27
22,-158.8,2.2302040469387756,3.27
22,-158.75,2.2340815979591837,3.26
22,-158.7,2.2369387346938776,3.26
22,-158.65,2.2367346591836736,3.27
22,-158.6,2.2348979265306124,3.27
22,-158.55,2.2334693530612246,3.27
22,-158.5,2.2336734346938774,3.28
22,-158.45,2.2320407857142857,3.27
22,-158.4,2.2285713897959183,3.26
22,-158.35,2.2240815918367347,3.25
22,-158.3,2.218367306122449,3.24
22,-158.25,2.2110203591836735,3.23
22,-158.2,2.202857102040816,3.21
22,-158.15,2.196530563265306,3.1999998
22,-158.1,2.1902040285714284,3.1999998
22,-158.05,2.1846938285714286,3.1999998
22,-158,2.1793877163265307,3.1999998
22,-157.95,2.175510163265306,3.1999998
22,-157.9,2.1738775163265305,3.21
22,-157.85,2.1728571142857143,3.22
22,-157.8,2.1720407816326532,3.22
22,-157.75,2.173265269387755,3.22
22,-157.7,2.1755101653061226,3.21
22,-157.65,2.1775509775510202,3.1999998
22,-157.6,2.17999996122449,3.1899998
22,-157.55,2.1818366979591834,3.1799998
22,-157.5,2.1859183306122447,3.1799998
22,-157.45,2.188775465306122,3.1699998
22,-157.4,2.19102036122449,3.1699998
22,-157.35,2.192857093877551,3.1699998
22,-157.3,2.1924489265306124,3.1799998
22,-157.25,2.1906121979591835,3.1799998
22,-157.2,2.1904081224489795,3.1799998
22,-157.15,2.1897958734693876,3.1799998
22,-157.1,2.189387706122449,3.1799998
22,-157.05,2.187959136734694,3.1699998
22,-157,2.186530565306122,3.1699998
22,-156.95,2.1828570959183673,3.1699998
22,-156.9,2.1810203653061224,3.1599998
22,-156.85,2.177959144897959,3.1499999
22,-156.8,2.175510173469388,3.1499999
22,-156.75,2.1740816020408165,3.1399999
22,-156.7,2.1726530306122447,3.1399999
22,-156.65,2.1708162959183674,3.1399999
22,-156.6,2.1691836448979593,3.1399999
22,-156.55,2.1685714,3.1399999
22,-156.5,2.167959151020408,3.1399999
22,-156.45,2.1673469102040817,3.1399999
22,-156.4,2.1659183408163267,3.1399999
22,-156.35,2.1663265020408162,3.1399999
22,-156.3,2.1648979326530613,3.1399999
22,-156.25,2.1634693591836736,3.1399999
22,-156.2,2.162857112244898,3.1399999
22,-156.15,2.1614285346938775,3.1399999
22,-156.1,2.160204042857143,3.1399999
22,-156.05,2.158979544897959,3.1399999
22,-156,2.157346887755102,3.1399999
22,-155.95,2.156326479591837,3.1299999
22,-155.9,2.1571428142857143,3.1299999
22,-155.85,2.1563264836734692,3.1299999
22,-155.8,2.1571428102040815,3.1299999
22,-155.75,2.15673463877551,3.1299999
22,-155.7,2.1563264775510205,3.12
22,-155.65,2.1567346408163264,3.12
22,-155.6,2.1583672959183673,3.12
22,-155.55,2.157550973469388,3.12
22,-155.5,2.1563264836734692,3.12
22,-155.45,2.154081587755102,3.11
22,-155.4,2.1506121979591835,3.11
22,-155.35,2.147755057142857,3.11
22,-155.3,2.146122408163265,3.11
22,-155.25,2.1424489408163265,3.11
22,-155.2,2.141428532653061,3.1
22,-155.15,2.139591797959184,3.1
22,-155.1,2.1393877142857143,3.1
22,-155.05,2.1391836265306123,3.1
22,-155,2.1385713857142856,3.1
22,-154.95,2.1387754653061224,3.1
22,-154.9,2.1379591367346937,3.1
22,-154.85,2.137142818367347,3.1
22,-154.8,2.138163224489796,3.1
22,-154.75,2.136938732653061,3.09
22,-154.7,2.137550973469388,3.09
22,-154.65,2.138163218367347,3.09
22,-154.6,2.138571387755102,3.1
22,-154.55,2.138775475510204,3.1
22,-154.5,2.1389795591836736,3.1
22,-154.45,2.1389795469387756,3.1
22,-154.4,2.1385713857142856,3.1
22,-154.35,2.137755055102041,3.1
22,-154.3,2.137550969387755,3.09
22,-154.25,2.1357142367346937,3.09
22,-154.2,2.1359183204081633,3.09
22,-154.15,2.134693824489796,3.09
22,-154.1,2.1330611755102042,3.1
22,-154.05,2.1259183346938775,3.12
22.05,-160.95,2.1616326265306123,3.23
22.05,-160.9,2.3081632285714284,3.35
22.05,-160.85,2.307346897959184,3.35
22.05,-160.8,2.2995917979591836,3.34
22.05,-160.75,2.2924489408163264,3.33
22.05,-160.7,2.2844897632653063,3.32
22.05,-160.65,2.2730611857142855,3.32
22.05,-160.6,2.257959148979592,3.31
22.05,-160.55,2.2406122081632653,3.3
22.05,-160.5,2.223469357142857,3.3
22.05,-160.45,2.209795881632653,3.29
22.05,-160.4,2.197142824489796,3.29
22.05,-160.35,2.184285689795918,3.28
22.05,-160.3,2.1699999775510204,3.27
22.05,-160.25,2.151224455102041,3.26
22.05,-160.2,2.1291836285714285,3.26
22.05,-160.15,2.143061191836735,3.29
22.05,-160.1,2.225918336734694,3.4199998
22.05,-160.05,2.197346893877551,3.24
22.05,-160,2.1693877224489797,3.24
22.05,-159.95,2.115714251020408,3.1999998
22.05,-159.9,2.0112244693877552,3.11
22.05,-159.85,1.7877550673469387,2.81
22.05,-159.8,1.4316326330612246,2.34
22.05,-159.3,1.6099999632653061,2.4099998
22.05,-159.25,2.021836706122449,3.25
22.05,-159.2,2.0775509857142858,3.27
22.05,-159.15,2.1289795448979594,3.27
22.05,-159.1,2.1702040428571427,3.27
22.05,-159.05,2.1989795530612244,3.26
22.05,-159,2.216530579591837,3.27
22.05,-158.95,2.228367308163265,3.29
22.05,-158.9,2.236122414285714,3.29
22.05,-158.85,2.2406122081632653,3.29
22.05,-158.8,2.243469351020408,3.29
22.05,-158.75,2.2436734285714284,3.28
22.05,-158.7,2.243673432653061,3.27
22.05,-158.65,2.241428532653061,3.27
22.05,-158.6,2.238979551020408,3.27
22.05,-158.55,2.2373469020408163,3.28
22.05,-158.5,2.2363264897959185,3.28
22.05,-158.45,2.2348979142857144,3.28
22.05,-158.4,2.232244855102041,3.27
22.05,-158.35,2.2281632224489796,3.27
22.05,-158.3,2.2226530163265306,3.26
22.05,-158.25,2.2159183163265306,3.24
22.05,-158.2,2.2083673,3.23
22.05,-158.15,2.201224436734694,3.21
22.05,-158.1,2.1948979102040815,3.21
22.05,-158.05,2.1883672979591835,3.1999998
22.05,-158,2.1828571,3.1999998
22.05,-157.95,2.179795887755102,3.21
22.05,-157.9,2.1775509836734694,3.21
22.05,-157.85,2.176530575510204,3.22
22.05,-157.8,2.176326491836735,3.23
22.05,-157.75,2.1771428142857143,3.23
22.05,-157.7,2.179591793877551,3.23
22.05,-157.65,2.1804081244897957,3.22
22.05,-157.6,2.1818366979591834,3.21
22.05,-157.55,2.1836734285714288,3.1999998
22.05,-157.5,2.1851019959183673,3.1899998
22.05,-157.45,2.1887754632653063,3.1799998
22.05,-157.4,2.1912244408163266,3.1799998
22.05,-157.35,2.1932652510204083,3.1799998
22.05,-157.3,2.1938774959183673,3.1799998
22.05,-157.25,2.1924489265306124,3.1799998
22.05,-157.2,2.191632602040816,3.1899998
22.05,-157.15,2.1910203591836734,3.1899998
22.05,-157.1,2.190204036734694,3.1899998
22.05,-157.05,2.189591793877551,3.1899998
22.05,-157,2.1873468979591837,3.1799998
22.05,-156.95,2.1851020020408165,3.1799998
22.05,-156.9,2.1826530224489797,3.1699998
22.05,-156.85,2.1799999714285714,3.1699998
22.05,-156.8,2.1777550673469386,3.1599998
22.05,-156.75,2.1761224163265305,3.1599998
22.05,-156.7,2.1746938387755104,3.1499999
22.05,-156.65,2.1738775102040817,3.1499999
22.05,-156.6,2.1726530224489795,3.1399999
22.05,-156.55,2.1718366979591837,3.1399999
22.05,-156.5,2.1706122102040815,3.1399999
22.05,-156.45,2.1697958857142856,3.1399999
22.05,-156.4,2.1687754795918366,3.1399999
22.05,-156.35,2.1691836408163265,3.1499999
22.05,-156.3,2.1669387489795917,3.1499999
22.05,-156.25,2.165918336734694,3.1499999
22.05,-156.2,2.1646938469387753,3.1499999
22.05,-156.15,2.1636734346938775,3.1499999
22.05,-156.1,2.1620407795918366,3.1499999
22.05,-156.05,2.160612206122449,3.1499999
22.05,-156,2.1591836306122447,3.1499999
22.05,-155.95,2.1589795469387756,3.1399999
22.05,-155.9,2.1589795469387756,3.1399999
22.05,-155.85,2.158571393877551,3.1399999
22.05,-155.8,2.158571387755102,3.1399999
22.05,-155.75,2.1577550591836734,3.1399999
22.05,-155.7,2.159387712244898,3.1399999
22.05,-155.65,2.158775467346939,3.1399999
22.05,-155.6,2.1591836346938775,3.1299999
22.05,-155.55,2.159183632653061,3.1299999
22.05,-155.5,2.157346897959184,3.1299999
22.05,-155.45,2.1555101653061226,3.1299999
22.05,-155.4,2.1524489408163263,3.12
22.05,-155.35,2.1499999591836736,3.12
22.05,-155.3,2.1473468979591837,3.12
22.05,-155.25,2.1453060857142856,3.12
22.05,-155.2,2.1420407795918366,3.11
22.05,-155.15,2.141020367346939,3.11
22.05,-155.1,2.139999955102041,3.11
22.05,-155.05,2.1406122020408165,3.11
22.05,-155,2.139999957142857,3.11
22.05,-154.95,2.1389795510204084,3.1
22.05,-154.9,2.1391836306122447,3.1
22.05,-154.85,2.1383673040816324,3.1
22.05,-154.8,2.1387754612244896,3.1
22.05,-154.75,2.1389795408163264,3.1
22.05,-154.7,2.1391836224489795,3.1
22.05,-154.65,2.1391836265306123,3.1
22.05,-154.6,2.1397958795918366,3.1
22.05,-154.55,2.1406122102040817,3.1
22.05,-154.5,2.1408162857142856,3.11
22.05,-154.45,2.1408162775510204,3.11
22.05,-154.4,2.1410203591836736,3.11
22.05,-154.35,2.1399999469387754,3.1
22.05,-154.3,2.138367293877551,3.1
22.05,-154.25,2.137142793877551,3.1
22.05,-154.2,2.136122387755102,3.1
22.05,-154.15,2.135714230612245,3.1
22.05,-154.1,2.1346938224489795,3.11
22.05,-154.05,2.128367306122449,3.1299999
22.1,-160.95,2.1761224224489797,3.24
22.1,-160.9,2.302040775510204,3.34
22.1,-160.85,2.300612206122449,3.34
22.1,-160.8,2.2924489489795916,3.33
22.1,-160.75,2.285102006122449,3.32
22.1,-160.7,2.276938742857143,3.32
22.1,-160.65,2.266734657142857,3.31
22.1,-160.6,2.252653032653061,3.31
22.1,-160.55,2.236734667346939,3.3
22.1,-160.5,2.2248979326530613,3.3
22.1,-160.45,2.2142856775510205,3.29
22.1,-160.4,2.2081632265306124,3.29
22.1,-160.35,2.2012244591836736,3.29
22.1,-160.3,2.193061187755102,3.28
22.1,-160.25,2.1840816040816327,3.27
22.1,-160.2,2.1802040448979594,3.28
22.1,-160.15,2.192244867346939,3.29
22.1,-160.1,2.20918363877551,3.29
22.1,-160.05,2.2142856836734692,3.29
22.1,-160,2.1981632224489793,3.26
22.1,-159.95,2.1626530224489797,3.24
22.1,-159.9,2.092857114285714,3.1999998
22.1,-159.85,1.929387724489796,3.02
22.1,-159.8,1.6020408010204081,2.61
22.1,-159.3,0.5467346863265307,0.71
22.1,-159.25,2.0514285408163264,3.29
22.1,-159.2,2.109387714285714,3.28
22.1,-159.15,2.170408132653061,3.28
22.1,-159.1,2.20673466122449,3.28
22.1,-159.05,2.227755063265306,3.27
22.1,-159,2.24020403877551,3.29
22.1,-158.95,2.24673466122449,3.3
22.1,-158.9,2.2495918020408165,3.3
22.1,-158.85,2.250204048979592,3.3
22.1,-158.8,2.25020403877551,3.3
22.1,-158.75,2.2487754653061223,3.29
22.1,-158.7,2.2463264857142855,3.28
22.1,-158.65,2.2440815897959183,3.28
22.1,-158.6,2.242857102040816,3.28
22.1,-158.55,2.2410203653061225,3.28
22.1,-158.5,2.2385713836734693,3.28
22.1,-158.45,2.2375509714285715,3.28
22.1,-158.4,2.2348979102040816,3.28
22.1,-158.35,2.232653012244898,3.28
22.1,-158.3,2.2261224,3.27
22.1,-158.25,2.2187754530612245,3.26
22.1,-158.2,2.2116325979591838,3.24
22.1,-158.15,2.2051019857142857,3.23
22.1,-158.1,2.1977550510204082,3.22
22.1,-158.05,2.191632612244898,3.21
22.1,-158,2.1879591469387756,3.21
22.1,-157.95,2.1826530285714285,3.21
22.1,-157.9,2.1816326224489795,3.21
22.1,-157.85,2.181020371428571,3.22
22.1,-157.8,2.1795917979591835,3.23
22.1,-157.75,2.1806122040816325,3.23
22.1,-157.7,2.181836693877551,3.24
22.1,-157.65,2.1816326163265307,3.23
22.1,-157.6,2.182653024489796,3.22
22.1,-157.55,2.1846938367346938,3.21
22.1,-157.5,2.1873468918367345,3.1999998
22.1,-157.45,2.1897958714285712,3.1899998
22.1,-157.4,2.1922448448979592,3.1899998
22.1,-157.35,2.195714224489796,3.1899998
22.1,-157.3,2.1953060632653063,3.1899998
22.1,-157.25,2.1936734040816326,3.1899998
22.1,-157.2,2.1928570775510203,3.1899998
22.1,-157.15,2.19224483877551,3.1899998
22.1,-157.1,2.1908162714285715,3.1899998
22.1,-157.05,2.1897958653061225,3.1899998
22.1,-157,2.188571375510204,3.1899998
22.1,-156.95,2.1873468857142857,3.1899998
22.1,-156.9,2.184081585714286,3.1799998
22.1,-156.85,2.181836693877551,3.1799998
22.1,-156.8,2.1795917979591835,3.1699998
22.1,-156.75,2.178367314285714,3.1699998
22.1,-156.7,2.177142824489796,3.1599998
22.1,-156.65,2.1763264897959185,3.1599998
22.1,-156.6,2.175714244897959,3.1499999
22.1,-156.55,2.1742856734693876,3.1499999
22.1,-156.5,2.1734693489795918,3.1499999
22.1,-156.45,2.1724489428571427,3.1499999
22.1,-156.4,2.1718367,3.1499999
22.1,-156.35,2.1699999612244896,3.1499999
22.1,-156.3,2.169387718367347,3.1499999
22.1,-156.25,2.1681632285714287,3.1499999
22.1,-156.2,2.16653057755102,3.1499999
22.1,-156.15,2.1651020102040817,3.1499999
22.1,-156.1,2.1640816,3.1499999
22.1,-156.05,2.1628571081632653,3.1499999
22.1,-156,2.16204077755102,3.1499999
22.1,-155.95,2.160816287755102,3.1499999
22.1,-155.9,2.1606122040816325,3.1499999
22.1,-155.85,2.158775475510204,3.1399999
22.1,-155.8,2.158571391836735,3.1399999
22.1,-155.75,2.1589795530612244,3.1399999
22.1,-155.7,2.1602040408163266,3.1399999
22.1,-155.65,2.1599999591836734,3.1399999
22.1,-155.6,2.159795873469388,3.1399999
22.1,-155.55,2.16020403877551,3.1399999
22.1,-155.5,2.158775467346939,3.1399999
22.1,-155.45,2.1581632244897957,3.1399999
22.1,-155.4,2.154897918367347,3.1299999
22.1,-155.35,2.1522448530612244,3.1299999
22.1,-155.3,2.149387712244898,3.1299999
22.1,-155.25,2.1467346489795918,3.1299999
22.1,-155.2,2.145306079591837,3.1299999
22.1,-155.15,2.1426530163265305,3.12
22.1,-155.1,2.143061179591837,3.12
22.1,-155.05,2.142244857142857,3.12
22.1,-155,2.141020367346939,3.12
22.1,-154.95,2.1404081204081633,3.11
22.1,-154.9,2.1395917959183675,3.11
22.1,-154.85,2.139591793877551,3.11
22.1,-154.8,2.1399999591836734,3.11
22.1,-154.75,2.140204042857143,3.11
22.1,-154.7,2.1404081163265305,3.11
22.1,-154.65,2.141632606122449,3.11
22.1,-154.6,2.1424489326530614,3.11
22.1,-154.55,2.1436734285714287,3.11
22.1,-154.5,2.1434693408163263,3.11
22.1,-154.45,2.1438774959183675,3.11
22.1,-154.4,2.1434693387755104,3.11
22.1,-154.35,2.142244844897959,3.11
22.1,-154.3,2.1406121897959185,3.11
22.1,-154.25,2.1383672857142857,3.11
22.1,-154.2,2.1367346265306124,3.1
22.1,-154.15,2.1369387183673467,3.11
22.1,-154.1,2.1344897428571428,3.11
22.1,-154.05,2.1302040346938775,3.1299999
22.15,-160.95,2.191632626530612,3.26
22.15,-160.9,2.295714257142857,3.33
22.15,-160.85,2.292857112244898,3.33
22.15,-160.8,2.28591833877551,3.32
22.15,-160.75,2.2781632408163266,3.32
22.15,-160.7,2.269795893877551,3.31
22.15,-160.65,2.2610203836734692,3.31
22.15,-160.6,2.2493877346938773,3.3
22.15,-160.55,2.2377550673469386,3.3
22.15,-160.5,2.2295918,3.29
22.15,-160.45,2.224285681632653,3.29
22.15,-160.4,2.221632620408163,3.29
22.15,-160.35,2.2191836387755104,3.29
22.15,-160.3,2.2181632367346937,3.28
22.15,-160.25,2.2175509836734695,3.29
22.15,-160.2,2.2191836387755104,3.3
22.15,-160.15,2.2259183346938776,3.31
22.15,-160.1,2.2267346632653062,3.31
22.15,-160.05,2.2244897632653062,3.3
22.15,-160,2.2124489408163264,3.29
22.15,-159.95,2.192040781632653,3.27
22.15,-159.9,2.1518366897959185,3.25
22.15,-159.85,2.0740816,3.1899998
22.15,-159.8,1.9277550653061224,3.03
22.15,-159.75,1.5073469181632653,2.51
22.15,-159.25,2.059999969387755,3.26
22.15,-159.2,2.172040779591837,3.3
22.15,-159.15,2.2142856816326533,3.3
22.15,-159.1,2.236122406122449,3.29
22.15,-159.05,2.248775475510204,3.28
22.15,-159,2.254285675510204,3.29
22.15,-158.95,2.257755057142857,3.3
22.15,-158.9,2.2565305714285713,3.3
22.15,-158.85,2.2555101653061222,3.31
22.15,-158.8,2.253673426530612,3.3
22.15,-158.75,2.2520407734693877,3.3
22.15,-158.7,2.249591787755102,3.3
22.15,-158.65,2.247346893877551,3.29
22.15,-158.6,2.244285669387755,3.29
22.15,-158.55,2.2424489285714286,3.29
22.15,-158.5,2.2404081081632654,3.29
22.15,-158.45,2.2391836163265304,3.28
22.15,-158.4,2.236734636734694,3.28
22.15,-158.35,2.2338774959183674,3.28
22.15,-158.3,2.2285713775510203,3.28
22.15,-158.25,2.2224489204081634,3.27
22.15,-158.2,2.214081569387755,3.26
22.15,-158.15,2.2071427959183674,3.24
22.15,-158.1,2.2006121918367345,3.23
22.15,-158.05,2.1953060755102043,3.22
22.15,-158,2.1910203673469386,3.22
22.15,-157.95,2.1881632285714288,3.21
22.15,-157.9,2.18653057755102,3.22
22.15,-157.85,2.1848979285714285,3.22
22.15,-157.8,2.1830611897959185,3.23
22.15,-157.75,2.1826530285714285,3.23
22.15,-157.7,2.1842856795918366,3.24
22.15,-157.65,2.184489763265306,3.24
22.15,-157.6,2.1848979163265305,3.23
22.15,-157.55,2.186938730612245,3.22
22.15,-157.5,2.1889795469387754,3.21
22.15,-157.45,2.1920407734693876,3.21
22.15,-157.4,2.193469336734694,3.1999998
22.15,-157.35,2.195714232653061,3.1999998
22.15,-157.3,2.1967346326530612,3.1999998
22.15,-157.25,2.1959183081632654,3.1999998
22.15,-157.2,2.1944897346938776,3.1999998
22.15,-157.15,2.1928570836734695,3.1999998
22.15,-157.1,2.191224432653061,3.1999998
22.15,-157.05,2.191632593877551,3.1999998
22.15,-157,2.1893876979591838,3.1899998
22.15,-156.95,2.188163212244898,3.1899998
22.15,-156.9,2.1861224020408163,3.1899998
22.15,-156.85,2.1840815897959183,3.1899998
22.15,-156.8,2.1814285306122447,3.1799998
22.15,-156.75,2.1810203693877552,3.1799998
22.15,-156.7,2.1797958795918366,3.1699998
22.15,-156.65,2.1791836346938775,3.1699998
22.15,-156.6,2.1781632326530613,3.1599998
22.15,-156.55,2.1773469,3.1599998
22.15,-156.5,2.1753060775510202,3.1599998
22.15,-156.45,2.1746938387755104,3.1499999
22.15,-156.4,2.173061187755102,3.1499999
22.15,-156.35,2.1712244530612246,3.1499999
22.15,-156.3,2.170816293877551,3.1599998
22.15,-156.25,2.16918363877551,3.1599998
22.15,-156.2,2.1687754795918366,3.1599998
22.15,-156.15,2.166938742857143,3.1599998
22.15,-156.1,2.1655101734693876,3.1599998
22.15,-156.05,2.1648979224489797,3.1599998
22.15,-156,2.163673436734694,3.1499999
22.15,-155.95,2.1624489448979594,3.1499999
22.15,-155.9,2.1618367,3.1499999
22.15,-155.85,2.1606122040816325,3.1499999
22.15,-155.8,2.1597958836734694,3.1499999
22.15,-155.75,2.1597958795918366,3.1499999
22.15,-155.7,2.1593877102040815,3.1599998
22.15,-155.65,2.159999955102041,3.1599998
22.15,-155.6,2.1606122040816325,3.1599998
22.15,-155.55,2.159999951020408,3.1599998
22.15,-155.5,2.1602040346938773,3.1599998
22.15,-155.45,2.157755055102041,3.1499999
22.15,-155.4,2.1561224020408165,3.1499999
22.15,-155.35,2.153877502040816,3.1499999
22.15,-155.3,2.1514285244897957,3.1499999
22.15,-155.25,2.1487754653061226,3.1399999
22.15,-155.2,2.146938730612245,3.1399999
22.15,-155.15,2.145101991836735,3.1399999
22.15,-155.1,2.1442856632653062,3.1299999
22.15,-155.05,2.143061175510204,3.1299999
22.15,-155,2.1426530163265305,3.1299999
22.15,-154.95,2.141224448979592,3.12
22.15,-154.9,2.1406122081632653,3.12
22.15,-154.85,2.141020369387755,3.12
22.15,-154.8,2.1414285346938775,3.12
22.15,-154.75,2.141836693877551,3.1299999
22.15,-154.7,2.1418366918367346,3.1299999
22.15,-154.65,2.1426530163265305,3.12
22.15,-154.6,2.143673424489796,3.12
22.15,-154.55,2.144897914285714,3.12
22.15,-154.5,2.1457142408163263,3.12
22.15,-154.45,2.145714236734694,3.12
22.15,-154.4,2.145101991836735,3.12
22.15,-154.35,2.144489744897959,3.12
22.15,-154.3,2.142857091836735,3.11
22.15,-154.25,2.1402040285714286,3.11
22.15,-154.2,2.1395917714285715,3.11
22.15,-154.15,2.137142793877551,3.11
22.15,-154.1,2.135714230612245,3.12
22.15,-154.05,2.1318366836734692,3.1399999
22.2,-160.95,2.207142830612245,3.27
22.2,-160.9,2.2916326285714286,3.33
22.2,-160.85,2.2867346714285715,3.32
22.2,-160.8,2.2799999755102043,3.32
22.2,-160.75,2.272448955102041,3.31
22.2,-160.7,2.265102014285714,3.31
22.2,-160.65,2.2575509918367347,3.3
22.2,-160.6,2.2491836489795918,3.3
22.2,-160.55,2.2416326163265308,3.29
22.2,-160.5,2.2373469,3.29
22.2,-160.45,2.2351020020408163,3.29
22.2,-160.4,2.235714248979592,3.29
22.2,-160.35,2.2389795530612244,3.29
22.2,-160.3,2.2426530244897958,3.28
22.2,-160.25,2.244285681632653,3.29
22.2,-160.2,2.2426530244897958,3.3
22.2,-160.15,2.2399999673469386,3.31
22.2,-160.1,2.2351020020408163,3.31
22.2,-160.05,2.226530573469388,3.3
22.2,-160,2.216734655102041,3.29
22.2,-159.95,2.2038775102040815,3.28
22.2,-159.9,2.1844897653061226,3.27
22.2,-159.85,2.153061187755102,3.26
22.2,-159.8,2.0948979346938774,3.22
22.2,-159.75,1.992857106122449,3.1399999
22.2,-159.7,1.850612212244898,2.98
22.2,-159.65,1.5053060993877552,2.49
22.2,-159.3,1.9524489469387756,3.1599998
22.2,-159.25,2.169387712244898,3.31
22.2,-159.2,2.22224486122449,3.32
22.2,-159.15,2.2440816,3.31
22.2,-159.1,2.253877514285714,3.29
22.2,-159.05,2.2602040408163266,3.28
22.2,-159,2.261020367346939,3.29
22.2,-158.95,2.2610203653061225,3.3
22.2,-158.9,2.260408126530612,3.3
22.2,-158.85,2.257959148979592,3.3
22.2,-158.8,2.2557142428571426,3.31
22.2,-158.75,2.2540815857142857,3.31
22.2,-158.7,2.250816275510204,3.3
22.2,-158.65,2.248775457142857,3.3
22.2,-158.6,2.2463264795918367,3.29
22.2,-158.55,2.2444897428571426,3.29
22.2,-158.5,2.2420407653061223,3.29
22.2,-158.45,2.2412244448979592,3.29
22.2,-158.4,2.2397958653061223,3.29
22.2,-158.35,2.2351019857142855,3.29
22.2,-158.3,2.230204032653061,3.29
22.2,-158.25,2.2234693326530612,3.28
22.2,-158.2,2.216326469387755,3.27
22.2,-158.15,2.209795855102041,3.26
22.2,-158.1,2.2046938163265306,3.25
22.2,-158.05,2.2002040285714286,3.24
22.2,-158,2.1953060755102043,3.23
22.2,-157.95,2.193469344897959,3.22
22.2,-157.9,2.1910203673469386,3.22
22.2,-157.85,2.187550987755102,3.22
22.2,-157.8,2.186122420408163,3.22
22.2,-157.75,2.1867346591836734,3.23
22.2,-157.7,2.1863264959183675,3.24
22.2,-157.65,2.187142814285714,3.24
22.2,-157.6,2.188163220408163,3.24
22.2,-157.55,2.1895917897959185,3.23
22.2,-157.5,2.1910203632653062,3.23
22.2,-157.45,2.1932652591836734,3.22
22.2,-157.4,2.1951019857142855,3.21
22.2,-157.35,2.1965305571428573,3.1999998
22.2,-157.3,2.1975509632653063,3.1999998
22.2,-157.25,2.196326469387755,3.1999998
22.2,-157.2,2.1955101469387754,3.1999998
22.2,-157.15,2.1932652510204083,3.1999998
22.2,-157.1,2.192857087755102,3.1999998
22.2,-157.05,2.1922448408163264,3.1999998
22.2,-157,2.1904081020408164,3.1999998
22.2,-156.95,2.188163208163265,3.1899998
22.2,-156.9,2.187755051020408,3.1999998
22.2,-156.85,2.185306075510204,3.1899998
22.2,-156.8,2.183469342857143,3.1899998
22.2,-156.75,2.1828570959183673,3.1899998
22.2,-156.7,2.181632612244898,3.1799998
22.2,-156.65,2.181224451020408,3.1799998
22.2,-156.6,2.181020367346939,3.1699998
22.2,-156.55,2.179999957142857,3.1699998
22.2,-156.5,2.1783673040816325,3.1599998
22.2,-156.45,2.176122414285714,3.1599998
22.2,-156.4,2.174489763265306,3.1599998
22.2,-156.35,2.173673442857143,3.1599998
22.2,-156.3,2.1726530346938775,3.1599998
22.2,-156.25,2.170816297959184,3.1599998
22.2,-156.2,2.169795891836735,3.1599998
22.2,-156.15,2.168979563265306,3.1599998
22.2,-156.1,2.167959157142857,3.1599998
22.2,-156.05,2.165510175510204,3.1599998
22.2,-156,2.164897926530612,3.1599998
22.2,-155.95,2.1644897591836734,3.1599998
22.2,-155.9,2.1628571081632653,3.1499999
22.2,-155.85,2.161428536734694,3.1499999
22.2,-155.8,2.1606122081632653,3.1599998
22.2,-155.75,2.1602040408163266,3.1599998
22.2,-155.7,2.1604081224489797,3.1699998
22.2,-155.65,2.161020367346939,3.1699998
22.2,-155.6,2.1616326142857143,3.1799998
22.2,-155.55,2.1606121959183673,3.1799998
22.2,-155.5,2.1597958653061227,3.1799998
22.2,-155.45,2.1583672959183673,3.1699998
22.2,-155.4,2.1575509673469386,3.1699998
22.2,-155.35,2.1546938285714283,3.1599998
22.2,-155.3,2.1530611755102043,3.1599998
22.2,-155.25,2.151224442857143,3.1599998
22.2,-155.2,2.1491836224489798,3.1599998
22.2,-155.15,2.1471428102040817,3.1499999
22.2,-155.1,2.145918318367347,3.1499999
22.2,-155.05,2.144489751020408,3.1499999
22.2,-155,2.1436734265306123,3.1399999
22.2,-154.95,2.1426530204081633,3.1399999
22.2,-154.9,2.1414285306122447,3.1299999
22.2,-154.85,2.142040775510204,3.1299999
22.2,-154.8,2.141428532653061,3.1299999
22.2,-154.75,2.142653024489796,3.1399999
22.2,-154.7,2.143265263265306,3.1399999
22.2,-154.65,2.144489744897959,3.1399999
22.2,-154.6,2.1459183142857143,3.1399999
22.2,-154.55,2.146734636734694,3.1299999
22.2,-154.5,2.147550975510204,3.1299999
22.2,-154.45,2.149795871428571,3.1299999
22.2,-154.4,2.1471428081632653,3.1299999
22.2,-154.35,2.145918320408163,3.12
22.2,-154.3,2.144081585714286,3.12
22.2,-154.25,2.142653018367347,3.12
22.2,-154.2,2.1414285265306123,3.12
22.2,-154.15,2.139591785714286,3.12
22.2,-154.1,2.1375509714285714,3.1299999
22.2,-154.05,2.133877506122449,3.1499999
22.25,-160.95,2.225510155102041,3.29
22.25,-160.9,2.286938748979592,3.32
22.25,-160.85,2.2818367163265307,3.32
22.25,-160.8,2.2744897734693876,3.31
22.25,-160.75,2.268775487755102,3.31
22.25,-160.7,2.2622448673469386,3.3
22.25,-160.65,2.2575509897959183,3.3
22.25,-160.6,2.2518367,3.3
22.25,-160.55,2.2479591448979592,3.3
22.25,-160.5,2.245306081632653,3.29
22.25,-160.45,2.2469387285714286,3.29
22.25,-160.4,2.250408124489796,3.29
22.25,-160.35,2.255510173469388,3.29
22.25,-160.3,2.2593877306122447,3.28
22.25,-160.25,2.2589795591836737,3.29
22.25,-160.2,2.253061187755102,3.3
22.25,-160.15,2.2444897510204083,3.3
22.25,-160.1,2.2361224,3.3
22.25,-160.05,2.227346887755102,3.3
22.25,-160,2.217755073469388,3.3
22.25,-159.95,2.210204044897959,3.29
22.25,-159.9,2.2004081326530613,3.29
22.25,-159.85,2.182653026530612,3.28
22.25,-159.8,2.1534693469387753,3.27
22.25,-159.75,2.1193877204081635,3.24
22.25,-159.7,2.0832652653061223,3.21
22.25,-159.65,2.0122448591836735,3.1
22.25,-159.6,1.9646938653061223,3.04
22.25,-159.55,1.924285669387755,2.98
22.25,-159.5,1.977550987755102,3.11
22.25,-159.45,2.014693842857143,3.1699998
22.25,-159.4,2.053265275510204,3.24
22.25,-159.35,2.0957142469387753,3.28
22.25,-159.3,2.1620407755102042,3.3
22.25,-159.25,2.224693836734694,3.32
22.25,-159.2,2.243673436734694,3.32
22.25,-159.15,2.255918330612245,3.31
22.25,-159.1,2.2604081204081634,3.29
22.25,-159.05,2.2626530224489794,3.28
22.25,-159,2.2636734285714284,3.29
22.25,-158.95,2.2638775102040816,3.3
22.25,-158.9,2.261020375510204,3.3
22.25,-158.85,2.2595918040816327,3.3
22.25,-158.8,2.257346906122449,3.31
22.25,-158.75,2.2546938408163264,3.31
22.25,-158.7,2.2530611836734695,3.3
22.25,-158.65,2.2504081265306124,3.3
22.25,-158.6,2.2487754775510203,3.3
22.25,-158.55,2.246734657142857,3.3
22.25,-158.5,2.2444897551020406,3.29
22.25,-158.45,2.2430611836734693,3.29
22.25,-158.4,2.2408162857142857,3.3
22.25,-158.35,2.236938720408163,3.3
22.25,-158.3,2.2314285163265306,3.29
22.25,-158.25,2.2255101469387752,3.29
22.25,-158.2,2.219183608163265,3.28
22.25,-158.15,2.2128570795918368,3.28
22.25,-158.1,2.2077550408163265,3.27
22.25,-158.05,2.203469332653061,3.25
22.25,-158,2.200204030612245,3.24
22.25,-157.95,2.1975509714285715,3.23
22.25,-157.9,2.1938775040816325,3.23
22.25,-157.85,2.191632614285714,3.22
22.25,-157.8,2.1899999653061224,3.23
22.25,-157.75,2.189387714285714,3.23
22.25,-157.7,2.189795875510204,3.24
22.25,-157.65,2.1897958714285712,3.24
22.25,-157.6,2.1906122,3.24
22.25,-157.55,2.192448932653061,3.24
22.25,-157.5,2.1940815857142857,3.24
22.25,-157.45,2.1953060714285715,3.23
22.25,-157.4,2.196734642857143,3.22
22.25,-157.35,2.197755048979592,3.21
22.25,-157.3,2.1981632040816326,3.21
22.25,-157.25,2.197550957142857,3.21
22.25,-157.2,2.1963264714285713,3.21
22.25,-157.15,2.1944897448979592,3.21
22.25,-157.1,2.19346933877551,3.21
22.25,-157.05,2.192448924489796,3.1999998
22.25,-157,2.1916325979591837,3.1999998
22.25,-156.95,2.190204030612245,3.21
22.25,-156.9,2.188775465306122,3.21
22.25,-156.85,2.187550967346939,3.1999998
22.25,-156.8,2.185306075510204,3.1999998
22.25,-156.75,2.1842856673469386,3.1899998
22.25,-156.7,2.1840815918367347,3.1899998
22.25,-156.65,2.183469348979592,3.1899998
22.25,-156.6,2.183265267346939,3.1799998
22.25,-156.55,2.181020367346939,3.1799998
22.25,-156.5,2.179183632653061,3.1699998
22.25,-156.45,2.1775509836734694,3.1699998
22.25,-156.4,2.175918330612245,3.1699998
22.25,-156.35,2.1744897653061224,3.1599998
22.25,-156.3,2.1738775224489797,3.1599998
22.25,-156.25,2.1730612,3.1699998
22.25,-156.2,2.171020381632653,3.1699998
22.25,-156.15,2.1702040591836735,3.1699998
22.25,-156.1,2.168979569387755,3.1699998
22.25,-156.05,2.1673469142857145,3.1599998
22.25,-156,2.1655101775510204,3.1599998
22.25,-155.95,2.1651020040816324,3.1599998
22.25,-155.9,2.163469348979592,3.1599998
22.25,-155.85,2.1624489408163265,3.1599998
22.25,-155.8,2.16204077755102,3.1599998
22.25,-155.75,2.161428524489796,3.1699998
22.25,-155.7,2.160408114285714,3.1699998
22.25,-155.65,2.1616326040816327,3.1799998
22.25,-155.6,2.1616326,3.1899998
22.25,-155.55,2.1618366836734695,3.1899998
22.25,-155.5,2.1606121918367345,3.1899998
22.25,-155.45,2.1593877102040815,3.1899998
22.25,-155.4,2.158163218367347,3.1799998
22.25,-155.35,2.156530563265306,3.1799998
22.25,-155.3,2.1538774979591837,3.1699998
22.25,-155.25,2.1520407693877552,3.1699998
22.25,-155.2,2.149795871428571,3.1699998
22.25,-155.15,2.149591787755102,3.1699998
22.25,-155.1,2.146938726530612,3.1599998
22.25,-155.05,2.1463264775510202,3.1599998
22.25,-155,2.145306071428571,3.1599998
22.25,-154.95,2.1438775020408163,3.1499999
22.25,-154.9,2.1432652612244896,3.1499999
22.25,-154.85,2.1430611775510204,3.1499999
22.25,-154.8,2.141836685714286,3.1499999
22.25,-154.75,2.1428570918367345,3.1499999
22.25,-154.7,2.1442856632653062,3.1499999
22.25,-154.65,2.144489742857143,3.1499999
22.25,-154.6,2.1467346408163266,3.1499999
22.25,-154.55,2.148367293877551,3.1499999
22.25,-154.5,2.150204032653061,3.1499999
22.25,-154.45,2.149795867346939,3.1399999
22.25,-154.4,2.1491836224489798,3.1399999
22.25,-154.35,2.147346891836735,3.1399999
22.25,-154.3,2.1457142346938776,3.1299999
22.25,-154.25,2.144693826530612,3.1299999
22.25,-154.2,2.1432652591836736,3.1299999
22.25,-154.15,2.1412244387755104,3.1299999
22.25,-154.1,2.139999957142857,3.1399999
22.25,-154.05,2.1351020040816326,3.1599998
22.3,-160.95,2.2512244653061226,3.32
22.3,-160.9,2.283877524489796,3.32
22.3,-160.85,2.277959157142857,3.31
22.3,-160.8,2.271020373469388,3.31
22.3,-160.75,2.2653060979591837,3.3
22.3,-160.7,2.261632624489796,3.3
22.3,-160.65,2.2585713979591837,3.3
22.3,-160.6,2.2563265020408165,3.3
22.3,-160.55,2.253877518367347,3.3
22.3,-160.5,2.253673430612245,3.29
22.3,-160.45,2.2567346530612244,3.29
22.3,-160.4,2.262244869387755,3.29
22.3,-160.35,2.2673469081632653,3.29
22.3,-160.3,2.268775475510204,3.29
22.3,-160.25,2.2638775142857144,3.29
22.3,-160.2,2.2544897530612245,3.29
22.3,-160.15,2.2428570959183673,3.29
22.3,-160.1,2.234081587755102,3.29
22.3,-160.05,2.2240816,3.29
22.3,-160,2.218979563265306,3.29
22.3,-159.95,2.215510185714286,3.29
22.3,-159.9,2.2093877285714285,3.29
22.3,-159.85,2.1987754775510204,3.29
22.3,-159.8,2.178775475510204,3.28
22.3,-159.75,2.157755063265306,3.28
22.3,-159.7,2.1404081285714285,3.28
22.3,-159.65,2.125306093877551,3.27
22.3,-159.6,2.1010203714285716,3.25
22.3,-159.55,2.0932652714285713,3.24
22.3,-159.5,2.110408124489796,3.28
22.3,-159.45,2.125306079591837,3.29
22.3,-159.4,2.1444897469387754,3.3
22.3,-159.35,2.1759183244897957,3.32
22.3,-159.3,2.203061187755102,3.32
22.3,-159.25,2.232653020408163,3.32
22.3,-159.2,2.2487754755102043,3.32
22.3,-159.15,2.2581632346938774,3.31
22.3,-159.1,2.2618367,3.29
22.3,-159.05,2.264285681632653,3.28
22.3,-159,2.263877520408163,3.29
22.3,-158.95,2.2630611918367345,3.29
22.3,-158.9,2.2622448673469386,3.3
22.3,-158.85,2.261224459183673,3.3
22.3,-158.8,2.258163226530612,3.31
22.3,-158.75,2.256530579591837,3.3
22.3,-158.7,2.255102008163265,3.3
22.3,-158.65,2.2524489469387756,3.3
22.3,-158.6,2.2504081306122448,3.3
22.3,-158.55,2.2481632387755104,3.3
22.3,-158.5,2.2463265,3.3
22.3,-158.45,2.2440815979591835,3.3
22.3,-158.4,2.2418366897959183,3.3
22.3,-158.35,2.2383672959183674,3.3
22.3,-158.3,2.233877487755102,3.3
22.3,-158.25,2.229591775510204,3.3
22.3,-158.2,2.2232652469387757,3.29
22.3,-158.15,2.2169387163265304,3.29
22.3,-158.1,2.2108162714285715,3.28
22.3,-158.05,2.207550963265306,3.27
22.3,-158,2.2038774918367348,3.25
22.3,-157.95,2.2014285142857144,3.24
22.3,-157.9,2.1987754530612245,3.23
22.3,-157.85,2.1951019897959183,3.23
22.3,-157.8,2.193469336734694,3.23
22.3,-157.75,2.1928570959183675,3.23
22.3,-157.7,2.1928570959183675,3.24
22.3,-157.65,2.1924489306122448,3.24
22.3,-157.6,2.193469342857143,3.24
22.3,-157.55,2.194285667346939,3.24
22.3,-157.5,2.196326475510204,3.24
22.3,-157.45,2.1973468918367347,3.24
22.3,-157.4,2.1993876979591835,3.23
22.3,-157.35,2.1993876918367348,3.22
22.3,-157.3,2.199795857142857,3.22
22.3,-157.25,2.198367287755102,3.21
22.3,-157.2,2.1961223979591837,3.21
22.3,-157.15,2.1957142346938774,3.21
22.3,-157.1,2.194693824489796,3.21
22.3,-157.05,2.193877502040816,3.22
22.3,-157,2.1928570918367347,3.22
22.3,-156.95,2.191632602040816,3.22
22.3,-156.9,2.1897958693877553,3.1999998
22.3,-156.85,2.1883672979591835,3.1999998
22.3,-156.8,2.186938730612245,3.1999998
22.3,-156.75,2.1861224040816327,3.1999998
22.3,-156.7,2.186734651020408,3.1999998
22.3,-156.65,2.1865305714285714,3.1999998
22.3,-156.6,2.18469383877551,3.1899998
22.3,-156.55,2.1828571081632653,3.1899998
22.3,-156.5,2.180816291836735,3.1799998
22.3,-156.45,2.1785713979591836,3.1699998
22.3,-156.4,2.177550987755102,3.1699998
22.3,-156.35,2.1748979306122447,3.1699998
22.3,-156.3,2.174693848979592,3.1699998
22.3,-156.25,2.1740816081632652,3.1699998
22.3,-156.2,2.172653032653061,3.1699998
22.3,-156.15,2.1710203795918366,3.1699998
22.3,-156.1,2.170408136734694,3.1699998
22.3,-156.05,2.167959157142857,3.1699998
22.3,-156,2.167550991836735,3.1699998
22.3,-155.95,2.1657142530612243,3.1699998
22.3,-155.9,2.164897918367347,3.1699998
22.3,-155.85,2.164489751020408,3.1699998
22.3,-155.8,2.1636734224489795,3.1699998
22.3,-155.75,2.1624489346938773,3.1799998
22.3,-155.7,2.1626530163265305,3.1799998
22.3,-155.65,2.161224444897959,3.1899998
22.3,-155.6,2.162040769387755,3.1999998
22.3,-155.55,2.1618366836734695,3.1999998
22.3,-155.5,2.162040769387755,3.1999998
22.3,-155.45,2.1602040326530614,3.1999998
22.3,-155.4,2.1593877040816327,3.1899998
22.3,-155.35,2.156734648979592,3.1899998
22.3,-155.3,2.1555101530612246,3.1799998
22.3,-155.25,2.152857093877551,3.1799998
22.3,-155.2,2.1518366857142857,3.1799998
22.3,-155.15,2.1504081142857143,3.1799998
22.3,-155.1,2.1483672959183675,3.1799998
22.3,-155.05,2.1483672918367347,3.1799998
22.3,-155,2.146938718367347,3.1699998
22.3,-154.95,2.1457142224489796,3.1699998
22.3,-154.9,2.1436734102040815,3.1699998
22.3,-154.85,2.1436734142857143,3.1599998
22.3,-154.8,2.1436734163265307,3.1599998
22.3,-154.75,2.1438775,3.1599998
22.3,-154.7,2.1448979102040817,3.1599998
22.3,-154.65,2.1473468836734693,3.1699998
22.3,-154.6,2.1473468836734693,3.1599998
22.3,-154.55,2.1489795367346938,3.1599998
22.3,-154.5,2.1504081020408163,3.1599998
22.3,-154.45,2.1502040285714283,3.1599998
22.3,-154.4,2.149387702040816,3.1499999
22.3,-154.35,2.1471428040816325,3.1499999
22.3,-154.3,2.1469387244897957,3.1499999
22.3,-154.25,2.145714236734694,3.1399999
22.3,-154.2,2.144897914285714,3.1399999
22.3,-154.15,2.143469348979592,3.1399999
22.3,-154.1,2.140816287755102,3.1499999
22.3,-154.05,2.1379591489795917,3.1699998
22.35,-160.95,2.2642856897959183,3.33
22.35,-160.9,2.278775475510204,3.32
22.35,-160.85,2.2726530265306124,3.31
22.35,-160.8,2.267346906122449,3.3
22.35,-160.75,2.263673444897959,3.3
22.35,-160.7,2.262040787755102,3.3
22.35,-160.65,2.261020379591837,3.3
22.35,-160.6,2.2597958897959183,3.3
22.35,-160.55,2.259591808163265,3.3
22.35,-160.5,2.2604081326530614,3.29
22.35,-160.45,2.2640815979591835,3.29
22.35,-160.4,2.2697958836734693,3.29
22.35,-160.35,2.2714285346938774,3.29
22.35,-160.3,2.270408124489796,3.29
22.35,-160.25,2.262857106122449,3.28
22.35,-160.2,2.2516326040816326,3.29
22.35,-160.15,2.2393877224489795,3.28
22.35,-160.1,2.2299999775510204,3.28
22.35,-160.05,2.2220407897959182,3.28
22.35,-160,2.2179591591836734,3.28
22.35,-159.95,2.216530595918367,3.28
22.35,-159.9,2.2142856857142856,3.29
22.35,-159.85,2.2071428224489797,3.29
22.35,-159.8,2.192857106122449,3.29
22.35,-159.75,2.1783672979591837,3.3
22.35,-159.7,2.167755055102041,3.3
22.35,-159.65,2.158775463265306,3.3
22.35,-159.6,2.152653008163265,3.31
22.35,-159.55,2.152244832653061,3.31
22.35,-159.5,2.1561223836734693,3.31
22.35,-159.45,2.166326475510204,3.32
22.35,-159.4,2.18204077755102,3.32
22.35,-159.35,2.1967346653061224,3.32
22.35,-159.3,2.2132652755102042,3.32
22.35,-159.25,2.2348979224489796,3.32
22.35,-159.2,2.249183636734694,3.31
22.35,-159.15,2.2585713959183673,3.3
22.35,-159.1,2.2618367020408163,3.29
22.35,-159.05,2.2634693591836736,3.29
22.35,-159,2.262857114285714,3.29
22.35,-158.95,2.262040787755102,3.3
22.35,-158.9,2.2618367040816327,3.3
22.35,-158.85,2.260612214285714,3.31
22.35,-158.8,2.259183636734694,3.31
22.35,-158.75,2.257550981632653,3.31
22.35,-158.7,2.25571426122449,3.31
22.35,-158.65,2.254081606122449,3.3
22.35,-158.6,2.252653032653061,3.3
22.35,-158.55,2.2499999734693876,3.3
22.35,-158.5,2.248775485714286,3.3
22.35,-158.45,2.2461224224489795,3.3
22.35,-158.4,2.2438775224489795,3.3
22.35,-158.35,2.2402040346938774,3.3
22.35,-158.3,2.2377550551020406,3.3
22.35,-158.25,2.2328570979591835,3.3
22.35,-158.2,2.227550975510204,3.29
22.35,-158.15,2.221224436734694,3.29
22.35,-158.1,2.216530555102041,3.28
22.35,-158.05,2.211224432653061,3.28
22.35,-158,2.2077550408163265,3.26
22.35,-157.95,2.2044897387755102,3.25
22.35,-157.9,2.2026530040816326,3.24
22.35,-157.85,2.200816269387755,3.23
22.35,-157.8,2.198367289795918,3.23
22.35,-157.75,2.197346881632653,3.23
22.35,-157.7,2.19673463877551,3.24
22.35,-157.65,2.1965305591836737,3.24
22.35,-157.6,2.1973468857142855,3.24
22.35,-157.55,2.198163218367347,3.25
22.35,-157.5,2.19897953877551,3.24
22.35,-157.45,2.199999944897959,3.24
22.35,-157.4,2.2004080999999998,3.23
22.35,-157.35,2.201428512244898,3.23
22.35,-157.3,2.2006121836734693,3.22
22.35,-157.25,2.2002040346938774,3.22
22.35,-157.2,2.1975509775510202,3.22
22.35,-157.15,2.196734651020408,3.22
22.35,-157.1,2.1959183244897957,3.23
22.35,-157.05,2.1959183224489798,3.24
22.35,-157,2.1944897530612244,3.24
22.35,-156.95,2.1920407734693876,3.22
22.35,-156.9,2.190816281632653,3.1999998
22.35,-156.85,2.1904081183673467,3.1999998
22.35,-156.8,2.189183626530612,3.1999998
22.35,-156.75,2.189183626530612,3.1999998
22.35,-156.7,2.188775465306122,3.1999998
22.35,-156.65,2.1881632224489795,3.1999998
22.35,-156.6,2.186530573469388,3.1999998
22.35,-156.55,2.1840816,3.1999998
22.35,-156.5,2.1814285408163263,3.1899998
22.35,-156.45,2.1791836428571427,3.1799998
22.35,-156.4,2.1769387469387755,3.1699998
22.35,-156.35,2.1753060959183674,3.1699998
22.35,-156.3,2.175102012244898,3.1699998
22.35,-156.25,2.1730611959183674,3.1699998
22.35,-156.2,2.172448951020408,3.1699998
22.35,-156.15,2.171632626530612,3.1699998
22.35,-156.1,2.1702040530612243,3.1699998
22.35,-156.05,2.1679591530612243,3.1699998
22.35,-156,2.1675509897959184,3.1699998
22.35,-155.95,2.1671428224489797,3.1799998
22.35,-155.9,2.165918324489796,3.1799998
22.35,-155.85,2.1653060734693876,3.1799998
22.35,-155.8,2.164081581632653,3.1799998
22.35,-155.75,2.1632652591836736,3.1799998
22.35,-155.7,2.162653014285714,3.1899998
22.35,-155.65,2.1624489326530614,3.1899998
22.35,-155.6,2.161632606122449,3.1999998
22.35,-155.55,2.161632606122449,3.21
22.35,-155.5,2.1624489346938773,3.21
22.35,-155.45,2.1616326040816327,3.1999998
22.35,-155.4,2.1606121979591837,3.1999998
22.35,-155.35,2.1585713816326533,3.1999998
22.35,-155.3,2.1565305714285716,3.1899998
22.35,-155.25,2.153877512244898,3.1899998
22.35,-155.2,2.1526530163265307,3.1899998
22.35,-155.15,2.1514285204081633,3.1899998
22.35,-155.1,2.1499999469387756,3.1899998
22.35,-155.05,2.149795863265306,3.1899998
22.35,-155,2.148571381632653,3.1899998
22.35,-154.95,2.146734642857143,3.1799998
22.35,-154.9,2.146530557142857,3.1799998
22.35,-154.85,2.1446938204081634,3.1799998
22.35,-154.8,2.144897906122449,3.1799998
22.35,-154.75,2.145306071428571,3.1799998
22.35,-154.7,2.1457142346938776,3.1799998
22.35,-154.65,2.1471428040816325,3.1799998
22.35,-154.6,2.149183614285714,3.1799998
22.35,-154.55,2.1504081040816327,3.1799998
22.35,-154.5,2.1502040224489796,3.1699998
22.35,-154.45,2.1514285163265305,3.1699998
22.35,-154.4,2.150408108163265,3.1699998
22.35,-154.35,2.149795867346939,3.1599998
22.35,-154.3,2.1489795408163266,3.1599998
22.35,-154.25,2.147142812244898,3.1499999
22.35,-154.2,2.146122412244898,3.1499999
22.35,-154.15,2.144693842857143,3.1499999
22.35,-154.1,2.143061183673469,3.1599998
22.35,-154.05,2.1399999653061226,3.1799998
22.4,-160.95,2.2767346693877553,3.35
22.4,-160.9,2.2755101673469387,3.34
22.4,-160.85,2.2699999591836733,3.33
22.4,-160.8,2.2667346653061227,3.32
22.4,-160.75,2.263877524489796,3.31
22.4,-160.7,2.2634693612244896,3.3
22.4,-160.65,2.2640816020408163,3.3
22.4,-160.6,2.263469351020408,3.3
22.4,-160.55,2.2638775142857144,3.29
22.4,-160.5,2.2663265,3.29
22.4,-160.45,2.2693877204081634,3.29
22.4,-160.4,2.271632610204082,3.29
22.4,-160.35,2.271836693877551,3.29
22.4,-160.3,2.2693877163265306,3.28
22.4,-160.25,2.2599999551020407,3.28
22.4,-160.2,2.2485713918367347,3.28
22.4,-160.15,2.237346908163265,3.28
22.4,-160.1,2.2302040591836736,3.28
22.4,-160.05,2.2224489612244898,3.28
22.4,-160,2.2197958979591834,3.28
22.4,-159.95,2.2197958897959182,3.29
22.4,-159.9,2.2189795591836736,3.29
22.4,-159.85,2.2140816020408165,3.3
22.4,-159.8,2.2038775285714287,3.3
22.4,-159.75,2.1928571102040815,3.31
22.4,-159.7,2.1840815897959183,3.31
22.4,-159.65,2.1787754693877552,3.31
22.4,-159.6,2.1753060775510202,3.31
22.4,-159.55,2.1755101714285714,3.31
22.4,-159.5,2.1791836408163263,3.31
22.4,-159.45,2.1885713918367347,3.32
22.4,-159.4,2.1985714020408165,3.32
22.4,-159.35,2.2089795673469386,3.32
22.4,-159.3,2.2195918040816327,3.32
22.4,-159.25,2.2361224102040818,3.32
22.4,-159.2,2.249183642857143,3.31
22.4,-159.15,2.2583673081632654,3.3
22.4,-159.1,2.2606122122448977,3.3
22.4,-159.05,2.2628571102040818,3.3
22.4,-159,2.261632620408163,3.3
22.4,-158.95,2.2599999673469386,3.3
22.4,-158.9,2.2612244571428572,3.31
22.4,-158.85,2.261020375510204,3.31
22.4,-158.8,2.259591806122449,3.31
22.4,-158.75,2.2581632346938774,3.31
22.4,-158.7,2.257346908163265,3.31
22.4,-158.65,2.254897936734694,3.3
22.4,-158.6,2.2538775244897957,3.3
22.4,-158.55,2.2510203836734695,3.3
22.4,-158.5,2.2497958979591837,3.3
22.4,-158.45,2.2485713959183675,3.3
22.4,-158.4,2.246326493877551,3.3
22.4,-158.35,2.244081593877551,3.31
22.4,-158.3,2.2416326142857144,3.33
22.4,-158.25,2.2381632326530614,3.33
22.4,-158.2,2.232040781632653,3.31
22.4,-158.15,2.2259183346938776,3.29
22.4,-158.1,2.219183618367347,3.29
22.4,-158.05,2.2151019836734696,3.28
22.4,-158,2.211020357142857,3.27
22.4,-157.95,2.2087754551020407,3.26
22.4,-157.9,2.2069387204081634,3.25
22.4,-157.85,2.205306069387755,3.24
22.4,-157.8,2.2042856551020407,3.24
22.4,-157.75,2.202857081632653,3.24
22.4,-157.7,2.202857081632653,3.24
22.4,-157.65,2.2028570857142857,3.24
22.4,-157.6,2.202448924489796,3.25
22.4,-157.55,2.203265251020408,3.25
22.4,-157.5,2.2034693285714284,3.25
22.4,-157.45,2.2036734102040816,3.24
22.4,-157.4,2.2038774918367348,3.24
22.4,-157.35,2.2030611734693877,3.23
22.4,-157.3,2.2026530102040818,3.23
22.4,-157.25,2.201428524489796,3.22
22.4,-157.2,2.199387706122449,3.23
22.4,-157.15,2.1981632204081634,3.23
22.4,-157.1,2.1975509775510202,3.24
22.4,-157.05,2.196938732653061,3.24
22.4,-157,2.1961224040816325,3.23
22.4,-156.95,2.1948979163265308,3.22
22.4,-156.9,2.1932652673469386,3.21
22.4,-156.85,2.192244857142857,3.21
22.4,-156.8,2.1914285244897957,3.21
22.4,-156.75,2.191836687755102,3.21
22.4,-156.7,2.1906122020408163,3.21
22.4,-156.65,2.1895917959183673,3.21
22.4,-156.6,2.1867346591836734,3.21
22.4,-156.55,2.185102006122449,3.21
22.4,-156.5,2.1826530285714285,3.1999998
22.4,-156.45,2.180204051020408,3.1899998
22.4,-156.4,2.1787754857142856,3.1899998
22.4,-156.35,2.1773469102040814,3.1799998
22.4,-156.3,2.175714257142857,3.1799998
22.4,-156.25,2.1744897673469388,3.1799998
22.4,-156.2,2.1730611959183674,3.1799998
22.4,-156.15,2.17102037755102,3.1799998
22.4,-156.1,2.170816293877551,3.1799998
22.4,-156.05,2.1697958816326532,3.1799998
22.4,-156,2.168571397959184,3.1799998
22.4,-155.95,2.167550987755102,3.1899998
22.4,-155.9,2.1659183285714287,3.1899998
22.4,-155.85,2.165714236734694,3.1899998
22.4,-155.8,2.164693830612245,3.1899998
22.4,-155.75,2.163265263265306,3.1899998
22.4,-155.7,2.162653018367347,3.1899998
22.4,-155.65,2.1620407714285714,3.1999998
22.4,-155.6,2.161428524489796,3.1999998
22.4,-155.55,2.1618366897959183,3.21
22.4,-155.5,2.1618366897959183,3.21
22.4,-155.45,2.1618366897959183,3.21
22.4,-155.4,2.160816281632653,3.21
22.4,-155.35,2.158979544897959,3.1999998
22.4,-155.3,2.1571428142857143,3.1999998
22.4,-155.25,2.1557142489795917,3.1999998
22.4,-155.2,2.153673426530612,3.1999998
22.4,-155.15,2.152040763265306,3.1999998
22.4,-155.1,2.15122443877551,3.1999998
22.4,-155.05,2.1506121979591835,3.1999998
22.4,-155,2.1499999530612244,3.1999998
22.4,-154.95,2.147959136734694,3.1899998
22.4,-154.9,2.1465305653061226,3.1899998
22.4,-154.85,2.145510157142857,3.1899998
22.4,-154.8,2.145306071428571,3.1899998
22.4,-154.75,2.1457142387755104,3.1899998
22.4,-154.7,2.1461224,3.1899998
22.4,-154.65,2.1479591306122447,3.1899998
22.4,-154.6,2.1493876979591837,3.1999998
22.4,-154.55,2.1506121897959183,3.1899998
22.4,-154.5,2.151836675510204,3.1899998
22.4,-154.45,2.1532652530612246,3.1799998
22.4,-154.4,2.1538774979591837,3.1799998
22.4,-154.35,2.152244844897959,3.1699998
22.4,-154.3,2.1504081102040815,3.1699998
22.4,-154.25,2.1493877102040817,3.1699998
22.4,-154.2,2.147755063265306,3.1599998
22.4,-154.15,2.1471428204081633,3.1599998
22.4,-154.1,2.1436734306122447,3.1699998
22.4,-154.05,2.1416326142857143,3.1899998
22.45,-160.95,2.2895918081632654,3.36
22.45,-160.9,2.2755101673469387,3.35
22.45,-160.85,2.269999963265306,3.34
22.45,-160.8,2.267346902040816,3.34
22.45,-160.75,2.2669387346938774,3.33
22.45,-160.7,2.265510163265306,3.32
22.45,-160.65,2.266938732653061,3.32
22.45,-160.6,2.2673469,3.31
22.45,-160.55,2.268775481632653,3.31
22.45,-160.5,2.26938772244898,3.3
22.45,-160.45,2.2712244469387755,3.29
22.45,-160.4,2.2720407734693877,3.29
22.45,-160.35,2.2710203673469387,3.28
22.45,-160.3,2.266326481632653,3.28
22.45,-160.25,2.2575509795918367,3.28
22.45,-160.2,2.246938748979592,3.28
22.45,-160.15,2.237346906122449,3.28
22.45,-160.1,2.229999971428571,3.28
22.45,-160.05,2.225102024489796,3.28
22.45,-160,2.223265283673469,3.28
22.45,-159.95,2.2242856795918367,3.29
22.45,-159.9,2.2259183306122448,3.3
22.45,-159.85,2.222857106122449,3.3
22.45,-159.8,2.2142856816326533,3.31
22.45,-159.75,2.2044897673469386,3.31
22.45,-159.7,2.1977550673469386,3.31
22.45,-159.65,2.193061197959184,3.31
22.45,-159.6,2.192244869387755,3.31
22.45,-159.55,2.194489769387755,3.31
22.45,-159.5,2.197959151020408,3.31
22.45,-159.45,2.2042856959183674,3.31
22.45,-159.4,2.2102040653061223,3.31
22.45,-159.35,2.21571426122449,3.31
22.45,-159.3,2.2240815979591835,3.31
22.45,-159.25,2.237142824489796,3.31
22.45,-159.2,2.2499999734693876,3.3
22.45,-159.15,2.256938742857143,3.31
22.45,-159.1,2.260408126530612,3.31
22.45,-159.05,2.260204048979592,3.31
22.45,-159,2.259591808163265,3.31
22.45,-158.95,2.258979563265306,3.31
22.45,-158.9,2.259795887755102,3.31
22.45,-158.85,2.261020375510204,3.32
22.45,-158.8,2.2593877224489796,3.32
22.45,-158.75,2.259795887755102,3.32
22.45,-158.7,2.2581632367346938,3.32
22.45,-158.65,2.2575509918367347,3.31
22.45,-158.6,2.254489767346939,3.3
22.45,-158.55,2.2532652775510202,3.3
22.45,-158.5,2.251632626530612,3.29
22.45,-158.45,2.2508162959183675,3.3
22.45,-158.4,2.249387726530612,3.31
22.45,-158.35,2.2475509897959185,3.33
22.45,-158.3,2.245714255102041,3.34
22.45,-158.25,2.241224463265306,3.33
22.45,-158.2,2.235102012244898,3.3
22.45,-158.15,2.229183642857143,3.3
22.45,-158.1,2.2238775142857143,3.29
22.45,-158.05,2.218367306122449,3.28
22.45,-158,2.2155101591836734,3.28
22.45,-157.95,2.2122448448979593,3.27
22.45,-157.9,2.210408108163265,3.26
22.45,-157.85,2.209387702040816,3.25
22.45,-157.8,2.210408108163265,3.25
22.45,-157.75,2.209591781632653,3.25
22.45,-157.7,2.208979536734694,3.25
22.45,-157.65,2.2081632142857144,3.25
22.45,-157.6,2.2077550469387757,3.25
22.45,-157.55,2.207142802040816,3.25
22.45,-157.5,2.208163208163265,3.25
22.45,-157.45,2.2077550469387757,3.25
22.45,-157.4,2.207142806122449,3.24
22.45,-157.35,2.2063264795918367,3.24
22.45,-157.3,2.20571423877551,3.23
22.45,-157.25,2.203877506122449,3.23
22.45,-157.2,2.2018366897959183,3.23
22.45,-157.15,2.199999957142857,3.23
22.45,-157.1,2.1995917959183675,3.23
22.45,-157.05,2.198367302040816,3.23
22.45,-157,2.1981632163265306,3.23
22.45,-156.95,2.1971428163265307,3.22
22.45,-156.9,2.196122402040816,3.22
22.45,-156.85,2.1948979163265308,3.21
22.45,-156.8,2.194285667346939,3.21
22.45,-156.75,2.193469336734694,3.21
22.45,-156.7,2.1932652551020406,3.22
22.45,-156.65,2.191428530612245,3.22
22.45,-156.6,2.188775469387755,3.22
22.45,-156.55,2.187142818367347,3.22
22.45,-156.5,2.1834693551020408,3.21
22.45,-156.45,2.1814285428571427,3.21
22.45,-156.4,2.180204051020408,3.1999998
22.45,-156.35,2.1791836428571427,3.1999998
22.45,-156.3,2.176530581632653,3.1899998
22.45,-156.25,2.1753060918367346,3.1899998
22.45,-156.2,2.173877518367347,3.1899998
22.45,-156.15,2.1724489469387755,3.1899998
22.45,-156.1,2.171224455102041,3.1899998
22.45,-156.05,2.171020369387755,3.1899998
22.45,-156,2.1693877163265305,3.1899998
22.45,-155.95,2.1679591428571428,3.1899998
22.45,-155.9,2.166326487755102,3.1999998
22.45,-155.85,2.164897918367347,3.1999998
22.45,-155.8,2.164693830612245,3.1999998
22.45,-155.75,2.1628570979591837,3.1999998
22.45,-155.7,2.1624489326530614,3.1999998
22.45,-155.65,2.1610203612244896,3.1999998
22.45,-155.6,2.1618366897959183,3.21
22.45,-155.55,2.1606122020408165,3.21
22.45,-155.5,2.1610203591836736,3.22
22.45,-155.45,2.161836685714286,3.21
22.45,-155.4,2.1610203571428572,3.21
22.45,-155.35,2.159999957142857,3.21
22.45,-155.3,2.1583673040816325,3.1999998
22.45,-155.25,2.157346897959184,3.1999998
22.45,-155.2,2.1546938306122447,3.1999998
22.45,-155.15,2.153265257142857,3.1999998
22.45,-155.1,2.152857093877551,3.1999998
22.45,-155.05,2.151428526530612,3.1999998
22.45,-155,2.1506122020408163,3.1999998
22.45,-154.95,2.149387714285714,3.1999998
22.45,-154.9,2.147550975510204,3.1999998
22.45,-154.85,2.147550975510204,3.1999998
22.45,-154.8,2.147142812244898,3.1999998
22.45,-154.75,2.146530569387755,3.1999998
22.45,-154.7,2.1469387326530613,3.1999998
22.45,-154.65,2.1487754673469386,3.21
22.45,-154.6,2.1497958775510204,3.21
22.45,-154.55,2.152448936734694,3.21
22.45,-154.5,2.1538775040816325,3.1999998
22.45,-154.45,2.154489748979592,3.1999998
22.45,-154.4,2.1548979142857143,3.1999998
22.45,-154.35,2.154897912244898,3.1899998
22.45,-154.3,2.1530611795918366,3.1799998
22.45,-154.25,2.1522448591836736,3.1799998
22.45,-154.2,2.151224455102041,3.1799998
22.45,-154.15,2.14918363877551,3.1699998
22.45,-154.1,2.146530569387755,3.1799998
22.45,-154.05,2.1426530204081633,3.1899998
22.5,-160.95,2.301428542857143,3.37
22.5,-160.9,2.274693842857143,3.36
22.5,-160.85,2.272040781632653,3.36
22.5,-160.8,2.270408130612245,3.35
22.5,-160.75,2.269387718367347,3.35
22.5,-160.7,2.270204036734694,3.34
22.5,-160.65,2.2716326081632654,3.34
22.5,-160.6,2.271632602040816,3.33
22.5,-160.55,2.2722448530612245,3.32
22.5,-160.5,2.2722448530612245,3.32
22.5,-160.45,2.272857095918367,3.31
22.5,-160.4,2.272448930612245,3.3
22.5,-160.35,2.2697958734693877,3.3
22.5,-160.3,2.2655101591836733,3.29
22.5,-160.25,2.2563264959183673,3.29
22.5,-160.2,2.2475509897959185,3.28
22.5,-160.15,2.2393877265306124,3.28
22.5,-160.1,2.2328571102040815,3.29
22.5,-160.05,2.2283673163265307,3.29
22.5,-160,2.226938744897959,3.29
22.5,-159.95,2.228775473469388,3.3
22.5,-159.9,2.230204051020408,3.3
22.5,-159.85,2.22918363877551,3.31
22.5,-159.8,2.2210203775510204,3.31
22.5,-159.75,2.2146938469387756,3.31
22.5,-159.7,2.2097958959183672,3.31
22.5,-159.65,2.2071428326530613,3.31
22.5,-159.6,2.207755081632653,3.31
22.5,-159.55,2.2081632469387755,3.3
22.5,-159.5,2.2114285530612245,3.3
22.5,-159.45,2.2157142653061226,3.3
22.5,-159.4,2.2191836469387756,3.3
22.5,-159.35,2.221224463265306,3.3
22.5,-159.3,2.2277550714285717,3.3
22.5,-159.25,2.239591808163265,3.31
22.5,-159.2,2.2491836489795918,3.31
22.5,-159.15,2.2559183346938774,3.32
22.5,-159.1,2.2577550673469386,3.32
22.5,-159.05,2.2581632326530614,3.32
22.5,-159,2.2583673244897957,3.32
22.5,-158.95,2.2585714040816325,3.31
22.5,-158.9,2.259183644897959,3.32
22.5,-158.85,2.259795887755102,3.32
22.5,-158.8,2.2593877265306124,3.32
22.5,-158.75,2.2602040551020406,3.33
22.5,-158.7,2.260816302040816,3.32
22.5,-158.65,2.2583673204081633,3.31
22.5,-158.6,2.2571428306122447,3.3
22.5,-158.55,2.256326502040816,3.3
22.5,-158.5,2.254693848979592,3.31
22.5,-158.45,2.252244867346939,3.32
22.5,-158.4,2.2520407836734693,3.33
22.5,-158.35,2.2510203795918367,3.33
22.5,-158.3,2.2475509979591837,3.31
22.5,-158.25,2.242857114285714,3.3
22.5,-158.2,2.237959157142857,3.3
22.5,-158.15,2.2328571142857143,3.3
22.5,-158.1,2.227755071428571,3.3
22.5,-158.05,2.223877518367347,3.29
22.5,-158,2.2195918,3.28
22.5,-157.95,2.216326487755102,3.28
22.5,-157.9,2.2148979183673467,3.27
22.5,-157.85,2.2138775081632653,3.26
22.5,-157.8,2.214693832653061,3.26
22.5,-157.75,2.213877506122449,3.25
22.5,-157.7,2.2134693408163266,3.25
22.5,-157.65,2.212244851020408,3.25
22.5,-157.6,2.2110203653061222,3.25
22.5,-157.55,2.2112244387755102,3.26
22.5,-157.5,2.21102036122449,3.25
22.5,-157.45,2.211632618367347,3.25
22.5,-157.4,2.2112244530612246,3.25
22.5,-157.35,2.208979551020408,3.24
22.5,-157.3,2.207550975510204,3.24
22.5,-157.25,2.2065305673469386,3.24
22.5,-157.2,2.204489748979592,3.23
22.5,-157.15,2.202857093877551,3.23
22.5,-157.1,2.2020407673469387,3.23
22.5,-157.05,2.2006122,3.23
22.5,-157,2.200204036734694,3.22
22.5,-156.95,2.1985713857142857,3.22
22.5,-156.9,2.1985713897959185,3.22
22.5,-156.85,2.1969387285714284,3.22
22.5,-156.8,2.196734648979592,3.22
22.5,-156.75,2.1957142408163266,3.22
22.5,-156.7,2.1948979040816328,3.22
22.5,-156.65,2.1920407693877553,3.22
22.5,-156.6,2.1902040346938776,3.22
22.5,-156.55,2.1877550571428572,3.22
22.5,-156.5,2.185510167346939,3.22
22.5,-156.45,2.1836734346938775,3.22
22.5,-156.4,2.181020371428571,3.21
22.5,-156.35,2.179183636734694,3.21
22.5,-156.3,2.1783673081632653,3.1999998
22.5,-156.25,2.177142818367347,3.1999998
22.5,-156.2,2.1751020040816327,3.1999998
22.5,-156.15,2.173265269387755,3.1999998
22.5,-156.1,2.172448936734694,3.1999998
22.5,-156.05,2.1712244469387754,3.1999998
22.5,-156,2.1697958693877553,3.1999998
22.5,-155.95,2.167755057142857,3.1999998
22.5,-155.9,2.1669387346938773,3.21
22.5,-155.85,2.1657142428571428,3.21
22.5,-155.8,2.16428566122449,3.21
22.5,-155.75,2.1626530163265305,3.21
22.5,-155.7,2.1618366897959183,3.21
22.5,-155.65,2.1610203612244896,3.21
22.5,-155.6,2.159999951020408,3.21
22.5,-155.55,2.160204030612245,3.22
22.5,-155.5,2.1608162734693876,3.22
22.5,-155.45,2.1612244346938776,3.22
22.5,-155.4,2.1610203530612244,3.22
22.5,-155.35,2.1602040367346937,3.21
22.5,-155.3,2.159387718367347,3.21
22.5,-155.25,2.158571393877551,3.21
22.5,-155.2,2.1555101591836734,3.21
22.5,-155.15,2.155918326530612,3.21
22.5,-155.1,2.1538775081632653,3.21
22.5,-155.05,2.15326526122449,3.21
22.5,-155,2.1516326081632653,3.21
22.5,-154.95,2.1504081224489795,3.21
22.5,-154.9,2.149795879591837,3.21
22.5,-154.85,2.1477550653061224,3.21
22.5,-154.8,2.1479591428571427,3.21
22.5,-154.75,2.147755063265306,3.21
22.5,-154.7,2.148571393877551,3.21
22.5,-154.65,2.1502040428571427,3.22
22.5,-154.6,2.151224451020408,3.22
22.5,-154.55,2.153061185714286,3.22
22.5,-154.5,2.1544897530612244,3.21
22.5,-154.45,2.155510163265306,3.21
22.5,-154.4,2.156326493877551,3.21
22.5,-154.35,2.1561224,3.1999998
22.5,-154.3,2.15571423877551,3.1999998
22.5,-154.25,2.154489757142857,3.1899998
22.5,-154.2,2.1524489469387755,3.1899998
22.5,-154.15,2.15142853877551,3.1799998
22.5,-154.1,2.1479591408163263,3.1899998
22.5,-154.05,2.1446938346938778,3.1999998
22.55,-160.95,2.3014285469387756,3.3799999
22.55,-160.9,2.276938730612245,3.37
22.55,-160.85,2.2736734326530614,3.36
22.55,-160.8,2.2732652632653063,3.36
22.55,-160.75,2.273061181632653,3.36
22.55,-160.7,2.274693830612245,3.35
22.55,-160.65,2.276530563265306,3.35
22.55,-160.6,2.2759183224489794,3.34
22.55,-160.55,2.275306075510204,3.33
22.55,-160.5,2.274897912244898,3.32
22.55,-160.45,2.2732652653061223,3.31
22.55,-160.4,2.271428520408163,3.31
22.55,-160.35,2.268163220408163,3.3
22.55,-160.3,2.2634693448979593,3.3
22.55,-160.25,2.2567346653061224,3.29
22.55,-160.2,2.2491836489795918,3.29
22.55,-160.15,2.2424489551020406,3.29
22.55,-160.1,2.2363265020408165,3.29
22.55,-160.05,2.2324489469387756,3.29
22.55,-160,2.230816293877551,3.29
22.55,-159.95,2.2320407857142857,3.3
22.55,-159.9,2.233877518367347,3.31
22.55,-159.85,2.2334693551020406,3.31
22.55,-159.8,2.22918363877551,3.31
22.55,-159.75,2.2234693591836736,3.31
22.55,-159.7,2.2199999755102042,3.31
22.55,-159.65,2.218979567346939,3.31
22.55,-159.6,2.2179591673469385,3.3
22.55,-159.55,2.2187754897959184,3.3
22.55,-159.5,2.221020379591837,3.3
22.55,-159.45,2.222857114285714,3.29
22.55,-159.4,2.2246938530612246,3.29
22.55,-159.35,2.2267346653061226,3.29
22.55,-159.3,2.2318367081632653,3.3
22.55,-159.25,2.2418367102040815,3.31
22.55,-159.2,2.2487754897959182,3.32
22.55,-159.15,2.254693851020408,3.32
22.55,-159.1,2.2575509897959183,3.33
22.55,-159.05,2.2577550714285715,3.33
22.55,-159,2.25795916122449,3.33
22.55,-158.95,2.2591836530612244,3.32
22.55,-158.9,2.258775487755102,3.32
22.55,-158.85,2.259795893877551,3.32
22.55,-158.8,2.2612244612244896,3.33
22.55,-158.75,2.2602040530612246,3.33
22.55,-158.7,2.259999973469388,3.32
22.55,-158.65,2.2608163040816325,3.32
22.55,-158.6,2.2585714040816325,3.31
22.55,-158.55,2.2579591551020406,3.31
22.55,-158.5,2.257346912244898,3.33
22.55,-158.45,2.2563265,3.34
22.55,-158.4,2.254489763265306,3.32
22.55,-158.35,2.2524489469387756,3.3
22.55,-158.3,2.2491836489795918,3.31
22.55,-158.25,2.2451020163265305,3.31
22.55,-158.2,2.2404081346938773,3.31
22.55,-158.15,2.235306093877551,3.3
22.55,-158.1,2.23122446122449,3.3
22.55,-158.05,2.227142826530612,3.29
22.55,-158,2.2240816,3.29
22.55,-157.95,2.2210203734693876,3.28
22.55,-157.9,2.2195918040816327,3.28
22.55,-157.85,2.2181632244897957,3.27
22.55,-157.8,2.2175509775510203,3.27
22.55,-157.75,2.21775506122449,3.26
22.55,-157.7,2.2173468979591835,3.26
22.55,-157.65,2.2165305714285712,3.26
22.55,-157.6,2.2151019979591835,3.26
22.55,-157.55,2.2142856714285712,3.26
22.55,-157.5,2.2151019959183675,3.26
22.55,-157.45,2.2142856775510205,3.26
22.55,-157.4,2.2136734285714286,3.25
22.55,-157.35,2.2114285346938773,3.25
22.55,-157.3,2.210204048979592,3.25
22.55,-157.25,2.2083673142857143,3.24
22.55,-157.2,2.2069387408163266,3.24
22.55,-157.15,2.2061224163265307,3.24
22.55,-157.1,2.204489757142857,3.24
22.55,-157.05,2.202040781632653,3.23
22.55,-157,2.202040781632653,3.23
22.55,-156.95,2.201632620408163,3.23
22.55,-156.9,2.2006122163265305,3.23
22.55,-156.85,2.1985713897959185,3.22
22.55,-156.8,2.198163226530612,3.22
22.55,-156.75,2.198163226530612,3.23
22.55,-156.7,2.194897912244898,3.23
22.55,-156.65,2.1934693408163266,3.23
22.55,-156.6,2.190816285714286,3.23
22.55,-156.55,2.188571387755102,3.23
22.55,-156.5,2.187346893877551,3.23
22.55,-156.45,2.1848979204081633,3.23
22.55,-156.4,2.183469348979592,3.23
22.55,-156.35,2.1816326163265307,3.22
22.55,-156.3,2.1797958795918366,3.22
22.55,-156.25,2.1773469,3.21
22.55,-156.2,2.17551016122449,3.21
22.55,-156.15,2.173469342857143,3.21
22.55,-156.1,2.17346933877551,3.21
22.55,-156.05,2.171836687755102,3.21
22.55,-156,2.1708162775510202,3.21
22.55,-155.95,2.1685713775510203,3.22
22.55,-155.9,2.1675509734693876,3.22
22.55,-155.85,2.1651019918367345,3.22
22.55,-155.8,2.1638775020408163,3.22
22.55,-155.75,2.162448930612245,3.22
22.55,-155.7,2.1608162775510205,3.22
22.55,-155.65,2.1610203591836736,3.22
22.55,-155.6,2.159387706122449,3.22
22.55,-155.55,2.159183624489796,3.22
22.55,-155.5,2.160816267346939,3.22
22.55,-155.45,2.161632593877551,3.22
22.55,-155.4,2.1618366897959183,3.22
22.55,-155.35,2.1618366918367347,3.22
22.55,-155.3,2.1620407795918366,3.22
22.55,-155.25,2.159591793877551,3.21
22.55,-155.2,2.1591836265306124,3.21
22.55,-155.15,2.157346893877551,3.21
22.55,-155.1,2.1561224020408165,3.22
22.55,-155.05,2.154081581632653,3.22
22.55,-155,2.1528570959183675,3.22
22.55,-154.95,2.1518366897959185,3.22
22.55,-154.9,2.1514285285714285,3.22
22.55,-154.85,2.1502040387755104,3.22
22.55,-154.8,2.1493877163265305,3.22
22.55,-154.75,2.1483673102040814,3.22
22.55,-154.7,2.1493877224489797,3.22
22.55,-154.65,2.1512244530612246,3.22
22.55,-154.6,2.1524489387755104,3.22
22.55,-154.55,2.1534693489795917,3.22
22.55,-154.5,2.155102,3.22
22.55,-154.45,2.156326491836735,3.22
22.55,-154.4,2.156530571428571,3.22
22.55,-154.35,2.15775506122449,3.22
22.55,-154.3,2.1581632244897957,3.21
22.55,-154.25,2.157142818367347,3.21
22.55,-154.2,2.15448976122449,3.1999998
22.55,-154.15,2.1524489428571427,3.1999998
22.55,-154.1,2.1506122,3.1999998
22.55,-154.05,2.147142814285714,3.21
22.6,-160.95,2.301632632653061,3.3799999
22.6,-160.9,2.278571387755102,3.37
22.6,-160.85,2.2763264795918365,3.36
22.6,-160.8,2.2767346448979593,3.36
22.6,-160.75,2.2777550469387755,3.35
22.6,-160.7,2.278571375510204,3.35
22.6,-160.65,2.279387704081633,3.34
22.6,-160.6,2.2795917857142856,3.34
22.6,-160.55,2.277142806122449,3.33
22.6,-160.5,2.2755101591836735,3.33
22.6,-160.45,2.2722448469387753,3.32
22.6,-160.4,2.2699999612244897,3.31
22.6,-160.35,2.267142818367347,3.31
22.6,-160.3,2.263673432653061,3.31
22.6,-160.25,2.256530591836735,3.3
22.6,-160.2,2.250204057142857,3.3
22.6,-160.15,2.243673444897959,3.3
22.6,-160.1,2.239795887755102,3.3
22.6,-160.05,2.235714251020408,3.3
22.6,-160,2.234285679591837,3.3
22.6,-159.95,2.2357142591836734,3.3
22.6,-159.9,2.2373469102040815,3.3
22.6,-159.85,2.2379591591836734,3.31
22.6,-159.8,2.23551017755102,3.31
22.6,-159.75,2.232244871428571,3.31
22.6,-159.7,2.2289795591836734,3.31
22.6,-159.65,2.2275509897959185,3.31
22.6,-159.6,2.226530581632653,3.31
22.6,-159.55,2.2273469081632653,3.31
22.6,-159.5,2.2275509959183672,3.31
22.6,-159.45,2.227755071428571,3.31
22.6,-159.4,2.2293877244897957,3.31
22.6,-159.35,2.2318367081632653,3.31
22.6,-159.3,2.2351020224489795,3.31
22.6,-159.25,2.24244896122449,3.31
22.6,-159.2,2.2504081387755104,3.32
22.6,-159.15,2.2546938530612244,3.33
22.6,-159.1,2.2569387469387756,3.33
22.6,-159.05,2.257550993877551,3.33
22.6,-159,2.257959163265306,3.33
22.6,-158.95,2.2581632448979594,3.33
22.6,-158.9,2.257755081632653,3.33
22.6,-158.85,2.2593877346938775,3.33
22.6,-158.8,2.2612244653061224,3.33
22.6,-158.75,2.2610203775510205,3.33
22.6,-158.7,2.261428542857143,3.33
22.6,-158.65,2.2608163020408165,3.32
22.6,-158.6,2.2606122204081633,3.31
22.6,-158.55,2.2595918102040815,3.34
22.6,-158.5,2.2595918040816327,3.35
22.6,-158.45,2.2585713959183673,3.34
22.6,-158.4,2.2579591510204082,3.31
22.6,-158.35,2.255714257142857,3.31
22.6,-158.3,2.251632626530612,3.31
22.6,-158.25,2.2483673224489795,3.31
22.6,-158.2,2.2436734428571428,3.31
22.6,-158.15,2.2381632326530614,3.31
22.6,-158.1,2.234489767346939,3.3
22.6,-158.05,2.231428542857143,3.3
22.6,-158,2.2269387469387754,3.29
22.6,-157.95,2.224897926530612,3.29
22.6,-157.9,2.222857112244898,3.28
22.6,-157.85,2.222040787755102,3.28
22.6,-157.8,2.222448951020408,3.27
22.6,-157.75,2.2222448632653062,3.27
22.6,-157.7,2.2218366979591835,3.27
22.6,-157.65,2.2206122040816325,3.27
22.6,-157.6,2.218571381632653,3.27
22.6,-157.55,2.216938730612245,3.26
22.6,-157.5,2.216734651020408,3.26
22.6,-157.45,2.2163264918367345,3.26
22.6,-157.4,2.2159183285714286,3.26
22.6,-157.35,2.214081593877551,3.26
22.6,-157.3,2.212448944897959,3.25
22.6,-157.25,2.211224457142857,3.25
22.6,-157.2,2.2102040469387756,3.25
22.6,-157.15,2.2097958836734692,3.25
22.6,-157.1,2.2071428224489797,3.25
22.6,-157.05,2.2055101734693876,3.24
22.6,-157,2.2040816040816327,3.24
22.6,-156.95,2.2032652775510204,3.24
22.6,-156.9,2.202857114285714,3.23
22.6,-156.85,2.201020375510204,3.23
22.6,-156.8,2.199999969387755,3.23
22.6,-156.75,2.1987754816326532,3.23
22.6,-156.7,2.1973469040816327,3.23
22.6,-156.65,2.1957142469387754,3.24
22.6,-156.6,2.1928571020408163,3.24
22.6,-156.55,2.190204048979592,3.24
22.6,-156.5,2.189387718367347,3.24
22.6,-156.45,2.1873469020408165,3.24
22.6,-156.4,2.186122412244898,3.24
22.6,-156.35,2.1844897551020406,3.24
22.6,-156.3,2.1824489367346938,3.23
22.6,-156.25,2.1795917918367347,3.23
22.6,-156.2,2.1771428102040815,3.23
22.6,-156.15,2.1748979102040815,3.23
22.6,-156.1,2.174285663265306,3.23
22.6,-156.05,2.172040763265306,3.23
22.6,-156,2.170612193877551,3.23
22.6,-155.95,2.1693877040816325,3.23
22.6,-155.9,2.1679591265306124,3.23
22.6,-155.85,2.1661223959183675,3.23
22.6,-155.8,2.1644897408163266,3.23
22.6,-155.75,2.1628570959183673,3.23
22.6,-155.7,2.1608162816326533,3.23
22.6,-155.65,2.1595917897959183,3.23
22.6,-155.6,2.160408118367347,3.23
22.6,-155.55,2.159591787755102,3.23
22.6,-155.5,2.159999948979592,3.23
22.6,-155.45,2.1610203571428572,3.23
22.6,-155.4,2.1620407714285714,3.23
22.6,-155.35,2.1626530204081633,3.23
22.6,-155.3,2.1624489408163265,3.23
22.6,-155.25,2.162040773469388,3.22
22.6,-155.2,2.1606121979591837,3.22
22.6,-155.15,2.159591785714286,3.22
22.6,-155.1,2.157142808163265,3.22
22.6,-155.05,2.155918318367347,3.22
22.6,-155,2.154489748979592,3.22
22.6,-154.95,2.153469342857143,3.22
22.6,-154.9,2.1524489346938775,3.22
22.6,-154.85,2.1506121959183675,3.22
22.6,-154.8,2.150204036734694,3.22
22.6,-154.75,2.1491836326530613,3.22
22.6,-154.7,2.150816285714286,3.23
22.6,-154.65,2.151428530612245,3.23
22.6,-154.6,2.1528570979591835,3.23
22.6,-154.55,2.1540815897959185,3.23
22.6,-154.5,2.1563264857142856,3.23
22.6,-154.45,2.157550973469388,3.23
22.6,-154.4,2.1583673020408165,3.23
22.6,-154.35,2.159183632653061,3.22
22.6,-154.3,2.158979548979592,3.22
22.6,-154.25,2.157959142857143,3.22
22.6,-154.2,2.1569387408163267,3.22
22.6,-154.15,2.1546938408163268,3.21
22.6,-154.1,2.152244857142857,3.21
22.6,-154.05,2.1485713795918366,3.21
22.65,-160.95,2.3012244693877553,3.3799999
22.65,-160.9,2.281632608163265,3.3799999
22.65,-160.85,2.279795873469388,3.36
22.65,-160.8,2.2808162795918365,3.35
22.65,-160.75,2.2822448469387755,3.35
22.65,-160.7,2.2832652653061225,3.35
22.65,-160.65,2.2822448530612243,3.34
22.65,-160.6,2.281428530612245,3.34
22.65,-160.55,2.2785713734693878,3.34
22.65,-160.5,2.275101987755102,3.33
22.65,-160.45,2.2726530163265304,3.33
22.65,-160.4,2.269387718367347,3.32
22.65,-160.35,2.266122412244898,3.32
22.65,-160.3,2.2618367020408163,3.31
22.65,-160.25,2.256530587755102,3.31
22.65,-160.2,2.2526530408163263,3.31
22.65,-160.15,2.2471428326530614,3.31
22.65,-160.1,2.2420407918367347,3.31
22.65,-160.05,2.2391836428571428,3.31
22.65,-160,2.2381632346938773,3.31
22.65,-159.95,2.2410203775510205,3.31
22.65,-159.9,2.2430611979591837,3.31
22.65,-159.85,2.243673444897959,3.31
22.65,-159.8,2.2424489591836734,3.31
22.65,-159.75,2.2385714081632653,3.31
22.65,-159.7,2.2351020224489795,3.31
22.65,-159.65,2.2340816102040817,3.31
22.65,-159.6,2.2338775285714285,3.32
22.65,-159.55,2.233673444897959,3.32
22.65,-159.5,2.2332652795918366,3.32
22.65,-159.45,2.2322448734693876,3.32
22.65,-159.4,2.2324489551020408,3.32
22.65,-159.35,2.2346938591836736,3.32
22.65,-159.3,2.237755081632653,3.32
22.65,-159.25,2.244081608163265,3.32
22.65,-159.2,2.249795893877551,3.32
22.65,-159.15,2.2546938489795916,3.33
22.65,-159.1,2.2575509897959183,3.33
22.65,-159.05,2.258571402040816,3.34
22.65,-159,2.2581632469387753,3.34
22.65,-158.95,2.2581632408163266,3.34
22.65,-158.9,2.2602040551020406,3.33
22.65,-158.85,2.2610203857142857,3.33
22.65,-158.8,2.26040813877551,3.33
22.65,-158.75,2.2620407897959183,3.33
22.65,-158.7,2.2618367040816327,3.33
22.65,-158.65,2.262448951020408,3.33
22.65,-158.6,2.2622448714285714,3.32
22.65,-158.55,2.262653026530612,3.35
22.65,-158.5,2.262653026530612,3.36
22.65,-158.45,2.261224459183673,3.34
22.65,-158.4,2.2604081346938774,3.31
22.65,-158.35,2.258367318367347,3.31
22.65,-158.3,2.2544897693877552,3.31
22.65,-158.25,2.250204051020408,3.31
22.65,-158.2,2.2463265020408163,3.31
22.65,-158.15,2.2418367102040815,3.31
22.65,-158.1,2.2371428285714288,3.3
22.65,-158.05,2.2351020142857143,3.3
22.65,-158,2.2322448693877552,3.3
22.65,-157.95,2.2293877285714285,3.29
22.65,-157.9,2.227346912244898,3.29
22.65,-157.85,2.226326506122449,3.28
22.65,-157.8,2.2257142530612244,3.28
22.65,-157.75,2.225306087755102,3.28
22.65,-157.7,2.2236734306122448,3.27
22.65,-157.65,2.2232652612244896,3.27
22.65,-157.6,2.221632606122449,3.27
22.65,-157.55,2.220204036734694,3.27
22.65,-157.5,2.219795875510204,3.27
22.65,-157.45,2.2185713897959185,3.27
22.65,-157.4,2.21775506122449,3.27
22.65,-157.35,2.2167346530612244,3.26
22.65,-157.3,2.216734655102041,3.26
22.65,-157.25,2.214285679591837,3.26
22.65,-157.2,2.21326527755102,3.26
22.65,-157.15,2.212244867346939,3.26
22.65,-157.1,2.21102037755102,3.26
22.65,-157.05,2.2095918040816325,3.26
22.65,-157,2.2079591551020408,3.25
22.65,-156.95,2.2067346673469386,3.25
22.65,-156.9,2.205714257142857,3.24
22.65,-156.85,2.203673436734694,3.24
22.65,-156.8,2.2022448673469386,3.24
22.65,-156.75,2.200204051020408,3.24
22.65,-156.7,2.1985713959183673,3.24
22.65,-156.65,2.1971428224489795,3.25
22.65,-156.6,2.194489763265306,3.25
22.65,-156.55,2.1936734346938773,3.25
22.65,-156.5,2.192244863265306,3.25
22.65,-156.45,2.190612212244898,3.25
22.65,-156.4,2.1883673142857143,3.25
22.65,-156.35,2.1863265,3.25
22.65,-156.3,2.1840816,3.25
22.65,-156.25,2.180612206122449,3.24
22.65,-156.2,2.178163226530612,3.24
22.65,-156.15,2.1759183244897957,3.24
22.65,-156.1,2.1748979163265307,3.24
22.65,-156.05,2.1726530142857143,3.24
22.65,-156,2.172040767346939,3.24
22.65,-155.95,2.170816281632653,3.24
22.65,-155.9,2.1691836244897957,3.24
22.65,-155.85,2.167142812244898,3.24
22.65,-155.8,2.166326485714286,3.24
22.65,-155.75,2.1646938346938778,3.24
22.65,-155.7,2.1630611816326533,3.24
22.65,-155.65,2.161632606122449,3.24
22.65,-155.6,2.1612244408163264,3.24
22.65,-155.55,2.1612244428571428,3.24
22.65,-155.5,2.1622448469387754,3.24
22.65,-155.45,2.161836687755102,3.24
22.65,-155.4,2.164081585714286,3.24
22.65,-155.35,2.1638775081632655,3.24
22.65,-155.3,2.1628570979591837,3.24
22.65,-155.25,2.1636734183673467,3.23
22.65,-155.2,2.162653014285714,3.23
22.65,-155.15,2.16122443877551,3.23
22.65,-155.1,2.1591836224489795,3.23
22.65,-155.05,2.157755048979592,3.23
22.65,-155,2.1561223959183673,3.23
22.65,-154.95,2.1548979102040815,3.23
22.65,-154.9,2.1534693408163266,3.23
22.65,-154.85,2.1522448469387756,3.23
22.65,-154.8,2.1508162775510202,3.23
22.65,-154.75,2.1508162775510202,3.23
22.65,-154.7,2.151632606122449,3.23
22.65,-154.65,2.1518366897959185,3.23
22.65,-154.6,2.153469342857143,3.23
22.65,-154.55,2.1542856693877552,3.24
22.65,-154.5,2.156326487755102,3.24
22.65,-154.45,2.159387706122449,3.24
22.65,-154.4,2.1597958755102042,3.23
22.65,-154.35,2.1608162857142856,3.23
22.65,-154.3,2.1606122040816325,3.23
22.65,-154.25,2.1593877142857143,3.23
22.65,-154.2,2.1589795530612244,3.22
22.65,-154.15,2.156326493877551,3.22
22.65,-154.1,2.1542856714285716,3.22
22.65,-154.05,2.15102036122449,3.22
22.7,-160.95,2.3010203918367345,3.3899999
22.7,-160.9,2.2857142367346936,3.3799999
22.7,-160.85,2.284897918367347,3.37
22.7,-160.8,2.2863264918367348,3.36
22.7,-160.75,2.2875509836734693,3.35
22.7,-160.7,2.2865305795918367,3.35
22.7,-160.65,2.285101993877551,3.35
22.7,-160.6,2.2828571,3.35
22.7,-160.55,2.2787754612244897,3.35
22.7,-160.5,2.2738775040816326,3.34
22.7,-160.45,2.2708162836734695,3.33
22.7,-160.4,2.268163232653061,3.33
22.7,-160.35,2.2651020122448977,3.33
22.7,-160.3,2.2618367020408163,3.32
22.7,-160.25,2.257550993877551,3.32
22.7,-160.2,2.2538775285714285,3.32
22.7,-160.15,2.2489795673469386,3.32
22.7,-160.1,2.244693855102041,3.32
22.7,-160.05,2.24265303877551,3.32
22.7,-160,2.2428571163265305,3.32
22.7,-159.95,2.2465305897959182,3.32
22.7,-159.9,2.248367324489796,3.31
22.7,-159.85,2.2489795714285714,3.31
22.7,-159.8,2.2477550775510204,3.31
22.7,-159.75,2.2453060959183673,3.31
22.7,-159.7,2.2410203897959184,3.31
22.7,-159.65,2.239591818367347,3.32
22.7,-159.6,2.239591812244898,3.32
22.7,-159.55,2.238775481632653,3.33
22.7,-159.5,2.2381632367346938,3.33
22.7,-159.45,2.237142832653061,3.33
22.7,-159.4,2.236734675510204,3.33
22.7,-159.35,2.2379591673469386,3.33
22.7,-159.3,2.2402040673469386,3.33
22.7,-159.25,2.24448977755102,3.32
22.7,-159.2,2.2499999775510204,3.33
22.7,-159.15,2.254489771428571,3.33
22.7,-159.1,2.2565305836734693,3.33
22.7,-159.05,2.258571402040816,3.34
22.7,-159,2.2597958979591835,3.34
22.7,-158.95,2.26040813877551,3.34
22.7,-158.9,2.262040787755102,3.34
22.7,-158.85,2.261632624489796,3.34
22.7,-158.8,2.261632624489796,3.33
22.7,-158.75,2.2626530285714286,3.33
22.7,-158.7,2.2624489469387754,3.33
22.7,-158.65,2.2630611918367345,3.33
22.7,-158.6,2.2644897653061222,3.33
22.7,-158.55,2.2648979285714286,3.35
22.7,-158.5,2.2653060918367345,3.35
22.7,-158.45,2.264693848979592,3.33
22.7,-158.4,2.2624489530612246,3.32
22.7,-158.35,2.259999969387755,3.31
22.7,-158.3,2.256530581632653,3.31
22.7,-158.25,2.2534693551020406,3.31
22.7,-158.2,2.24897956122449,3.31
22.7,-158.15,2.245102014285714,3.31
22.7,-158.1,2.242040793877551,3.3
22.7,-158.05,2.2381632448979594,3.3
22.7,-158,2.2361224346938777,3.3
22.7,-157.95,2.2342856979591836,3.29
22.7,-157.9,2.2328571224489795,3.29
22.7,-157.85,2.231836706122449,3.29
22.7,-157.8,2.2304081285714283,3.28
22.7,-157.75,2.2287754714285715,3.28
22.7,-157.7,2.2277550612244896,3.28
22.7,-157.65,2.2265305673469387,3.28
22.7,-157.6,2.2251019959183673,3.27
22.7,-157.55,2.223469348979592,3.27
22.7,-157.5,2.2228570979591837,3.28
22.7,-157.45,2.221632612244898,3.28
22.7,-157.4,2.220816287755102,3.27
22.7,-157.35,2.219795881632653,3.27
22.7,-157.3,2.2195918,3.27
22.7,-157.25,2.2185713918367345,3.27
22.7,-157.2,2.2163264959183673,3.27
22.7,-157.15,2.215714251020408,3.27
22.7,-157.1,2.2136734346938773,3.27
22.7,-157.05,2.2124489469387756,3.27
22.7,-157,2.2106122163265307,3.26
22.7,-156.95,2.209999967346939,3.26
22.7,-156.9,2.207959151020408,3.25
22.7,-156.85,2.206122418367347,3.25
22.7,-156.8,2.204081606122449,3.25
22.7,-156.75,2.2020407918367346,3.25
22.7,-156.7,2.2008162979591837,3.25
22.7,-156.65,2.1989795591836736,3.25
22.7,-156.6,2.197550987755102,3.26
22.7,-156.55,2.1963265,3.26
22.7,-156.5,2.194489763265306,3.26
22.7,-156.45,2.1928571102040815,3.26
22.7,-156.4,2.1908162918367347,3.26
22.7,-156.35,2.188367308163265,3.26
22.7,-156.3,2.185510169387755,3.26
22.7,-156.25,2.1824489448979594,3.26
22.7,-156.2,2.1795918,3.25
22.7,-156.15,2.1777550653061226,3.25
22.7,-156.1,2.176938732653061,3.25
22.7,-156.05,2.175510163265306,3.25
22.7,-156,2.1732652653061226,3.25
22.7,-155.95,2.1716326102040817,3.25
22.7,-155.9,2.1702040387755104,3.25
22.7,-155.85,2.1671428163265305,3.25
22.7,-155.8,2.1665305714285714,3.25
22.7,-155.75,2.1657142551020407,3.25
22.7,-155.7,2.164489767346939,3.25
22.7,-155.65,2.1644897653061226,3.25
22.7,-155.6,2.1638775142857143,3.25
22.7,-155.55,2.163877512244898,3.25
22.7,-155.5,2.16469383877551,3.25
22.7,-155.45,2.16469383877551,3.25
22.7,-155.4,2.1651020040816324,3.25
22.7,-155.35,2.165714248979592,3.25
22.7,-155.3,2.165714251020408,3.25
22.7,-155.25,2.1646938367346937,3.25
22.7,-155.2,2.163877512244898,3.24
22.7,-155.15,2.1628571040816325,3.24
22.7,-155.1,2.1612244469387756,3.24
22.7,-155.05,2.1587754591836736,3.24
22.7,-155,2.157959142857143,3.24
22.7,-154.95,2.156530567346939,3.24
22.7,-154.9,2.1561224,3.24
22.7,-154.85,2.1546938265306124,3.24
22.7,-154.8,2.1528570959183675,3.23
22.7,-154.75,2.152448932653061,3.23
22.7,-154.7,2.1524489285714288,3.23
22.7,-154.65,2.152244848979592,3.24
22.7,-154.6,2.1538775020408165,3.24
22.7,-154.55,2.1553060714285714,3.24
22.7,-154.5,2.1573468918367347,3.24
22.7,-154.45,2.160408112244898,3.24
22.7,-154.4,2.1610203571428572,3.24
22.7,-154.35,2.1624489285714286,3.24
22.7,-154.3,2.1618366897959183,3.24
22.7,-154.25,2.1608162836734692,3.23
22.7,-154.2,2.1602040346938773,3.23
22.7,-154.15,2.1583673081632653,3.23
22.7,-154.1,2.1565305693877552,3.23
22.7,-154.05,2.1534693469387753,3.22
22.75,-160.95,2.298979575510204,3.3999999
22.75,-160.9,2.2883673020408164,3.3799999
22.75,-160.85,2.2889795428571427,3.37
22.75,-160.8,2.289999955102041,3.36
22.75,-160.75,2.2897958734693877,3.36
22.75,-160.7,2.2879591448979593,3.36
22.75,-160.65,2.285714242857143,3.36
22.75,-160.6,2.281428536734694,3.36
22.75,-160.55,2.2775509836734695,3.36
22.75,-160.5,2.2726530224489796,3.35
22.75,-160.45,2.2697958795918365,3.34
22.75,-160.4,2.2667346591836735,3.34
22.75,-160.35,2.2640816,3.34
22.75,-160.3,2.2626530346938774,3.34
22.75,-160.25,2.2597958918367347,3.34
22.75,-160.2,2.2567346734693876,3.33
22.75,-160.15,2.252244879591837,3.33
22.75,-160.1,2.2491836530612246,3.33
22.75,-160.05,2.2463265102040815,3.33
22.75,-160,2.247755079591837,3.34
22.75,-159.95,2.2506122224489795,3.34
22.75,-159.9,2.2528571183673467,3.33
22.75,-159.85,2.25346936122449,3.32
22.75,-159.8,2.2526530346938776,3.32
22.75,-159.75,2.248979569387755,3.32
22.75,-159.7,2.246734673469388,3.32
22.75,-159.65,2.2446938551020406,3.33
22.75,-159.6,2.2446938591836734,3.33
22.75,-159.55,2.243265281632653,3.33
22.75,-159.5,2.2418367102040815,3.34
22.75,-159.45,2.2402040591836734,3.34
22.75,-159.4,2.2397958979591834,3.34
22.75,-159.35,2.2402040653061226,3.34
22.75,-159.3,2.242244881632653,3.33
22.75,-159.25,2.2446938591836734,3.33
22.75,-159.2,2.2493877408163265,3.33
22.75,-159.15,2.253265285714286,3.34
22.75,-159.1,2.256734671428571,3.34
22.75,-159.05,2.2602040551020406,3.34
22.75,-159,2.261020387755102,3.34
22.75,-158.95,2.261836712244898,3.34
22.75,-158.9,2.2616326265306124,3.34
22.75,-158.85,2.2622448673469386,3.35
22.75,-158.8,2.2626530285714286,3.35
22.75,-158.75,2.264285681632653,3.35
22.75,-158.7,2.2640815979591835,3.34
22.75,-158.65,2.2648979224489794,3.34
22.75,-158.6,2.2671428204081634,3.34
22.75,-158.55,2.2679591469387756,3.34
22.75,-158.5,2.2673469040816325,3.34
22.75,-158.45,2.265918332653061,3.33
22.75,-158.4,2.2640815979591835,3.32
22.75,-158.35,2.2610203775510205,3.31
22.75,-158.3,2.2606122163265305,3.31
22.75,-158.25,2.2571428265306124,3.31
22.75,-158.2,2.2528571102040815,3.3
22.75,-158.15,2.2491836489795918,3.3
22.75,-158.1,2.2453060979591837,3.3
22.75,-158.05,2.242040793877551,3.3
22.75,-158,2.2410203857142856,3.3
22.75,-157.95,2.238163242857143,3.3
22.75,-157.9,2.237346912244898,3.29
22.75,-157.85,2.2359183408163266,3.29
22.75,-157.8,2.2346938408163264,3.29
22.75,-157.75,2.233265269387755,3.28
22.75,-157.7,2.231428530612245,3.28
22.75,-157.65,2.229591793877551,3.28
22.75,-157.6,2.2281632224489796,3.28
22.75,-157.55,2.226938732653061,3.28
22.75,-157.5,2.226326487755102,3.28
22.75,-157.45,2.225714244897959,3.28
22.75,-157.4,2.2248979224489798,3.28
22.75,-157.35,2.2242856775510202,3.28
22.75,-157.3,2.223469355102041,3.28
22.75,-157.25,2.2224489469387754,3.28
22.75,-157.2,2.2202040469387754,3.28
22.75,-157.15,2.219183636734694,3.28
22.75,-157.1,2.217959144897959,3.28
22.75,-157.05,2.2146938428571428,3.27
22.75,-157,2.2136734367346937,3.27
22.75,-156.95,2.2126530306122447,3.26
22.75,-156.9,2.2108162979591834,3.26
22.75,-156.85,2.20877547755102,3.26
22.75,-156.8,2.206122418367347,3.26
22.75,-156.75,2.204897930612245,3.26
22.75,-156.7,2.2030611979591836,3.26
22.75,-156.65,2.201224463265306,3.26
22.75,-156.6,2.199999975510204,3.27
22.75,-156.55,2.1995918081632655,3.27
22.75,-156.5,2.197550993877551,3.27
22.75,-156.45,2.194081606122449,3.26
22.75,-156.4,2.1914285408163265,3.26
22.75,-156.35,2.1893877224489797,3.26
22.75,-156.3,2.187346906122449,3.26
22.75,-156.25,2.185102006122449,3.26
22.75,-156.2,2.18244893877551,3.26
22.75,-156.15,2.180612206122449,3.26
22.75,-156.1,2.1795918,3.26
22.75,-156.05,2.1769387387755104,3.26
22.75,-156,2.175306081632653,3.26
22.75,-155.95,2.1738775081632653,3.26
22.75,-155.9,2.1714285285714285,3.26
22.75,-155.85,2.1699999591836736,3.26
22.75,-155.8,2.1691836367346937,3.26
22.75,-155.75,2.1683673102040815,3.26
22.75,-155.7,2.1687754775510206,3.26
22.75,-155.65,2.1681632306122447,3.26
22.75,-155.6,2.167142824489796,3.26
22.75,-155.55,2.1663264918367346,3.25
22.75,-155.5,2.166326487755102,3.25
22.75,-155.45,2.1659183285714287,3.25
22.75,-155.4,2.166326493877551,3.26
22.75,-155.35,2.166122412244898,3.26
22.75,-155.3,2.1671428204081633,3.26
22.75,-155.25,2.166326493877551,3.26
22.75,-155.2,2.1659183306122447,3.26
22.75,-155.15,2.1636734306122447,3.25
22.75,-155.1,2.1630611836734692,3.25
22.75,-155.05,2.1606122102040817,3.25
22.75,-155,2.159183636734694,3.25
22.75,-154.95,2.158163230612245,3.25
22.75,-154.9,2.158367306122449,3.24
22.75,-154.85,2.1563264897959185,3.24
22.75,-154.8,2.1555101653061226,3.24
22.75,-154.75,2.1538775102040817,3.24
22.75,-154.7,2.1542856734693876,3.24
22.75,-154.65,2.155102,3.24
22.75,-154.6,2.1551019918367347,3.24
22.75,-154.55,2.1573468918367347,3.24
22.75,-154.5,2.158775463265306,3.24
22.75,-154.45,2.161632606122449,3.24
22.75,-154.4,2.1630611775510205,3.24
22.75,-154.35,2.164081585714286,3.24
22.75,-154.3,2.1642856673469386,3.24
22.75,-154.25,2.163265263265306,3.24
22.75,-154.2,2.1620407714285714,3.24
22.75,-154.15,2.159795881632653,3.23
22.75,-154.1,2.1585713857142856,3.23
22.75,-154.05,2.156122406122449,3.23
22.8,-160.95,2.3006122204081634,3.4099998
22.8,-160.9,2.2926530163265304,3.3899999
22.8,-160.85,2.291836685714286,3.3799999
22.8,-160.8,2.2906122020408164,3.37
22.8,-160.75,2.290612204081633,3.37
22.8,-160.7,2.289183632653061,3.37
22.8,-160.65,2.284693836734694,3.37
22.8,-160.6,2.281224451020408,3.37
22.8,-160.55,2.2757142510204083,3.37
22.8,-160.5,2.271224457142857,3.36
22.8,-160.45,2.2675509918367345,3.35
22.8,-160.4,2.2663265,3.35
22.8,-160.35,2.2640816020408163,3.35
22.8,-160.3,2.263265279591837,3.35
22.8,-160.25,2.261224467346939,3.35
22.8,-160.2,2.2585714102040817,3.34
22.8,-160.15,2.2551020285714287,3.34
22.8,-160.1,2.2506122306122447,3.34
22.8,-160.05,2.250408148979592,3.35
22.8,-160,2.2508163102040815,3.36
22.8,-159.95,2.253061206122449,3.36
22.8,-159.9,2.255918342857143,3.35
22.8,-159.85,2.2553061,3.34
22.8,-159.8,2.2534693653061226,3.33
22.8,-159.75,2.252040793877551,3.33
22.8,-159.7,2.249591818367347,3.33
22.8,-159.65,2.2477550816326533,3.33
22.8,-159.6,2.247142830612245,3.34
22.8,-159.55,2.246122420408163,3.34
22.8,-159.5,2.243877524489796,3.34
22.8,-159.45,2.2424489530612246,3.34
22.8,-159.4,2.2418367102040815,3.34
22.8,-159.35,2.2410203897959184,3.34
22.8,-159.3,2.24224487755102,3.34
22.8,-159.25,2.244693855102041,3.34
22.8,-159.2,2.249591818367347,3.34
22.8,-159.15,2.2534693632653062,3.34
22.8,-159.1,2.257755075510204,3.35
22.8,-159.05,2.261020379591837,3.35
22.8,-159,2.262857118367347,3.35
22.8,-158.95,2.2634693653061224,3.35
22.8,-158.9,2.2632652775510205,3.35
22.8,-158.85,2.2638775183673467,3.36
22.8,-158.8,2.2642856795918367,3.36
22.8,-158.75,2.265510167346939,3.36
22.8,-158.7,2.266734657142857,3.36
22.8,-158.65,2.266326493877551,3.35
22.8,-158.6,2.266938736734694,3.35
22.8,-158.55,2.2673469040816325,3.34
22.8,-158.5,2.2681632285714284,3.33
22.8,-158.45,2.2677550653061225,3.33
22.8,-158.4,2.2669387428571426,3.32
22.8,-158.35,2.2651020081632653,3.31
22.8,-158.3,2.263469355102041,3.31
22.8,-158.25,2.2610203775510205,3.31
22.8,-158.2,2.2569387469387756,3.3
22.8,-158.15,2.2526530306122448,3.3
22.8,-158.1,2.249183644897959,3.3
22.8,-158.05,2.246938748979592,3.3
22.8,-158,2.244489773469388,3.3
22.8,-157.95,2.242857112244898,3.3
22.8,-157.9,2.241632624489796,3.29
22.8,-157.85,2.240408134693878,3.29
22.8,-157.8,2.2385714,3.29
22.8,-157.75,2.2371428224489796,3.29
22.8,-157.7,2.235306081632653,3.29
22.8,-157.65,2.232653020408163,3.28
22.8,-157.6,2.231836689795918,3.28
22.8,-157.55,2.2304081183673468,3.28
22.8,-157.5,2.2297958775510205,3.29
22.8,-157.45,2.2295917959183673,3.29
22.8,-157.4,2.22918363877551,3.29
22.8,-157.35,2.22918363877551,3.29
22.8,-157.3,2.226938736734694,3.29
22.8,-157.25,2.226122412244898,3.29
22.8,-157.2,2.2244897632653062,3.29
22.8,-157.15,2.2222448632653062,3.29
22.8,-157.1,2.2195917979591835,3.28
22.8,-157.05,2.218163230612245,3.28
22.8,-157,2.2167346612244896,3.28
22.8,-156.95,2.215714257142857,3.27
22.8,-156.9,2.213061187755102,3.27
22.8,-156.85,2.2118366979591837,3.27
22.8,-156.8,2.208163232653061,3.27
22.8,-156.75,2.206938742857143,3.27
22.8,-156.7,2.2057142530612244,3.27
22.8,-156.65,2.2055101693877552,3.27
22.8,-156.6,2.203877518367347,3.27
22.8,-156.55,2.2012244591836736,3.27
22.8,-156.5,2.1991836428571427,3.27
22.8,-156.45,2.195918342857143,3.27
22.8,-156.4,2.1936734448979593,3.27
22.8,-156.35,2.1914285448979594,3.27
22.8,-156.3,2.1887754795918366,3.27
22.8,-156.25,2.187346906122449,3.27
22.8,-156.2,2.185306087755102,3.27
22.8,-156.15,2.183469357142857,3.27
22.8,-156.1,2.182040785714286,3.27
22.8,-156.05,2.1802040489795917,3.27
22.8,-156,2.1775509836734694,3.26
22.8,-155.95,2.1753060836734694,3.26
22.8,-155.9,2.1734693489795918,3.26
22.8,-155.85,2.173061187755102,3.27
22.8,-155.8,2.1718367020408165,3.27
22.8,-155.75,2.171224457142857,3.27
22.8,-155.7,2.170816297959184,3.27
22.8,-155.65,2.170816297959184,3.27
22.8,-155.6,2.1695918142857145,3.26
22.8,-155.55,2.169795879591837,3.26
22.8,-155.5,2.1693877163265305,3.26
22.8,-155.45,2.1691836367346937,3.26
22.8,-155.4,2.1693877163265305,3.27
22.8,-155.35,2.1695917979591837,3.27
22.8,-155.3,2.1691836326530614,3.27
22.8,-155.25,2.168163220408163,3.27
22.8,-155.2,2.1671428163265305,3.27
22.8,-155.15,2.1657142387755104,3.27
22.8,-155.1,2.164489751020408,3.27
22.8,-155.05,2.163469344897959,3.26
22.8,-155,2.161836687755102,3.26
22.8,-154.95,2.161020367346939,3.26
22.8,-154.9,2.1599999591836734,3.25
22.8,-154.85,2.1581632244897957,3.25
22.8,-154.8,2.1575509755102042,3.25
22.8,-154.75,2.156326491836735,3.25
22.8,-154.7,2.156326487755102,3.25
22.8,-154.65,2.1569387285714288,3.25
22.8,-154.6,2.158163218367347,3.25
22.8,-154.55,2.1591836285714288,3.25
22.8,-154.5,2.1608162816326533,3.25
22.8,-154.45,2.161836687755102,3.25
22.8,-154.4,2.1636734224489795,3.25
22.8,-154.35,2.164489751020408,3.25
22.8,-154.3,2.1659183224489795,3.25
22.8,-154.25,2.1648979163265305,3.24
22.8,-154.2,2.1636734306122447,3.24
22.8,-154.15,2.162040781632653,3.24
22.8,-154.1,2.1599999591836734,3.24
22.8,-154.05,2.1587754714285716,3.24
22.85,-160.95,2.2997958959183675,3.4099998
22.85,-160.9,2.295102,3.3999999
22.85,-160.85,2.293877506122449,3.3899999
22.85,-160.8,2.2926530163265304,3.3899999
22.85,-160.75,2.291428524489796,3.3899999
22.85,-160.7,2.2889795469387755,3.3799999
22.85,-160.65,2.2846938387755102,3.3799999
22.85,-160.6,2.2804081346938774,3.3799999
22.85,-160.55,2.2748979285714284,3.37
22.85,-160.5,2.2710203775510203,3.37
22.85,-160.45,2.267346914285714,3.36
22.85,-160.4,2.265306093877551,3.36
22.85,-160.35,2.2644897673469386,3.36
22.85,-160.3,2.2630612,3.36
22.85,-160.25,2.26224487755102,3.36
22.85,-160.2,2.259591820408163,3.35
22.85,-160.15,2.2571428428571427,3.36
22.85,-160.1,2.253673455102041,3.36
22.85,-160.05,2.2524489653061224,3.36
22.85,-160,2.2520408040816324,3.36
22.85,-159.95,2.254081618367347,3.36
22.85,-159.9,2.256530591836735,3.36
22.85,-159.85,2.256734671428571,3.36
22.85,-159.8,2.2553061040816327,3.36
22.85,-159.75,2.2522448816326532,3.35
22.85,-159.7,2.2506122285714287,3.34
22.85,-159.65,2.2489795714285714,3.33
22.85,-159.6,2.2483673183673467,3.33
22.85,-159.55,2.2463264979591835,3.34
22.85,-159.5,2.2457142530612244,3.34
22.85,-159.45,2.243673436734694,3.34
22.85,-159.4,2.242448948979592,3.34
22.85,-159.35,2.2426530346938773,3.35
22.85,-159.3,2.2434693653061224,3.35
22.85,-159.25,2.2446938591836734,3.35
22.85,-159.2,2.249183651020408,3.35
22.85,-159.15,2.2536734469387754,3.35
22.85,-159.1,2.2579591591836734,3.35
22.85,-159.05,2.2624489551020406,3.36
22.85,-159,2.263469367346939,3.36
22.85,-158.95,2.264285693877551,3.36
22.85,-158.9,2.2651020224489797,3.36
22.85,-158.85,2.2661224285714283,3.36
22.85,-158.8,2.2675509959183673,3.36
22.85,-158.75,2.2679591530612244,3.36
22.85,-158.7,2.2689795551020406,3.36
22.85,-158.65,2.268571387755102,3.36
22.85,-158.6,2.2689795510204083,3.35
22.85,-158.55,2.268775469387755,3.34
22.85,-158.5,2.269183630612245,3.34
22.85,-158.45,2.2699999591836733,3.33
22.85,-158.4,2.270204042857143,3.33
22.85,-158.35,2.2691836346938774,3.33
22.85,-158.3,2.2667346530612242,3.31
22.85,-158.25,2.264081595918367,3.31
22.85,-158.2,2.2608162897959185,3.31
22.85,-158.15,2.257959148979592,3.31
22.85,-158.1,2.254285675510204,3.31
22.85,-158.05,2.2516326224489798,3.3
22.85,-158,2.2487754836734695,3.3
22.85,-157.95,2.247142830612245,3.3
22.85,-157.9,2.244897930612245,3.3
22.85,-157.85,2.2434693571428572,3.3
22.85,-157.8,2.241020379591837,3.3
22.85,-157.75,2.2408162959183673,3.3
22.85,-157.7,2.2379591530612246,3.29
22.85,-157.65,2.237142816326531,3.29
22.85,-157.6,2.2363264918367345,3.29
22.85,-157.55,2.233673426530612,3.29
22.85,-157.5,2.2328571,3.29
22.85,-157.45,2.2320407775510205,3.29
22.85,-157.4,2.232448942857143,3.3
22.85,-157.35,2.2324489408163264,3.3
22.85,-157.3,2.2310203673469386,3.3
22.85,-157.25,2.2291836346938774,3.3
22.85,-157.2,2.2277550591836732,3.29
22.85,-157.15,2.2248979163265306,3.29
22.85,-157.1,2.2226530244897957,3.29
22.85,-157.05,2.2212244530612244,3.29
22.85,-157,2.2191836408163264,3.28
22.85,-156.95,2.2165305816326533,3.28
22.85,-156.9,2.215102008163265,3.28
22.85,-156.85,2.213877518367347,3.28
22.85,-156.8,2.211020373469388,3.28
22.85,-156.75,2.210204042857143,3.28
22.85,-156.7,2.208571387755102,3.28
22.85,-156.65,2.20693873877551,3.28
22.85,-156.6,2.205306091836735,3.28
22.85,-156.55,2.202448951020408,3.28
22.85,-156.5,2.2008162979591837,3.28
22.85,-156.45,2.1985714040816324,3.28
22.85,-156.4,2.1961224224489797,3.28
22.85,-156.35,2.194693851020408,3.27
22.85,-156.3,2.1914285448979594,3.27
22.85,-156.25,2.189999969387755,3.28
22.85,-156.2,2.1893877244897957,3.28
22.85,-156.15,2.186734663265306,3.28
22.85,-156.1,2.1834693591836736,3.27
22.85,-156.05,2.18224486122449,3.27
22.85,-156,2.1802040448979594,3.27
22.85,-155.95,2.1781632244897957,3.27
22.85,-155.9,2.1763264897959185,3.27
22.85,-155.85,2.174489755102041,3.27
22.85,-155.8,2.174489755102041,3.27
22.85,-155.75,2.1734693489795918,3.27
22.85,-155.7,2.1726530224489795,3.27
22.85,-155.65,2.1718366959183673,3.27
22.85,-155.6,2.1726530224489795,3.27
22.85,-155.55,2.1716326163265305,3.27
22.85,-155.5,2.171836693877551,3.27
22.85,-155.45,2.1714285244897957,3.27
22.85,-155.4,2.1722448469387756,3.28
22.85,-155.35,2.172857093877551,3.28
22.85,-155.3,2.172040767346939,3.28
22.85,-155.25,2.170816287755102,3.28
22.85,-155.2,2.1708162918367346,3.28
22.85,-155.15,2.1679591346938776,3.28
22.85,-155.1,2.1665305673469386,3.28
22.85,-155.05,2.1651019897959185,3.27
22.85,-155,2.1636734183673467,3.27
22.85,-154.95,2.161836681632653,3.27
22.85,-154.9,2.161836685714286,3.27
22.85,-154.85,2.1610203591836736,3.26
22.85,-154.8,2.160408114285714,3.26
22.85,-154.75,2.1597958673469386,3.26
22.85,-154.7,2.158163212244898,3.26
22.85,-154.65,2.1583672918367345,3.25
22.85,-154.6,2.159591781632653,3.25
22.85,-154.55,2.161020355102041,3.25
22.85,-154.5,2.161836687755102,3.25
22.85,-154.45,2.1630611816326533,3.25
22.85,-154.4,2.1646938367346937,3.25
22.85,-154.35,2.1663264918367346,3.25
22.85,-154.3,2.1673469,3.25
22.85,-154.25,2.167959148979592,3.25
22.85,-154.2,2.166734663265306,3.25
22.85,-154.15,2.164489763265306,3.25
22.85,-154.1,2.162857106122449,3.25
22.85,-154.05,2.1608162897959184,3.25
22.9,-160.95,2.298979567346939,3.4199998
22.9,-160.9,2.298163218367347,3.4199998
22.9,-160.85,2.2963264836734694,3.4099998
22.9,-160.8,2.293265257142857,3.4099998
22.9,-160.75,2.291428524489796,3.4099998
22.9,-160.7,2.2885713857142855,3.3999999
22.9,-160.65,2.285102006122449,3.3899999
22.9,-160.6,2.279795887755102,3.3799999
22.9,-160.55,2.2742856836734693,3.3799999
22.9,-160.5,2.2702040530612244,3.37
22.9,-160.45,2.2671428346938773,3.37
22.9,-160.4,2.264693855102041,3.37
22.9,-160.35,2.2642856897959183,3.37
22.9,-160.3,2.2612244612244896,3.36
22.9,-160.25,2.2593877285714288,3.36
22.9,-160.2,2.2583673244897957,3.36
22.9,-160.15,2.2548979408163263,3.36
22.9,-160.1,2.2518367204081633,3.36
22.9,-160.05,2.250816312244898,3.36
22.9,-160,2.249387742857143,3.35
22.9,-159.95,2.2514285612244898,3.35
22.9,-159.9,2.253469373469388,3.35
22.9,-159.85,2.254081618367347,3.36
22.9,-159.8,2.2530612102040815,3.35
22.9,-159.75,2.2483673306122447,3.34
22.9,-159.7,2.2485714142857143,3.33
22.9,-159.65,2.2469387591836734,3.33
22.9,-159.6,2.2467346714285714,3.33
22.9,-159.55,2.2448979326530614,3.33
22.9,-159.5,2.243265279591837,3.34
22.9,-159.45,2.242653030612245,3.35
22.9,-159.4,2.2428571102040817,3.34
22.9,-159.35,2.242448951020408,3.35
22.9,-159.3,2.2432652836734692,3.35
22.9,-159.25,2.244489773469388,3.35
22.9,-159.2,2.2475509979591837,3.35
22.9,-159.15,2.2540816081632653,3.35
22.9,-159.1,2.259591806122449,3.36
22.9,-159.05,2.262244869387755,3.36
22.9,-159,2.264489769387755,3.36
22.9,-158.95,2.2653060959183673,3.36
22.9,-158.9,2.2661224224489795,3.35
22.9,-158.85,2.2677550734693876,3.35
22.9,-158.8,2.2699999653061225,3.35
22.9,-158.75,2.2712244551020406,3.35
22.9,-158.7,2.269591802040816,3.35
22.9,-158.65,2.267755067346939,3.34
22.9,-158.6,2.2677550693877553,3.34
22.9,-158.55,2.2677550653061225,3.33
22.9,-158.5,2.268775473469388,3.33
22.9,-158.45,2.2697958836734693,3.33
22.9,-158.4,2.270204051020408,3.33
22.9,-158.35,2.2706122102040815,3.33
22.9,-158.3,2.269591802040816,3.32
22.9,-158.25,2.267755063265306,3.32
22.9,-158.2,2.2634693530612244,3.32
22.9,-158.15,2.2604081285714286,3.32
22.9,-158.1,2.257550993877551,3.31
22.9,-158.05,2.2538775244897957,3.31
22.9,-158,2.2506122163265307,3.31
22.9,-157.95,2.2495918081632653,3.31
22.9,-157.9,2.2463264979591835,3.31
22.9,-157.85,2.2442856795918367,3.31
22.9,-157.8,2.242857106122449,3.31
22.9,-157.75,2.24224486122449,3.31
22.9,-157.7,2.2410203714285712,3.3
22.9,-157.65,2.2387754693877553,3.3
22.9,-157.6,2.236938736734694,3.3
22.9,-157.55,2.235714244897959,3.3
22.9,-157.5,2.235101995918367,3.3
22.9,-157.45,2.2344897530612244,3.3
22.9,-157.4,2.234285667346939,3.3
22.9,-157.35,2.2336734244897958,3.3
22.9,-157.3,2.232448932653061,3.3
22.9,-157.25,2.232857095918367,3.31
22.9,-157.2,2.2306122,3.3
22.9,-157.15,2.22795913877551,3.3
22.9,-157.1,2.2255101612244896,3.3
22.9,-157.05,2.2228571,3.3
22.9,-157,2.2208162836734693,3.3
22.9,-156.95,2.2191836285714284,3.3
22.9,-156.9,2.216122406122449,3.29
22.9,-156.85,2.2148979142857144,3.29
22.9,-156.8,2.213673426530612,3.29
22.9,-156.75,2.212448936734694,3.29
22.9,-156.7,2.210816285714286,3.29
22.9,-156.65,2.2081632265306124,3.29
22.9,-156.6,2.205306081632653,3.29
22.9,-156.55,2.2032652693877552,3.29
22.9,-156.5,2.2014285408163263,3.29
22.9,-156.45,2.200204055102041,3.28
22.9,-156.4,2.1985714020408165,3.28
22.9,-156.35,2.196734667346939,3.28
22.9,-156.3,2.1946938469387756,3.28
22.9,-156.25,2.192448948979592,3.28
22.9,-156.2,2.19102037755102,3.28
22.9,-156.15,2.1885713959183675,3.28
22.9,-156.1,2.185714251020408,3.28
22.9,-156.05,2.1840815959183675,3.28
22.9,-156,2.1828570979591837,3.28
22.9,-155.95,2.1804081204081633,3.28
22.9,-155.9,2.1783673020408165,3.28
22.9,-155.85,2.177755057142857,3.28
22.9,-155.8,2.1763264836734693,3.28
22.9,-155.75,2.1765305571428573,3.28
22.9,-155.7,2.175918314285714,3.28
22.9,-155.65,2.1746938265306124,3.28
22.9,-155.6,2.1738774959183673,3.28
22.9,-155.55,2.1724489285714284,3.28
22.9,-155.5,2.1720407653061224,3.28
22.9,-155.45,2.173265248979592,3.28
22.9,-155.4,2.174285655102041,3.28
22.9,-155.35,2.174897908163265,3.29
22.9,-155.3,2.1751019897959183,3.29
22.9,-155.25,2.174489751020408,3.29
22.9,-155.2,2.1714285224489798,3.29
22.9,-155.15,2.1699999530612244,3.29
22.9,-155.1,2.1677550612244896,3.28
22.9,-155.05,2.166326481632653,3.28
22.9,-155,2.1651019897959185,3.28
22.9,-154.95,2.164489744897959,3.28
22.9,-154.9,2.164081581632653,3.28
22.9,-154.85,2.1624489244897958,3.27
22.9,-154.8,2.1614285163265308,3.27
22.9,-154.75,2.1610203571428572,3.27
22.9,-154.7,2.1608162734693876,3.27
22.9,-154.65,2.161224436734694,3.27
22.9,-154.6,2.16204076122449,3.26
22.9,-154.55,2.1618366836734695,3.26
22.9,-154.5,2.1634693408163264,3.26
22.9,-154.45,2.164897914285714,3.26
22.9,-154.4,2.1665305673469386,3.26
22.9,-154.35,2.1681632265306123,3.26
22.9,-154.3,2.1691836367346937,3.26
22.9,-154.25,2.169999963265306,3.26
22.9,-154.2,2.1683673142857143,3.26
22.9,-154.15,2.1675509857142856,3.26
22.9,-154.1,2.1651020081632653,3.26
22.9,-154.05,2.1636734306122447,3.25
22.95,-160.95,2.298775475510204,3.4299998
22.95,-160.9,2.296122414285714,3.4199998
22.95,-160.85,2.291632614285714,3.4199998
22.95,-160.8,2.288571393877551,3.4099998
22.95,-160.75,2.2834693530612244,3.4099998
22.95,-160.7,2.280408136734694,3.3999999
22.95,-160.65,2.2761224285714285,3.3899999
22.95,-160.6,2.273265287755102,3.3799999
22.95,-160.55,2.2697958959183673,3.3799999
22.95,-160.5,2.266530593877551,3.37
22.95,-160.45,2.263673451020408,3.37
22.95,-160.4,2.259591812244898,3.36
22.95,-160.35,2.256938744897959,3.36
22.95,-160.3,2.2530611897959183,3.35
22.95,-160.25,2.2477550714285712,3.35
22.95,-160.2,2.2473469081632653,3.35
22.95,-160.15,2.244285685714286,3.34
22.95,-160.1,2.2410203836734692,3.34
22.95,-160.05,2.2385714020408165,3.33
22.95,-160,2.2361224224489797,3.33
22.95,-159.95,2.2344897775510204,3.33
22.95,-159.9,2.233061206122449,3.33
22.95,-159.85,2.231836718367347,3.33
22.95,-159.8,2.230408144897959,3.33
22.95,-159.75,2.2257142612244896,3.32
22.95,-159.7,2.2263265102040815,3.33
22.95,-159.65,2.2251020224489797,3.33
22.95,-159.6,2.2248979408163265,3.33
22.95,-159.55,2.223673448979592,3.33
22.95,-159.5,2.2228571224489797,3.33
22.95,-159.45,2.2271428346938777,3.34
22.95,-159.4,2.2297958979591836,3.34
22.95,-159.35,2.2348979387755104,3.34
22.95,-159.3,2.2381632469387753,3.35
22.95,-159.25,2.2416326387755103,3.35
22.95,-159.2,2.2436734551020407,3.34
22.95,-159.15,2.247959169387755,3.35
22.95,-159.1,2.2510203897959182,3.35
22.95,-159.05,2.254081612244898,3.35
22.95,-159,2.257959163265306,3.35
22.95,-158.95,2.258367326530612,3.35
22.95,-158.9,2.2593877306122447,3.35
22.95,-158.85,2.2587754857142857,3.35
22.95,-158.8,2.259999973469388,3.35
22.95,-158.75,2.263061193877551,3.36
22.95,-158.7,2.2593877306122447,3.34
22.95,-158.65,2.258979567346939,3.34
22.95,-158.6,2.258979567346939,3.34
22.95,-158.55,2.2581632408163266,3.33
22.95,-158.5,2.2577550775510202,3.33
22.95,-158.45,2.25571426122449,3.33
22.95,-158.4,2.2548979387755104,3.33
22.95,-158.35,2.254081612244898,3.33
22.95,-158.3,2.2520407959183673,3.33
22.95,-158.25,2.253265285714286,3.33
22.95,-158.2,2.2461224285714287,3.32
22.95,-158.15,2.243469369387755,3.32
22.95,-158.1,2.2414285530612243,3.32
22.95,-158.05,2.237959163265306,3.31
22.95,-158,2.2357142673469386,3.31
22.95,-157.95,2.2355101836734694,3.31
22.95,-157.9,2.2357142653061226,3.31
22.95,-157.85,2.2361224244897957,3.31
22.95,-157.8,2.2361224244897957,3.31
22.95,-157.75,2.239795893877551,3.32
22.95,-157.7,2.2353061020408163,3.31
22.95,-157.65,2.2342856897959185,3.31
22.95,-157.6,2.2324489551020408,3.31
22.95,-157.55,2.232040787755102,3.31
22.95,-157.5,2.2310203795918366,3.31
22.95,-157.45,2.2302040530612244,3.31
22.95,-157.4,2.2297958857142857,3.31
22.95,-157.35,2.2285713979591835,3.31
22.95,-157.3,2.2271428224489798,3.31
22.95,-157.25,2.2283673163265307,3.31
22.95,-157.2,2.2242856795918367,3.3
22.95,-157.15,2.2220407775510203,3.3
22.95,-157.1,2.220612202040816,3.3
22.95,-157.05,2.219795875510204,3.3
22.95,-157,2.217550973469388,3.3
22.95,-156.95,2.2167346448979592,3.3
22.95,-156.9,2.215714236734694,3.3
22.95,-156.85,2.2140815857142857,3.3
22.95,-156.8,2.213673418367347,3.3
22.95,-156.75,2.213469342857143,3.3
22.95,-156.7,2.2097958714285713,3.29
22.95,-156.65,2.2083673,3.29
22.95,-156.6,2.207142806122449,3.29
22.95,-156.55,2.205510151020408,3.29
22.95,-156.5,2.203469342857143,3.29
22.95,-156.45,2.203061179591837,3.29
22.95,-156.4,2.202244857142857,3.29
22.95,-156.35,2.2010203591836737,3.29
22.95,-156.3,2.1997958673469387,3.29
22.95,-156.25,2.199999944897959,3.29
22.95,-156.2,2.196938724489796,3.29
22.95,-156.15,2.1951019897959183,3.29
22.95,-156.1,2.1924489306122448,3.28
22.95,-156.05,2.192040767346939,3.28
22.95,-156,2.190204032653061,3.28
22.95,-155.95,2.188979544897959,3.28
22.95,-155.9,2.1881632183673467,3.28
22.95,-155.85,2.188163220408163,3.29
22.95,-155.8,2.187142814285714,3.29
22.95,-155.75,2.1879591428571428,3.29
22.95,-155.7,2.1840815918367347,3.29
22.95,-155.65,2.1836734306122447,3.29
22.95,-155.6,2.18204077755102,3.29
22.95,-155.55,2.181020363265306,3.29
22.95,-155.5,2.179387706122449,3.28
22.95,-155.45,2.1779591346938774,3.29
22.95,-155.4,2.1779591346938774,3.29
22.95,-155.35,2.1773468897959183,3.29
22.95,-155.3,2.175918314285714,3.29
22.95,-155.25,2.1757142346938774,3.29
22.95,-155.2,2.1728570918367347,3.29
22.95,-155.15,2.1718366897959185,3.28
22.95,-155.1,2.1704081163265307,3.28
22.95,-155.05,2.169183626530612,3.28
22.95,-155,2.167346893877551,3.28
22.95,-154.95,2.1677550591836736,3.28
22.95,-154.9,2.1671428163265305,3.28
22.95,-154.85,2.166734655102041,3.28
22.95,-154.8,2.1669387326530614,3.28
22.95,-154.75,2.1677550530612244,3.28
22.95,-154.7,2.1651019918367345,3.28
22.95,-154.65,2.165510155102041,3.27
22.95,-154.6,2.164897906122449,3.27
22.95,-154.55,2.1640815795918367,3.27
22.95,-154.5,2.1634693346938776,3.27
22.95,-154.45,2.1636734183673467,3.27
22.95,-154.4,2.164489744897959,3.27
22.95,-154.35,2.1644897469387754,3.27
22.95,-154.3,2.164489748979592,3.27
22.95,-154.25,2.16653056122449,3.27
22.95,-154.2,2.1651019959183673,3.26
22.95,-154.15,2.164489755102041,3.26
22.95,-154.1,2.1646938367346937,3.26
22.95,-154.05,2.1655101653061224,3.26
